CRASH_RECORD_ID,CRASH_DATE_EST_I,CRASH_DATE,POSTED_SPEED_LIMIT,TRAFFIC_CONTROL_DEVICE,DEVICE_CONDITION,WEATHER_CONDITION,LIGHTING_CONDITION,FIRST_CRASH_TYPE,TRAFFICWAY_TYPE,LANE_CNT,ALIGNMENT,ROADWAY_SURFACE_COND,ROAD_DEFECT,REPORT_TYPE,CRASH_TYPE,INTERSECTION_RELATED_I,NOT_RIGHT_OF_WAY_I,HIT_AND_RUN_I,DAMAGE,DATE_POLICE_NOTIFIED,PRIM_CONTRIBUTORY_CAUSE,SEC_CONTRIBUTORY_CAUSE,STREET_NO,STREET_DIRECTION,STREET_NAME,BEAT_OF_OCCURRENCE,PHOTOS_TAKEN_I,STATEMENTS_TAKEN_I,DOORING_I,WORK_ZONE_I,WORK_ZONE_TYPE,WORKERS_PRESENT_I,NUM_UNITS,MOST_SEVERE_INJURY,INJURIES_TOTAL,INJURIES_FATAL,INJURIES_INCAPACITATING,INJURIES_NON_INCAPACITATING,INJURIES_REPORTED_NOT_EVIDENT,INJURIES_NO_INDICATION,INJURIES_UNKNOWN,CRASH_HOUR,CRASH_DAY_OF_WEEK,CRASH_MONTH,LATITUDE,LONGITUDE,LOCATION,timestamp
a01f2b6ed0bc217e3fd1ed18594c604d0c4e6aa15ce071651a8e817d491bb38939aee03dd27c5d1ce030c530eb05be1056fc64e29d08635ec249eb994a7f06e8,,01/11/2025 11:47:00 PM,40,TRAFFIC SIGNAL,NO CONTROLS,CLEAR,"DARKNESS, LIGHTED ROAD",FIXED OBJECT,DIVIDED - W/MEDIAN BARRIER,,STRAIGHT AND LEVEL,ICE,NO DEFECTS,ON SCENE,INJURY AND / OR TOW DUE TO CRASH,,,,"OVER $1,500",01/11/2025 11:48:00 PM,WEATHER,NOT APPLICABLE,301,S,LAKE SHORE DR NB,114.0,,,,,,,1,NO INDICATION OF INJURY,0.0,0.0,0.0,0.0,0.0,1.0,0.0,23,7,1,41.878317011,-87.617052125,POINT (-87.617052125371 41.878317010667),2025-01-11 23:47:00
d31dc080e84305ddec2decc28c1eb74445bf6b3871ef78a1f4c3883c56b9393a5374ac6b30f3400143ac158bc50d915f9262ca4e8bfc7b5bb39847ed229b1b3b,,01/11/2025 11:45:00 PM,30,NO CONTROLS,NO CONTROLS,CLEAR,"DARKNESS, LIGHTED ROAD",PARKED MOTOR VEHICLE,NOT DIVIDED,,STRAIGHT AND LEVEL,DRY,NO DEFECTS,ON SCENE,NO INJURY / DRIVE AWAY,,,,"OVER $1,500",01/11/2025 11:55:00 PM,IMPROPER TURNING/NO SIGNAL,NOT APPLICABLE,2265,N,LINCOLN AVE,1812.0,,,,,,,2,NO INDICATION OF INJURY,0.0,0.0,0.0,0.0,0.0,1.0,0.0,23,7,1,41.923405157,-87.645696645,POINT (-87.64569664482 41.923405156805),2025-01-11 23:45:00
066f40765402cc34cfb50c002cad3ee02cc7accc3051c32344a8cf436a33dbdd5d7458d97263e848fe2b814317a9550d633b2ee7738b96751f33cf7a020c9155,,01/11/2025 11:40:00 PM,30,UNKNOWN,UNKNOWN,UNKNOWN,UNKNOWN,SIDESWIPE OPPOSITE DIRECTION,UNKNOWN,,STRAIGHT AND LEVEL,UNKNOWN,UNKNOWN,NOT ON SCENE (DESK REPORT),NO INJURY / DRIVE AWAY,,,,"OVER $1,500",01/14/2025 07:35:00 PM,UNABLE TO DETERMINE,NOT APPLICABLE,727,W,LAKE ST,1224.0,,,,,,,2,NO INDICATION OF INJURY,0.0,0.0,0.0,0.0,0.0,2.0,0.0,23,7,1,41.885564701,-87.646855083,POINT (-87.646855083245 41.885564700956),2025-01-11 23:40:00
ab2848f6d77314111e5aa2c1813e51c931e63337dc3a2c8a01772ec62a8e5c644ce9a8ccf88833fb6cce68b0f7874cb55cb995743b844c2a17ca67360e6c5de1,,01/11/2025 11:35:00 PM,30,TRAFFIC SIGNAL,FUNCTIONING PROPERLY,SNOW,"DARKNESS, LIGHTED ROAD",ANGLE,NOT DIVIDED,,STRAIGHT AND LEVEL,SNOW OR SLUSH,NO DEFECTS,ON SCENE,INJURY AND / OR TOW DUE TO CRASH,Y,,,"OVER $1,500",01/11/2025 11:37:00 PM,UNDER THE INFLUENCE OF ALCOHOL/DRUGS (USE WHEN ARREST IS EFFECTED),DISREGARDING TRAFFIC SIGNALS,1331,W,DIVISION ST,1213.0,,,,,,,2,INCAPACITATING INJURY,2.0,0.0,1.0,1.0,0.0,0.0,0.0,23,7,1,41.903318889,-87.661778784,POINT (-87.661778784139 41.903318889121),2025-01-11 23:35:00
ab9d49589d85ecb4c2b485fd9a41f0243d57c6560b4b51dd1c27adf28a43ed96524927b05622e073587478364ba691c434be0c4a901887c929b19334ff5bbcbd,,01/11/2025 11:30:00 PM,30,NO CONTROLS,NO CONTROLS,UNKNOWN,UNKNOWN,PARKED MOTOR VEHICLE,ONE-WAY,,STRAIGHT AND LEVEL,UNKNOWN,UNKNOWN,NOT ON SCENE (DESK REPORT),NO INJURY / DRIVE AWAY,N,,,"OVER $1,500",01/12/2025 08:35:00 AM,UNABLE TO DETERMINE,UNABLE TO DETERMINE,4520,N,AVERS AVE,1723.0,,,,,,,2,NO INDICATION OF INJURY,0.0,0.0,0.0,0.0,0.0,1.0,0.0,23,7,1,41.963478642,-87.724376786,POINT (-87.724376786258 41.963478641888),2025-01-11 23:30:00
d646f6f910d91ff76224d7d5a8aa809066e5af4b94058ee7d443c300ab05b196065f592609c8bb0bf60974b7ceddd3b7d32ceb6be0c1e91927b4000f2103f4ee,Y,01/11/2025 11:30:00 PM,30,TRAFFIC SIGNAL,FUNCTIONING PROPERLY,CLEAR,"DARKNESS, LIGHTED ROAD",REAR END,FOUR WAY,,STRAIGHT AND LEVEL,DRY,NO DEFECTS,NOT ON SCENE (DESK REPORT),NO INJURY / DRIVE AWAY,N,,,"OVER $1,500",01/11/2025 11:45:00 PM,UNABLE TO DETERMINE,UNABLE TO DETERMINE,4800,W,63RD ST,813.0,,,,,,,2,NO INDICATION OF INJURY,0.0,0.0,0.0,0.0,0.0,2.0,0.0,23,7,1,41.778538071,-87.742355878,POINT (-87.74235587842 41.778538071066),2025-01-11 23:30:00
3953e00dcff923d1c89d31bc7f4b3ced7e08e3023c9a6500f2ee41090f7d98eb23c35d534023abb3df90fee24e77406570d49d4170d0222121d4219dfb4d9506,Y,01/11/2025 11:20:00 PM,30,NO CONTROLS,NO CONTROLS,UNKNOWN,"DARKNESS, LIGHTED ROAD",PARKED MOTOR VEHICLE,NOT DIVIDED,,STRAIGHT AND LEVEL,UNKNOWN,UNKNOWN,NOT ON SCENE (DESK REPORT),NO INJURY / DRIVE AWAY,,,Y,"OVER $1,500",01/12/2025 01:25:00 AM,UNABLE TO DETERMINE,UNABLE TO DETERMINE,4914,N,MILWAUKEE AVE,1623.0,,,,,,,2,NO INDICATION OF INJURY,0.0,0.0,0.0,0.0,0.0,1.0,0.0,23,7,1,41.970011678,-87.762796186,POINT (-87.762796185885 41.970011678252),2025-01-11 23:20:00
b24f653a3d0dfbe5aaa9c548c0dfeab4205f33f862c50b78332ecad6d3bb3c4623ea4f331096a1e22c36d5099c3b865b8f3709943d7c029ecbe5c11266d705b3,,01/11/2025 11:20:00 PM,30,TRAFFIC SIGNAL,FUNCTIONING PROPERLY,RAIN,DARKNESS,REAR END,FOUR WAY,,STRAIGHT AND LEVEL,WET,NO DEFECTS,NOT ON SCENE (DESK REPORT),NO INJURY / DRIVE AWAY,Y,,,"OVER $1,500",01/12/2025 02:50:00 PM,UNABLE TO DETERMINE,UNABLE TO DETERMINE,1159,N,LONG AVE,1524.0,,,,,,,2,NO INDICATION OF INJURY,0.0,0.0,0.0,0.0,0.0,4.0,0.0,23,7,1,41.902182809,-87.760778183,POINT (-87.760778183044 41.902182808672),2025-01-11 23:20:00
29ea808f374953b2ab86d07d27c6467bd2f1a3a8b484b57f2b14f58b895b15a6d8d766a03678d5bfe1e6ec773178733b7dd196a7f3f4a341b384565f77a886e2,,01/11/2025 11:12:00 PM,10,NO CONTROLS,NO CONTROLS,SNOW,"DARKNESS, LIGHTED ROAD",PARKED MOTOR VEHICLE,PARKING LOT,,STRAIGHT AND LEVEL,WET,NO DEFECTS,ON SCENE,INJURY AND / OR TOW DUE TO CRASH,,,,"OVER $1,500",01/11/2025 11:12:00 PM,UNABLE TO DETERMINE,NOT APPLICABLE,3620,S,RHODES AVE,212.0,,,,,,,2,NO INDICATION OF INJURY,0.0,0.0,0.0,0.0,0.0,1.0,0.0,23,7,1,41.828641292,-87.614579591,POINT (-87.614579590725 41.828641292309),2025-01-11 23:12:00
cfd90b30b307e972aaa9e9099bc127669ced5426149746cb314deccfd928b15731bd7267f24f9596572b9cae6a4c5a4ed8d82b612e8fa6540ec02abc7db325cf,,01/11/2025 11:02:00 PM,25,STOP SIGN/FLASHER,NO CONTROLS,SNOW,"DARKNESS, LIGHTED ROAD",FIXED OBJECT,FOUR WAY,,STRAIGHT AND LEVEL,SNOW OR SLUSH,UNKNOWN,NOT ON SCENE (DESK REPORT),NO INJURY / DRIVE AWAY,Y,Y,,"$501 - $1,500",01/11/2025 11:02:00 PM,NOT APPLICABLE,NOT APPLICABLE,3010,W,26TH ST,1033.0,,,,,,,1,NO INDICATION OF INJURY,0.0,0.0,0.0,0.0,0.0,1.0,0.0,23,7,1,41.844705474,-87.700667229,POINT (-87.700667228789 41.844705473782),2025-01-11 23:02:00
8f62bc37819a0a26886bcbad12cde999d8baf5ff4312bfc8b08c0fd67cb70581bb42e2bc528c915231ab7cf9a94f54c0794168aeeb59ff225db241daad567272,,01/11/2025 10:50:00 PM,40,TRAFFIC SIGNAL,FUNCTIONING PROPERLY,BLOWING SNOW,"DARKNESS, LIGHTED ROAD",ANGLE,DIVIDED - W/MEDIAN (NOT RAISED),,STRAIGHT AND LEVEL,WET,UNKNOWN,ON SCENE,INJURY AND / OR TOW DUE TO CRASH,Y,,Y,"OVER $1,500",01/11/2025 10:51:00 PM,DISREGARDING TRAFFIC SIGNALS,DISREGARDING TRAFFIC SIGNALS,6400,N,HARLEM AVE,1611.0,,,,,,,2,NONINCAPACITATING INJURY,1.0,0.0,0.0,1.0,0.0,1.0,0.0,22,7,1,41.997018918,-87.806947715,POINT (-87.806947715496 41.997018918453),2025-01-11 22:50:00
f6c74f91db2975affe1f19da4867e42562bfa19fe64770fbcfba20f2f90743ab5c62d91a4b5853c6cf332e90f56c95ea994772bc79e2fafacc38d2919a03a4c5,,01/11/2025 10:45:00 PM,30,NO CONTROLS,NO CONTROLS,CLEAR,"DARKNESS, LIGHTED ROAD",REAR END,DIVIDED - W/MEDIAN BARRIER,,STRAIGHT AND LEVEL,DRY,NO DEFECTS,NOT ON SCENE (DESK REPORT),NO INJURY / DRIVE AWAY,,,,"OVER $1,500",01/11/2025 11:45:00 PM,IMPROPER LANE USAGE,NOT APPLICABLE,24,W,87TH ST,622.0,,,,,,,2,NO INDICATION OF INJURY,0.0,0.0,0.0,0.0,0.0,6.0,0.0,22,7,1,41.736381172,-87.625426497,POINT (-87.625426497041 41.736381171795),2025-01-11 22:45:00
897c67dbfc3bff0216e9545c8b11a71656f854891bb693d4fc70100b07cb0d15ecc7549526536a61ac876f01319ecb4d9da750b60e459fcc41d09e9f80985a3f,,01/11/2025 10:19:00 PM,30,NO CONTROLS,NO CONTROLS,CLEAR,DUSK,SIDESWIPE SAME DIRECTION,NOT DIVIDED,,STRAIGHT AND LEVEL,DRY,NO DEFECTS,NOT ON SCENE (DESK REPORT),NO INJURY / DRIVE AWAY,Y,,,"$501 - $1,500",01/11/2025 10:19:00 PM,IMPROPER LANE USAGE,UNABLE TO DETERMINE,1255,E,79TH ST,411.0,,,,,,,2,NO INDICATION OF INJURY,0.0,0.0,0.0,0.0,0.0,2.0,0.0,22,7,1,41.751301722,-87.593280169,POINT (-87.593280169499 41.751301721905),2025-01-11 22:19:00
12457169ce50b72d701b61558e439550b4e64c30c363efa5790d68f48ec5ac5e54b8a6c768005928d65f36b338d50f464e42517d1236ad4bed3dbeeabb7bf19b,,01/11/2025 10:10:00 PM,35,TRAFFIC SIGNAL,FUNCTIONING PROPERLY,CLEAR,DARKNESS,REAR END,NOT DIVIDED,,STRAIGHT AND LEVEL,DRY,NO DEFECTS,NOT ON SCENE (DESK REPORT),NO INJURY / DRIVE AWAY,,,,"OVER $1,500",01/11/2025 11:19:00 PM,UNABLE TO DETERMINE,NOT APPLICABLE,1000,W,DIVERSEY PKWY,1933.0,,,,,,,2,NO INDICATION OF INJURY,0.0,0.0,0.0,0.0,0.0,3.0,0.0,22,7,1,41.932746527,-87.653928731,POINT (-87.653928730994 41.932746527452),2025-01-11 22:10:00
be02c954cad7f5b7628be637051018701e5cfeba8ad9c445e7b64765f1bc3494c72f8bd89c72ac6bb92d9c3595b0b90a238ada2a60f8643428b32b5a1d09d7cc,,01/11/2025 10:05:00 PM,10,NO CONTROLS,NO CONTROLS,CLEAR,DARKNESS,REAR END,OTHER,,STRAIGHT AND LEVEL,DRY,NO DEFECTS,NOT ON SCENE (DESK REPORT),NO INJURY / DRIVE AWAY,,,Y,"$501 - $1,500",01/12/2025 08:55:00 AM,UNABLE TO DETERMINE,UNABLE TO DETERMINE,1110,E,81ST PL,411.0,,,,,,,2,NO INDICATION OF INJURY,0.0,0.0,0.0,0.0,0.0,2.0,0.0,22,7,1,41.746906804,-87.597187694,POINT (-87.597187694287 41.746906804208),2025-01-11 22:05:00
43d4a5e1066079a47679535404dfd7fa213e52e53616dba7c5f8212f12841995fe5a8e18fd918bb926ede6d6d4fb053ddc6048bf1e6fcac158e7d39aef01a3c9,,01/11/2025 10:00:00 PM,30,NO CONTROLS,NO CONTROLS,SNOW,"DARKNESS, LIGHTED ROAD",REAR END,NOT DIVIDED,,STRAIGHT AND LEVEL,DRY,NO DEFECTS,NOT ON SCENE (DESK REPORT),NO INJURY / DRIVE AWAY,,,Y,"OVER $1,500",01/12/2025 08:50:00 AM,UNABLE TO DETERMINE,NOT APPLICABLE,603,N,HALSTED ST,1214.0,,,,,,,2,NO INDICATION OF INJURY,0.0,0.0,0.0,0.0,0.0,2.0,0.0,22,7,1,41.892491872,-87.647463879,POINT (-87.647463878981 41.892491871587),2025-01-11 22:00:00
81f391d2a2450a88e8b5c83180b8e8d404712b9b4761d22099014089c9bcf1d0bb6d3a558e53fe2bc39eb0c83d5b8bf23d6119755f964d9fd9b8d41ffe6e94e3,,01/11/2025 10:00:00 PM,30,NO CONTROLS,NO CONTROLS,CLEAR,DARKNESS,SIDESWIPE SAME DIRECTION,NOT DIVIDED,,STRAIGHT AND LEVEL,UNKNOWN,UNKNOWN,NOT ON SCENE (DESK REPORT),NO INJURY / DRIVE AWAY,,,,"OVER $1,500",01/13/2025 01:56:00 PM,UNABLE TO DETERMINE,NOT APPLICABLE,129,W,DIVISION ST,1824.0,,,,,,,2,NO INDICATION OF INJURY,0.0,0.0,0.0,0.0,0.0,2.0,0.0,22,7,1,41.903769878,-87.632842995,POINT (-87.632842994811 41.903769877658),2025-01-11 22:00:00
8eb0293f09555c4503fcf981b5aefd673c321f28d684861c86f4e4f16267e837b62b130ab52ad629af6264087348addb1011ffd5f27ef38b0151735f4742872e,,01/11/2025 09:59:00 PM,30,NO CONTROLS,NO CONTROLS,SNOW,"DARKNESS, LIGHTED ROAD",REAR END,DIVIDED - W/MEDIAN (NOT RAISED),,STRAIGHT AND LEVEL,WET,NO DEFECTS,ON SCENE,INJURY AND / OR TOW DUE TO CRASH,Y,,Y,$500 OR LESS,01/11/2025 10:01:00 PM,FAILING TO REDUCE SPEED TO AVOID CRASH,UNABLE TO DETERMINE,1744,N,WESTERN AVE,1434.0,,,,,,,2,"REPORTED, NOT EVIDENT",1.0,0.0,0.0,0.0,1.0,1.0,0.0,21,7,1,41.91343104,-87.687449935,POINT (-87.687449935358 41.913431039733),2025-01-11 21:59:00
0a1266023badc2ccab4af7ed2a36bf13e0b8295503b1e76949d6f94517712a6dcfec008d566ff8c04e98c04c846e8d294de16d23058b77ede04943a32685bf1d,,01/11/2025 09:45:00 PM,15,NO CONTROLS,NO CONTROLS,OTHER,"DARKNESS, LIGHTED ROAD",PARKED MOTOR VEHICLE,PARKING LOT,,STRAIGHT AND LEVEL,WET,NO DEFECTS,NOT ON SCENE (DESK REPORT),NO INJURY / DRIVE AWAY,,,,"OVER $1,500",01/11/2025 10:00:00 PM,WEATHER,NOT APPLICABLE,5400,N,LINCOLN AVE,2011.0,,,,,,,2,NO INDICATION OF INJURY,0.0,0.0,0.0,0.0,0.0,1.0,0.0,21,7,1,41.979549513,-87.692844509,POINT (-87.692844509402 41.979549513091),2025-01-11 21:45:00
7a6e92c20355e0bc2bc579225ba30499739448ce3dec6cf30d31ca39d2ab06dcb7b733a36b145deccc7b2270628c4976fc6f8c682b2781be05cf51a09aadacc0,,01/11/2025 09:30:00 PM,15,NO CONTROLS,NO CONTROLS,CLEAR,"DARKNESS, LIGHTED ROAD",PARKED MOTOR VEHICLE,PARKING LOT,,STRAIGHT AND LEVEL,SNOW OR SLUSH,NO DEFECTS,NOT ON SCENE (DESK REPORT),NO INJURY / DRIVE AWAY,,,,"OVER $1,500",01/12/2025 03:10:00 PM,UNABLE TO DETERMINE,UNABLE TO DETERMINE,3183,S,GREEN ST,913.0,,,,,,,2,NO INDICATION OF INJURY,0.0,0.0,0.0,0.0,0.0,1.0,0.0,21,7,1,41.837063736,-87.647300251,POINT (-87.647300251263 41.837063735825),2025-01-11 21:30:00
94f660271820d0ddb20ce1d7629e991bc78eb7ac550c3fb2dbdd7e30444c78da3b6c3cf960ec9e22e4e4bfbd9e36aa859099abc106dd0a255efe9e3b9d354547,,01/11/2025 09:10:00 PM,30,TRAFFIC SIGNAL,FUNCTIONING PROPERLY,CLEAR,"DARKNESS, LIGHTED ROAD",HEAD ON,DIVIDED - W/MEDIAN (NOT RAISED),,STRAIGHT AND LEVEL,DRY,NO DEFECTS,NOT ON SCENE (DESK REPORT),NO INJURY / DRIVE AWAY,Y,,,"OVER $1,500",01/13/2025 10:40:00 PM,IMPROPER OVERTAKING/PASSING,NOT APPLICABLE,1999,N,LARAMIE AVE,2533.0,,,,,,,3,NO INDICATION OF INJURY,0.0,0.0,0.0,0.0,0.0,3.0,0.0,21,7,1,41.916893097,-87.755789116,POINT (-87.755789115828 41.916893097372),2025-01-11 21:10:00
d1aba2ef6017d9b6d97c71f103dd71f91d3babd9ea400cc9b53868db5946b809e0e88a368cc3ae9a08bc3385992f39d60a011729a7127aa1393e2e792dbe2f2b,,01/11/2025 09:06:00 PM,30,TRAFFIC SIGNAL,FUNCTIONING PROPERLY,UNKNOWN,"DARKNESS, LIGHTED ROAD",SIDESWIPE SAME DIRECTION,ONE-WAY,,STRAIGHT AND LEVEL,UNKNOWN,UNKNOWN,ON SCENE,NO INJURY / DRIVE AWAY,,,Y,$500 OR LESS,01/11/2025 09:10:00 PM,FOLLOWING TOO CLOSELY,UNABLE TO DETERMINE,652,W,ROOSEVELT RD,1232.0,,,,,,,2,NO INDICATION OF INJURY,0.0,0.0,0.0,0.0,0.0,2.0,0.0,21,7,1,41.867299774,-87.644330692,POINT (-87.644330692089 41.867299774301),2025-01-11 21:06:00
f6eeadd989f6e67683c83c493db54eaefa4c53dbaa83d35b92e08279b47fcaf7a1ccaf11c9ae6a81660a84e0cc808eff041a0e583ef229a81ff119c41d4c3bfd,,01/11/2025 09:05:00 PM,30,NO CONTROLS,NO CONTROLS,CLEAR,"DARKNESS, LIGHTED ROAD",PARKED MOTOR VEHICLE,NOT DIVIDED,,STRAIGHT AND LEVEL,UNKNOWN,UNKNOWN,ON SCENE,NO INJURY / DRIVE AWAY,,,Y,$500 OR LESS,01/11/2025 09:12:00 PM,IMPROPER OVERTAKING/PASSING,NOT APPLICABLE,4521,W,DIVERSEY AVE,2521.0,,,,,,,2,NO INDICATION OF INJURY,0.0,0.0,0.0,0.0,0.0,1.0,0.0,21,7,1,41.931508803,-87.740081298,POINT (-87.740081298104 41.931508802691),2025-01-11 21:05:00
6bb0aab62cbecbd0a240aa73b9484736b1080c659a331e901f923e55d0be912dcf3843aa372574da3669c8d5659da4f8c6480a1ca12a62be5aff5a03211deba5,,01/11/2025 08:56:00 PM,30,NO CONTROLS,NO CONTROLS,CLOUDY/OVERCAST,"DARKNESS, LIGHTED ROAD",REAR END,NOT DIVIDED,,STRAIGHT AND LEVEL,DRY,NO DEFECTS,ON SCENE,INJURY AND / OR TOW DUE TO CRASH,,,,"OVER $1,500",01/11/2025 08:56:00 PM,FOLLOWING TOO CLOSELY,UNABLE TO DETERMINE,5059,W,DIVERSEY AVE,2521.0,,,,,,,3,"REPORTED, NOT EVIDENT",2.0,0.0,0.0,0.0,2.0,2.0,0.0,20,7,1,41.93132565,-87.753835053,POINT (-87.753835053278 41.931325649974),2025-01-11 20:56:00
69cba5846cc732363bedb780d874fd53af13b74e4d34742b791c6f27a61da317eea4e074301e7a1dcd0ecb44176ec51321aa36d867e232e170567a063b178dbc,,01/11/2025 08:50:00 PM,30,TRAFFIC SIGNAL,FUNCTIONING PROPERLY,CLEAR,"DARKNESS, LIGHTED ROAD",ANGLE,FOUR WAY,,STRAIGHT AND LEVEL,DRY,NO DEFECTS,ON SCENE,NO INJURY / DRIVE AWAY,,,,$500 OR LESS,01/11/2025 08:51:00 PM,IMPROPER LANE USAGE,FOLLOWING TOO CLOSELY,1,N,ASHLAND AVE,1224.0,,,,,,,2,NO INDICATION OF INJURY,0.0,0.0,0.0,0.0,0.0,2.0,0.0,20,7,1,41.881504556,-87.666657561,POINT (-87.666657560535 41.881504555642),2025-01-11 20:50:00
1a97085e37f830d374bc12c28369ac4e6aa2d609e3ec42d1ca72ec083682915ba466dbd5862bc7fea027465ffba699c2da5d95f83f93075774ce39bc27bdb0fa,,01/11/2025 08:45:00 PM,30,STOP SIGN/FLASHER,FUNCTIONING PROPERLY,CLEAR,"DARKNESS, LIGHTED ROAD",SIDESWIPE SAME DIRECTION,NOT DIVIDED,,STRAIGHT AND LEVEL,UNKNOWN,UNKNOWN,NOT ON SCENE (DESK REPORT),NO INJURY / DRIVE AWAY,,,,"OVER $1,500",01/11/2025 09:45:00 PM,IMPROPER OVERTAKING/PASSING,NOT APPLICABLE,2400,N,LAKE SHORE DR NB,1935.0,,,,,,,2,NO INDICATION OF INJURY,0.0,0.0,0.0,0.0,0.0,2.0,0.0,20,7,1,41.92616072,-87.631514665,POINT (-87.631514664826 41.926160719812),2025-01-11 20:45:00
0e25c4df21bd7cdfc45399bba6b1043672ff6488ce7daa4dc2ad44c559e20dea457493c8376a85bb59c716222bc5f451f290b8dc7c7690900155a359fec8bc34,Y,01/11/2025 08:44:00 PM,30,NO CONTROLS,NO CONTROLS,SNOW,DUSK,OTHER OBJECT,DIVIDED - W/MEDIAN (NOT RAISED),,STRAIGHT AND LEVEL,SNOW OR SLUSH,NO DEFECTS,ON SCENE,INJURY AND / OR TOW DUE TO CRASH,,,N,"OVER $1,500",01/11/2025 08:45:00 PM,UNABLE TO DETERMINE,UNABLE TO DETERMINE,7899,S,ELLIS AVE,624.0,,,,,,,2,NONINCAPACITATING INJURY,1.0,0.0,0.0,1.0,0.0,4.0,0.0,20,7,1,41.751432017,-87.600194415,POINT (-87.600194415106 41.751432016914),2025-01-11 20:44:00
ff34a939831eb5937755117c76c8a5305a9d6fc9b2092022e67d654ef0addbbf33375a517ffc574a1f9f13cb2dfba44cce180edc07a42967cf7ddb84af03411e,,01/11/2025 08:38:00 PM,30,TRAFFIC SIGNAL,UNKNOWN,CLEAR,"DARKNESS, LIGHTED ROAD",REAR END,NOT DIVIDED,,STRAIGHT AND LEVEL,WET,NO DEFECTS,NOT ON SCENE (DESK REPORT),NO INJURY / DRIVE AWAY,,,,$500 OR LESS,01/11/2025 10:30:00 PM,NOT APPLICABLE,NOT APPLICABLE,10,N,PAULINA ST,1224.0,,,,,,,2,NO INDICATION OF INJURY,0.0,0.0,0.0,0.0,0.0,2.0,0.0,20,7,1,41.881719747,-87.669459666,POINT (-87.669459665825 41.881719747034),2025-01-11 20:38:00
9d3d7211cf8017c5d0a25bc0a221b50d114a8ee8c2fbc67689333432ff017664f042ee0beb33ecd835d910296bc6d53231247dc60483f46b26dd26eb63273426,,01/11/2025 08:33:00 PM,30,NO CONTROLS,NO CONTROLS,CLEAR,"DARKNESS, LIGHTED ROAD",PARKED MOTOR VEHICLE,NOT DIVIDED,,STRAIGHT AND LEVEL,SNOW OR SLUSH,UNKNOWN,ON SCENE,NO INJURY / DRIVE AWAY,,,Y,"$501 - $1,500",01/11/2025 08:33:00 PM,IMPROPER OVERTAKING/PASSING,NOT APPLICABLE,5114,N,AVERS AVE,1712.0,,,,,,,2,NO INDICATION OF INJURY,0.0,0.0,0.0,0.0,0.0,1.0,0.0,20,7,1,41.974218026,-87.72470702,POINT (-87.724707019899 41.9742180256),2025-01-11 20:33:00
0874c3e50a4bcc365855d46f71dd3b6dd8e77fbfdb76905c97facd6d71dd0b18278f57625350190b304fbf76d6fac2a6d2727a828ac44b32718b887e3ea372df,,01/11/2025 08:30:00 PM,30,TRAFFIC SIGNAL,FUNCTIONING PROPERLY,SNOW,"DARKNESS, LIGHTED ROAD",TURNING,NOT DIVIDED,,STRAIGHT AND LEVEL,SNOW OR SLUSH,UNKNOWN,NOT ON SCENE (DESK REPORT),NO INJURY / DRIVE AWAY,,,,"$501 - $1,500",01/11/2025 10:00:00 PM,UNABLE TO DETERMINE,UNABLE TO DETERMINE,6402,N,WESTERN AVE,2412.0,,,,,,,2,NO INDICATION OF INJURY,0.0,0.0,0.0,0.0,0.0,2.0,0.0,20,7,1,41.997874091,-87.690034875,POINT (-87.690034874744 41.997874091037),2025-01-11 20:30:00
8d571afd98751506eb73b2e1ad23e7182b3ddf16a86e84258688092f73b00faa28c9405e2c54ff6b8cae2b339dca18ec5b2d9424c47498070034c7f3a99b79ba,,01/11/2025 08:30:00 PM,30,NO CONTROLS,NO CONTROLS,CLEAR,"DARKNESS, LIGHTED ROAD",PARKED MOTOR VEHICLE,ONE-WAY,,STRAIGHT AND LEVEL,DRY,UNKNOWN,NOT ON SCENE (DESK REPORT),NO INJURY / DRIVE AWAY,,,Y,"OVER $1,500",01/11/2025 09:15:00 PM,DRIVING SKILLS/KNOWLEDGE/EXPERIENCE,IMPROPER TURNING/NO SIGNAL,2044,N,KILDARE AVE,2522.0,N,,,,,,2,NO INDICATION OF INJURY,0.0,0.0,0.0,0.0,0.0,1.0,0.0,20,7,1,41.918446082,-87.734083028,POINT (-87.734083027921 41.918446081523),2025-01-11 20:30:00
ae07dd6c6439078fdb1669e9ddf1173d790b0203dc765c3133b8caee381567f38487b02d2822c1c752d3cb45e00a77eeb1e8296d2b4ad80365e7865c88e8a1e5,,01/11/2025 08:30:00 PM,30,NO CONTROLS,NO CONTROLS,CLEAR,"DARKNESS, LIGHTED ROAD",SIDESWIPE SAME DIRECTION,NOT DIVIDED,,STRAIGHT AND LEVEL,DRY,NO DEFECTS,NOT ON SCENE (DESK REPORT),NO INJURY / DRIVE AWAY,,,,"OVER $1,500",01/12/2025 03:30:00 PM,UNABLE TO DETERMINE,NOT APPLICABLE,400,W,83RD ST,622.0,,,,,,,2,NO INDICATION OF INJURY,0.0,0.0,0.0,0.0,0.0,2.0,0.0,20,7,1,41.743615048,-87.634173196,POINT (-87.634173196414 41.743615047702),2025-01-11 20:30:00