CRASH_RECORD_ID,CRASH_DATE_EST_I,CRASH_DATE,POSTED_SPEED_LIMIT,TRAFFIC_CONTROL_DEVICE,DEVICE_CONDITION,WEATHER_CONDITION,LIGHTING_CONDITION,FIRST_CRASH_TYPE,TRAFFICWAY_TYPE,LANE_CNT,ALIGNMENT,ROADWAY_SURFACE_COND,ROAD_DEFECT,REPORT_TYPE,CRASH_TYPE,INTERSECTION_RELATED_I,NOT_RIGHT_OF_WAY_I,HIT_AND_RUN_I,DAMAGE,DATE_POLICE_NOTIFIED,PRIM_CONTRIBUTORY_CAUSE,SEC_CONTRIBUTORY_CAUSE,STREET_NO,STREET_DIRECTION,STREET_NAME,BEAT_OF_OCCURRENCE,PHOTOS_TAKEN_I,STATEMENTS_TAKEN_I,DOORING_I,WORK_ZONE_I,WORK_ZONE_TYPE,WORKERS_PRESENT_I,NUM_UNITS,MOST_SEVERE_INJURY,INJURIES_TOTAL,INJURIES_FATAL,INJURIES_INCAPACITATING,INJURIES_NON_INCAPACITATING,INJURIES_REPORTED_NOT_EVIDENT,INJURIES_NO_INDICATION,INJURIES_UNKNOWN,CRASH_HOUR,CRASH_DAY_OF_WEEK,CRASH_MONTH,LATITUDE,LONGITUDE,LOCATION,timestamp
964e3ac5b68c8ab342db3121ecb86da433f3ad32cbea3b4d65847877c48befeafd87c6858296fe5e2efdcbad2c308ff4356e192d114d1461bed4a71de14e4e07,,01/11/2025 05:10:00 PM,30,TRAFFIC SIGNAL,FUNCTIONING PROPERLY,UNKNOWN,"DARKNESS, LIGHTED ROAD",REAR END,DIVIDED - W/MEDIAN (NOT RAISED),,STRAIGHT AND LEVEL,UNKNOWN,UNKNOWN,NOT ON SCENE (DESK REPORT),NO INJURY / DRIVE AWAY,,,,"$501 - $1,500",01/11/2025 05:44:00 PM,UNABLE TO DETERMINE,UNABLE TO DETERMINE,3358,W,GRAND AVE,1121.0,,,,,,,2,NO INDICATION OF INJURY,0.0,0.0,0.0,0.0,0.0,2.0,0.0,17,7,1,41.900275463,-87.711271586,POINT (-87.711271585652 41.900275463168),2025-01-11 17:10:00
0a5eae00f9aa7ed181ed9c0dd59f3ebaf3bdf7b56bcbac1bf082b86ccd1c1eb56a97171874d3d3f4dd80e5282622803a5b9383cb7bdad0332b582acb3433b13f,,01/11/2025 05:00:00 PM,30,NO CONTROLS,NO CONTROLS,UNKNOWN,UNKNOWN,PARKED MOTOR VEHICLE,PARKING LOT,,STRAIGHT AND LEVEL,UNKNOWN,UNKNOWN,NOT ON SCENE (DESK REPORT),NO INJURY / DRIVE AWAY,,Y,Y,"OVER $1,500",01/13/2025 09:30:00 AM,UNABLE TO DETERMINE,UNABLE TO DETERMINE,501,E,32ND ST,211.0,,,,,,,2,NO INDICATION OF INJURY,0.0,0.0,0.0,0.0,0.0,1.0,0.0,17,7,1,41.835954886,-87.613350154,POINT (-87.61335015397 41.835954885923),2025-01-11 17:00:00
a308c84c504c4da989505e06a1ea5a58808a3c83a3965ea069043f874abfd5b48ebb61828797bda8037002d09ba20e65b6e2a5083ec37c55a810116bb60eb065,,01/11/2025 05:00:00 PM,30,NO CONTROLS,NO CONTROLS,CLOUDY/OVERCAST,DUSK,ANGLE,PARKING LOT,,STRAIGHT AND LEVEL,WET,NO DEFECTS,NOT ON SCENE (DESK REPORT),NO INJURY / DRIVE AWAY,,Y,Y,"OVER $1,500",01/12/2025 01:45:00 PM,UNABLE TO DETERMINE,UNABLE TO DETERMINE,8059,S,CICERO AVE,834.0,,,,,,,2,NO INDICATION OF INJURY,0.0,0.0,0.0,0.0,0.0,4.0,0.0,17,7,1,41.745978282,-87.741099904,POINT (-87.741099904454 41.745978281848),2025-01-11 17:00:00
bd9b2b3fb6a610febd20577862174cc6a13b46719e3d883f9cb24671d443ea76da9b001abeaf42cb3133fab7ec991211348e904c1548e7b0bf76759007556f83,,01/11/2025 05:00:00 PM,30,TRAFFIC SIGNAL,FUNCTIONING PROPERLY,CLEAR,DARKNESS,SIDESWIPE SAME DIRECTION,DIVIDED - W/MEDIAN (NOT RAISED),,STRAIGHT AND LEVEL,DRY,NO DEFECTS,NOT ON SCENE (DESK REPORT),NO INJURY / DRIVE AWAY,,,,"OVER $1,500",01/11/2025 06:20:00 PM,IMPROPER LANE USAGE,UNABLE TO DETERMINE,1032,N,HOMAN AVE,1121.0,,,,,,,2,NO INDICATION OF INJURY,0.0,0.0,0.0,0.0,0.0,3.0,0.0,17,7,1,41.900205778,-87.711576893,POINT (-87.711576892748 41.900205777923),2025-01-11 17:00:00
f3e23f4d12eaa7d3195d00b048f4640dfb490b73063a37f175288237080e58d98539f67e49b0c15734c7ad29dfc4792a53dade2082266c8a3146e9c59c22b19a,,01/11/2025 05:00:00 PM,35,NO CONTROLS,NO CONTROLS,CLEAR,DARKNESS,TURNING,NOT DIVIDED,,STRAIGHT AND LEVEL,DRY,NO DEFECTS,NOT ON SCENE (DESK REPORT),NO INJURY / DRIVE AWAY,,,,"OVER $1,500",01/11/2025 09:00:00 PM,UNABLE TO DETERMINE,UNABLE TO DETERMINE,2138,N,HALSTED ST,1812.0,,,,,,,2,NO INDICATION OF INJURY,0.0,0.0,0.0,0.0,0.0,2.0,0.0,17,7,1,41.921157483,-87.648760251,POINT (-87.648760250797 41.921157482957),2025-01-11 17:00:00
0ab57b6dbea4bb52b5bd8f954a6c369d3b5a62266e981e112cfebeaac56e25c43b23b7f667f0da394f37141b43128eaabe6b7c811495104b6fbbedb32d006af9,Y,01/11/2025 04:55:00 PM,30,POLICE/FLAGMAN,FUNCTIONING PROPERLY,CLEAR,DAYLIGHT,REAR END,NOT DIVIDED,,STRAIGHT AND LEVEL,DRY,NO DEFECTS,NOT ON SCENE (DESK REPORT),NO INJURY / DRIVE AWAY,,,Y,"OVER $1,500",01/13/2025 02:00:00 PM,FOLLOWING TOO CLOSELY,NOT APPLICABLE,1901,W,MADISON ST,1223.0,,,,,,,2,NO INDICATION OF INJURY,0.0,0.0,0.0,0.0,0.0,2.0,0.0,16,7,1,41.881241457,-87.674282534,POINT (-87.674282533953 41.881241456803),2025-01-11 16:55:00
66721186a1346d753bd727434e176899bdfd6545a40a4251640841dc3ca49fe1529c11e1f02db8f9aebed8b7749fc35f750116b73d59851ca59449414f869802,,01/11/2025 04:51:00 PM,30,NO CONTROLS,NO CONTROLS,CLEAR,"DARKNESS, LIGHTED ROAD",PARKED MOTOR VEHICLE,NOT DIVIDED,,STRAIGHT AND LEVEL,DRY,UNKNOWN,ON SCENE,INJURY AND / OR TOW DUE TO CRASH,,,Y,$500 OR LESS,01/11/2025 04:51:00 PM,UNABLE TO DETERMINE,NOT APPLICABLE,4611,N,BROADWAY,1914.0,,,,,,,2,NONINCAPACITATING INJURY,1.0,0.0,0.0,1.0,0.0,2.0,0.0,16,7,1,41.965768292,-87.657547197,POINT (-87.657547196636 41.965768291985),2025-01-11 16:51:00
d6c9d698a0b9b16885ab188c26dcf13b60bc031fddef9e43baddd16db825440c3203e30ddbc5f66d9cff2efc02e7b21155186abee85db147e9e71e189fd62f36,,01/11/2025 04:49:00 PM,10,NO CONTROLS,NO CONTROLS,CLEAR,"DARKNESS, LIGHTED ROAD",REAR TO FRONT,PARKING LOT,,STRAIGHT AND LEVEL,DRY,NO DEFECTS,NOT ON SCENE (DESK REPORT),INJURY AND / OR TOW DUE TO CRASH,,Y,,"OVER $1,500",01/11/2025 04:59:00 PM,DRIVING SKILLS/KNOWLEDGE/EXPERIENCE,NOT APPLICABLE,9450,S,JEFFERY AVE,413.0,,,,,,,2,NO INDICATION OF INJURY,0.0,0.0,0.0,0.0,0.0,2.0,0.0,16,7,1,41.72273739,-87.575508032,POINT (-87.575508032364 41.722737390124),2025-01-11 16:49:00
d0faf54305ff0e5e01529403ad9dda99ed50b4ea8728484a89007b5fac3326f94ed1963dc2f8a6c3bc53376b376efb78d235166894e7576c45425f9f72e192e2,,01/11/2025 04:48:00 PM,30,STOP SIGN/FLASHER,NO CONTROLS,CLEAR,"DARKNESS, LIGHTED ROAD",HEAD ON,DIVIDED - W/MEDIAN (NOT RAISED),,STRAIGHT AND LEVEL,DRY,UNKNOWN,ON SCENE,INJURY AND / OR TOW DUE TO CRASH,Y,,,"OVER $1,500",01/11/2025 04:48:00 PM,UNABLE TO DETERMINE,UNABLE TO DETERMINE,7656,S,YATES BLVD,414.0,,,,,,,3,"REPORTED, NOT EVIDENT",1.0,0.0,0.0,0.0,1.0,2.0,0.0,16,7,1,41.755504854,-87.566451935,POINT (-87.566451934746 41.755504854484),2025-01-11 16:48:00
605ebbbd8cc1f5a74e1b745878f7628ad829278a845b43cbbc763abf7dde053a0908913daa8af0c95c227e44b7a82ff94f0dd748bf589184829be201926984d5,,01/11/2025 04:45:00 PM,30,TRAFFIC SIGNAL,FUNCTIONING PROPERLY,CLEAR,DAWN,ANGLE,FOUR WAY,,STRAIGHT AND LEVEL,DRY,NO DEFECTS,ON SCENE,INJURY AND / OR TOW DUE TO CRASH,Y,,,"OVER $1,500",01/11/2025 04:45:00 PM,NOT APPLICABLE,NOT APPLICABLE,7900,S,ASHLAND AVE,611.0,,,,,,,2,NONINCAPACITATING INJURY,1.0,0.0,0.0,1.0,0.0,1.0,0.0,16,7,1,41.75026224,-87.663580117,POINT (-87.663580117092 41.750262240415),2025-01-11 16:45:00
246ae7c73230395ca26f92f7bad0c4df42018f86635d8457efd2227751b66deab0b919a186c2fbb9a87722eee7d6275e6ce3dd878034f8083c20db45f0995031,,01/11/2025 04:40:00 PM,30,NO CONTROLS,NO CONTROLS,UNKNOWN,DAYLIGHT,REAR END,ONE-WAY,,STRAIGHT AND LEVEL,UNKNOWN,UNKNOWN,NOT ON SCENE (DESK REPORT),NO INJURY / DRIVE AWAY,,,,"OVER $1,500",01/11/2025 05:00:00 PM,IMPROPER BACKING,DRIVING SKILLS/KNOWLEDGE/EXPERIENCE,2961,E,88TH ST,423.0,,,,,,,2,NO INDICATION OF INJURY,0.0,0.0,0.0,0.0,0.0,2.0,0.0,16,7,1,41.735443995,-87.551705538,POINT (-87.551705538233 41.735443994775),2025-01-11 16:40:00
bb8e7d812de110f3e54de4d7c29eba705fad2c33751227e919f366d02b2e0bb4c3b5af6379359698a04e8b8e9987e2292e77ef1dae754af88961ac8eba5a665e,,01/11/2025 04:22:00 PM,30,TRAFFIC SIGNAL,FUNCTIONING PROPERLY,CLEAR,DAYLIGHT,TURNING,DIVIDED - W/MEDIAN (NOT RAISED),,STRAIGHT AND LEVEL,WET,NO DEFECTS,ON SCENE,INJURY AND / OR TOW DUE TO CRASH,Y,,Y,"OVER $1,500",01/11/2025 04:23:00 PM,DISREGARDING TRAFFIC SIGNALS,NOT APPLICABLE,4900,W,NORTH AVE,2533.0,,,,,,,2,NO INDICATION OF INJURY,0.0,0.0,0.0,0.0,0.0,2.0,0.0,16,7,1,41.909694175,-87.749295653,POINT (-87.749295652768 41.909694174654),2025-01-11 16:22:00
2fb436eeecedbecd5001a13ad529fa81fa5a75532f236ae0101dabcac50299a0f972ba860397205146a5accf8fc5ef0c1f561b420acbb4c1b7b9b2a8308d07d3,,01/11/2025 04:20:00 PM,35,TRAFFIC SIGNAL,FUNCTIONING PROPERLY,CLEAR,DAYLIGHT,SIDESWIPE SAME DIRECTION,DIVIDED - W/MEDIAN (NOT RAISED),,STRAIGHT AND LEVEL,DRY,NO DEFECTS,ON SCENE,NO INJURY / DRIVE AWAY,,,,"$501 - $1,500",01/11/2025 04:27:00 PM,FAILING TO YIELD RIGHT-OF-WAY,NOT APPLICABLE,2339,N,SACRAMENTO AVE,1414.0,,,,,,,2,NO INDICATION OF INJURY,0.0,0.0,0.0,0.0,0.0,2.0,0.0,16,7,1,41.924485322,-87.702164263,POINT (-87.702164262681 41.92448532159),2025-01-11 16:20:00
b5edb748198f077825274771f70a99f3cc405bf416038b3e204e665035ee82516ec2972bdd4b0acde07541903ae8d208c8134bfd479f86246164f1664710d958,,01/11/2025 04:20:00 PM,30,NO CONTROLS,NO CONTROLS,CLEAR,DAYLIGHT,SIDESWIPE SAME DIRECTION,DIVIDED - W/MEDIAN (NOT RAISED),,STRAIGHT AND LEVEL,OTHER,NO DEFECTS,ON SCENE,NO INJURY / DRIVE AWAY,,,,"OVER $1,500",01/11/2025 04:24:00 PM,FAILING TO YIELD RIGHT-OF-WAY,FAILING TO YIELD RIGHT-OF-WAY,3010,W,ADDISON ST,1733.0,,,,,,,2,NO INDICATION OF INJURY,0.0,0.0,0.0,0.0,0.0,2.0,0.0,16,7,1,41.946764484,-87.703410458,POINT (-87.7034104579 41.946764484408),2025-01-11 16:20:00
b9f89813c4e528b4f3a88abf8e4d687f0700790ed5eb381d4948b0cda606fa3cb58045c717fe651d3ecb37e9f717aa4d68480d4cd1217056ff6e2c8e09b1d836,,01/11/2025 04:20:00 PM,30,NO CONTROLS,NO CONTROLS,CLEAR,DAYLIGHT,TURNING,NOT DIVIDED,,STRAIGHT AND LEVEL,DRY,NO DEFECTS,ON SCENE,NO INJURY / DRIVE AWAY,,,,"OVER $1,500",01/11/2025 04:48:00 PM,UNABLE TO DETERMINE,NOT APPLICABLE,1194,S,CENTRAL AVE,1513.0,,,,,,,2,NO INDICATION OF INJURY,0.0,0.0,0.0,0.0,0.0,2.0,0.0,16,7,1,41.865626243,-87.764457776,POINT (-87.764457775815 41.865626243358),2025-01-11 16:20:00
55e99fc5971f3b2c2c53fa906f2a6920e1be2d216f5f576c57c0bc0c448c296e692f005cb5c599213c2194a20204f3253cb8f75d787e060fe9d4df8576c877ca,,01/11/2025 04:19:00 PM,30,NO CONTROLS,NO CONTROLS,UNKNOWN,UNKNOWN,TURNING,DIVIDED - W/MEDIAN (NOT RAISED),,STRAIGHT AND LEVEL,UNKNOWN,UNKNOWN,NOT ON SCENE (DESK REPORT),NO INJURY / DRIVE AWAY,,,,"$501 - $1,500",01/11/2025 04:56:00 PM,FAILING TO YIELD RIGHT-OF-WAY,FAILING TO YIELD RIGHT-OF-WAY,4700,W,FIFTH AVE,1131.0,,,,,,,2,NO INDICATION OF INJURY,0.0,0.0,0.0,0.0,0.0,2.0,0.0,16,7,1,41.868820258,-87.742541905,POINT (-87.742541905178 41.868820258079),2025-01-11 16:19:00
07a274624ff250561216236695dd54cbc5595bb040fbdc89dfaa4c9d2c3019f5ca029330a41194c58c8ffbcf33c451da5db29e88affef7d76f14241e1d45b0c3,,01/11/2025 04:09:00 PM,30,NO CONTROLS,NO CONTROLS,CLEAR,DAYLIGHT,REAR TO SIDE,DIVIDED - W/MEDIAN (NOT RAISED),,STRAIGHT AND LEVEL,WET,NO DEFECTS,ON SCENE,INJURY AND / OR TOW DUE TO CRASH,,,,"$501 - $1,500",01/11/2025 04:09:00 PM,FAILING TO YIELD RIGHT-OF-WAY,EQUIPMENT - VEHICLE CONDITION,101,N,PULASKI RD,1122.0,,Y,,,,,2,"REPORTED, NOT EVIDENT",4.0,0.0,0.0,0.0,4.0,1.0,0.0,16,7,1,41.881988572,-87.725560844,POINT (-87.725560843628 41.881988572417),2025-01-11 16:09:00
e48efb73e285fd5303abbef3bd1c34b50093d45091b7d8785f91f38ec56d86b672f1ac2a167404d8eff8c0e880f085e27efb484b3f18a94878beb091bf673d8a,,01/11/2025 04:08:00 PM,30,NO CONTROLS,NO CONTROLS,CLEAR,DAYLIGHT,SIDESWIPE SAME DIRECTION,FOUR WAY,,STRAIGHT AND LEVEL,WET,NO DEFECTS,ON SCENE,INJURY AND / OR TOW DUE TO CRASH,Y,,,"OVER $1,500",01/11/2025 04:15:00 PM,DRIVING SKILLS/KNOWLEDGE/EXPERIENCE,IMPROPER LANE USAGE,198,W,GARFIELD BLVD,225.0,,,,,,,2,NO INDICATION OF INJURY,0.0,0.0,0.0,0.0,0.0,2.0,0.0,16,7,1,41.794677003,-87.630487851,POINT (-87.630487850767 41.79467700255),2025-01-11 16:08:00
bcdb3ab551d48bd42acf532e9d5ddbcbe7b87f0ea1ebeabdfd9182d03fc0ea167293e17e53efe3da470aeb0527693649058ca0e77fed2ae6f48da3a7c88ee450,,01/11/2025 04:05:00 PM,30,NO CONTROLS,NO CONTROLS,CLEAR,DAYLIGHT,SIDESWIPE OPPOSITE DIRECTION,DIVIDED - W/MEDIAN (NOT RAISED),,STRAIGHT AND LEVEL,WET,NO DEFECTS,NOT ON SCENE (DESK REPORT),NO INJURY / DRIVE AWAY,,,Y,"OVER $1,500",01/12/2025 09:30:00 AM,IMPROPER OVERTAKING/PASSING,IMPROPER OVERTAKING/PASSING,5615,W,MADISON ST,1513.0,,,,,,,2,NO INDICATION OF INJURY,0.0,0.0,0.0,0.0,0.0,2.0,0.0,16,7,1,41.880126744,-87.765513817,POINT (-87.765513817109 41.88012674362),2025-01-11 16:05:00
952741dcb70486fd156e085b4168abd0bc7995b1f919ba0e19ce0b95a8e4a2116565bcc7f8a06c8cd8f9306506aebafe47f91bf44e0a55e015272e1922c1b081,,01/11/2025 04:04:00 PM,30,NO CONTROLS,NO CONTROLS,SNOW,DAYLIGHT,REAR END,NOT DIVIDED,,STRAIGHT AND LEVEL,WET,NO DEFECTS,ON SCENE,NO INJURY / DRIVE AWAY,,,,"OVER $1,500",01/11/2025 04:04:00 PM,UNABLE TO DETERMINE,UNABLE TO DETERMINE,2125,S,KEDZIE AVE,1022.0,,,,,,,2,NO INDICATION OF INJURY,0.0,0.0,0.0,0.0,0.0,3.0,0.0,16,7,1,41.852910952,-87.705141879,POINT (-87.705141878713 41.852910952497),2025-01-11 16:04:00
40c492ebbc0022f4c23103956ed7d3a2ab5301bbf9db31c8d1d401ea8aa5f7de479f04c512007d827e03f8460845c9146dfb2d64cfd300f0c9dcd202dc62f29a,Y,01/11/2025 04:00:00 PM,30,NO CONTROLS,NO CONTROLS,SNOW,UNKNOWN,PARKED MOTOR VEHICLE,ONE-WAY,,STRAIGHT AND LEVEL,SNOW OR SLUSH,NO DEFECTS,ON SCENE,NO INJURY / DRIVE AWAY,,,Y,"OVER $1,500",01/12/2025 10:30:00 AM,UNABLE TO DETERMINE,NOT APPLICABLE,4954,S,KOMENSKY AVE,815.0,,,,,,,2,NO INDICATION OF INJURY,0.0,0.0,0.0,0.0,0.0,1.0,0.0,16,7,1,41.802565923,-87.724798797,POINT (-87.724798796751 41.802565923021),2025-01-11 16:00:00
5bddac8525209f529763f6af42544c8abfb1f3716be60d39b2e5a16bd81bf88510b2313c89e3e9b08017ad9c7ce5a9a890d760cb93abe39026ac8267dc6c4f32,,01/11/2025 04:00:00 PM,25,NO CONTROLS,NO CONTROLS,CLEAR,DUSK,PARKED MOTOR VEHICLE,ONE-WAY,,STRAIGHT AND LEVEL,DRY,NO DEFECTS,NOT ON SCENE (DESK REPORT),NO INJURY / DRIVE AWAY,,,Y,"$501 - $1,500",01/11/2025 06:00:00 PM,NOT APPLICABLE,NOT APPLICABLE,3447,W,LEXINGTON ST,1133.0,,,,,,,2,NO INDICATION OF INJURY,0.0,0.0,0.0,0.0,0.0,1.0,0.0,16,7,1,41.871683997,-87.71257886,POINT (-87.712578859788 41.871683997401),2025-01-11 16:00:00
f51481cb35d55107e0a9ef1c1d7cbd0b40824d42520ded7c673a39455f1f18a537fe20077610132e049b656f87dfd5c52df1894067507534b9e3cfba65dd2043,,01/11/2025 03:55:00 PM,30,NO CONTROLS,NO CONTROLS,CLEAR,DAYLIGHT,PARKED MOTOR VEHICLE,ONE-WAY,,STRAIGHT AND LEVEL,DRY,NO DEFECTS,NOT ON SCENE (DESK REPORT),NO INJURY / DRIVE AWAY,,,,"OVER $1,500",01/12/2025 11:30:00 AM,UNABLE TO DETERMINE,UNABLE TO DETERMINE,1508,N,ELK GROVE AVE,1424.0,,,,,,,2,NO INDICATION OF INJURY,0.0,0.0,0.0,0.0,0.0,1.0,0.0,15,7,1,41.909453903,-87.674442591,POINT (-87.674442591191 41.909453903401),2025-01-11 15:55:00
078c246f52d8cb4fb9b49b97eff9c3cfbe75fd08ad1314cdd67e2a1df9be333a8cdbd3f18e216ffcb4a4fd28ef9cadd855f0a6764c8aa0b8174a843ac1485650,,01/11/2025 03:50:00 PM,30,NO CONTROLS,NO CONTROLS,CLEAR,DAYLIGHT,SIDESWIPE OPPOSITE DIRECTION,DIVIDED - W/MEDIAN (NOT RAISED),,STRAIGHT AND LEVEL,DRY,NO DEFECTS,ON SCENE,NO INJURY / DRIVE AWAY,,,,"OVER $1,500",01/11/2025 03:56:00 PM,UNABLE TO DETERMINE,UNABLE TO DETERMINE,4841,N,KEDZIE AVE,1713.0,,,,,,,2,NO INDICATION OF INJURY,0.0,0.0,0.0,0.0,0.0,3.0,0.0,15,7,1,41.969674141,-87.708364321,POINT (-87.708364320647 41.969674141161),2025-01-11 15:50:00
ab35dcd96f4f2a6cfd5d7cfb3ef6a36044869bad436af5937a981a238c1c4355c447c204163e2ba5c5beb2f5710a9fd0de4c9251082c85668acb5fdb9f659fdc,,01/11/2025 03:40:00 PM,30,NO CONTROLS,NO CONTROLS,CLEAR,DAYLIGHT,PARKED MOTOR VEHICLE,DIVIDED - W/MEDIAN (NOT RAISED),,STRAIGHT AND LEVEL,WET,NO DEFECTS,ON SCENE,INJURY AND / OR TOW DUE TO CRASH,,,,"OVER $1,500",01/11/2025 03:46:00 PM,FAILING TO REDUCE SPEED TO AVOID CRASH,FAILING TO REDUCE SPEED TO AVOID CRASH,2419,W,MADISON ST,1125.0,,,,,,,4,NONINCAPACITATING INJURY,3.0,0.0,0.0,3.0,0.0,1.0,0.0,15,7,1,41.881044924,-87.687149234,POINT (-87.687149234377 41.881044923673),2025-01-11 15:40:00
2f7e58af092c0d502e9cbe0a0a698b822e435469f6c7420cdc2249b2de61c106dc81c672b61e98581b92aed164adc66e6c8f3b088a536432a7386fb71b25534e,,01/11/2025 03:35:00 PM,15,NO CONTROLS,NO CONTROLS,CLEAR,DAYLIGHT,REAR TO SIDE,PARKING LOT,,STRAIGHT AND LEVEL,UNKNOWN,UNKNOWN,NOT ON SCENE (DESK REPORT),NO INJURY / DRIVE AWAY,,Y,,"$501 - $1,500",01/11/2025 05:00:00 PM,FAILING TO YIELD RIGHT-OF-WAY,FAILING TO YIELD RIGHT-OF-WAY,7410,N,CLARK ST,2424.0,,,,,,,2,NO INDICATION OF INJURY,0.0,0.0,0.0,0.0,0.0,2.0,0.0,15,7,1,42.016328492,-87.675398269,POINT (-87.675398268846 42.016328491503),2025-01-11 15:35:00
e9115ff9e27814950802f43e74cf4d2f61a46cd4da0f3f692e4997009847144f88a37d3cfe56d5a2883caa1cc9fc2d7df9dbf6503551f36f359b9b1e0a4d4e10,,01/11/2025 03:35:00 PM,30,TRAFFIC SIGNAL,FUNCTIONING PROPERLY,CLEAR,DAYLIGHT,TURNING,NOT DIVIDED,,STRAIGHT AND LEVEL,DRY,UNKNOWN,ON SCENE,INJURY AND / OR TOW DUE TO CRASH,Y,,,"OVER $1,500",01/11/2025 03:56:00 PM,FAILING TO YIELD RIGHT-OF-WAY,FAILING TO YIELD RIGHT-OF-WAY,4800,W,WASHINGTON BLVD,1532.0,,,,,,,2,NONINCAPACITATING INJURY,1.0,0.0,0.0,1.0,0.0,1.0,0.0,15,7,1,41.881925987,-87.745462361,POINT (-87.745462361128 41.881925987309),2025-01-11 15:35:00
55dd7ebd14509e95f32234527ad8cfc6c8fb299da6ee744c60025ef2a555cac899e14a56676cc3482cdc7e4d706c986ec9b2406834f1284d3c0a57a0f2e2eca8,,01/11/2025 03:30:00 PM,30,NO CONTROLS,NO CONTROLS,CLEAR,DAYLIGHT,TURNING,NOT DIVIDED,,STRAIGHT AND LEVEL,UNKNOWN,UNKNOWN,NOT ON SCENE (DESK REPORT),NO INJURY / DRIVE AWAY,,,Y,"OVER $1,500",01/11/2025 04:20:00 PM,DRIVING SKILLS/KNOWLEDGE/EXPERIENCE,NOT APPLICABLE,5001,S,KEDZIE AVE,923.0,,,,,,,2,NO INDICATION OF INJURY,0.0,0.0,0.0,0.0,0.0,3.0,0.0,15,7,1,41.802492834,-87.703667816,POINT (-87.703667815503 41.802492833562),2025-01-11 15:30:00
5976ae872a2785f1a151331eb18104187bf21ddb3ae750e8541b35097c7532289d4ddbf459d76818f1f94cbc8896c2b80c274e513f6bee629d77c4906f863e75,,01/11/2025 03:22:00 PM,25,UNKNOWN,UNKNOWN,UNKNOWN,UNKNOWN,OTHER OBJECT,DIVIDED - W/MEDIAN (NOT RAISED),,STRAIGHT AND LEVEL,UNKNOWN,UNKNOWN,ON SCENE,INJURY AND / OR TOW DUE TO CRASH,N,,,"OVER $1,500",01/11/2025 03:25:00 PM,UNABLE TO DETERMINE,NOT APPLICABLE,8942,S,VINCENNES AVE,2222.0,,,,,,,1,NO INDICATION OF INJURY,0.0,0.0,0.0,0.0,0.0,1.0,0.0,15,7,1,41.731165376,-87.647189549,POINT (-87.647189548541 41.731165376462),2025-01-11 15:22:00
8d5f49de1b2042db9d772effc38e32b8b5aa4762f7ee2d9872a2459be61606384fae069a3d269886374d4d89c3663ed40fc3e99086aeb8590cd102ee30b19ef1,,01/11/2025 03:20:00 PM,35,STOP SIGN/FLASHER,FUNCTIONING PROPERLY,CLEAR,DAYLIGHT,ANGLE,NOT DIVIDED,,STRAIGHT AND LEVEL,WET,UNKNOWN,ON SCENE,INJURY AND / OR TOW DUE TO CRASH,,,,"OVER $1,500",01/11/2025 03:39:00 PM,FAILING TO YIELD RIGHT-OF-WAY,NOT APPLICABLE,1600,S,ASHLAND AVE,1234.0,,,,,,,2,INCAPACITATING INJURY,2.0,0.0,1.0,1.0,0.0,5.0,0.0,15,7,1,41.859559782,-87.66634385,POINT (-87.666343850368 41.859559781969),2025-01-11 15:20:00
a0e34736e3657ed1d25e2c8fc56e08a3c71a3da4e05478c7cfc6d5ae3513131354dca26e75076284192f91416a173fbcb8b529c786a9bc9c6b56df96fc4c01fc,,01/11/2025 03:18:00 PM,30,NO CONTROLS,NO CONTROLS,CLEAR,DAYLIGHT,SIDESWIPE SAME DIRECTION,DIVIDED - W/MEDIAN BARRIER,,"CURVE, LEVEL",DRY,UNKNOWN,NOT ON SCENE (DESK REPORT),NO INJURY / DRIVE AWAY,,,,"OVER $1,500",01/11/2025 04:00:00 PM,IMPROPER LANE USAGE,FAILING TO REDUCE SPEED TO AVOID CRASH,54,W,LA SALLE DR,1814.0,,,,,,,2,NO INDICATION OF INJURY,0.0,0.0,0.0,0.0,0.0,3.0,0.0,15,7,1,41.913408445,-87.630997427,POINT (-87.630997426989 41.913408445153),2025-01-11 15:18:00
e51961e6aa81a857e26dddea0e3c9c8fb53cb7fb938430d3a8e09d03820d56776ba9577e49a04babdde0eed7fd17ce14432c5b057e2668192f1dbab503ccdd80,,01/11/2025 03:18:00 PM,30,TRAFFIC SIGNAL,UNKNOWN,UNKNOWN,UNKNOWN,PEDESTRIAN,FOUR WAY,,STRAIGHT AND LEVEL,UNKNOWN,UNKNOWN,NOT ON SCENE (DESK REPORT),INJURY AND / OR TOW DUE TO CRASH,Y,,Y,"$501 - $1,500",01/11/2025 03:19:00 PM,UNABLE TO DETERMINE,NOT APPLICABLE,3800,W,MADISON ST,1122.0,,,,,,,2,NONINCAPACITATING INJURY,1.0,0.0,0.0,1.0,0.0,1.0,0.0,15,7,1,41.880897273,-87.720881226,POINT (-87.720881226139 41.880897273491),2025-01-11 15:18:00