CRASH_RECORD_ID,CRASH_DATE_EST_I,CRASH_DATE,POSTED_SPEED_LIMIT,TRAFFIC_CONTROL_DEVICE,DEVICE_CONDITION,WEATHER_CONDITION,LIGHTING_CONDITION,FIRST_CRASH_TYPE,TRAFFICWAY_TYPE,LANE_CNT,ALIGNMENT,ROADWAY_SURFACE_COND,ROAD_DEFECT,REPORT_TYPE,CRASH_TYPE,INTERSECTION_RELATED_I,NOT_RIGHT_OF_WAY_I,HIT_AND_RUN_I,DAMAGE,DATE_POLICE_NOTIFIED,PRIM_CONTRIBUTORY_CAUSE,SEC_CONTRIBUTORY_CAUSE,STREET_NO,STREET_DIRECTION,STREET_NAME,BEAT_OF_OCCURRENCE,PHOTOS_TAKEN_I,STATEMENTS_TAKEN_I,DOORING_I,WORK_ZONE_I,WORK_ZONE_TYPE,WORKERS_PRESENT_I,NUM_UNITS,MOST_SEVERE_INJURY,INJURIES_TOTAL,INJURIES_FATAL,INJURIES_INCAPACITATING,INJURIES_NON_INCAPACITATING,INJURIES_REPORTED_NOT_EVIDENT,INJURIES_NO_INDICATION,INJURIES_UNKNOWN,CRASH_HOUR,CRASH_DAY_OF_WEEK,CRASH_MONTH,LATITUDE,LONGITUDE,LOCATION,timestamp
31905b0ed5c24421869ef4c5efff1864b5fd7538c67b048638e8f57607b03a995c34a65bca1b8806e6c18921df5c15bda4bc23113b9eaa5c0de1571ce21eb4f8,,01/11/2025 03:13:00 PM,30,NO CONTROLS,NO CONTROLS,CLEAR,DAYLIGHT,ANGLE,NOT DIVIDED,,STRAIGHT AND LEVEL,DRY,NO DEFECTS,NOT ON SCENE (DESK REPORT),NO INJURY / DRIVE AWAY,,,,"$501 - $1,500",01/11/2025 05:20:00 PM,FAILING TO YIELD RIGHT-OF-WAY,FAILING TO YIELD RIGHT-OF-WAY,5459,N,LINDER AVE,1623.0,,,,,,,2,NO INDICATION OF INJURY,0.0,0.0,0.0,0.0,0.0,2.0,0.0,15,7,1,41.981045172,-87.765790942,POINT (-87.765790941653 41.981045171864),2025-01-11 15:13:00
471e0eda8be497eb7ce3fd637430c6ed46ac2bc84fb3f555b11194b7a2bffad60c550f78be05d2b71dad95e7849901da5f5176f585ba6380414ae9b09ac9e3df,,01/11/2025 03:13:00 PM,30,TRAFFIC SIGNAL,FUNCTIONING PROPERLY,CLEAR,DAYLIGHT,TURNING,FOUR WAY,,STRAIGHT AND LEVEL,WET,NO DEFECTS,ON SCENE,INJURY AND / OR TOW DUE TO CRASH,Y,,Y,"OVER $1,500",01/11/2025 03:18:00 PM,UNABLE TO DETERMINE,NOT APPLICABLE,515,S,SACRAMENTO BLVD,1135.0,,,,,,,2,NO INDICATION OF INJURY,0.0,0.0,0.0,0.0,0.0,2.0,0.0,15,7,1,,,,2025-01-11 15:13:00
b304b21a1db189f7723dd8d4f7ecc01deb9a7aac5f474e3710d0b848fb80712f72a44e22b5a4d278dc0b37a988d237fa9de54360c300d58337475a27bb169abc,,01/11/2025 03:10:00 PM,30,NO CONTROLS,NO CONTROLS,CLEAR,DAYLIGHT,PARKED MOTOR VEHICLE,ONE-WAY,,STRAIGHT AND LEVEL,DRY,NO DEFECTS,NOT ON SCENE (DESK REPORT),NO INJURY / DRIVE AWAY,,,,"$501 - $1,500",01/12/2025 02:55:00 PM,UNABLE TO DETERMINE,NOT APPLICABLE,3447,W,DRUMMOND PL,1412.0,,,,,,,2,NO INDICATION OF INJURY,0.0,0.0,0.0,0.0,0.0,1.0,0.0,15,7,1,41.929154798,-87.714092786,POINT (-87.714092785621 41.929154798413),2025-01-11 15:10:00
d587384ebe8c8592f5d27aa4df2a6af7d46855d45f8dea91abef0781fe9f07044101ef052b320f762c38b073833e62052106c114af1a94ef51671443992045b0,,01/11/2025 03:10:00 PM,45,NO CONTROLS,NO CONTROLS,CLEAR,DAYLIGHT,OTHER OBJECT,DIVIDED - W/MEDIAN BARRIER,,STRAIGHT AND LEVEL,WET,DEBRIS ON ROADWAY,NOT ON SCENE (DESK REPORT),NO INJURY / DRIVE AWAY,,,,"$501 - $1,500",01/11/2025 04:15:00 PM,NOT APPLICABLE,NOT APPLICABLE,2600,N,LAKE SHORE DR SB,1935.0,,,,,,,1,NO INDICATION OF INJURY,0.0,0.0,0.0,0.0,0.0,2.0,0.0,15,7,1,41.929920511,-87.632300696,POINT (-87.632300695836 41.929920511441),2025-01-11 15:10:00
942b7438a5c8530af19ab9240e309e84e81eaf70742b33851beb250104d61be0b0b24bfa19f75ed485aa64d5dfa56b9a1596ceee555c8d8528441c3e590631c3,,01/11/2025 03:00:00 PM,25,NO CONTROLS,NO CONTROLS,CLEAR,DAYLIGHT,PARKED MOTOR VEHICLE,ONE-WAY,,STRAIGHT AND LEVEL,WET,NO DEFECTS,NOT ON SCENE (DESK REPORT),NO INJURY / DRIVE AWAY,,,Y,"OVER $1,500",01/11/2025 04:00:00 PM,UNABLE TO DETERMINE,UNABLE TO DETERMINE,5431,W,GLADYS AVE,1522.0,,,,,,,2,NO INDICATION OF INJURY,0.0,0.0,0.0,0.0,0.0,1.0,0.0,15,7,1,41.875570067,-87.76080025,POINT (-87.760800250432 41.87557006724),2025-01-11 15:00:00
9dc6e254fb0ce3961c83194e55e60de2e0ab650046c8880f2ef58202317b714ce083e71113d36010a0f5efd7a106dd525055f50991c0191848f28b1455ef8509,,01/11/2025 03:00:00 PM,30,TRAFFIC SIGNAL,FUNCTIONING PROPERLY,CLEAR,DAYLIGHT,REAR END,NOT DIVIDED,,STRAIGHT AND LEVEL,DRY,NO DEFECTS,NOT ON SCENE (DESK REPORT),NO INJURY / DRIVE AWAY,,,,"$501 - $1,500",01/11/2025 04:01:00 PM,FOLLOWING TOO CLOSELY,NOT APPLICABLE,1901,W,CHICAGO AVE,1221.0,,,,,,,2,NO INDICATION OF INJURY,0.0,0.0,0.0,0.0,0.0,2.0,0.0,15,7,1,41.895840001,-87.674668836,POINT (-87.674668836213 41.895840000734),2025-01-11 15:00:00
c402651a1c83c4473ed179f2ccdcd8e5bd2a46f43bb59f6e8acf95e7b9a6fd16c214a64e1b0a33c5808b3f2e6a9a8d4bab4e57fc2d5f60e94a4846b514888b59,,01/11/2025 03:00:00 PM,30,STOP SIGN/FLASHER,FUNCTIONING PROPERLY,CLEAR,DAYLIGHT,ANGLE,FOUR WAY,,STRAIGHT AND LEVEL,DRY,NO DEFECTS,NOT ON SCENE (DESK REPORT),INJURY AND / OR TOW DUE TO CRASH,Y,,,"OVER $1,500",01/13/2025 12:30:00 PM,UNABLE TO DETERMINE,UNABLE TO DETERMINE,400,E,109TH ST,513.0,,,,,,,2,NO INDICATION OF INJURY,0.0,0.0,0.0,0.0,0.0,2.0,0.0,15,7,1,41.696485456,-87.613413408,POINT (-87.613413408435 41.69648545613),2025-01-11 15:00:00
d0be7fcae2644c48419dce42e434ea444716a58b45ea92ca96e64f51bb63f1e70a854ba53d9c0abf18b980e35d681bb7efefb50bc76117212d4f88cea1784874,,01/11/2025 03:00:00 PM,30,NO CONTROLS,NO CONTROLS,CLEAR,DAYLIGHT,SIDESWIPE SAME DIRECTION,DIVIDED - W/MEDIAN (NOT RAISED),,STRAIGHT AND LEVEL,DRY,NO DEFECTS,NOT ON SCENE (DESK REPORT),NO INJURY / DRIVE AWAY,,,,"OVER $1,500",01/11/2025 03:30:00 PM,UNABLE TO DETERMINE,NOT APPLICABLE,3610,W,LAWRENCE AVE,1712.0,,,,,,,2,NO INDICATION OF INJURY,0.0,0.0,0.0,0.0,0.0,2.0,0.0,15,7,1,41.968451073,-87.718740077,POINT (-87.718740077117 41.968451073092),2025-01-11 15:00:00
d2dfcc790800505c08c1da8899bf9681d59aa00be5863d4a05e5516a2f63c23de90aa7f2f9df42d6932477ae41261d5a027b96fdecbc1b4b238fbbf0a8d638be,,01/11/2025 03:00:00 PM,30,NO CONTROLS,NO CONTROLS,CLOUDY/OVERCAST,DAYLIGHT,PARKED MOTOR VEHICLE,DIVIDED - W/MEDIAN (NOT RAISED),,STRAIGHT AND LEVEL,DRY,NO DEFECTS,NOT ON SCENE (DESK REPORT),NO INJURY / DRIVE AWAY,,,,"OVER $1,500",01/11/2025 04:05:00 PM,UNABLE TO DETERMINE,UNABLE TO DETERMINE,728,E,83RD ST,631.0,,,,,,,2,NO INDICATION OF INJURY,0.0,0.0,0.0,0.0,0.0,2.0,0.0,15,7,1,41.744057898,-87.60630786,POINT (-87.606307860067 41.744057897629),2025-01-11 15:00:00
fe7ccaf7580e18094d8f3fe1baba561d3c3185be10011dcfd7052adf103c4fbd51261c5c28f53626a24a7a93bd32f78957cd1e1deb643b6e370aa0a7a9f7ea61,,01/11/2025 03:00:00 PM,30,TRAFFIC SIGNAL,FUNCTIONING PROPERLY,CLEAR,DAYLIGHT,ANGLE,FOUR WAY,,STRAIGHT AND LEVEL,SNOW OR SLUSH,NO DEFECTS,ON SCENE,NO INJURY / DRIVE AWAY,,,Y,"$501 - $1,500",01/11/2025 03:02:00 PM,DISREGARDING OTHER TRAFFIC SIGNS,NOT APPLICABLE,7100,S,WENTWORTH AVE,731.0,,,,,,,2,NO INDICATION OF INJURY,0.0,0.0,0.0,0.0,0.0,2.0,0.0,15,7,1,41.765341358,-87.629914575,POINT (-87.629914574932 41.7653413584),2025-01-11 15:00:00
e63b5c6d6ced985e0612b7a40b1d90c0d465060b62f23a79cf0b3a974fb79ba984cdbc6f4d393d672614358b9c7426896fe081f50095471a8ff53b81c1bb3c2d,,01/11/2025 02:58:00 PM,30,NO CONTROLS,NO CONTROLS,CLEAR,DAYLIGHT,ANGLE,NOT DIVIDED,,STRAIGHT AND LEVEL,DRY,NO DEFECTS,NOT ON SCENE (DESK REPORT),INJURY AND / OR TOW DUE TO CRASH,,,,"OVER $1,500",01/11/2025 03:49:00 PM,IMPROPER LANE USAGE,NOT APPLICABLE,28,E,87TH ST,632.0,,,,,,,2,NONINCAPACITATING INJURY,2.0,0.0,0.0,2.0,0.0,1.0,0.0,14,7,1,41.736469113,-87.623024124,POINT (-87.623024124225 41.736469113027),2025-01-11 14:58:00
4b71dde9b3877ed429a1c5623f20e8f7dfe216506580e0c8146e8ddf97cfc5d55b6753e78fe8bffb3fe814450c2b1fbdbe5a54f7daeb76cc10aebccac70477d7,,01/11/2025 02:54:00 PM,30,TRAFFIC SIGNAL,FUNCTIONING PROPERLY,CLEAR,DAYLIGHT,REAR END,NOT DIVIDED,,STRAIGHT AND LEVEL,DRY,NO DEFECTS,ON SCENE,INJURY AND / OR TOW DUE TO CRASH,,,Y,"OVER $1,500",01/11/2025 03:12:00 PM,FOLLOWING TOO CLOSELY,UNABLE TO DETERMINE,860,N,STATE ST,1832.0,,,,,,,2,"REPORTED, NOT EVIDENT",1.0,0.0,0.0,0.0,1.0,1.0,0.0,14,7,1,41.898429481,-87.62839431,POINT (-87.628394309536 41.898429481495),2025-01-11 14:54:00
d3e3193ec399b3a83c544bf7739cebaee3220f38a3f7ac95a3af1c98a2b607787a00a70e9f6e824c3ccd7592c40acc12df7f3e08c72e9ee61a6711b92bf55725,,01/11/2025 02:50:00 PM,15,NO CONTROLS,NO CONTROLS,CLOUDY/OVERCAST,DUSK,PARKED MOTOR VEHICLE,PARKING LOT,,STRAIGHT AND LEVEL,WET,UNKNOWN,ON SCENE,INJURY AND / OR TOW DUE TO CRASH,,Y,Y,"OVER $1,500",01/11/2025 04:42:00 PM,UNABLE TO DETERMINE,UNABLE TO DETERMINE,7109,S,JEFFERY BLVD,333.0,,,,,,,2,NO INDICATION OF INJURY,0.0,0.0,0.0,0.0,0.0,1.0,0.0,14,7,1,41.765816416,-87.576145475,POINT (-87.576145475166 41.765816415803),2025-01-11 14:50:00
97b1c86775f827071546bcf558fa137990acfe760e7d8844372a73f2a130dc5738bb1f63fdaa6a7bb0f7db0a7a02170877e1426e4f4027e2d78f1ede3784d908,,01/11/2025 02:49:00 PM,30,UNKNOWN,UNKNOWN,UNKNOWN,UNKNOWN,REAR END,NOT DIVIDED,,STRAIGHT AND LEVEL,UNKNOWN,UNKNOWN,NOT ON SCENE (DESK REPORT),NO INJURY / DRIVE AWAY,,,,"OVER $1,500",01/11/2025 04:20:00 PM,UNABLE TO DETERMINE,UNABLE TO DETERMINE,2501,W,IRVING PARK RD,1921.0,,,,,,,2,NO INDICATION OF INJURY,0.0,0.0,0.0,0.0,0.0,2.0,0.0,14,7,1,41.95389316,-87.690933468,POINT (-87.690933468211 41.953893160074),2025-01-11 14:49:00
9aca537e0a12d5b35dd2887d1867a26e9075f9749813204584383bb9574c3263c2828fb0d0cc76e8a8075096d11076a932953b9b2268013e372aaa5902bdb25f,,01/11/2025 02:45:00 PM,40,NO CONTROLS,NO CONTROLS,CLEAR,DAYLIGHT,SIDESWIPE SAME DIRECTION,NOT DIVIDED,,STRAIGHT AND LEVEL,DRY,UNKNOWN,NOT ON SCENE (DESK REPORT),NO INJURY / DRIVE AWAY,,,,"OVER $1,500",01/15/2025 02:50:00 PM,UNABLE TO DETERMINE,UNABLE TO DETERMINE,900,N,LAKE SHORE DR,1833.0,,,,,,,2,NO INDICATION OF INJURY,0.0,0.0,0.0,0.0,0.0,2.0,0.0,14,7,1,41.899280991,-87.618894512,POINT (-87.618894512302 41.89928099092),2025-01-11 14:45:00
ba450ed2c0b3284a4654f6d7972bdf2f6d4af7c2fe724cd75a90b863bbfc52d00d1a9404a16ff1801c9df348374c0faae69587136e871b5f6d21f85e09fc779f,,01/11/2025 02:45:00 PM,30,TRAFFIC SIGNAL,FUNCTIONING PROPERLY,CLEAR,DAYLIGHT,SIDESWIPE SAME DIRECTION,NOT DIVIDED,,STRAIGHT AND LEVEL,DRY,NO DEFECTS,NOT ON SCENE (DESK REPORT),NO INJURY / DRIVE AWAY,,,,"OVER $1,500",01/11/2025 04:30:00 PM,IMPROPER LANE USAGE,FAILING TO YIELD RIGHT-OF-WAY,2200,S,CALIFORNIA AVE,1033.0,,,,,,,2,NO INDICATION OF INJURY,0.0,0.0,0.0,0.0,0.0,2.0,0.0,14,7,1,41.851854306,-87.695591395,POINT (-87.695591394946 41.851854305869),2025-01-11 14:45:00
9d821d86320ec5c0cb9362a6f0b356d5ab4c7f8c06e9a7bc9c058ce62ab7734ff15b9b1daf48a31feb1a0c40c8c8e0afb9054f1500f2762457c929b1e28d14d9,,01/11/2025 02:30:00 PM,25,TRAFFIC SIGNAL,FUNCTIONING PROPERLY,CLEAR,DAYLIGHT,REAR END,T-INTERSECTION,,STRAIGHT AND LEVEL,DRY,NO DEFECTS,NOT ON SCENE (DESK REPORT),NO INJURY / DRIVE AWAY,,,,"OVER $1,500",01/11/2025 03:01:00 PM,FOLLOWING TOO CLOSELY,UNABLE TO DETERMINE,2600,S,KOSTNER AVE,1031.0,,,,,,,2,NO INDICATION OF INJURY,0.0,0.0,0.0,0.0,0.0,2.0,0.0,14,7,1,41.844019422,-87.73442573,POINT (-87.734425729972 41.844019421781),2025-01-11 14:30:00
a48b3d56442045a90d21ce802370b4225aff80562af05d4feb9022e9e7fbcca6b0606a13957dd15057d0f9119f37653d47e7a20310f11d01c63768a3470398ce,,01/11/2025 02:24:00 PM,30,NO CONTROLS,NO CONTROLS,CLEAR,DAYLIGHT,REAR END,DIVIDED - W/MEDIAN BARRIER,,STRAIGHT AND LEVEL,DRY,NO DEFECTS,ON SCENE,NO INJURY / DRIVE AWAY,,,,"$501 - $1,500",01/11/2025 03:30:00 PM,FOLLOWING TOO CLOSELY,NOT APPLICABLE,6699,S,CICERO AVE,833.0,,,,,,,2,NO INDICATION OF INJURY,0.0,0.0,0.0,0.0,0.0,2.0,0.0,14,7,1,41.771222697,-87.741910388,POINT (-87.741910387507 41.771222696555),2025-01-11 14:24:00
7ad5782ffa8c1f05b05454e30824e25c5dfe53cb55fd851f94fcc5f4e9102ab52889d5891955f92aeec66a747468d0bc3ca84b67921b5f231c76b74f5cf81fe5,,01/11/2025 02:17:00 PM,15,UNKNOWN,UNKNOWN,UNKNOWN,UNKNOWN,ANGLE,PARKING LOT,,STRAIGHT AND LEVEL,UNKNOWN,UNKNOWN,NOT ON SCENE (DESK REPORT),NO INJURY / DRIVE AWAY,,,,$500 OR LESS,01/12/2025 08:18:00 AM,UNABLE TO DETERMINE,UNABLE TO DETERMINE,11505,S,WESTERN AVE,2212.0,,,,,,,2,NO INDICATION OF INJURY,0.0,0.0,0.0,0.0,0.0,2.0,0.0,14,7,1,41.68430796,-87.680774722,POINT (-87.680774721691 41.68430795958),2025-01-11 14:17:00
53ab243c70d771edae833f5d5520e34b168d37e70156199df965467e7de6562134bacd7e8b803def4d874239653bbd00e84939b99311b26a95c39ed41b8bcc76,,01/11/2025 02:15:00 PM,30,NO CONTROLS,NO CONTROLS,CLEAR,DAYLIGHT,PARKED MOTOR VEHICLE,PARKING LOT,,STRAIGHT AND LEVEL,UNKNOWN,UNKNOWN,NOT ON SCENE (DESK REPORT),NO INJURY / DRIVE AWAY,,,,"OVER $1,500",01/11/2025 02:40:00 PM,UNABLE TO DETERMINE,NOT APPLICABLE,5355,N,LINCOLN AVE,2011.0,,,,,,,2,NO INDICATION OF INJURY,0.0,0.0,0.0,0.0,0.0,2.0,0.0,14,7,1,41.979352398,-87.692535923,POINT (-87.692535922546 41.979352398055),2025-01-11 14:15:00
1f1973f398bbe7a02970514d07ce9fe6634415468fd99ec0c3a896c0b4933082201ef408c20a863a510fe116c03a87c4618281a1284da550c6860c857a08282d,,01/11/2025 02:05:00 PM,30,NO CONTROLS,NO CONTROLS,CLEAR,DAYLIGHT,SIDESWIPE SAME DIRECTION,DIVIDED - W/MEDIAN (NOT RAISED),,STRAIGHT AND LEVEL,WET,NO DEFECTS,NOT ON SCENE (DESK REPORT),NO INJURY / DRIVE AWAY,,,Y,"OVER $1,500",01/11/2025 02:30:00 PM,IMPROPER LANE USAGE,UNABLE TO DETERMINE,4355,W,FOSTER AVE,1712.0,,,,,,,2,NO INDICATION OF INJURY,0.0,0.0,0.0,0.0,0.0,2.0,0.0,14,7,1,41.975320966,-87.737816277,POINT (-87.737816276892 41.975320966465),2025-01-11 14:05:00
012de27d4324fca2f9a985f617bde4c8d25a7e7cd7aa0cd82ce63e165e8ff6d170c7f81793c818a8ddcf35337ac3696889a010b93be0e2dfeb2f2090b9c41a95,,01/11/2025 02:00:00 PM,35,NO CONTROLS,NO CONTROLS,SNOW,DAYLIGHT,SIDESWIPE OPPOSITE DIRECTION,PARKING LOT,,STRAIGHT AND LEVEL,UNKNOWN,UNKNOWN,,NO INJURY / DRIVE AWAY,,,,"OVER $1,500",01/11/2025 02:30:00 PM,IMPROPER BACKING,NOT APPLICABLE,5200,S,LAKE PARK AVE,234.0,,,,,,,2,NO INDICATION OF INJURY,0.0,0.0,0.0,0.0,0.0,2.0,0.0,14,7,1,41.800941976,-87.587636792,POINT (-87.587636792157 41.800941975966),2025-01-11 14:00:00
df447934a3094bf81ab3b45ab1b15f68db9936e27d520847dcdd7186c81fd34cd1529590da0a4209c7822b5991ca0b531e5fdf2bc25d27db4f245c6840d59d3c,,01/11/2025 02:00:00 PM,35,TRAFFIC SIGNAL,FUNCTIONING PROPERLY,CLEAR,DAYLIGHT,ANGLE,DIVIDED - W/MEDIAN (NOT RAISED),,STRAIGHT AND LEVEL,DRY,NO DEFECTS,NOT ON SCENE (DESK REPORT),NO INJURY / DRIVE AWAY,,,,"OVER $1,500",01/11/2025 03:20:00 PM,FAILING TO YIELD RIGHT-OF-WAY,UNABLE TO DETERMINE,9500,S,LAFAYETTE AVE,511.0,,,,,,,2,NO INDICATION OF INJURY,0.0,0.0,0.0,0.0,0.0,2.0,0.0,14,7,1,41.721566293,-87.625169518,POINT (-87.625169517699 41.721566292573),2025-01-11 14:00:00
a16d277190c3e03a15f172f9af22634f2c2fb3c95f3d89a622e960deb4f6588092a0628ddf9f374b6b13039ff403d784e14d6c26a7320babebfabeeb50584c90,,01/11/2025 01:58:00 PM,10,NO CONTROLS,NO CONTROLS,CLEAR,DAYLIGHT,PARKED MOTOR VEHICLE,PARKING LOT,,STRAIGHT AND LEVEL,DRY,NO DEFECTS,NOT ON SCENE (DESK REPORT),NO INJURY / DRIVE AWAY,,,,"OVER $1,500",01/13/2025 02:00:00 PM,UNABLE TO DETERMINE,NOT APPLICABLE,5401,S,WENTWORTH AVE,225.0,,,,,,,2,NO INDICATION OF INJURY,0.0,0.0,0.0,0.0,0.0,2.0,0.0,13,7,1,41.796234875,-87.630404924,POINT (-87.630404924387 41.796234875219),2025-01-11 13:58:00
4f2cc0fc6f9a7dd18c0898e2a6b7bf69299f4ed74941b057da5c9c7fcbffc20b8c1e1539a9a1ff43003afdb05125744836819c097ccaea1b938493f9003886b8,,01/11/2025 01:56:00 PM,5,OTHER,OTHER,OTHER,DAYLIGHT,REAR TO FRONT,ONE-WAY,,STRAIGHT AND LEVEL,UNKNOWN,UNKNOWN,NOT ON SCENE (DESK REPORT),NO INJURY / DRIVE AWAY,,,,"$501 - $1,500",01/11/2025 03:05:00 PM,DRIVING SKILLS/KNOWLEDGE/EXPERIENCE,NOT APPLICABLE,644,E,87TH ST,632.0,,,,,,,2,NO INDICATION OF INJURY,0.0,0.0,0.0,0.0,0.0,3.0,0.0,13,7,1,41.736716122,-87.607890077,POINT (-87.607890077275 41.73671612151),2025-01-11 13:56:00
4837cbcaac7df3f350aafe48e08add10428941820d7ddfa12921d5f462746232eff48f668735faa964e8045f58c3282c4ffda0841239fbd2b812cfba48bca6df,,01/11/2025 01:50:00 PM,30,TRAFFIC SIGNAL,FUNCTIONING PROPERLY,CLEAR,DAYLIGHT,REAR END,NOT DIVIDED,,STRAIGHT AND LEVEL,WET,NO DEFECTS,NOT ON SCENE (DESK REPORT),NO INJURY / DRIVE AWAY,,,,"OVER $1,500",01/11/2025 02:30:00 PM,UNABLE TO DETERMINE,UNABLE TO DETERMINE,3801,S,KEDZIE AVE,911.0,,,,,,,2,NO INDICATION OF INJURY,0.0,0.0,0.0,0.0,0.0,2.0,0.0,13,7,1,41.824360974,-87.704300216,POINT (-87.704300215991 41.824360974434),2025-01-11 13:50:00
75eadf5c57c94952a01527b04fcb1e1130d80d0e8f68b044fa7dbc5009128b137515edcdca125ee93abbddc4b167f2b85e905fde0ccd6ce5976b2b9d26041970,,01/11/2025 01:47:00 PM,30,TRAFFIC SIGNAL,FUNCTIONING PROPERLY,CLEAR,DAYLIGHT,SIDESWIPE SAME DIRECTION,NOT DIVIDED,,STRAIGHT AND LEVEL,DRY,NO DEFECTS,NOT ON SCENE (DESK REPORT),NO INJURY / DRIVE AWAY,,,Y,"OVER $1,500",01/11/2025 03:05:00 PM,NOT APPLICABLE,NOT APPLICABLE,1600,W,59TH ST,715.0,,,,,,,2,NO INDICATION OF INJURY,0.0,0.0,0.0,0.0,0.0,2.0,0.0,13,7,1,41.786856011,-87.664429121,POINT (-87.664429120895 41.786856011187),2025-01-11 13:47:00
45ebd7e0b0a2c3125b0cf4df2eef60bed976bbf55da8e2b3e40a124e00f900dc67bf3950a0b6e6caa9ff21b267655286590b0ca0c33363b64a6c9a21fb5c93fc,,01/11/2025 01:45:00 PM,30,NO CONTROLS,NO CONTROLS,CLEAR,DAYLIGHT,SIDESWIPE SAME DIRECTION,NOT DIVIDED,,STRAIGHT AND LEVEL,WET,NO DEFECTS,NOT ON SCENE (DESK REPORT),NO INJURY / DRIVE AWAY,,,,"OVER $1,500",01/11/2025 07:00:00 PM,IMPROPER OVERTAKING/PASSING,NOT APPLICABLE,759,N,WESTERN AVE,1221.0,,,,,,,2,NO INDICATION OF INJURY,0.0,0.0,0.0,0.0,0.0,2.0,0.0,13,7,1,41.89569941,-87.686694607,POINT (-87.686694606776 41.895699410124),2025-01-11 13:45:00
5c0a9d1aae91b603f6c1ce2ac3e3fd672206b34b3f319d04f460fd59570439e0f925d7b5a5f7d9c6f27909c7c5a433cff58d76eebb9f4c3df1a164a6e81176df,,01/11/2025 01:39:00 PM,30,TRAFFIC SIGNAL,FUNCTIONING PROPERLY,CLEAR,DAYLIGHT,ANGLE,NOT DIVIDED,,STRAIGHT ON GRADE,WET,NO DEFECTS,ON SCENE,INJURY AND / OR TOW DUE TO CRASH,Y,,,"OVER $1,500",01/11/2025 01:41:00 PM,DISREGARDING TRAFFIC SIGNALS,UNABLE TO DETERMINE,41,E,59TH ST,232.0,,,,,,,2,NONINCAPACITATING INJURY,2.0,0.0,0.0,2.0,0.0,2.0,0.0,13,7,1,41.787279787,-87.623976608,POINT (-87.623976608191 41.787279786924),2025-01-11 13:39:00
b1d6f404d6322ef1062d468f89346fedd50dea65d2fa5699fd21743426c65f7431a466aad54d6dfa8bdfbeb1270d8f235a1045625494fca2f208feb34364f372,,01/11/2025 01:35:00 PM,30,NO CONTROLS,NO CONTROLS,CLEAR,DUSK,SIDESWIPE OPPOSITE DIRECTION,NOT DIVIDED,,STRAIGHT AND LEVEL,DRY,WORN SURFACE,ON SCENE,NO INJURY / DRIVE AWAY,,,,"OVER $1,500",01/11/2025 01:40:00 PM,FAILING TO YIELD RIGHT-OF-WAY,FAILING TO YIELD RIGHT-OF-WAY,6700,S,HALSTED ST,723.0,,,,,,,2,NO INDICATION OF INJURY,0.0,0.0,0.0,0.0,0.0,3.0,0.0,13,7,1,41.772379617,-87.644741642,POINT (-87.644741641913 41.772379616506),2025-01-11 13:35:00
62ea7aebeb61453ec70dc8bfb79a2defbd431a69e915db5d6c2ed9441759e13dfb62df694c990bf265fac58d22feea18ca9da71d66799466052bbea2f836024c,,01/11/2025 01:30:00 PM,30,NO CONTROLS,NO CONTROLS,CLEAR,DAYLIGHT,PARKED MOTOR VEHICLE,PARKING LOT,,STRAIGHT AND LEVEL,DRY,NO DEFECTS,NOT ON SCENE (DESK REPORT),NO INJURY / DRIVE AWAY,,,,$500 OR LESS,01/11/2025 04:00:00 PM,UNABLE TO DETERMINE,UNABLE TO DETERMINE,200,E,103RD ST,511.0,,,,,,,2,NO INDICATION OF INJURY,0.0,0.0,0.0,0.0,0.0,1.0,0.0,13,7,1,41.70734959,-87.618584762,POINT (-87.618584761621 41.707349590259),2025-01-11 13:30:00
74bd5e6d75e869a24065f94fa7c88bf0bb6156f4e8ce4889d2db37c82ba43b449093053bdcf7e2f7c7cf14a989296668d3484f4e41776ed28c1067c01a4ebe60,,01/11/2025 01:30:00 PM,15,NO CONTROLS,NO CONTROLS,CLEAR,DAYLIGHT,REAR END,PARKING LOT,,STRAIGHT AND LEVEL,DRY,NO DEFECTS,NOT ON SCENE (DESK REPORT),NO INJURY / DRIVE AWAY,,,Y,"$501 - $1,500",01/11/2025 02:00:00 PM,IMPROPER BACKING,FAILING TO REDUCE SPEED TO AVOID CRASH,7535,S,ASHLAND AVE,612.0,Y,,,,,,2,NO INDICATION OF INJURY,0.0,0.0,0.0,0.0,0.0,2.0,0.0,13,7,1,41.756545414,-87.663443853,POINT (-87.663443852852 41.756545414126),2025-01-11 13:30:00