CRASH_RECORD_ID,CRASH_DATE_EST_I,CRASH_DATE,POSTED_SPEED_LIMIT,TRAFFIC_CONTROL_DEVICE,DEVICE_CONDITION,WEATHER_CONDITION,LIGHTING_CONDITION,FIRST_CRASH_TYPE,TRAFFICWAY_TYPE,LANE_CNT,ALIGNMENT,ROADWAY_SURFACE_COND,ROAD_DEFECT,REPORT_TYPE,CRASH_TYPE,INTERSECTION_RELATED_I,NOT_RIGHT_OF_WAY_I,HIT_AND_RUN_I,DAMAGE,DATE_POLICE_NOTIFIED,PRIM_CONTRIBUTORY_CAUSE,SEC_CONTRIBUTORY_CAUSE,STREET_NO,STREET_DIRECTION,STREET_NAME,BEAT_OF_OCCURRENCE,PHOTOS_TAKEN_I,STATEMENTS_TAKEN_I,DOORING_I,WORK_ZONE_I,WORK_ZONE_TYPE,WORKERS_PRESENT_I,NUM_UNITS,MOST_SEVERE_INJURY,INJURIES_TOTAL,INJURIES_FATAL,INJURIES_INCAPACITATING,INJURIES_NON_INCAPACITATING,INJURIES_REPORTED_NOT_EVIDENT,INJURIES_NO_INDICATION,INJURIES_UNKNOWN,CRASH_HOUR,CRASH_DAY_OF_WEEK,CRASH_MONTH,LATITUDE,LONGITUDE,LOCATION,timestamp
ac09171da836dd5e2ca4f859d0c2757eda4157f1cbc06d082243eb88813e1c77e84101f3d396f5183e396c0531a8da1a8cfd7e9187462c562f58ee8d24726835,,01/11/2025 01:28:00 PM,30,NO CONTROLS,NO CONTROLS,CLEAR,DAYLIGHT,REAR END,DIVIDED - W/MEDIAN (NOT RAISED),,STRAIGHT AND LEVEL,WET,NO DEFECTS,ON SCENE,NO INJURY / DRIVE AWAY,,,,"OVER $1,500",01/11/2025 01:31:00 PM,FAILING TO REDUCE SPEED TO AVOID CRASH,NOT APPLICABLE,6452,N,SHERIDAN RD,2432.0,,,,,,,2,NO INDICATION OF INJURY,0.0,0.0,0.0,0.0,0.0,2.0,0.0,13,7,1,41.999690617,-87.660829753,POINT (-87.660829752541 41.99969061711),2025-01-11 13:28:00
9628ddd42670d0e11d2f7d0992aec3f97e23eb995ae7086b452fbd0794cc3a5e98ec1380b33d86163d6b30ccb8dd503024c48e89db516eeac463e459e27caf7e,,01/11/2025 01:27:00 PM,30,NO CONTROLS,NO CONTROLS,CLEAR,DAYLIGHT,PARKED MOTOR VEHICLE,ONE-WAY,,STRAIGHT AND LEVEL,DRY,UNKNOWN,ON SCENE,INJURY AND / OR TOW DUE TO CRASH,,,,"OVER $1,500",01/11/2025 01:29:00 PM,IMPROPER BACKING,UNABLE TO DETERMINE,2,E,66TH ST,312.0,,,,,,,3,NO INDICATION OF INJURY,0.0,0.0,0.0,0.0,0.0,1.0,0.0,13,7,1,41.774704127,-87.625122663,POINT (-87.625122663312 41.774704127079),2025-01-11 13:27:00
6d513f83f22975203956e8cf05be68423160752ba50747c11af963da4dd9d9480eda05f27ceaa08854b0039e1321cf559437533b59927f615becc4a75cd2bb62,,01/11/2025 01:25:00 PM,25,UNKNOWN,UNKNOWN,CLEAR,DAYLIGHT,SIDESWIPE SAME DIRECTION,NOT DIVIDED,,STRAIGHT AND LEVEL,ICE,UNKNOWN,ON SCENE,NO INJURY / DRIVE AWAY,,,,"OVER $1,500",01/11/2025 01:28:00 PM,UNABLE TO DETERMINE,UNABLE TO DETERMINE,4803,N,HAMLIN AVE,1712.0,,,,,,,2,NO INDICATION OF INJURY,0.0,0.0,0.0,0.0,0.0,2.0,0.0,13,7,1,41.968444128,-87.7229994,POINT (-87.722999400311 41.968444127657),2025-01-11 13:25:00
b6044f9c84032bf4c677a5f187419b4a4a2ad93d068ceb68333a02e79577304b148d3ed1f45c4550d678681741b2f9d6f10d1e0d7a98fd0b473e8f9ccf8a54ca,,01/11/2025 01:25:00 PM,30,NO CONTROLS,NO CONTROLS,CLEAR,DAYLIGHT,TURNING,NOT DIVIDED,,STRAIGHT AND LEVEL,WET,NO DEFECTS,ON SCENE,NO INJURY / DRIVE AWAY,,,,"OVER $1,500",01/11/2025 01:30:00 PM,IMPROPER TURNING/NO SIGNAL,NOT APPLICABLE,2465,N,CLARK ST,1935.0,,,,,,,2,NO INDICATION OF INJURY,0.0,0.0,0.0,0.0,0.0,2.0,0.0,13,7,1,41.927267761,-87.641326659,POINT (-87.641326658937 41.927267761347),2025-01-11 13:25:00
c295d21e4e78e39a99ac414d29ced61a7c7f65f2bb74367f928794528fab0c6e7e02ab716556255f57591e77496ac980dc5c327aaa6d7fb6c8a17cd9e23262f4,,01/11/2025 01:25:00 PM,30,UNKNOWN,UNKNOWN,CLEAR,DAYLIGHT,ANGLE,UNKNOWN,,STRAIGHT AND LEVEL,DRY,UNKNOWN,NOT ON SCENE (DESK REPORT),NO INJURY / DRIVE AWAY,,,Y,"OVER $1,500",01/11/2025 02:30:00 PM,IMPROPER BACKING,UNABLE TO DETERMINE,301,W,47TH ST,935.0,,,,,,,2,NO INDICATION OF INJURY,0.0,0.0,0.0,0.0,0.0,2.0,0.0,13,7,1,41.80896596,-87.633435625,POINT (-87.633435624529 41.808965959624),2025-01-11 13:25:00
8626528a33cb5fa605743e9efeea5d37d3f730e4178b8bf549dca23d522fa0144faa7480c8d926a6cb4851c2b0f6f9c7d92652ee8a00416eee62ea003f7a37d3,,01/11/2025 01:12:00 PM,30,NO CONTROLS,NO CONTROLS,CLEAR,DAYLIGHT,SIDESWIPE SAME DIRECTION,NOT DIVIDED,,STRAIGHT AND LEVEL,DRY,NO DEFECTS,NOT ON SCENE (DESK REPORT),NO INJURY / DRIVE AWAY,,,,"OVER $1,500",01/11/2025 02:40:00 PM,NOT APPLICABLE,NOT APPLICABLE,4317,S,ARCHER AVE,922.0,,,,,,,2,NO INDICATION OF INJURY,0.0,0.0,0.0,0.0,0.0,4.0,0.0,13,7,1,41.815017249,-87.702504123,POINT (-87.702504122778 41.815017249224),2025-01-11 13:12:00
09c9ad480c1072a134cc612ce119004add0efb76c180e82c474db5b98d098cc6b72fe42bb20f56d5286a81e4fc9d350517d21cc550433bb1bacfef3f1531dc8f,,01/11/2025 01:00:00 PM,30,TRAFFIC SIGNAL,FUNCTIONING PROPERLY,CLEAR,DAYLIGHT,TURNING,FOUR WAY,,STRAIGHT AND LEVEL,SNOW OR SLUSH,NO DEFECTS,NOT ON SCENE (DESK REPORT),NO INJURY / DRIVE AWAY,Y,,,"OVER $1,500",01/11/2025 02:40:00 PM,IMPROPER TURNING/NO SIGNAL,FAILING TO REDUCE SPEED TO AVOID CRASH,45,E,MADISON ST,112.0,,,,,,,2,NO INDICATION OF INJURY,0.0,0.0,0.0,0.0,0.0,2.0,0.0,13,7,1,41.881972288,-87.62616219,POINT (-87.626162189962 41.881972287626),2025-01-11 13:00:00
3a315402ef57df93cb4da9eb770ec7f2e40f03f957895d62e9401b50460cc48b700091cea6f6264f7283e9967859370a399dc18210aec6df5cd6af52c2275634,,01/11/2025 01:00:00 PM,30,NO CONTROLS,NO CONTROLS,CLEAR,DAYLIGHT,REAR END,DIVIDED - W/MEDIAN (NOT RAISED),,STRAIGHT AND LEVEL,WET,NO DEFECTS,NOT ON SCENE (DESK REPORT),NO INJURY / DRIVE AWAY,,,,"$501 - $1,500",01/11/2025 01:55:00 PM,UNABLE TO DETERMINE,NOT APPLICABLE,2946,N,WESTERN AVE,1411.0,,,,,,,2,NO INDICATION OF INJURY,0.0,0.0,0.0,0.0,0.0,3.0,0.0,13,7,1,41.935530588,-87.68811888,POINT (-87.688118879738 41.935530587746),2025-01-11 13:00:00
63842670206c84ac279615bf35124a62055a03c2f1641193f36f84293eb6f2710590545bab559b7a6527628ed4a46e2fa7185b63bb3c0f33889b0d840fac76ff,,01/11/2025 01:00:00 PM,30,NO CONTROLS,NO CONTROLS,CLEAR,DAYLIGHT,SIDESWIPE SAME DIRECTION,NOT DIVIDED,,STRAIGHT AND LEVEL,DRY,NO DEFECTS,NOT ON SCENE (DESK REPORT),NO INJURY / DRIVE AWAY,,,,"OVER $1,500",01/14/2025 08:30:00 AM,FAILING TO YIELD RIGHT-OF-WAY,FAILING TO YIELD RIGHT-OF-WAY,8600,S,KEDZIE AVE,834.0,,,,,,,2,NO INDICATION OF INJURY,0.0,0.0,0.0,0.0,0.0,2.0,0.0,13,7,1,41.736847474,-87.702197507,POINT (-87.702197506717 41.73684747423),2025-01-11 13:00:00
47f87214a3e144ff06921f941ca545614cfa1fd844d7d78a3827c5f24bcbd7468b55bf86d7fd62805df92f3f07f4acd34e29a85dd4eca015db6cb2ce08b08e04,,01/11/2025 12:50:00 PM,30,TRAFFIC SIGNAL,FUNCTIONING PROPERLY,CLEAR,DAYLIGHT,ANGLE,NOT DIVIDED,,STRAIGHT AND LEVEL,DRY,NO DEFECTS,NOT ON SCENE (DESK REPORT),NO INJURY / DRIVE AWAY,,,,"$501 - $1,500",01/11/2025 01:00:00 PM,UNABLE TO DETERMINE,UNABLE TO DETERMINE,3399,W,HARRISON ST,1134.0,,,,,,,2,NO INDICATION OF INJURY,0.0,0.0,0.0,0.0,0.0,2.0,0.0,12,7,1,41.873519308,-87.710715838,POINT (-87.710715838111 41.873519308484),2025-01-11 12:50:00
ac718dba4e3139f761601f45b6b065ff4a3637d2f942f6a50b7304fdc0fba5c2c01affe65aee83f263ade1a351e015f8c8e22a55a03a7d285da0adcd2a65204b,,01/11/2025 12:50:00 PM,15,NO CONTROLS,NO CONTROLS,CLEAR,DAYLIGHT,ANGLE,PARKING LOT,,STRAIGHT AND LEVEL,WET,NO DEFECTS,NOT ON SCENE (DESK REPORT),NO INJURY / DRIVE AWAY,,N,,"OVER $1,500",01/11/2025 02:00:00 PM,UNABLE TO DETERMINE,UNABLE TO DETERMINE,1514,W,33RD ST,912.0,,,,,,,2,NO INDICATION OF INJURY,0.0,0.0,0.0,0.0,0.0,3.0,0.0,12,7,1,41.834311071,-87.663899893,POINT (-87.663899893253 41.834311070719),2025-01-11 12:50:00
dde70ba4001b7a5f82042e928dc90775916ea82d60fb9044c267459b36f1e9de1fe692e875760405a13d11017ca25d8f587a60694c2d205ab99c4762633df3b1,,01/11/2025 12:50:00 PM,30,STOP SIGN/FLASHER,NO CONTROLS,UNKNOWN,UNKNOWN,ANGLE,FOUR WAY,,STRAIGHT AND LEVEL,UNKNOWN,UNKNOWN,NOT ON SCENE (DESK REPORT),NO INJURY / DRIVE AWAY,Y,,,"OVER $1,500",01/11/2025 03:10:00 PM,UNABLE TO DETERMINE,UNABLE TO DETERMINE,500,E,MARQUETTE RD,321.0,,,,,,,2,NO INDICATION OF INJURY,0.0,0.0,0.0,0.0,0.0,2.0,0.0,12,7,1,41.774941751,-87.613039354,POINT (-87.613039353648 41.774941750705),2025-01-11 12:50:00
44dba4b64119c7a8b26683edce0ad246a881f9e4255b7bffa9b2b60337ada93a1e0c84c5d9b204ea73e075566315f226c02d3275c100a5b8acd43d7d982252ff,,01/11/2025 12:40:00 PM,30,UNKNOWN,UNKNOWN,UNKNOWN,DAYLIGHT,REAR END,DIVIDED - W/MEDIAN (NOT RAISED),,STRAIGHT AND LEVEL,UNKNOWN,UNKNOWN,NOT ON SCENE (DESK REPORT),NO INJURY / DRIVE AWAY,,,,"$501 - $1,500",01/11/2025 01:10:00 PM,UNABLE TO DETERMINE,NOT APPLICABLE,6442,N,WESTERN AVE,2412.0,,,,,,,2,NO INDICATION OF INJURY,0.0,0.0,0.0,0.0,0.0,3.0,0.0,12,7,1,41.999000717,-87.690063478,POINT (-87.690063478062 41.99900071701),2025-01-11 12:40:00
bf18bfeac59403d7288274e575d21babaf56f22380a721c714173bdb7ff57c241dedd1d0c338889274ef61cae3c0624956c71689b87a2bc5e0b43364282e9ffd,,01/11/2025 12:40:00 PM,30,OTHER,OTHER,OTHER,DAYLIGHT,PEDESTRIAN,T-INTERSECTION,,STRAIGHT AND LEVEL,WET,NO DEFECTS,ON SCENE,INJURY AND / OR TOW DUE TO CRASH,,,Y,"OVER $1,500",01/11/2025 12:40:00 PM,UNABLE TO DETERMINE,UNABLE TO DETERMINE,5825,W,NORTH AVE,2531.0,,Y,,,,,2,NONINCAPACITATING INJURY,1.0,0.0,0.0,1.0,0.0,1.0,0.0,12,7,1,41.909191464,-87.771849361,POINT (-87.77184936117 41.909191463738),2025-01-11 12:40:00
7096d75b4ae1ed2b83be58e21f8175ade473b6ea6b3c3c00f800d242358fba9160db44a6055129722404284b12648d1b8518b3b6b233559a0be2b7494e52409f,,01/11/2025 12:35:00 PM,30,TRAFFIC SIGNAL,FUNCTIONING PROPERLY,CLEAR,DAYLIGHT,TURNING,NOT DIVIDED,,STRAIGHT AND LEVEL,DRY,NO DEFECTS,ON SCENE,NO INJURY / DRIVE AWAY,,,Y,"OVER $1,500",01/11/2025 01:40:00 PM,IMPROPER OVERTAKING/PASSING,NOT APPLICABLE,2600,W,31ST ST,1034.0,,,,,,,2,NO INDICATION OF INJURY,0.0,0.0,0.0,0.0,0.0,2.0,0.0,12,7,1,41.838065764,-87.689720216,POINT (-87.689720216218 41.838065764119),2025-01-11 12:35:00
908cf56e4ff52be82586a458b987c85d51d8804c990425150adb1427ff31ec7e4ba97441d132eb4541fe1b2e06f02b97ee4f09b1f29379684bddbc252e8088f4,,01/11/2025 12:35:00 PM,30,TRAFFIC SIGNAL,FUNCTIONING PROPERLY,CLEAR,DAYLIGHT,ANGLE,FOUR WAY,,STRAIGHT AND LEVEL,DRY,NO DEFECTS,ON SCENE,NO INJURY / DRIVE AWAY,Y,,,"OVER $1,500",01/11/2025 12:35:00 PM,DISREGARDING TRAFFIC SIGNALS,UNABLE TO DETERMINE,200,S,RACINE AVE,1231.0,,,,,,,2,NO INDICATION OF INJURY,0.0,0.0,0.0,0.0,0.0,4.0,0.0,12,7,1,41.879010723,-87.657200592,POINT (-87.657200591996 41.879010723339),2025-01-11 12:35:00
7e5995941afd64e50c4dec1efad163e035969829bcde8a930e20a0094afe255d6c0c0db72dc7a28ab6151f08fb740050053a1a42522f168ced7f4f26bcbfc9cf,,01/11/2025 12:33:00 PM,30,TRAFFIC SIGNAL,FUNCTIONING PROPERLY,CLEAR,DAYLIGHT,SIDESWIPE SAME DIRECTION,FOUR WAY,,STRAIGHT AND LEVEL,UNKNOWN,UNKNOWN,NOT ON SCENE (DESK REPORT),NO INJURY / DRIVE AWAY,Y,,Y,"$501 - $1,500",01/11/2025 01:37:00 PM,UNABLE TO DETERMINE,NOT APPLICABLE,4763,N,WESTERN AVE,1911.0,,,,,,,2,NO INDICATION OF INJURY,0.0,0.0,0.0,0.0,0.0,2.0,0.0,12,7,1,41.968523844,-87.688757515,POINT (-87.688757515471 41.968523844211),2025-01-11 12:33:00
5e0bb62265e7ae7b9a129ae0c7f78c713a34589f69dfc4cf3dff927a46c3fcc773bc3208e9fcd42fb4c587f2c02e096454abfd9cf9a34bd33b8ffb2c2c2b9dd6,,01/11/2025 12:31:00 PM,30,NO CONTROLS,NO CONTROLS,CLEAR,DAYLIGHT,SIDESWIPE SAME DIRECTION,NOT DIVIDED,,STRAIGHT ON GRADE,WET,NO DEFECTS,ON SCENE,NO INJURY / DRIVE AWAY,,,,$500 OR LESS,01/11/2025 12:32:00 PM,UNABLE TO DETERMINE,NOT APPLICABLE,4199,S,ARCHER AVE,921.0,,,,,,,2,NO INDICATION OF INJURY,0.0,0.0,0.0,0.0,0.0,3.0,0.0,12,7,1,41.817006617,-87.699259836,POINT (-87.699259836482 41.817006617075),2025-01-11 12:31:00
07454104e3d81b5bb1eef58823225b182dfb3003ce3899ed1bfe2fbb6c595d96713135a199ed572dd9abcc7e1cd0b3fcb150d1016b0809925eb01ad055b4ded4,,01/11/2025 12:30:00 PM,30,NO CONTROLS,NO CONTROLS,CLEAR,DAYLIGHT,SIDESWIPE SAME DIRECTION,NOT DIVIDED,,STRAIGHT AND LEVEL,UNKNOWN,UNKNOWN,,NO INJURY / DRIVE AWAY,,,,"OVER $1,500",01/11/2025 01:15:00 PM,IMPROPER OVERTAKING/PASSING,NOT APPLICABLE,6632,W,ARCHER AVE,811.0,,,,,,,2,NO INDICATION OF INJURY,0.0,0.0,0.0,0.0,0.0,3.0,0.0,12,7,1,41.792335462,-87.787975789,POINT (-87.787975788513 41.792335462283),2025-01-11 12:30:00
16b010a1c84e06aedcb468108b36df178c5f1e268daed5ff442d8a70fe3c68f3fe4435463bffa88ce0751311b634d94c050cbded6fc89157bd0665a0c9bc0d55,,01/11/2025 12:30:00 PM,30,STOP SIGN/FLASHER,FUNCTIONING PROPERLY,CLEAR,DAYLIGHT,ANGLE,DIVIDED - W/MEDIAN (NOT RAISED),,STRAIGHT AND LEVEL,DRY,NO DEFECTS,NOT ON SCENE (DESK REPORT),INJURY AND / OR TOW DUE TO CRASH,Y,,,"$501 - $1,500",01/11/2025 01:50:00 PM,UNABLE TO DETERMINE,NOT APPLICABLE,2841,N,LARAMIE AVE,2521.0,,,,,,,2,NO INDICATION OF INJURY,0.0,0.0,0.0,0.0,0.0,2.0,0.0,12,7,1,41.932657586,-87.756319932,POINT (-87.756319932357 41.932657586159),2025-01-11 12:30:00
e28888d48d7d6c2da74d64c08860975b3b22a1c3583b396102df4364e6dbab2597b133ade96277475c95e9ebef5d726d7a913245bca1a77da3d88839e9eed729,,01/11/2025 12:24:00 PM,30,STOP SIGN/FLASHER,FUNCTIONING PROPERLY,CLEAR,DAYLIGHT,ANGLE,FOUR WAY,,STRAIGHT AND LEVEL,DRY,NO DEFECTS,ON SCENE,INJURY AND / OR TOW DUE TO CRASH,Y,,,"OVER $1,500",01/11/2025 12:25:00 PM,UNABLE TO DETERMINE,NOT APPLICABLE,700,W,TAYLOR ST,124.0,,,,,,,2,NONINCAPACITATING INJURY,2.0,0.0,0.0,2.0,0.0,1.0,0.0,12,7,1,41.869805222,-87.643776302,POINT (-87.643776301838 41.869805222061),2025-01-11 12:24:00
2f0ddf809a4f9b0171df48df18f9f8aace80bd8b2e65e7b2fe7dad0b25152c870435787ee3f0af32ef637912a7af70767c4bc9ddf178fc3cf502c49af522e4ce,,01/11/2025 12:20:00 PM,30,NO CONTROLS,NO CONTROLS,CLEAR,DAYLIGHT,REAR END,OTHER,,STRAIGHT AND LEVEL,WET,NO DEFECTS,NOT ON SCENE (DESK REPORT),NO INJURY / DRIVE AWAY,,,,"OVER $1,500",01/11/2025 01:21:00 PM,NOT APPLICABLE,NOT APPLICABLE,7150,W,54TH ST,811.0,,,,,,,2,NO INDICATION OF INJURY,0.0,0.0,0.0,0.0,0.0,2.0,0.0,12,7,1,41.794064543,-87.801090772,POINT (-87.801090772082 41.794064542872),2025-01-11 12:20:00
20ebf9e1f26773b7eec1f76dc8b7e4e4cfd1c8e46c9fda7bab63b018d09b3e15c029fd641a4c65f20c3a169fd63703a1f737b8c74aeeb2852f586f2bc8c7bb79,,01/11/2025 12:15:00 PM,10,NO CONTROLS,NO CONTROLS,CLEAR,DAYLIGHT,ANGLE,PARKING LOT,,STRAIGHT AND LEVEL,SNOW OR SLUSH,NO DEFECTS,NOT ON SCENE (DESK REPORT),NO INJURY / DRIVE AWAY,,Y,,"$501 - $1,500",01/11/2025 04:30:00 PM,IMPROPER BACKING,FAILING TO YIELD RIGHT-OF-WAY,2851,S,DR MARTIN LUTHER KING JR DR,133.0,,,,,,,2,NO INDICATION OF INJURY,0.0,0.0,0.0,0.0,0.0,2.0,0.0,12,7,1,41.842136926,-87.61705822,POINT (-87.617058219784 41.842136926199),2025-01-11 12:15:00
5228213bdd7920fc91796c6cca90fc108f8b82eaed62af4645f92fa7203dcf7c4462dd4d058a76feda89c721ec0668cf94c52a68f5ee3e00267ff2b349aedeeb,,01/11/2025 12:15:00 PM,30,NO CONTROLS,NO CONTROLS,CLEAR,DAYLIGHT,SIDESWIPE SAME DIRECTION,NOT DIVIDED,,STRAIGHT AND LEVEL,DRY,NO DEFECTS,ON SCENE,NO INJURY / DRIVE AWAY,,,Y,"OVER $1,500",01/11/2025 12:26:00 PM,UNABLE TO DETERMINE,UNABLE TO DETERMINE,9845,S,WESTERN AVE,2213.0,,,,,,,2,NO INDICATION OF INJURY,0.0,0.0,0.0,0.0,0.0,2.0,0.0,12,7,1,41.714154939,-87.681707713,POINT (-87.681707713046 41.714154939254),2025-01-11 12:15:00
2613aa8dc6b8e4afbcf18ada8cecfba2c1cc802873bf698cc70505094fa366dd5d395893212c95e5878a3ac02ab963590ad6325616b7110997f90ac2724c946b,,01/11/2025 12:10:00 PM,30,STOP SIGN/FLASHER,FUNCTIONING PROPERLY,CLEAR,DAYLIGHT,TURNING,NOT DIVIDED,,STRAIGHT AND LEVEL,WET,NO DEFECTS,ON SCENE,INJURY AND / OR TOW DUE TO CRASH,Y,,,"OVER $1,500",01/11/2025 12:22:00 PM,FAILING TO YIELD RIGHT-OF-WAY,NOT APPLICABLE,3058,S,TRUMBULL AVE,1032.0,,,,,,,2,NO INDICATION OF INJURY,0.0,0.0,0.0,0.0,0.0,3.0,0.0,12,7,1,41.837213488,-87.711077358,POINT (-87.711077358337 41.837213487755),2025-01-11 12:10:00
12096c87df948134a21962600017820f04112db53112424c9617082c5a37ce33ec47fa21d95e74ef4f7690ec287d78d371712edfbd2a11ed9da6312dcd27b54a,,01/11/2025 12:05:00 PM,25,NO CONTROLS,NO CONTROLS,CLEAR,DAYLIGHT,FIXED OBJECT,ONE-WAY,,"CURVE, LEVEL",DRY,UNKNOWN,ON SCENE,NO INJURY / DRIVE AWAY,,,,"OVER $1,500",01/11/2025 12:06:00 PM,UNABLE TO DETERMINE,UNABLE TO DETERMINE,1000,N,LAKE SHORE DR SB,1824.0,,,,,,,1,NO INDICATION OF INJURY,0.0,0.0,0.0,0.0,0.0,1.0,0.0,12,7,1,41.900958919,-87.619928174,POINT (-87.619928173678 41.900958919109),2025-01-11 12:05:00
19c39959106ed4ba783f117d32e71839a713e675db7b08f57cb7ec32327864378db6f17d77780e1730d90582565c098169aa9b5bc317bece9a03d08cacd5b9fc,,01/11/2025 12:05:00 PM,30,NO CONTROLS,NO CONTROLS,CLEAR,DAYLIGHT,REAR END,DIVIDED - W/MEDIAN BARRIER,,STRAIGHT AND LEVEL,DRY,NO DEFECTS,ON SCENE,INJURY AND / OR TOW DUE TO CRASH,,,,"OVER $1,500",01/11/2025 12:20:00 PM,PHYSICAL CONDITION OF DRIVER,UNABLE TO DETERMINE,2743,N,ASHLAND AVE,1932.0,,,,,,,3,NONINCAPACITATING INJURY,1.0,0.0,0.0,1.0,0.0,4.0,0.0,12,7,1,41.931883839,-87.668227411,POINT (-87.668227411097 41.93188383889),2025-01-11 12:05:00
af605aa48efd1e766805cf45a1f7878cc6cdec000aef0aecfdea99c54f214b9f5fa48c21b24f8b38a52e31952129a67b57d5826dc27655ead5b6383c7f99437c,,01/11/2025 12:03:00 PM,30,TRAFFIC SIGNAL,FUNCTIONING PROPERLY,CLEAR,DAYLIGHT,REAR END,NOT DIVIDED,,STRAIGHT AND LEVEL,SNOW OR SLUSH,NO DEFECTS,NOT ON SCENE (DESK REPORT),NO INJURY / DRIVE AWAY,N,,,"$501 - $1,500",01/11/2025 12:30:00 PM,FOLLOWING TOO CLOSELY,NOT APPLICABLE,1074,W,ROOSEVELT RD,1232.0,,,,,,,2,NO INDICATION OF INJURY,0.0,0.0,0.0,0.0,0.0,3.0,0.0,12,7,1,41.867150727,-87.653965181,POINT (-87.653965180987 41.867150727047),2025-01-11 12:03:00
8dea11f91656c6287f86e0894b25a292fab296c7a74b62eeafb694ab98821d6f32950eec1e599f824142fe3793b38475c7b32731cbb178e954c633a665122858,,01/11/2025 12:01:00 PM,25,TRAFFIC SIGNAL,FUNCTIONING PROPERLY,CLEAR,DAYLIGHT,REAR END,NOT DIVIDED,,STRAIGHT AND LEVEL,DRY,NO DEFECTS,NOT ON SCENE (DESK REPORT),NO INJURY / DRIVE AWAY,Y,,Y,"OVER $1,500",01/11/2025 01:30:00 PM,FOLLOWING TOO CLOSELY,FOLLOWING TOO CLOSELY,3500,S,COTTAGE GROVE AVE,212.0,,,,,,,2,NO INDICATION OF INJURY,0.0,0.0,0.0,0.0,0.0,2.0,0.0,12,7,1,41.83105184,-87.610739064,POINT (-87.61073906376 41.831051840212),2025-01-11 12:01:00
2d0141cb165d502a374eccbacbd05aa522402bfae3777cd641e1db98767081c8c172bbce24971fed276ab94613e2399527275707211a2362749790d07c94519a,,01/11/2025 12:00:00 PM,25,NO CONTROLS,NO CONTROLS,CLEAR,DAYLIGHT,PARKED MOTOR VEHICLE,NOT DIVIDED,,STRAIGHT AND LEVEL,WET,NO DEFECTS,NOT ON SCENE (DESK REPORT),NO INJURY / DRIVE AWAY,,,,"OVER $1,500",01/11/2025 01:00:00 PM,UNABLE TO DETERMINE,UNABLE TO DETERMINE,4000,W,CULLOM AVE,1722.0,,,,,,,2,NO INDICATION OF INJURY,0.0,0.0,0.0,0.0,0.0,3.0,0.0,12,7,1,41.959233068,-87.727857269,POINT (-87.727857268834 41.959233068209),2025-01-11 12:00:00
556ed55146a4f580045150847ff7f6874275c94e83d4c1a6cf116c48509d5da3cd4f58d519bcfc5688d1e1db73c14099618ac51fda9e551356838586a5d392e7,,01/11/2025 12:00:00 PM,30,NO CONTROLS,NO CONTROLS,CLEAR,DAYLIGHT,SIDESWIPE SAME DIRECTION,ONE-WAY,,STRAIGHT AND LEVEL,ICE,NO DEFECTS,NOT ON SCENE (DESK REPORT),NO INJURY / DRIVE AWAY,,,,"OVER $1,500",01/12/2025 09:00:00 AM,UNABLE TO DETERMINE,UNABLE TO DETERMINE,410,W,WASHINGTON ST,121.0,,,,,,,2,NO INDICATION OF INJURY,0.0,0.0,0.0,0.0,0.0,3.0,0.0,12,7,1,41.88329436,-87.63848242,POINT (-87.638482420033 41.88329435973),2025-01-11 12:00:00
8a0a4c3dd3a07d1849d4b0bd624d1fee531c9590e6f17834783e8c7c8a12e7baa60c628056af1ec569b19f73045349c5c821e845afe9006e909484f2e6589fe3,,01/11/2025 12:00:00 PM,30,NO CONTROLS,NO CONTROLS,CLOUDY/OVERCAST,DAYLIGHT,PARKED MOTOR VEHICLE,PARKING LOT,,STRAIGHT AND LEVEL,DRY,NO DEFECTS,NOT ON SCENE (DESK REPORT),NO INJURY / DRIVE AWAY,,Y,,"OVER $1,500",01/11/2025 01:34:00 PM,UNABLE TO DETERMINE,UNABLE TO DETERMINE,935,E,79TH ST,624.0,,,,,,,2,NO INDICATION OF INJURY,0.0,0.0,0.0,0.0,0.0,3.0,0.0,12,7,1,41.751217934,-87.60140141,POINT (-87.601401410211 41.751217933946),2025-01-11 12:00:00
ae69db0623c25a5a8db89edabcd5abe48b3c17b86572dcbf397c45b616253185489eb2b00f0b9e8663b14536a864e105b8ec61b133103faa9c961ee9da5317f6,,01/11/2025 12:00:00 PM,30,NO CONTROLS,NO CONTROLS,CLEAR,DAYLIGHT,REAR END,NOT DIVIDED,,STRAIGHT AND LEVEL,DRY,NO DEFECTS,NOT ON SCENE (DESK REPORT),NO INJURY / DRIVE AWAY,,,,"$501 - $1,500",01/11/2025 12:45:00 PM,FOLLOWING TOO CLOSELY,NOT APPLICABLE,10620,S,KEDZIE AVE,2211.0,,,,,,,2,NO INDICATION OF INJURY,0.0,0.0,0.0,0.0,0.0,5.0,0.0,12,7,1,41.700013523,-87.701270389,POINT (-87.70127038861 41.700013523417),2025-01-11 12:00:00