CRASH_RECORD_ID,CRASH_DATE_EST_I,CRASH_DATE,POSTED_SPEED_LIMIT,TRAFFIC_CONTROL_DEVICE,DEVICE_CONDITION,WEATHER_CONDITION,LIGHTING_CONDITION,FIRST_CRASH_TYPE,TRAFFICWAY_TYPE,LANE_CNT,ALIGNMENT,ROADWAY_SURFACE_COND,ROAD_DEFECT,REPORT_TYPE,CRASH_TYPE,INTERSECTION_RELATED_I,NOT_RIGHT_OF_WAY_I,HIT_AND_RUN_I,DAMAGE,DATE_POLICE_NOTIFIED,PRIM_CONTRIBUTORY_CAUSE,SEC_CONTRIBUTORY_CAUSE,STREET_NO,STREET_DIRECTION,STREET_NAME,BEAT_OF_OCCURRENCE,PHOTOS_TAKEN_I,STATEMENTS_TAKEN_I,DOORING_I,WORK_ZONE_I,WORK_ZONE_TYPE,WORKERS_PRESENT_I,NUM_UNITS,MOST_SEVERE_INJURY,INJURIES_TOTAL,INJURIES_FATAL,INJURIES_INCAPACITATING,INJURIES_NON_INCAPACITATING,INJURIES_REPORTED_NOT_EVIDENT,INJURIES_NO_INDICATION,INJURIES_UNKNOWN,CRASH_HOUR,CRASH_DAY_OF_WEEK,CRASH_MONTH,LATITUDE,LONGITUDE,LOCATION,timestamp
d39d488395938ccf5d47bfd20d5ff6e02b93055765c0aa5a1ae6cfa662f7c8af8798af69218a69d11989c2664334025ca17e65a27545499a591c1bee362f3952,,01/11/2025 12:00:00 PM,30,UNKNOWN,UNKNOWN,UNKNOWN,UNKNOWN,SIDESWIPE SAME DIRECTION,FOUR WAY,,STRAIGHT AND LEVEL,UNKNOWN,UNKNOWN,NOT ON SCENE (DESK REPORT),NO INJURY / DRIVE AWAY,Y,,,"OVER $1,500",01/11/2025 01:59:00 PM,IMPROPER OVERTAKING/PASSING,DRIVING SKILLS/KNOWLEDGE/EXPERIENCE,20,N,WACKER DR,122.0,,,,,,,2,NO INDICATION OF INJURY,0.0,0.0,0.0,0.0,0.0,3.0,0.0,12,7,1,41.882410906,-87.63717471,POINT (-87.637174710464 41.882410906485),2025-01-11 12:00:00
7d0e1d43e297603fa859e29596bb1cbcd3432c18f648c7c4876ca21589dff7c855564d343ebaf5195fcbd0d9aec8e02954c85b55dd82cf897de9301d8f8f41b2,,01/11/2025 11:56:00 AM,30,NO CONTROLS,NO CONTROLS,CLEAR,DAYLIGHT,FIXED OBJECT,NOT DIVIDED,,STRAIGHT AND LEVEL,DRY,NO DEFECTS,ON SCENE,INJURY AND / OR TOW DUE TO CRASH,,,,"$501 - $1,500",01/11/2025 11:57:00 AM,UNABLE TO DETERMINE,UNABLE TO DETERMINE,11100,S,COTTAGE GROVE AVE,531.0,,,,,,,1,NONINCAPACITATING INJURY,1.0,0.0,0.0,1.0,0.0,1.0,0.0,11,7,1,41.692742149,-87.610015536,POINT (-87.610015536068 41.692742148657),2025-01-11 11:56:00
d168036ad20fc47948bd009ee3f16b938bd3ddc2b6fc27c7bbf8a92ac7ecbd2acbf377a2030972e29f5c60e35b6fa4b1a6395c67fe2d7f239ced080bb2183d96,,01/11/2025 11:56:00 AM,30,TRAFFIC SIGNAL,FUNCTIONING PROPERLY,CLEAR,DAYLIGHT,TURNING,CENTER TURN LANE,,STRAIGHT AND LEVEL,DRY,NO DEFECTS,ON SCENE,INJURY AND / OR TOW DUE TO CRASH,,,Y,"OVER $1,500",01/11/2025 11:56:00 AM,IMPROPER TURNING/NO SIGNAL,FAILING TO YIELD RIGHT-OF-WAY,5622,W,ROOSEVELT RD,1513.0,,,,,,,2,NO INDICATION OF INJURY,0.0,0.0,0.0,0.0,0.0,2.0,0.0,11,7,1,41.865691262,-87.765304384,POINT (-87.765304384028 41.865691261685),2025-01-11 11:56:00
067149edaf8240e78afb3330d579f18bb053484289fcd296f0945c3e2aeec2fe500e23c8e6800e20b4ecaecc802230fb4226bd61a99071f63558cb141fec970d,,01/11/2025 11:50:00 AM,30,NO CONTROLS,NO CONTROLS,CLEAR,DAYLIGHT,SIDESWIPE SAME DIRECTION,DIVIDED - W/MEDIAN (NOT RAISED),,STRAIGHT AND LEVEL,WET,NO DEFECTS,ON SCENE,NO INJURY / DRIVE AWAY,,,,$500 OR LESS,01/11/2025 12:09:00 PM,FAILING TO YIELD RIGHT-OF-WAY,FAILING TO YIELD RIGHT-OF-WAY,450,W,18TH ST,1235.0,,,,,,,2,NO INDICATION OF INJURY,0.0,0.0,0.0,0.0,0.0,2.0,0.0,11,7,1,41.857776141,-87.638880373,POINT (-87.638880373314 41.857776140565),2025-01-11 11:50:00
577844361c152123a99548830311a3baa78fda20550ab914a643c9004dc066d3749a51d9ea8dab157933d8fc06826ff5f2fb61db6f9ea5c4bc78af87e6886be0,,01/11/2025 11:50:00 AM,30,TRAFFIC SIGNAL,FUNCTIONING PROPERLY,CLEAR,DAYLIGHT,REAR END,ONE-WAY,,STRAIGHT AND LEVEL,WET,WORN SURFACE,NOT ON SCENE (DESK REPORT),INJURY AND / OR TOW DUE TO CRASH,,,Y,"OVER $1,500",01/11/2025 12:25:00 PM,UNABLE TO DETERMINE,NOT APPLICABLE,7099,S,LAFAYETTE AVE,731.0,,,,,,,2,NONINCAPACITATING INJURY,1.0,0.0,0.0,1.0,0.0,2.0,0.0,11,7,1,41.76549625,-87.626403512,POINT (-87.626403512086 41.765496250452),2025-01-11 11:50:00
69ae56dc2ea1a5f65d5aa2a8f9feaa42f68cf4cc762210cd5f7121aed0f43bc6134768ae9b5283e6f675f9746e2c3595069bcd098a1aa06f7eff1bd89a287ee5,,01/11/2025 11:47:00 AM,30,STOP SIGN/FLASHER,FUNCTIONING PROPERLY,CLOUDY/OVERCAST,DAYLIGHT,ANGLE,FOUR WAY,,STRAIGHT AND LEVEL,DRY,NO DEFECTS,ON SCENE,NO INJURY / DRIVE AWAY,Y,,,"OVER $1,500",01/11/2025 11:48:00 AM,FAILING TO YIELD RIGHT-OF-WAY,DISREGARDING STOP SIGN,800,W,HUBBARD ST,1214.0,,,,,,,2,NO INDICATION OF INJURY,0.0,0.0,0.0,0.0,0.0,4.0,0.0,11,7,1,41.890194883,-87.647668699,POINT (-87.647668699131 41.890194882661),2025-01-11 11:47:00
3b696a90e53bd23325876c0018f38bde26623a3c4695b8a8f15b882ed928d1aad82053ea3f32acc50395a609721e52041c4d2c1fdde57ace3f4daefeeffa34ce,,01/11/2025 11:45:00 AM,20,UNKNOWN,UNKNOWN,SNOW,DAYLIGHT,PARKED MOTOR VEHICLE,NOT DIVIDED,,STRAIGHT AND LEVEL,ICE,NO DEFECTS,NOT ON SCENE (DESK REPORT),NO INJURY / DRIVE AWAY,,,,"OVER $1,500",01/11/2025 12:45:00 PM,WEATHER,NOT APPLICABLE,5965,W,RACE AVE,1512.0,,,,,,,2,NO INDICATION OF INJURY,0.0,0.0,0.0,0.0,0.0,1.0,0.0,11,7,1,41.889910778,-87.774678744,POINT (-87.774678744303 41.889910778477),2025-01-11 11:45:00
afa5a740121e570cd6647eb0a383659bc8b56d3b32eb3c84fa23c396c2db66ee9095aa58de279d6cce635b04a7e3a8b5d8670c2efd1ee91f74f6852208f40e72,,01/11/2025 11:35:00 AM,30,STOP SIGN/FLASHER,FUNCTIONING PROPERLY,CLEAR,DAYLIGHT,ANGLE,DIVIDED - W/MEDIAN (NOT RAISED),,STRAIGHT AND LEVEL,WET,NO DEFECTS,NOT ON SCENE (DESK REPORT),NO INJURY / DRIVE AWAY,Y,,,"OVER $1,500",01/11/2025 01:10:00 PM,FAILING TO YIELD RIGHT-OF-WAY,NOT APPLICABLE,7201,S,JEFFERY BLVD,333.0,,,,,,,2,NO INDICATION OF INJURY,0.0,0.0,0.0,0.0,0.0,2.0,0.0,11,7,1,41.764287679,-87.576113486,POINT (-87.576113486367 41.764287679227),2025-01-11 11:35:00
0ed350039b77a2547bf154648078b8ffbee523fdd6c1a68ce949bc6175fc4b037a6c62cbda182625efac8c135593b5c26518cd68763954c7f960a6a26899825f,,01/11/2025 11:30:00 AM,30,STOP SIGN/FLASHER,FUNCTIONING PROPERLY,CLEAR,DAYLIGHT,ANGLE,NOT DIVIDED,,STRAIGHT AND LEVEL,DRY,NO DEFECTS,NOT ON SCENE (DESK REPORT),NO INJURY / DRIVE AWAY,,,,"$501 - $1,500",01/11/2025 12:12:00 PM,UNABLE TO DETERMINE,UNABLE TO DETERMINE,2000,E,72ND ST,333.0,,,,,,,2,NO INDICATION OF INJURY,0.0,0.0,0.0,0.0,0.0,2.0,0.0,11,7,1,41.76444247,-87.576136179,POINT (-87.576136178577 41.764442470168),2025-01-11 11:30:00
32c7d56dea036615a06b72472a34e787f5e2ea6a83a23bec92cd7a1a357f93f998a023eca19f64c2b10c2657c494e4a09c000deccaa264eaa1d6aa82820626e1,,01/11/2025 11:30:00 AM,25,NO CONTROLS,UNKNOWN,CLEAR,DAYLIGHT,PARKED MOTOR VEHICLE,ONE-WAY,,STRAIGHT AND LEVEL,DRY,UNKNOWN,NOT ON SCENE (DESK REPORT),NO INJURY / DRIVE AWAY,,,,"OVER $1,500",01/11/2025 12:15:00 PM,UNABLE TO DETERMINE,NOT APPLICABLE,1242,N,ASHLAND AVE,1433.0,,,,,,,3,NO INDICATION OF INJURY,0.0,0.0,0.0,0.0,0.0,1.0,0.0,11,7,1,41.904458501,-87.667672215,POINT (-87.667672214736 41.904458501001),2025-01-11 11:30:00
966c7aa9f71a27852c226a4ec3183d446bff5418e0d91c5f89ac40968245e41f9490f1766eba7feb6be84ad54ea5ec53d6d781a20ed55cb32bfcae28157eb107,,01/11/2025 11:30:00 AM,30,TRAFFIC SIGNAL,FUNCTIONING IMPROPERLY,CLEAR,DAYLIGHT,ANGLE,DIVIDED - W/MEDIAN (NOT RAISED),,STRAIGHT AND LEVEL,WET,NO DEFECTS,ON SCENE,INJURY AND / OR TOW DUE TO CRASH,Y,,,"OVER $1,500",01/11/2025 11:35:00 AM,UNABLE TO DETERMINE,UNABLE TO DETERMINE,6700,S,ASHLAND AVE,725.0,,,,,,,2,NO INDICATION OF INJURY,0.0,0.0,0.0,0.0,0.0,2.0,0.0,11,7,1,41.772098233,-87.664164618,POINT (-87.664164617596 41.77209823278),2025-01-11 11:30:00
3f74b6f33f97f293404927291c99b06e421c69930e9b0d112ef5c009630a3d08127d71bc6d81ad3a2e9d7bfa69543dadb814f4f195367d58d68f53aae73a9541,,01/11/2025 11:26:00 AM,25,TRAFFIC SIGNAL,FUNCTIONING PROPERLY,CLEAR,DAYLIGHT,SIDESWIPE SAME DIRECTION,NOT DIVIDED,,STRAIGHT AND LEVEL,WET,NO DEFECTS,ON SCENE,NO INJURY / DRIVE AWAY,,,,"$501 - $1,500",01/11/2025 11:34:00 AM,DISTRACTION - FROM OUTSIDE VEHICLE,NOT APPLICABLE,804,N,CICERO AVE,1531.0,,,,,,,2,NO INDICATION OF INJURY,0.0,0.0,0.0,0.0,0.0,4.0,0.0,11,7,1,41.895191113,-87.745959803,POINT (-87.745959803092 41.895191112991),2025-01-11 11:26:00
27c4eced986d93c81be31d92e99b852baefed50f4ad70c3f681f515b186ce1d27b05afd08861d074589d990caec8fc779e2861a87e749b4435e530d823ca3f1f,,01/11/2025 11:25:00 AM,30,TRAFFIC SIGNAL,FUNCTIONING PROPERLY,CLEAR,DAYLIGHT,REAR END,DIVIDED - W/MEDIAN BARRIER,,STRAIGHT AND LEVEL,DRY,NO DEFECTS,NOT ON SCENE (DESK REPORT),NO INJURY / DRIVE AWAY,Y,,,"$501 - $1,500",01/11/2025 01:30:00 PM,FOLLOWING TOO CLOSELY,DRIVING SKILLS/KNOWLEDGE/EXPERIENCE,12156,S,HALSTED ST,524.0,,,,,,,2,NO INDICATION OF INJURY,0.0,0.0,0.0,0.0,0.0,2.0,0.0,11,7,1,41.6724431,-87.641875191,POINT (-87.641875190889 41.67244310041),2025-01-11 11:25:00
89f5e3588ffc9a2c84344f1616cf6ce58acc6cc8d86ebc6d10500252f5c05c3e93c6e53ff4332886d3828e21fb5b91bece735985f2791c9ea72c1dfe2b6315cc,,01/11/2025 11:21:00 AM,30,TRAFFIC SIGNAL,FUNCTIONING PROPERLY,CLEAR,DAYLIGHT,ANGLE,FOUR WAY,,STRAIGHT AND LEVEL,WET,NO DEFECTS,ON SCENE,INJURY AND / OR TOW DUE TO CRASH,Y,,,"OVER $1,500",01/11/2025 11:22:00 AM,FAILING TO YIELD RIGHT-OF-WAY,NOT APPLICABLE,6300,S,ASHLAND AVE,725.0,,,,,,,5,NONINCAPACITATING INJURY,7.0,0.0,0.0,7.0,0.0,3.0,0.0,11,7,1,41.77937222,-87.664365347,POINT (-87.664365347416 41.779372220485),2025-01-11 11:21:00
264d19ac9c505c251fdef6c0f72d8d9470d33cb17d6fb04fc2d4b2896165f6b3b6bbe57eed429d1895957e616b5e2dfdd93ef4a0441206761a6dafac48bf9cdd,,01/11/2025 11:20:00 AM,15,NO CONTROLS,NO CONTROLS,CLEAR,DAYLIGHT,PEDESTRIAN,PARKING LOT,,STRAIGHT AND LEVEL,WET,UNKNOWN,ON SCENE,INJURY AND / OR TOW DUE TO CRASH,,,Y,$500 OR LESS,01/11/2025 11:20:00 AM,"OPERATING VEHICLE IN ERRATIC, RECKLESS, CARELESS, NEGLIGENT OR AGGRESSIVE MANNER",FAILING TO REDUCE SPEED TO AVOID CRASH,4644,W,DIVERSEY AVE,2521.0,,,,,,,2,NONINCAPACITATING INJURY,1.0,0.0,0.0,1.0,0.0,1.0,0.0,11,7,1,41.931680444,-87.74372188,POINT (-87.743721880402 41.931680444487),2025-01-11 11:20:00
dca4017a5daaf7ffea514fb8d9bc807d826fd5437059dd68032dd3619563b1b0c0588c0472fee3bee57b3b9d45df66b37b034b0c032ee6239424bd249835bd78,,01/11/2025 11:20:00 AM,30,TRAFFIC SIGNAL,FUNCTIONING PROPERLY,CLEAR,DAYLIGHT,FIXED OBJECT,FOUR WAY,,STRAIGHT AND LEVEL,WET,NO DEFECTS,ON SCENE,INJURY AND / OR TOW DUE TO CRASH,Y,,Y,"OVER $1,500",01/11/2025 11:25:00 AM,UNABLE TO DETERMINE,UNABLE TO DETERMINE,200,W,115TH ST,522.0,,,,,,,1,NONINCAPACITATING INJURY,1.0,0.0,0.0,1.0,0.0,0.0,0.0,11,7,1,41.685371542,-87.627752122,POINT (-87.627752121943 41.685371541636),2025-01-11 11:20:00
ea18110363d16973c1c511d49a24f04b4871bdb870aeaf5e8cb97754d7139e4114015f36fa4c8a63c822dcf2cc37c4c6b81934e2313566a5941758c4994fc64b,,01/11/2025 11:15:00 AM,30,TRAFFIC SIGNAL,FUNCTIONING PROPERLY,CLEAR,DAYLIGHT,REAR END,FOUR WAY,,STRAIGHT AND LEVEL,WET,NO DEFECTS,ON SCENE,NO INJURY / DRIVE AWAY,,,Y,"$501 - $1,500",01/11/2025 11:30:00 AM,FOLLOWING TOO CLOSELY,FOLLOWING TOO CLOSELY,465,N,PARK DR,1834.0,,,,,,,2,NO INDICATION OF INJURY,0.0,0.0,0.0,0.0,0.0,2.0,0.0,11,7,1,41.890520989,-87.619468779,POINT (-87.619468778867 41.890520988666),2025-01-11 11:15:00
7979501bc9159e419921e50ae0223b2378fd50b4e9dea987411f4cedb5ffc42996bd0a4ad3e30da9fdc4f57dde859676848b77cc4dbcd959c22442b868c3c73b,,01/11/2025 11:13:00 AM,25,NO CONTROLS,NO CONTROLS,SNOW,DAYLIGHT,PEDALCYCLIST,NOT DIVIDED,,STRAIGHT AND LEVEL,DRY,NO DEFECTS,ON SCENE,INJURY AND / OR TOW DUE TO CRASH,,,Y,"$501 - $1,500",01/11/2025 01:33:00 PM,UNABLE TO DETERMINE,FAILING TO YIELD RIGHT-OF-WAY,2364,N,LINCOLN AVE,1812.0,,,Y,,,,2,NONINCAPACITATING INJURY,1.0,0.0,0.0,1.0,0.0,1.0,0.0,11,7,1,41.924970702,-87.648306568,POINT (-87.648306567975 41.924970701649),2025-01-11 11:13:00
55943895be32f4920348b01fa0f7f4dfdf17e3017002b9b82d35075c6f87063b0f2a01f6526c0f05a1ad53bccbcd600f305a67e49e32ce10d128f25cc0974d3b,,01/11/2025 11:10:00 AM,30,NO CONTROLS,NO CONTROLS,CLEAR,DAYLIGHT,REAR END,NOT DIVIDED,,STRAIGHT AND LEVEL,ICE,NO DEFECTS,NOT ON SCENE (DESK REPORT),NO INJURY / DRIVE AWAY,,,,"OVER $1,500",01/11/2025 11:30:00 AM,UNABLE TO DETERMINE,UNABLE TO DETERMINE,3556,N,RACINE AVE,1924.0,,,,,,,2,NO INDICATION OF INJURY,0.0,0.0,0.0,0.0,0.0,2.0,0.0,11,7,1,41.947036226,-87.659317714,POINT (-87.659317714129 41.947036226446),2025-01-11 11:10:00
1e4f2f79608420449694db5ba47d87c65df015d704d752aabb112e9bf26eef29f5530d01436f5787944837a589ccc1000bf0d000a3e4fc4d7f5f103d5c8f6396,,01/11/2025 11:05:00 AM,30,TRAFFIC SIGNAL,FUNCTIONING PROPERLY,CLEAR,DAYLIGHT,TURNING,FOUR WAY,,STRAIGHT AND LEVEL,SNOW OR SLUSH,NO DEFECTS,ON SCENE,INJURY AND / OR TOW DUE TO CRASH,Y,,,"OVER $1,500",01/11/2025 11:25:00 AM,DISREGARDING TRAFFIC SIGNALS,DRIVING SKILLS/KNOWLEDGE/EXPERIENCE,630,W,HARRISON ST,124.0,,,,,,,2,NONINCAPACITATING INJURY,2.0,0.0,0.0,1.0,1.0,1.0,0.0,11,7,1,41.874463424,-87.643815927,POINT (-87.643815926751 41.874463423738),2025-01-11 11:05:00
5cb24bcf2a35c816c8e0297817a84c7f952120f767d565af82e7ad6f61f58f4b17140e9142cdffcc1c5a3535c7f7fa4d3f31b1797af4d0099da4c2ca40858484,,01/11/2025 11:05:00 AM,30,TRAFFIC SIGNAL,FUNCTIONING PROPERLY,SNOW,DAYLIGHT,TURNING,NOT DIVIDED,,STRAIGHT AND LEVEL,WET,NO DEFECTS,ON SCENE,NO INJURY / DRIVE AWAY,,,Y,"$501 - $1,500",01/11/2025 11:07:00 AM,FAILING TO YIELD RIGHT-OF-WAY,IMPROPER OVERTAKING/PASSING,613,S,KOSTNER AVE,1131.0,,,,,,,2,NO INDICATION OF INJURY,0.0,0.0,0.0,0.0,0.0,2.0,0.0,11,7,1,41.873152939,-87.735067998,POINT (-87.735067998394 41.873152939308),2025-01-11 11:05:00
669c79a55463185d3a0716d430b75122b57bfa6c7c42f6ae0c7b14c206da01b8f97c05a35d39c5bf83da526895b4e74ddaf7269cdc27852d3cf79eed5d8c2cc3,,01/11/2025 11:00:00 AM,30,OTHER,OTHER,CLEAR,DAYLIGHT,SIDESWIPE SAME DIRECTION,NOT DIVIDED,,STRAIGHT AND LEVEL,DRY,NO DEFECTS,ON SCENE,NO INJURY / DRIVE AWAY,,,,$500 OR LESS,01/11/2025 11:16:00 AM,FOLLOWING TOO CLOSELY,NOT APPLICABLE,1900,W,47TH ST,924.0,,,,,,,2,NO INDICATION OF INJURY,0.0,0.0,0.0,0.0,0.0,2.0,0.0,11,7,1,41.80863899,-87.672320011,POINT (-87.672320011489 41.808638989575),2025-01-11 11:00:00
8329e5fa8d1a40452adbd27eb56d1461ce1eb5dc3c2a19d0bd7c23d148c03a4fe3858ae866caafbb38aff7749ffb2e481afccf8f7fe2dc6c5f53829622ab3d09,,01/11/2025 11:00:00 AM,30,NO CONTROLS,NO CONTROLS,CLEAR,DAYLIGHT,PARKED MOTOR VEHICLE,NOT DIVIDED,,STRAIGHT AND LEVEL,DRY,NO DEFECTS,NOT ON SCENE (DESK REPORT),NO INJURY / DRIVE AWAY,,,Y,"OVER $1,500",01/11/2025 12:20:00 PM,UNABLE TO DETERMINE,UNABLE TO DETERMINE,5215,N,ROCKWELL ST,2011.0,,,,,,,3,NO INDICATION OF INJURY,0.0,0.0,0.0,0.0,0.0,1.0,0.0,11,7,1,41.976344065,-87.693918609,POINT (-87.693918608983 41.976344065313),2025-01-11 11:00:00
8b74c449777515d89fee06674cf3ef5d78869c1bf546ecaa44eb0764d8e240148f2a0f68462d4d28b600659ddbcda62330b57dad47d629d70ddc21aa9d89c8f4,Y,01/11/2025 11:00:00 AM,10,NO CONTROLS,NO CONTROLS,SNOW,DAYLIGHT,PARKED MOTOR VEHICLE,PARKING LOT,,STRAIGHT AND LEVEL,SNOW OR SLUSH,UNKNOWN,ON SCENE,NO INJURY / DRIVE AWAY,,,Y,"OVER $1,500",01/11/2025 12:33:00 PM,UNABLE TO DETERMINE,UNABLE TO DETERMINE,400,E,33RD ST,211.0,,,,,,,2,NO INDICATION OF INJURY,0.0,0.0,0.0,0.0,0.0,1.0,0.0,11,7,1,41.834757134,-87.617009653,POINT (-87.61700965313 41.834757133646),2025-01-11 11:00:00
b51d3df90cba74e667e6012c129ba2c47fca50b9c30fe9176952819684e21d61d54e0fdc2ad8b3afc175545ea37b44fa5f98c4a93686d316b68f2e0c90b54555,,01/11/2025 11:00:00 AM,20,NO CONTROLS,NO CONTROLS,CLEAR,DAYLIGHT,REAR END,ONE-WAY,,STRAIGHT AND LEVEL,ICE,UNKNOWN,NOT ON SCENE (DESK REPORT),NO INJURY / DRIVE AWAY,,,,"OVER $1,500",01/11/2025 01:15:00 PM,UNABLE TO DETERMINE,NOT APPLICABLE,2733,N,LAVERGNE AVE,2521.0,,,,,,,2,NO INDICATION OF INJURY,0.0,0.0,0.0,0.0,0.0,2.0,0.0,11,7,1,41.930668663,-87.751326563,POINT (-87.751326562975 41.930668662575),2025-01-11 11:00:00
4b7fefb5ad48703cb9acb1214730d2b5588ac7723fe119af57eb476463935f3e5bb07d8136812a0db674a7bdaaf3cf8c96fbaacfacfab59c9ee1683fd41734cb,Y,01/11/2025 10:50:00 AM,30,TRAFFIC SIGNAL,FUNCTIONING PROPERLY,CLEAR,DAYLIGHT,TURNING,NOT DIVIDED,,STRAIGHT AND LEVEL,WET,UNKNOWN,ON SCENE,NO INJURY / DRIVE AWAY,,,,"$501 - $1,500",01/11/2025 10:55:00 AM,UNABLE TO DETERMINE,UNABLE TO DETERMINE,4100,W,MADISON ST,1115.0,,,,,,,2,NO INDICATION OF INJURY,0.0,0.0,0.0,0.0,0.0,2.0,0.0,10,7,1,41.880804158,-87.728244422,POINT (-87.728244421697 41.880804158177),2025-01-11 10:50:00
f5ed1eb926cc24b680a720f26b050d8d9a11cfa4713cbb84356d0d1cf9ec4e07c4f22650501eb09269422fc9302fabe5c55dcbd62315885ea1748d17e777574a,,01/11/2025 10:50:00 AM,30,NO CONTROLS,NO CONTROLS,CLEAR,DAYLIGHT,PARKED MOTOR VEHICLE,NOT DIVIDED,,STRAIGHT AND LEVEL,WET,NO DEFECTS,ON SCENE,NO INJURY / DRIVE AWAY,,,Y,"$501 - $1,500",01/11/2025 11:35:00 AM,UNABLE TO DETERMINE,UNABLE TO DETERMINE,5645,N,CALIFORNIA AVE,2011.0,,,,,,,2,NO INDICATION OF INJURY,0.0,0.0,0.0,0.0,0.0,2.0,0.0,10,7,1,41.984339685,-87.699051864,POINT (-87.699051864008 41.984339685217),2025-01-11 10:50:00
114c94b86c8c3b609987bf6ab12c028fbad25145882865000b648e766f881d252e191ee48e08b39d0db656820f5754392dc4362ff20b0dbe0c31e8865b762c92,,01/11/2025 10:45:00 AM,25,STOP SIGN/FLASHER,FUNCTIONING PROPERLY,CLEAR,DAYLIGHT,REAR TO FRONT,ONE-WAY,,STRAIGHT AND LEVEL,SNOW OR SLUSH,NO DEFECTS,ON SCENE,NO INJURY / DRIVE AWAY,Y,,,$500 OR LESS,01/11/2025 10:51:00 AM,IMPROPER BACKING,UNABLE TO DETERMINE,2531,N,KILBOURN AVE,2524.0,,,,,,,2,NO INDICATION OF INJURY,0.0,0.0,0.0,0.0,0.0,2.0,0.0,10,7,1,41.927364581,-87.738953347,POINT (-87.738953347175 41.92736458144),2025-01-11 10:45:00
3b047b2553ee8c7277acfc3ed15a4e98596a8b3be7ef61fe79a6e472cfead4300fad3abbd56a12bd02c123e7a31217e691c675219f12cfbcbf3ea78ba27e97ef,,01/11/2025 10:45:00 AM,30,NO CONTROLS,NO CONTROLS,CLEAR,DAYLIGHT,REAR END,NOT DIVIDED,,STRAIGHT AND LEVEL,WET,NO DEFECTS,NOT ON SCENE (DESK REPORT),NO INJURY / DRIVE AWAY,,,,"OVER $1,500",01/11/2025 12:35:00 PM,UNABLE TO DETERMINE,UNABLE TO DETERMINE,11057,S,STATE ST,513.0,,,,,,,3,NO INDICATION OF INJURY,0.0,0.0,0.0,0.0,0.0,2.0,0.0,10,7,1,41.692691236,-87.622960665,POINT (-87.622960664512 41.692691235693),2025-01-11 10:45:00
8f1ec2e06ec0e57486997dd7d9edc9e6ed5dc5663ddc38e7b36ea599e7dd32d2642f60dc9c1c947ba208f08b1b1ad14e34af6951a96d243e7d49bc832fc32113,,01/11/2025 10:45:00 AM,30,STOP SIGN/FLASHER,FUNCTIONING PROPERLY,CLEAR,DAYLIGHT,REAR TO SIDE,DIVIDED - W/MEDIAN (NOT RAISED),,STRAIGHT AND LEVEL,DRY,UNKNOWN,ON SCENE,NO INJURY / DRIVE AWAY,,,,"OVER $1,500",01/11/2025 10:50:00 AM,FAILING TO YIELD RIGHT-OF-WAY,FAILING TO YIELD RIGHT-OF-WAY,2662,N,CICERO AVE,2521.0,,,,,,,2,NO INDICATION OF INJURY,0.0,0.0,0.0,0.0,0.0,2.0,0.0,10,7,1,41.929710641,-87.746665897,POINT (-87.746665897029 41.929710641181),2025-01-11 10:45:00
cab0985d61948ee081485909d7a568b227ad8850262d8b231b54579ae84866487afa7fcda6457b89bd4bb0d066cc96eee9c2d6f5e4c6f7995ebf66a853c8e859,,01/11/2025 10:35:00 AM,30,TRAFFIC SIGNAL,FUNCTIONING PROPERLY,CLEAR,DAYLIGHT,REAR END,T-INTERSECTION,,STRAIGHT AND LEVEL,WET,NO DEFECTS,ON SCENE,INJURY AND / OR TOW DUE TO CRASH,Y,,,"OVER $1,500",01/11/2025 10:39:00 AM,FOLLOWING TOO CLOSELY,UNABLE TO DETERMINE,722,N,CALIFORNIA AVE,1221.0,,,,,,,2,NONINCAPACITATING INJURY,1.0,0.0,0.0,1.0,0.0,3.0,0.0,10,7,1,41.894354277,-87.696817646,POINT (-87.696817646441 41.894354277051),2025-01-11 10:35:00
96d3ad9038ac1c4da2b3b4894ba8b2bbcf433bbc10b68e1094d7860b62325c414df9bcb0547bf43b78791a4e5eafbddcebc633f708af4233d3ab5696f13274cc,,01/11/2025 10:30:00 AM,30,NO CONTROLS,NO CONTROLS,CLEAR,DAYLIGHT,PARKED MOTOR VEHICLE,ONE-WAY,,STRAIGHT AND LEVEL,WET,NO DEFECTS,NOT ON SCENE (DESK REPORT),NO INJURY / DRIVE AWAY,,,Y,"OVER $1,500",01/11/2025 11:10:00 AM,UNABLE TO DETERMINE,UNABLE TO DETERMINE,5427,N,KENMORE AVE,2023.0,,,,,,,2,NO INDICATION OF INJURY,0.0,0.0,0.0,0.0,0.0,1.0,0.0,10,7,1,41.980858709,-87.656390548,POINT (-87.656390548368 41.980858709323),2025-01-11 10:30:00