CRASH_RECORD_ID,CRASH_DATE_EST_I,CRASH_DATE,POSTED_SPEED_LIMIT,TRAFFIC_CONTROL_DEVICE,DEVICE_CONDITION,WEATHER_CONDITION,LIGHTING_CONDITION,FIRST_CRASH_TYPE,TRAFFICWAY_TYPE,LANE_CNT,ALIGNMENT,ROADWAY_SURFACE_COND,ROAD_DEFECT,REPORT_TYPE,CRASH_TYPE,INTERSECTION_RELATED_I,NOT_RIGHT_OF_WAY_I,HIT_AND_RUN_I,DAMAGE,DATE_POLICE_NOTIFIED,PRIM_CONTRIBUTORY_CAUSE,SEC_CONTRIBUTORY_CAUSE,STREET_NO,STREET_DIRECTION,STREET_NAME,BEAT_OF_OCCURRENCE,PHOTOS_TAKEN_I,STATEMENTS_TAKEN_I,DOORING_I,WORK_ZONE_I,WORK_ZONE_TYPE,WORKERS_PRESENT_I,NUM_UNITS,MOST_SEVERE_INJURY,INJURIES_TOTAL,INJURIES_FATAL,INJURIES_INCAPACITATING,INJURIES_NON_INCAPACITATING,INJURIES_REPORTED_NOT_EVIDENT,INJURIES_NO_INDICATION,INJURIES_UNKNOWN,CRASH_HOUR,CRASH_DAY_OF_WEEK,CRASH_MONTH,LATITUDE,LONGITUDE,LOCATION,timestamp
a9aa6066a636d87876404ffe9dcf437c2834bf45b28187595fb940accc337059466a89a11761da806819b11b91a22b0998b1a94905792cd3dc0a4cf816791e3f,,01/11/2025 10:30:00 AM,35,NO CONTROLS,NO CONTROLS,CLEAR,DAYLIGHT,SIDESWIPE SAME DIRECTION,NOT DIVIDED,,STRAIGHT AND LEVEL,WET,NO DEFECTS,ON SCENE,INJURY AND / OR TOW DUE TO CRASH,,,,"OVER $1,500",01/11/2025 10:36:00 AM,IMPROPER LANE USAGE,UNABLE TO DETERMINE,3740,W,87TH ST,834.0,,,,,,,2,NO INDICATION OF INJURY,0.0,0.0,0.0,0.0,0.0,2.0,0.0,10,7,1,41.735065732,-87.715776282,POINT (-87.715776282284 41.735065731568),2025-01-11 10:30:00
0fb3511a8c302909370acc1f5af08f82fbfc77a868bbcb2fa710f09f73e324d818ea1c9d65b841272fff0d45ed7bf7d3b31a3677ee81607d2f16f2a8fb43c42a,,01/11/2025 10:27:00 AM,40,NO CONTROLS,NO CONTROLS,CLEAR,DAYLIGHT,SIDESWIPE SAME DIRECTION,DIVIDED - W/MEDIAN BARRIER,,CURVE ON GRADE,SNOW OR SLUSH,UNKNOWN,ON SCENE,NO INJURY / DRIVE AWAY,,,,"OVER $1,500",01/11/2025 10:29:00 AM,UNABLE TO DETERMINE,NOT APPLICABLE,1460,N,LAKE SHORE DR NB,1824.0,,,,,,,2,NO INDICATION OF INJURY,0.0,0.0,0.0,0.0,0.0,3.0,0.0,10,7,1,41.909431608,-87.626066657,POINT (-87.626066657026 41.909431607843),2025-01-11 10:27:00
a971ff4a75527b2043dcc5f4abfa14a590aed156295b4fc17a97911cd68e391e60f18065df850a735daed17fea358d50626bab3c8dfeaf29151ccee95c8be2fe,,01/11/2025 10:20:00 AM,30,NO CONTROLS,NO CONTROLS,CLEAR,DAYLIGHT,REAR END,ONE-WAY,,STRAIGHT AND LEVEL,UNKNOWN,UNKNOWN,ON SCENE,NO INJURY / DRIVE AWAY,,,Y,"OVER $1,500",01/11/2025 10:41:00 AM,FOLLOWING TOO CLOSELY,DRIVING SKILLS/KNOWLEDGE/EXPERIENCE,120,W,MADISON ST,122.0,,,,,,,2,NO INDICATION OF INJURY,0.0,0.0,0.0,0.0,0.0,4.0,0.0,10,7,1,41.882081137,-87.631513414,POINT (-87.631513413916 41.882081136557),2025-01-11 10:20:00
2ad57420069a2b924a9f31642e124d8aef749ee8ca513f339ceae3612b21f9d0cfb6052a62517d052499c4f979c21a73031850b22e35cce66292374bcf8b5ca3,,01/11/2025 10:10:00 AM,20,UNKNOWN,UNKNOWN,UNKNOWN,UNKNOWN,ANGLE,UNKNOWN,,STRAIGHT AND LEVEL,UNKNOWN,UNKNOWN,NOT ON SCENE (DESK REPORT),NO INJURY / DRIVE AWAY,,,,"OVER $1,500",01/11/2025 10:30:00 AM,UNABLE TO DETERMINE,NOT APPLICABLE,5501,N,CLARK ST,2013.0,,,,,,,2,NO INDICATION OF INJURY,0.0,0.0,0.0,0.0,0.0,2.0,0.0,10,7,1,41.981723366,-87.668287655,POINT (-87.668287655229 41.981723365883),2025-01-11 10:10:00
bc8ac881ca0acb19b9cdcf70c87f4b13c93a93e391c8afdc49fcb87641997ed50f63ba8ea36f2bd7f086d205ab770473910504f6a52902343e761b9760132adb,,01/11/2025 10:10:00 AM,30,TRAFFIC SIGNAL,FUNCTIONING PROPERLY,CLEAR,DAYLIGHT,REAR END,NOT DIVIDED,,STRAIGHT AND LEVEL,DRY,NO DEFECTS,ON SCENE,NO INJURY / DRIVE AWAY,,,Y,"OVER $1,500",01/11/2025 10:22:00 AM,NOT APPLICABLE,NOT APPLICABLE,1304,W,DIVISION ST,1433.0,,,,,,,2,NO INDICATION OF INJURY,0.0,0.0,0.0,0.0,0.0,2.0,0.0,10,7,1,41.90355744,-87.660890627,POINT (-87.660890626866 41.903557439856),2025-01-11 10:10:00
8b8ffd3b2fa9d6c2b12cc4c46a55da3b5ae2ae75d2e4974f65b00d408930506d3a9509ecbc565f3a51e0f3e9460cb1f2887c2167641e20980dcec5ee538c302d,,01/11/2025 10:06:00 AM,30,NO CONTROLS,NO CONTROLS,SNOW,DAYLIGHT,PARKED MOTOR VEHICLE,ONE-WAY,,STRAIGHT AND LEVEL,SNOW OR SLUSH,NO DEFECTS,ON SCENE,NO INJURY / DRIVE AWAY,,,,"OVER $1,500",01/11/2025 10:15:00 AM,UNABLE TO DETERMINE,UNABLE TO DETERMINE,6701,S,KARLOV AVE,833.0,,,,,,,2,NO INDICATION OF INJURY,0.0,0.0,0.0,0.0,0.0,1.0,0.0,10,7,1,41.771255793,-87.724864839,POINT (-87.724864838651 41.77125579322),2025-01-11 10:06:00
31a3cbace569ec614ff4c0a2b0935186b189ef503b23e273eecac8132e3b42d2e1bea9f6998e7f402c0c25c957ee47c384e86647d05278a4a4c215686f43d05d,,01/11/2025 10:05:00 AM,20,NO CONTROLS,NO CONTROLS,CLEAR,DAYLIGHT,ANGLE,ONE-WAY,,STRAIGHT AND LEVEL,DRY,NO DEFECTS,NOT ON SCENE (DESK REPORT),NO INJURY / DRIVE AWAY,,,,"OVER $1,500",01/11/2025 11:05:00 AM,FAILING TO YIELD RIGHT-OF-WAY,NOT APPLICABLE,6395,W,ROSCOE ST,1633.0,,,,,,,2,NO INDICATION OF INJURY,0.0,0.0,0.0,0.0,0.0,4.0,0.0,10,7,1,41.941886681,-87.786078316,POINT (-87.786078316089 41.941886680794),2025-01-11 10:05:00
377fe6642c4a4c4a4277cbfbc05dd59268c7b7997662201de5198969506b5c7b2e312ed992a502dbc36e24249a10b80e4f6a5fa5240b046b9ef33939782f451c,,01/11/2025 10:03:00 AM,35,TRAFFIC SIGNAL,FUNCTIONING PROPERLY,UNKNOWN,DAYLIGHT,REAR END,DIVIDED - W/MEDIAN (NOT RAISED),,STRAIGHT AND LEVEL,UNKNOWN,UNKNOWN,NOT ON SCENE (DESK REPORT),NO INJURY / DRIVE AWAY,,,Y,"OVER $1,500",01/11/2025 01:10:00 PM,DISREGARDING TRAFFIC SIGNALS,NOT APPLICABLE,5100,S,COTTAGE GROVE AVE,233.0,,,,,,,2,NO INDICATION OF INJURY,0.0,0.0,0.0,0.0,0.0,3.0,0.0,10,7,1,41.802220633,-87.60655293,POINT (-87.606552929969 41.802220633425),2025-01-11 10:03:00
88a94a40d512908b811cebe964904f0a8331aa5742b8e678e61830eef42daab1c01340c208fa335fa05aa812ce3724373045af42967e2fe0eecaa5f9b093dda4,,01/11/2025 09:55:00 AM,30,TRAFFIC SIGNAL,FUNCTIONING PROPERLY,CLEAR,DAYLIGHT,TURNING,DIVIDED - W/MEDIAN (NOT RAISED),,STRAIGHT AND LEVEL,WET,NO DEFECTS,NOT ON SCENE (DESK REPORT),NO INJURY / DRIVE AWAY,Y,,,"OVER $1,500",01/11/2025 10:25:00 AM,FAILING TO YIELD RIGHT-OF-WAY,FAILING TO YIELD RIGHT-OF-WAY,3944,W,47TH ST,821.0,,,,,,,2,NO INDICATION OF INJURY,0.0,0.0,0.0,0.0,0.0,3.0,0.0,9,7,1,41.807998867,-87.72293059,POINT (-87.722930590277 41.807998866887),2025-01-11 09:55:00
2ced349f12ea12ead42b944503bc292b8cb8de6c65b0b2ab8493e2876657b4d4098ce8163b0b3b96b645fe3bf012a27e6cd4d45fe0b553ae5d1321927e831f91,,01/11/2025 09:48:00 AM,30,NO CONTROLS,NO CONTROLS,CLEAR,DAYLIGHT,TURNING,ONE-WAY,,STRAIGHT AND LEVEL,UNKNOWN,NO DEFECTS,,NO INJURY / DRIVE AWAY,,,,"OVER $1,500",01/11/2025 11:25:00 AM,FOLLOWING TOO CLOSELY,UNABLE TO DETERMINE,8648,S,LAFAYETTE AVE,622.0,,,,,,,2,NO INDICATION OF INJURY,0.0,0.0,0.0,0.0,0.0,2.0,0.0,9,7,1,41.736643491,-87.625600917,POINT (-87.625600916777 41.736643491177),2025-01-11 09:48:00
15a41bfdc2bcd3ca032ecdca3b35317b34c8447b5d6fcf6213a8e6285790854e435ecfb88a8a40f9df2b862318889dd8d1336559973df3857002143fbb21ebef,,01/11/2025 09:40:00 AM,45,UNKNOWN,UNKNOWN,UNKNOWN,DAYLIGHT,SIDESWIPE SAME DIRECTION,OTHER,,STRAIGHT AND LEVEL,UNKNOWN,UNKNOWN,NOT ON SCENE (DESK REPORT),NO INJURY / DRIVE AWAY,,,Y,"OVER $1,500",01/11/2025 10:00:00 AM,IMPROPER OVERTAKING/PASSING,IMPROPER OVERTAKING/PASSING,1400,N,LAKE SHORE DR SB,1824.0,,,,,,,2,NO INDICATION OF INJURY,0.0,0.0,0.0,0.0,0.0,3.0,0.0,9,7,1,41.907909926,-87.625741088,POINT (-87.625741088327 41.90790992609),2025-01-11 09:40:00
35e4bedb2f19f4182d43d2322fc819602739960d925b6a2e18cde5cd3a069383e5242a73f91c189575d3d5f942ed8bee08c101e733ec2fec4ce0a886fa913021,,01/11/2025 09:40:00 AM,30,NO CONTROLS,NO CONTROLS,CLEAR,DAYLIGHT,REAR TO SIDE,OTHER,,STRAIGHT AND LEVEL,DRY,NO DEFECTS,NOT ON SCENE (DESK REPORT),NO INJURY / DRIVE AWAY,,,Y,"OVER $1,500",01/11/2025 06:18:00 PM,IMPROPER BACKING,FAILING TO YIELD RIGHT-OF-WAY,1611,E,86TH PL,412.0,,,,,,,2,NO INDICATION OF INJURY,0.0,0.0,0.0,0.0,0.0,4.0,0.0,9,7,1,41.737726012,-87.584716379,POINT (-87.584716379219 41.737726011743),2025-01-11 09:40:00
dc89bd23a6cc33d6669148c023b6e8241916e21b2a80160ee3212a4867c15e9175f0223342559f0cce0ac6790200774040208aa5e3360b897f0ed05e3d377153,,01/11/2025 09:35:00 AM,35,TRAFFIC SIGNAL,FUNCTIONING PROPERLY,CLEAR,DAYLIGHT,REAR END,T-INTERSECTION,,STRAIGHT AND LEVEL,WET,NO DEFECTS,ON SCENE,NO INJURY / DRIVE AWAY,Y,,,"OVER $1,500",01/11/2025 09:50:00 AM,FOLLOWING TOO CLOSELY,NOT APPLICABLE,5332,N,CUMBERLAND AVE,1614.0,,,,,,,2,NO INDICATION OF INJURY,0.0,0.0,0.0,0.0,0.0,2.0,0.0,9,7,1,41.976577725,-87.836763348,POINT (-87.836763348047 41.976577725078),2025-01-11 09:35:00
4ea45a396a954369df76b00465bbc59a5f9fc3289b45830081251f6992700d8adc160a47f657b19f713019c7c481e40e9e11cd2c188df115876371ffe5cadb21,,01/11/2025 09:30:00 AM,30,STOP SIGN/FLASHER,FUNCTIONING PROPERLY,CLEAR,DAYLIGHT,REAR END,TRAFFIC ROUTE,,STRAIGHT AND LEVEL,DRY,NO DEFECTS,NOT ON SCENE (DESK REPORT),NO INJURY / DRIVE AWAY,Y,,,"OVER $1,500",01/12/2025 04:45:00 PM,FAILING TO YIELD RIGHT-OF-WAY,FAILING TO YIELD RIGHT-OF-WAY,2058,W,79TH ST,611.0,,,,,,,2,NO INDICATION OF INJURY,0.0,0.0,0.0,0.0,0.0,3.0,0.0,9,7,1,41.750310795,-87.675522187,POINT (-87.675522187386 41.750310795478),2025-01-11 09:30:00
dd4c8944b035daa9ce0af8395eb25cea3fdf98eedd9a8ab20bb48f5a6b8f484bef26ba3648c03511e8c3539de386123c3cfbf5f53d0c30d4b1f6d40be91aec92,,01/11/2025 09:30:00 AM,30,UNKNOWN,UNKNOWN,CLEAR,DAYLIGHT,ANGLE,NOT DIVIDED,,STRAIGHT AND LEVEL,DRY,NO DEFECTS,NOT ON SCENE (DESK REPORT),NO INJURY / DRIVE AWAY,,,,"OVER $1,500",01/11/2025 06:15:00 PM,NOT APPLICABLE,NOT APPLICABLE,3346,S,CALIFORNIA AVE,911.0,,,,,,,2,NO INDICATION OF INJURY,0.0,0.0,0.0,0.0,0.0,2.0,0.0,9,7,1,41.832423117,-87.695033975,POINT (-87.695033975166 41.832423116985),2025-01-11 09:30:00
c5099bfe112d9fd596baff83b0d42ec3bc72558819cfd41688877e88f075070efc8c73de9021dd8ddf787cb1c9ec3f3262b3da334b7e8dccac82b67463584061,,01/11/2025 09:26:00 AM,40,TRAFFIC SIGNAL,FUNCTIONING PROPERLY,OTHER,DAYLIGHT,FIXED OBJECT,DIVIDED - W/MEDIAN BARRIER,,STRAIGHT AND LEVEL,ICE,UNKNOWN,ON SCENE,INJURY AND / OR TOW DUE TO CRASH,,,,"OVER $1,500",01/11/2025 09:30:00 AM,WEATHER,WEATHER,1000,N,LAKE SHORE DR SB,1824.0,,,,,,,1,NO INDICATION OF INJURY,0.0,0.0,0.0,0.0,0.0,2.0,0.0,9,7,1,41.900958919,-87.619928174,POINT (-87.619928173678 41.900958919109),2025-01-11 09:26:00
3376c6166bf417ab17ce24e38fd3d5e80015d5745667b7fe7a6a2b274c5cff8d2fc3176bf69c2a6ed16d1394e935a06dc96e93a83be30b6142c0ec276e097af2,,01/11/2025 09:22:00 AM,30,TRAFFIC SIGNAL,FUNCTIONING PROPERLY,CLEAR,DAYLIGHT,PEDESTRIAN,FOUR WAY,,STRAIGHT AND LEVEL,WET,UNKNOWN,ON SCENE,INJURY AND / OR TOW DUE TO CRASH,Y,,,$500 OR LESS,01/11/2025 09:22:00 AM,FAILING TO YIELD RIGHT-OF-WAY,UNABLE TO DETERMINE,2398,N,PULASKI RD,2525.0,,Y,,,,,2,"REPORTED, NOT EVIDENT",1.0,0.0,0.0,0.0,1.0,1.0,0.0,9,7,1,41.924387342,-87.726911833,POINT (-87.726911832638 41.924387341638),2025-01-11 09:22:00
6e263699feb365879fa7a093528d5b9e8160134dc36ec0eb1f1b4d779fd4c53a3c0177e1aa5ce0e627818a837e1d855b16927f0e8f4a4a3bd19482278e655db8,,01/11/2025 09:20:00 AM,30,NO CONTROLS,NO CONTROLS,CLEAR,DAYLIGHT,REAR END,NOT DIVIDED,,STRAIGHT AND LEVEL,DRY,NO DEFECTS,ON SCENE,INJURY AND / OR TOW DUE TO CRASH,,,,"OVER $1,500",01/11/2025 09:26:00 AM,FAILING TO REDUCE SPEED TO AVOID CRASH,NOT APPLICABLE,830,W,GARFIELD BLVD,934.0,,,,,,,2,NO INDICATION OF INJURY,0.0,0.0,0.0,0.0,0.0,2.0,0.0,9,7,1,41.794405442,-87.646460873,POINT (-87.646460873018 41.794405441527),2025-01-11 09:20:00
ec5a260c2598e158115d04188f3cd9ccaff8b441b903c8b9b756116659a4e47f219a47211d06a14f3043b74c5d771b0e89349f79d13643a99742a1474bc6550a,,01/11/2025 09:10:00 AM,30,NO CONTROLS,NO CONTROLS,CLEAR,DAYLIGHT,SIDESWIPE OPPOSITE DIRECTION,NOT DIVIDED,,STRAIGHT AND LEVEL,WET,NO DEFECTS,NOT ON SCENE (DESK REPORT),NO INJURY / DRIVE AWAY,,,Y,"OVER $1,500",01/11/2025 10:33:00 AM,UNABLE TO DETERMINE,NOT APPLICABLE,606,W,79TH ST,621.0,,,,,,,2,NO INDICATION OF INJURY,0.0,0.0,0.0,0.0,0.0,2.0,0.0,9,7,1,41.750817989,-87.639523252,POINT (-87.639523252122 41.75081798932),2025-01-11 09:10:00
6e3612b1f896adef8c66ec146a26d1475946c267b47489dd54bfe2cc4e2c23813b774e8523beea35e383b32bab471ac8003d299c001efb6e53cdff9ac8c2e8fc,,01/11/2025 09:00:00 AM,30,NO CONTROLS,NO CONTROLS,UNKNOWN,DAYLIGHT,PARKED MOTOR VEHICLE,NOT DIVIDED,,STRAIGHT AND LEVEL,UNKNOWN,UNKNOWN,NOT ON SCENE (DESK REPORT),NO INJURY / DRIVE AWAY,,,Y,"OVER $1,500",01/11/2025 04:22:00 PM,UNABLE TO DETERMINE,UNABLE TO DETERMINE,199,S,KILBOURN AVE,1113.0,,,,,,,2,NO INDICATION OF INJURY,0.0,0.0,0.0,0.0,0.0,1.0,0.0,9,7,1,41.877878765,-87.737683571,POINT (-87.737683571101 41.877878764822),2025-01-11 09:00:00
820ce43e83a66ca7d0e9f7b3fbdd5069e2ff806553cb8809045dba5f97e14025f9e266c8fdbca3e1bf19adaeb94fcf33bb7a75f5da65f853aaf4b2e1dccdb3ad,,01/11/2025 09:00:00 AM,35,NO CONTROLS,NO CONTROLS,CLEAR,DAYLIGHT,SIDESWIPE SAME DIRECTION,DIVIDED - W/MEDIAN (NOT RAISED),,STRAIGHT AND LEVEL,DRY,NO DEFECTS,ON SCENE,INJURY AND / OR TOW DUE TO CRASH,,,,"OVER $1,500",01/11/2025 09:15:00 AM,UNABLE TO DETERMINE,UNABLE TO DETERMINE,6331,S,CICERO AVE,813.0,,,,,,,2,NO INDICATION OF INJURY,0.0,0.0,0.0,0.0,0.0,3.0,0.0,9,7,1,41.777492674,-87.742116249,POINT (-87.74211624854 41.777492673923),2025-01-11 09:00:00
ce0ceabee15cb99065e4649cecc922b6ce45a2b71dad6563145b7aa79d12209745fc8085cb4c9b5c8f2be6a2159593fe52e3f2c85c7bc99c5a4c83433c0446fd,,01/11/2025 08:56:00 AM,30,TRAFFIC SIGNAL,FUNCTIONING PROPERLY,CLEAR,DAYLIGHT,ANGLE,NOT DIVIDED,,STRAIGHT AND LEVEL,WET,NO DEFECTS,ON SCENE,INJURY AND / OR TOW DUE TO CRASH,Y,,,"OVER $1,500",01/11/2025 08:56:00 AM,FAILING TO YIELD RIGHT-OF-WAY,NOT APPLICABLE,3200,N,LAKE SHORE DR,1925.0,,,,,,,2,"REPORTED, NOT EVIDENT",1.0,0.0,0.0,0.0,1.0,3.0,0.0,8,7,1,41.940909163,-87.63936916,POINT (-87.639369159955 41.940909163268),2025-01-11 08:56:00
3841ab38040c91f76ebc9dddc62e12e3692a03d2066a6a165083fe6fe422b90143fa5928e5bc9cd95e0e5bf32b5fa1d3965508b41a9321340aa9fee5eb10d53b,,01/11/2025 08:45:00 AM,30,NO CONTROLS,UNKNOWN,UNKNOWN,UNKNOWN,SIDESWIPE SAME DIRECTION,NOT DIVIDED,,STRAIGHT AND LEVEL,UNKNOWN,UNKNOWN,NOT ON SCENE (DESK REPORT),NO INJURY / DRIVE AWAY,,,Y,"OVER $1,500",01/12/2025 11:20:00 AM,UNABLE TO DETERMINE,UNABLE TO DETERMINE,9458,S,STONY ISLAND AVE,413.0,,,,,,,2,NO INDICATION OF INJURY,0.0,0.0,0.0,0.0,0.0,2.0,0.0,8,7,1,41.722374362,-87.585276274,POINT (-87.585276274136 41.722374362261),2025-01-11 08:45:00
93b13723691e8f529f90a7bc8aa55b7f5af326e6e2a68d060f8cbaba6430fdd2b0774a8fdfa057a04b01ef535c2a447ed4d06985936cdb5fd8990ecb25d263b4,,01/11/2025 08:41:00 AM,15,NO CONTROLS,NO CONTROLS,CLOUDY/OVERCAST,DAYLIGHT,FIXED OBJECT,RAMP,,CURVE ON GRADE,DRY,NO DEFECTS,ON SCENE,INJURY AND / OR TOW DUE TO CRASH,,Y,,"OVER $1,500",01/11/2025 08:41:00 AM,DISTRACTION - FROM INSIDE VEHICLE,NOT APPLICABLE,355,E,ERIE ST,1834.0,,,,,,,1,NONINCAPACITATING INJURY,2.0,0.0,0.0,2.0,0.0,0.0,0.0,8,7,1,41.8941336,-87.61817915,POINT (-87.61817914958 41.894133600184),2025-01-11 08:41:00
4f2cfa65125027ece089fdfb673d1b2d2919ea5c95f5c10a2b6449f2801a926981ca7454c47217cf4b1f1ae4358af75befa6706516ffe8f8f051ac67583b704a,,01/11/2025 08:30:00 AM,30,UNKNOWN,UNKNOWN,CLEAR,"DARKNESS, LIGHTED ROAD",REAR END,NOT DIVIDED,,STRAIGHT AND LEVEL,WET,NO DEFECTS,NOT ON SCENE (DESK REPORT),NO INJURY / DRIVE AWAY,,,,"OVER $1,500",01/11/2025 09:15:00 AM,FOLLOWING TOO CLOSELY,NOT APPLICABLE,246,S,CICERO AVE,1533.0,,,,,,,2,NO INDICATION OF INJURY,0.0,0.0,0.0,0.0,0.0,4.0,0.0,8,7,1,41.877211581,-87.745305153,POINT (-87.745305152582 41.877211581146),2025-01-11 08:30:00
8d27c3dd6dff278fa784ad4b5a417d5d4769edbdf5320040764cae4f36b014590b5b4211cde0144d1d57567affe0c5b0cc4b0486b93077b738d3c59b9c235742,,01/11/2025 08:23:00 AM,30,TRAFFIC SIGNAL,FUNCTIONING PROPERLY,CLEAR,DAYLIGHT,TURNING,NOT DIVIDED,,STRAIGHT AND LEVEL,UNKNOWN,UNKNOWN,NOT ON SCENE (DESK REPORT),INJURY AND / OR TOW DUE TO CRASH,,,Y,"OVER $1,500",01/11/2025 10:20:00 AM,IMPROPER OVERTAKING/PASSING,UNABLE TO DETERMINE,400,N,ASHLAND AVE,1215.0,,,,,,,2,"REPORTED, NOT EVIDENT",3.0,0.0,0.0,0.0,3.0,1.0,0.0,8,7,1,41.888898058,-87.667218891,POINT (-87.667218891408 41.888898058366),2025-01-11 08:23:00
95ca227ffe1a59a27dbab91a0073d57838c0b399af1994018b8adc1b414adf8db9b7212f69e93d31ad1fe76432c2115cd2b82fd2dd10e0cca641cd744ccd853f,,01/11/2025 08:05:00 AM,30,NO CONTROLS,NO CONTROLS,CLOUDY/OVERCAST,DAYLIGHT,TURNING,ALLEY,,STRAIGHT AND LEVEL,SNOW OR SLUSH,NO DEFECTS,ON SCENE,INJURY AND / OR TOW DUE TO CRASH,,,,"OVER $1,500",01/11/2025 08:07:00 AM,FAILING TO YIELD RIGHT-OF-WAY,UNABLE TO DETERMINE,812,E,49TH ST,223.0,,,,,,,2,NO INDICATION OF INJURY,0.0,0.0,0.0,0.0,0.0,4.0,0.0,8,7,1,41.806011151,-87.605897497,POINT (-87.605897497494 41.80601115072),2025-01-11 08:05:00
796fe0b2f08e1e19f9fb03c11e547abf9b28fa666e39637c32967815db59392c7f3d1e1f19a9b27e33d98c1df2f99cf27d403c18a4cdcab1b19a127802f6bca3,Y,01/11/2025 08:00:00 AM,25,NO CONTROLS,NO CONTROLS,SNOW,DAYLIGHT,PARKED MOTOR VEHICLE,ONE-WAY,,STRAIGHT AND LEVEL,SNOW OR SLUSH,NO DEFECTS,ON SCENE,NO INJURY / DRIVE AWAY,,,Y,"$501 - $1,500",01/11/2025 08:12:00 AM,UNABLE TO DETERMINE,UNABLE TO DETERMINE,6036,N,SACRAMENTO AVE,2413.0,,,,,,,2,NO INDICATION OF INJURY,0.0,0.0,0.0,0.0,0.0,1.0,0.0,8,7,1,41.991376834,-87.70443298,POINT (-87.704432980149 41.991376834029),2025-01-11 08:00:00
8d1a3b06b99f6bd93714c3c2499beeac15a1f324b5c6d23b8929da0ac9d09e9dc50f1dda562135060c734c0debaf846f6b59b14a6ebbef7934bb7df7b1de3035,,01/11/2025 08:00:00 AM,30,TRAFFIC SIGNAL,FUNCTIONING PROPERLY,CLEAR,DAYLIGHT,TURNING,FOUR WAY,,STRAIGHT AND LEVEL,DRY,NO DEFECTS,ON SCENE,INJURY AND / OR TOW DUE TO CRASH,Y,,,"OVER $1,500",01/11/2025 08:00:00 AM,FAILING TO YIELD RIGHT-OF-WAY,NOT APPLICABLE,6358,W,GUNNISON ST,1622.0,,,,,,,2,"REPORTED, NOT EVIDENT",1.0,0.0,0.0,0.0,1.0,1.0,0.0,8,7,1,41.968520412,-87.787951501,POINT (-87.787951500862 41.968520411965),2025-01-11 08:00:00
ce4927e2a6dca3da7167e7d2a453c827040fb65c6baa352420fddcd2a9db163eb2c685d230edaafec0fd72dcba21b6d6f18a65831a47f39f713ac7990b3ddcdf,,01/11/2025 08:00:00 AM,30,NO CONTROLS,NO CONTROLS,CLEAR,DAYLIGHT,PARKED MOTOR VEHICLE,NOT DIVIDED,,STRAIGHT AND LEVEL,WET,NO DEFECTS,NOT ON SCENE (DESK REPORT),NO INJURY / DRIVE AWAY,,,Y,"$501 - $1,500",01/11/2025 08:00:00 AM,IMPROPER OVERTAKING/PASSING,UNABLE TO DETERMINE,2117,E,97TH ST,431.0,,,,,,,2,NO INDICATION OF INJURY,0.0,0.0,0.0,0.0,0.0,1.0,0.0,8,7,1,41.718734153,-87.573326273,POINT (-87.573326273438 41.718734153295),2025-01-11 08:00:00
e3f3bf68120a8c857965077a2f78403b1615de91268ff32cc4eca2f33693183e0d0d655d0c5014a3f8f64326f4b84e7a46318b3ab537f43091e8ed400b0834c8,,01/11/2025 08:00:00 AM,25,NO CONTROLS,NO CONTROLS,UNKNOWN,UNKNOWN,PARKED MOTOR VEHICLE,ONE-WAY,,STRAIGHT AND LEVEL,UNKNOWN,UNKNOWN,NOT ON SCENE (DESK REPORT),NO INJURY / DRIVE AWAY,,,,"OVER $1,500",01/11/2025 08:44:00 AM,UNABLE TO DETERMINE,UNABLE TO DETERMINE,3117,W,ARGYLE ST,1713.0,,,,,,,2,NO INDICATION OF INJURY,0.0,0.0,0.0,0.0,0.0,2.0,0.0,8,7,1,41.971994827,-87.706872892,POINT (-87.706872891646 41.971994827034),2025-01-11 08:00:00
f593177b34876e77cf279842aa39ec81ac9ec35d98d590adeb3cd9b24362e7c17f4a97908bc8d824dc14b67ddf87fc9cf9a2d05abae6c48c7f9aa0633d816df7,,01/11/2025 07:57:00 AM,30,NO CONTROLS,NO CONTROLS,CLEAR,DAYLIGHT,FIXED OBJECT,DIVIDED - W/MEDIAN (NOT RAISED),,STRAIGHT AND LEVEL,SNOW OR SLUSH,NO DEFECTS,ON SCENE,NO INJURY / DRIVE AWAY,,Y,Y,"OVER $1,500",01/11/2025 07:57:00 AM,UNABLE TO DETERMINE,UNABLE TO DETERMINE,9499,S,STONY ISLAND AVE,413.0,,,,,,,1,NO INDICATION OF INJURY,0.0,0.0,0.0,0.0,0.0,1.0,0.0,7,7,1,41.722386686,-87.5849837,POINT (-87.584983700227 41.722386686132),2025-01-11 07:57:00
c0df973385d9e9c8600adfeccb9fe5ed645022947d0fd395b45eaf6ac636e8faf913e063a50978348d7c0206ceae26a56461f0aa57543e8c9ae38cde9fd5f420,Y,01/11/2025 07:45:00 AM,30,TRAFFIC SIGNAL,FUNCTIONING PROPERLY,CLEAR,DAYLIGHT,ANGLE,NOT DIVIDED,,STRAIGHT AND LEVEL,UNKNOWN,UNKNOWN,ON SCENE,NO INJURY / DRIVE AWAY,Y,,,"OVER $1,500",01/11/2025 07:55:00 AM,DISREGARDING TRAFFIC SIGNALS,NOT APPLICABLE,710,W,TAYLOR ST,124.0,,,,,,,2,NO INDICATION OF INJURY,0.0,0.0,0.0,0.0,0.0,3.0,0.0,7,7,1,41.869802321,-87.644263687,POINT (-87.644263686931 41.869802320718),2025-01-11 07:45:00