CRASH_RECORD_ID,CRASH_DATE_EST_I,CRASH_DATE,POSTED_SPEED_LIMIT,TRAFFIC_CONTROL_DEVICE,DEVICE_CONDITION,WEATHER_CONDITION,LIGHTING_CONDITION,FIRST_CRASH_TYPE,TRAFFICWAY_TYPE,LANE_CNT,ALIGNMENT,ROADWAY_SURFACE_COND,ROAD_DEFECT,REPORT_TYPE,CRASH_TYPE,INTERSECTION_RELATED_I,NOT_RIGHT_OF_WAY_I,HIT_AND_RUN_I,DAMAGE,DATE_POLICE_NOTIFIED,PRIM_CONTRIBUTORY_CAUSE,SEC_CONTRIBUTORY_CAUSE,STREET_NO,STREET_DIRECTION,STREET_NAME,BEAT_OF_OCCURRENCE,PHOTOS_TAKEN_I,STATEMENTS_TAKEN_I,DOORING_I,WORK_ZONE_I,WORK_ZONE_TYPE,WORKERS_PRESENT_I,NUM_UNITS,MOST_SEVERE_INJURY,INJURIES_TOTAL,INJURIES_FATAL,INJURIES_INCAPACITATING,INJURIES_NON_INCAPACITATING,INJURIES_REPORTED_NOT_EVIDENT,INJURIES_NO_INDICATION,INJURIES_UNKNOWN,CRASH_HOUR,CRASH_DAY_OF_WEEK,CRASH_MONTH,LATITUDE,LONGITUDE,LOCATION,timestamp
b1bd35794aaef706d2ed81e04bd4035812e217a4416098ad788a6ff90bc313d4b39dfda6ccc44d628121bae49dba1cfd1d86ba8bbcb180accfe071182b7d1a77,,01/11/2025 07:40:00 AM,30,NO CONTROLS,NO CONTROLS,CLEAR,DAYLIGHT,SIDESWIPE SAME DIRECTION,FOUR WAY,,STRAIGHT AND LEVEL,WET,UNKNOWN,NOT ON SCENE (DESK REPORT),NO INJURY / DRIVE AWAY,Y,,,"OVER $1,500",01/11/2025 09:30:00 AM,UNABLE TO DETERMINE,NOT APPLICABLE,7358,S,LAFAYETTE AVE,731.0,,,,,,,2,NO INDICATION OF INJURY,0.0,0.0,0.0,0.0,0.0,2.0,0.0,7,7,1,41.760111444,-87.626583633,POINT (-87.626583632841 41.76011144411),2025-01-11 07:40:00
31b9eb8596e8d556f40433bb5f8e55063d1c70223d27171b752913e718c73828a757caf03a408c165eec6fe965554fa61665e14ddea84590f50d2a5a0af5b8a4,,01/11/2025 07:30:00 AM,30,NO CONTROLS,NO CONTROLS,CLEAR,DAYLIGHT,OTHER OBJECT,DIVIDED - W/MEDIAN (NOT RAISED),,STRAIGHT AND LEVEL,WET,NO DEFECTS,ON SCENE,INJURY AND / OR TOW DUE TO CRASH,,Y,,"OVER $1,500",01/11/2025 07:44:00 AM,PHYSICAL CONDITION OF DRIVER,WEATHER,2812,S,CALIFORNIA AVE,1033.0,,,,,,,1,NONINCAPACITATING INJURY,1.0,0.0,0.0,1.0,0.0,0.0,0.0,7,7,1,41.840783978,-87.695270883,POINT (-87.69527088263 41.840783977531),2025-01-11 07:30:00
eee9feb868b2c8a4a16898ab70937c54b705f58fba6da84c59724ccc98fd692b68c9c5a1b4a6983b98a3443736458ef38158b8fcda29edf8a3c4a2d1755e12a1,,01/11/2025 07:01:00 AM,30,NO CONTROLS,NO CONTROLS,UNKNOWN,UNKNOWN,PARKED MOTOR VEHICLE,NOT DIVIDED,,STRAIGHT AND LEVEL,UNKNOWN,NO DEFECTS,NOT ON SCENE (DESK REPORT),NO INJURY / DRIVE AWAY,,,,"OVER $1,500",01/13/2025 12:00:00 PM,NOT APPLICABLE,NOT APPLICABLE,1000,E,53RD ST,233.0,,,,,,,2,NO INDICATION OF INJURY,0.0,0.0,0.0,0.0,0.0,1.0,0.0,7,7,1,41.799513947,-87.601266829,POINT (-87.601266829382 41.799513947471),2025-01-11 07:01:00
72acc41b9a140b67a32fda8b783ccc6073f9fcd49e794c37c4ac795f1add18455164ff8c0b13827175ae04f3497e67c91d86f28580bc885020b24ba70feeb9fb,,01/11/2025 06:50:00 AM,25,NO CONTROLS,NO CONTROLS,CLEAR,DAWN,ANGLE,ONE-WAY,,"CURVE, LEVEL",UNKNOWN,UNKNOWN,ON SCENE,INJURY AND / OR TOW DUE TO CRASH,,,,"OVER $1,500",01/11/2025 06:52:00 AM,"OPERATING VEHICLE IN ERRATIC, RECKLESS, CARELESS, NEGLIGENT OR AGGRESSIVE MANNER",NOT APPLICABLE,1035,N,LAKE SHORE DR SB,1824.0,,,,,,,2,NO INDICATION OF INJURY,0.0,0.0,0.0,0.0,0.0,2.0,0.0,6,7,1,41.901761257,-87.622550501,POINT (-87.622550500778 41.901761256591),2025-01-11 06:50:00
d11063f836ed71fa1589db199aa7893404ee83b2798a25f62ebb10e8e2f9528fba09a63f2c1381340cf16760a13009355f7f78fed2338f6810a1086647c4c98b,,01/11/2025 06:05:00 AM,30,TRAFFIC SIGNAL,FUNCTIONING PROPERLY,SNOW,UNKNOWN,SIDESWIPE OPPOSITE DIRECTION,Y-INTERSECTION,,STRAIGHT AND LEVEL,UNKNOWN,UNKNOWN,ON SCENE,NO INJURY / DRIVE AWAY,Y,,Y,"OVER $1,500",01/11/2025 06:10:00 AM,UNABLE TO DETERMINE,UNABLE TO DETERMINE,398,E,60TH ST,232.0,,,,,,,2,NO INDICATION OF INJURY,0.0,0.0,0.0,0.0,0.0,2.0,0.0,6,7,1,41.785806431,-87.615845742,POINT (-87.615845742108 41.78580643131),2025-01-11 06:05:00
446f1e9ee1d5cc5bfd0d99711bba3904102faeef63a785301862ed349f1e347ca7e017fd705fbb7aa9c716b4a46efe55335cb1a97ce53d97d30909b764f274c4,,01/11/2025 05:30:00 AM,10,NO CONTROLS,NO CONTROLS,CLEAR,UNKNOWN,FIXED OBJECT,PARKING LOT,,STRAIGHT AND LEVEL,DRY,NO DEFECTS,NOT ON SCENE (DESK REPORT),NO INJURY / DRIVE AWAY,,Y,,$500 OR LESS,01/11/2025 06:55:00 AM,UNABLE TO DETERMINE,NOT APPLICABLE,1200,N,LARRABEE ST,1822.0,,,,,,,1,NO INDICATION OF INJURY,0.0,0.0,0.0,0.0,0.0,1.0,0.0,5,7,1,41.903769606,-87.64336894,POINT (-87.643368939876 41.903769606378),2025-01-11 05:30:00
a7f0b2770dab284ff495a6cef1616d0faa24d234d693390e28ef9851df78c42306e6edaecd92a7866118a0cd26f25636bb5618d07ac6906ed22bc9439e94d146,Y,01/11/2025 05:30:00 AM,20,NO CONTROLS,NO CONTROLS,CLEAR,"DARKNESS, LIGHTED ROAD",PARKED MOTOR VEHICLE,ONE-WAY,,STRAIGHT AND LEVEL,SNOW OR SLUSH,NO DEFECTS,ON SCENE,NO INJURY / DRIVE AWAY,,,Y,"OVER $1,500",01/11/2025 01:10:00 PM,UNABLE TO DETERMINE,UNABLE TO DETERMINE,4413,S,KNOX AVE,815.0,,,,,,,2,NO INDICATION OF INJURY,0.0,0.0,0.0,0.0,0.0,1.0,0.0,5,7,1,41.812711408,-87.739483139,POINT (-87.739483138602 41.812711407932),2025-01-11 05:30:00
c63cdf245234934ad6ac9f56d775fd17ac396980340de557d295ce8f74b638d39c52c3c456cd6c997c7b8060f08f94cb08fd6533d4ee74b3449c47423e997274,,01/11/2025 04:57:00 AM,30,UNKNOWN,UNKNOWN,SNOW,DARKNESS,SIDESWIPE OPPOSITE DIRECTION,NOT DIVIDED,,STRAIGHT AND LEVEL,WET,UNKNOWN,NOT ON SCENE (DESK REPORT),NO INJURY / DRIVE AWAY,,,,"$501 - $1,500",01/11/2025 05:30:00 AM,IMPROPER OVERTAKING/PASSING,UNABLE TO DETERMINE,5300,S,MAY ST,934.0,,,,,,,2,NO INDICATION OF INJURY,0.0,0.0,0.0,0.0,0.0,3.0,0.0,4,7,1,41.797732081,-87.65389746,POINT (-87.653897459809 41.797732080833),2025-01-11 04:57:00
d76c04ceb97bc3361fc985438ab5cb988aca4b2c6d101d44cfd5f24d68468b42157d0ed8caaded933995451626056ff58e81f8de08702a1457c6424e2caabb46,,01/11/2025 04:56:00 AM,5,NO CONTROLS,NO CONTROLS,CLEAR,"DARKNESS, LIGHTED ROAD",PARKED MOTOR VEHICLE,PARKING LOT,,STRAIGHT AND LEVEL,SNOW OR SLUSH,NO DEFECTS,ON SCENE,NO INJURY / DRIVE AWAY,,Y,,$500 OR LESS,01/11/2025 04:56:00 AM,DRIVING SKILLS/KNOWLEDGE/EXPERIENCE,DRIVING SKILLS/KNOWLEDGE/EXPERIENCE,2427,W,CHICAGO AVE,1221.0,,,,,,,2,NO INDICATION OF INJURY,0.0,0.0,0.0,0.0,0.0,1.0,0.0,4,7,1,41.895619952,-87.687958391,POINT (-87.687958390749 41.895619952492),2025-01-11 04:56:00
97b6411af95efcd020707fb90ed0228062c875842f4740a1bef36de795b5e754167b9f3b6e2559c069bd8a5626e0288651c5662c5b9850650ee9d9fc8e8445c6,,01/11/2025 04:30:00 AM,30,NO CONTROLS,NO CONTROLS,UNKNOWN,"DARKNESS, LIGHTED ROAD",PARKED MOTOR VEHICLE,NOT DIVIDED,,STRAIGHT AND LEVEL,UNKNOWN,UNKNOWN,NOT ON SCENE (DESK REPORT),NO INJURY / DRIVE AWAY,,,Y,"$501 - $1,500",01/12/2025 12:00:00 PM,UNABLE TO DETERMINE,UNABLE TO DETERMINE,11603,S,VINCENNES AVE,2234.0,,,,,,,2,NO INDICATION OF INJURY,0.0,0.0,0.0,0.0,0.0,1.0,0.0,4,7,1,41.683249936,-87.668387273,POINT (-87.668387272925 41.68324993583),2025-01-11 04:30:00
0c79dffc39ab673b550dd05da1359322b620a6605dd5e599bf578ec06e6700f288cf1f63b3b0a0c948545bd9bfbf45fcec972290b2da152073ae167fef5c5e07,N,01/11/2025 03:50:00 AM,30,UNKNOWN,UNKNOWN,SNOW,"DARKNESS, LIGHTED ROAD",PARKED MOTOR VEHICLE,ONE-WAY,,STRAIGHT AND LEVEL,SNOW OR SLUSH,UNKNOWN,NOT ON SCENE (DESK REPORT),NO INJURY / DRIVE AWAY,,,Y,"OVER $1,500",01/11/2025 03:58:00 AM,UNABLE TO DETERMINE,UNABLE TO DETERMINE,5826,S,MICHIGAN AVE,232.0,,,,,,,2,NO INDICATION OF INJURY,0.0,0.0,0.0,0.0,0.0,1.0,0.0,3,7,1,41.788412627,-87.622452135,POINT (-87.622452135494 41.788412626652),2025-01-11 03:50:00
fffe4c484eac481a227e6e9d1b39e8ff32f551e60ee6fb40f47343849087d74cdd802453f2fc76b39106543c80fe26cfd56665675e2b6f8a54f3adf2e795d622,,01/11/2025 03:25:00 AM,30,NO CONTROLS,NO CONTROLS,SNOW,DARKNESS,FIXED OBJECT,NOT DIVIDED,,STRAIGHT AND LEVEL,SNOW OR SLUSH,NO DEFECTS,ON SCENE,INJURY AND / OR TOW DUE TO CRASH,,,Y,"OVER $1,500",01/11/2025 03:30:00 AM,"OPERATING VEHICLE IN ERRATIC, RECKLESS, CARELESS, NEGLIGENT OR AGGRESSIVE MANNER",NOT APPLICABLE,808,E,47TH ST,221.0,,,,,,,1,NO INDICATION OF INJURY,0.0,0.0,0.0,0.0,0.0,1.0,0.0,3,7,1,41.809649153,-87.60614324,POINT (-87.606143239955 41.809649152602),2025-01-11 03:25:00
53003601d305dc68bd8cb5e12ca855f47744472f5ec0602c9f4f28466326e8fff231c39670ed8f1d02f1bd06f8ffb98803921e8ee3d4c6f9b86ec2e35af04266,,01/11/2025 03:20:00 AM,30,NO CONTROLS,NO CONTROLS,OTHER,"DARKNESS, LIGHTED ROAD",PARKED MOTOR VEHICLE,DIVIDED - W/MEDIAN BARRIER,,STRAIGHT AND LEVEL,WET,NO DEFECTS,ON SCENE,INJURY AND / OR TOW DUE TO CRASH,,,,"OVER $1,500",01/11/2025 03:22:00 AM,WEATHER,NOT APPLICABLE,5000,S,DREXEL BLVD,223.0,,,,,,,3,NO INDICATION OF INJURY,0.0,0.0,0.0,0.0,0.0,1.0,0.0,3,7,1,41.804001716,-87.604401307,POINT (-87.604401306731 41.80400171577),2025-01-11 03:20:00
818325009c5380a0c2ec3c6da3625f82555f21de1abeba9d3b79b8e10b72835f46c7ddcb4927429134abfffa29dfcb11ffd6cacc61b2732162ee8e346e2fc0d9,,01/11/2025 03:10:00 AM,15,NO CONTROLS,NO CONTROLS,SNOW,DAYLIGHT,FIXED OBJECT,ALLEY,,STRAIGHT AND LEVEL,SNOW OR SLUSH,UNKNOWN,ON SCENE,NO INJURY / DRIVE AWAY,,,N,"OVER $1,500",01/11/2025 06:49:00 AM,UNABLE TO DETERMINE,NOT APPLICABLE,7216,S,OGLESBY AVE,334.0,,,,,,,1,NO INDICATION OF INJURY,0.0,0.0,0.0,0.0,0.0,1.0,0.0,3,7,1,41.76387941,-87.567836037,POINT (-87.567836037001 41.763879410295),2025-01-11 03:10:00
a5609ab94095213748e6245b2d491dc045fe5c8282e210fb6c4cd0e38d307bdb1cd789d5095573ae8452110d8aaf2f67f8cddb87a9b2e9fa969ec58e06edbca8,,01/11/2025 03:00:00 AM,30,NO CONTROLS,NO CONTROLS,SNOW,"DARKNESS, LIGHTED ROAD",PARKED MOTOR VEHICLE,NOT DIVIDED,,STRAIGHT AND LEVEL,SNOW OR SLUSH,NO DEFECTS,NOT ON SCENE (DESK REPORT),NO INJURY / DRIVE AWAY,,,Y,"OVER $1,500",01/11/2025 03:00:00 AM,NOT APPLICABLE,NOT APPLICABLE,906,W,71ST ST,733.0,,,,,,,2,NO INDICATION OF INJURY,0.0,0.0,0.0,0.0,0.0,1.0,0.0,3,7,1,41.765270602,-87.647157102,POINT (-87.647157102325 41.765270602006),2025-01-11 03:00:00
cb718fc15f132a39ce208053a5a304829da359524ea8bd6d99055a0828ed82ddd5722e2d6d1c4e10a88610cc481d2faa0ef8ac769bbeb84220d52ea408663a5e,,01/11/2025 03:00:00 AM,30,NO CONTROLS,NO CONTROLS,SNOW,UNKNOWN,PARKED MOTOR VEHICLE,ONE-WAY,,STRAIGHT AND LEVEL,SNOW OR SLUSH,NO DEFECTS,NOT ON SCENE (DESK REPORT),NO INJURY / DRIVE AWAY,,,Y,"OVER $1,500",01/11/2025 01:01:00 PM,NOT APPLICABLE,NOT APPLICABLE,5219,S,CHRISTIANA AVE,822.0,,,,,,,2,NO INDICATION OF INJURY,0.0,0.0,0.0,0.0,0.0,1.0,0.0,3,7,1,41.798344237,-87.707225336,POINT (-87.707225335628 41.798344237327),2025-01-11 03:00:00
dfb5aae433f546c7372390295bded4eb59dfac3a6ddbfad7a7cd8195764f8be26b1e4d6f44e6358864816c883b679f32a37384bee9a20b5b54ac8bd082048188,,01/11/2025 02:40:00 AM,30,TRAFFIC SIGNAL,UNKNOWN,CLEAR,"DARKNESS, LIGHTED ROAD",ANGLE,DIVIDED - W/MEDIAN (NOT RAISED),,STRAIGHT AND LEVEL,WET,NO DEFECTS,ON SCENE,INJURY AND / OR TOW DUE TO CRASH,Y,,,"OVER $1,500",01/11/2025 02:59:00 AM,FAILING TO YIELD RIGHT-OF-WAY,FAILING TO YIELD RIGHT-OF-WAY,3739,W,CONGRESS PKWY,1133.0,,,,,,,2,NO INDICATION OF INJURY,0.0,0.0,0.0,0.0,0.0,3.0,0.0,2,7,1,41.874342611,-87.719762361,POINT (-87.719762360694 41.874342610966),2025-01-11 02:40:00
5c2beef5fecdba05ceee501b31d7ee50e10fd4c95e2a1868a66eada26d1220d63b2ba2d642d01f5a316ffed331aae74e9d46aeb4498a63d04cb7be0f76e86a7c,,01/11/2025 02:37:00 AM,30,STOP SIGN/FLASHER,FUNCTIONING PROPERLY,SNOW,"DARKNESS, LIGHTED ROAD",REAR END,Y-INTERSECTION,,STRAIGHT AND LEVEL,WET,NO DEFECTS,ON SCENE,INJURY AND / OR TOW DUE TO CRASH,Y,,,"OVER $1,500",01/11/2025 02:37:00 AM,FAILING TO YIELD RIGHT-OF-WAY,UNABLE TO DETERMINE,5759,N,ASHLAND AVE,2012.0,,,,,,,2,NO INDICATION OF INJURY,0.0,0.0,0.0,0.0,0.0,4.0,0.0,2,7,1,41.98671934,-87.669447295,POINT (-87.669447294976 41.98671933983),2025-01-11 02:37:00
3ccfb552169d7f377c020f41c2f20b16a5bedc80b6b033a9b3b77fe590b8c30efe744abf6fa4e342dc8e1a2840d64e7d2dc641da110c7626de657eefe0c142a3,,01/11/2025 02:35:00 AM,30,NO CONTROLS,NO CONTROLS,SNOW,"DARKNESS, LIGHTED ROAD",FIXED OBJECT,FOUR WAY,,STRAIGHT AND LEVEL,SNOW OR SLUSH,DEBRIS ON ROADWAY,ON SCENE,INJURY AND / OR TOW DUE TO CRASH,N,,,"OVER $1,500",01/11/2025 02:38:00 AM,DISTRACTION - FROM INSIDE VEHICLE,UNABLE TO DETERMINE,198,E,95TH ST,634.0,,,,,,,1,INCAPACITATING INJURY,2.0,0.0,1.0,1.0,0.0,0.0,0.0,2,7,1,41.7219176,-87.619075386,POINT (-87.619075386212 41.721917599544),2025-01-11 02:35:00
f602de6224b6389f8aa586fa592947e8efdb0af4e1e24ad3278fd396736e478dbc5c7a9219312100faf71e4e8273e1d989ec0b978ac5d0bad1397c0bd8c0068e,,01/11/2025 02:32:00 AM,30,NO CONTROLS,NO CONTROLS,SNOW,"DARKNESS, LIGHTED ROAD",PARKED MOTOR VEHICLE,ONE-WAY,,STRAIGHT AND LEVEL,SNOW OR SLUSH,UNKNOWN,ON SCENE,INJURY AND / OR TOW DUE TO CRASH,,,,"OVER $1,500",01/11/2025 02:32:00 AM,UNABLE TO DETERMINE,NOT APPLICABLE,3833,N,TRIPP AVE,1731.0,,,,,,,2,NO INDICATION OF INJURY,0.0,0.0,0.0,0.0,0.0,1.0,0.0,2,7,1,41.950946214,-87.733742993,POINT (-87.73374299299 41.95094621376),2025-01-11 02:32:00
8b77454dd9d54e655636c04aa86a8cf6cc003f44f035c0034e5e528a11d1a8613a19c2f08a968a68a8f2113b0c9e05922bc170b58bac03f7bc4a225250b2a1c0,,01/11/2025 02:27:00 AM,30,NO CONTROLS,NO CONTROLS,SNOW,"DARKNESS, LIGHTED ROAD",PARKED MOTOR VEHICLE,ONE-WAY,,STRAIGHT AND LEVEL,SNOW OR SLUSH,NO DEFECTS,ON SCENE,NO INJURY / DRIVE AWAY,,,Y,"$501 - $1,500",01/11/2025 02:28:00 AM,UNABLE TO DETERMINE,UNABLE TO DETERMINE,6036,S,PARKSIDE AVE,812.0,,,,,,,4,NO INDICATION OF INJURY,0.0,0.0,0.0,0.0,0.0,1.0,0.0,2,7,1,41.782414533,-87.763267049,POINT (-87.763267049414 41.782414532905),2025-01-11 02:27:00
b34b8d607851c87d18eccf169a3d85e858d842771724a1be8abc2a2a2d3e6a5af283b16419f0c09f1d1ad13b3acbc8db769cbd6fa409d53dcd684aa60e501c4b,,01/11/2025 02:25:00 AM,30,NO CONTROLS,NO CONTROLS,SNOW,DARKNESS,PARKED MOTOR VEHICLE,ONE-WAY,,STRAIGHT AND LEVEL,DRY,NO DEFECTS,ON SCENE,NO INJURY / DRIVE AWAY,,,Y,"OVER $1,500",01/11/2025 02:35:00 AM,FAILING TO REDUCE SPEED TO AVOID CRASH,FAILING TO REDUCE SPEED TO AVOID CRASH,7604,S,LAFAYETTE AVE,623.0,,,,,,,2,NO INDICATION OF INJURY,0.0,0.0,0.0,0.0,0.0,1.0,0.0,2,7,1,41.756199995,-87.626473682,POINT (-87.626473681658 41.756199995105),2025-01-11 02:25:00
4fefb21450b455d998cd5986273dde1d746ea90b651d99dd5d3dd4ce384bf5323824f08c415617ee6713ed1ba3b18abc01d5aeb425526dab6b3775eede14d958,,01/11/2025 02:15:00 AM,30,NO CONTROLS,NO CONTROLS,CLEAR,"DARKNESS, LIGHTED ROAD",REAR END,DIVIDED - W/MEDIAN BARRIER,,STRAIGHT AND LEVEL,WET,NO DEFECTS,ON SCENE,INJURY AND / OR TOW DUE TO CRASH,,,,"OVER $1,500",01/11/2025 02:16:00 AM,FAILING TO REDUCE SPEED TO AVOID CRASH,UNABLE TO DETERMINE,10000,W,OHARE ST,1651.0,,,,,,,3,NONINCAPACITATING INJURY,2.0,0.0,0.0,2.0,0.0,1.0,0.0,2,7,1,41.976201139,-87.905309125,POINT (-87.905309125103 41.976201139024),2025-01-11 02:15:00
a0961335368681ba8994f835b4aeccbcb6c21fc8c123dfa3eb910f913e4eb6ea88fffa06525fc6f1d2d1c3a87587572cb040d0a5b272613e5d17f6b91bfeff08,,01/11/2025 02:00:00 AM,30,NO CONTROLS,NO CONTROLS,CLEAR,"DARKNESS, LIGHTED ROAD",PARKED MOTOR VEHICLE,NOT DIVIDED,,STRAIGHT AND LEVEL,SNOW OR SLUSH,NO DEFECTS,NOT ON SCENE (DESK REPORT),NO INJURY / DRIVE AWAY,,,Y,"$501 - $1,500",01/11/2025 03:13:00 AM,UNABLE TO DETERMINE,NOT APPLICABLE,4257,W,ADAMS ST,1115.0,,,,,,,2,NO INDICATION OF INJURY,0.0,0.0,0.0,0.0,0.0,1.0,0.0,2,7,1,41.877780813,-87.732730211,POINT (-87.732730210767 41.877780812885),2025-01-11 02:00:00
a8b857b76fade0d1cc04ab40760622f0c3aa35d6e8360a3550e2f360d7c1ca053534367c022d8dd6c5f6ea414ad5fe8c83711e65c8e37d671a7a90638a4f153c,,01/11/2025 01:45:00 AM,30,FLASHING CONTROL SIGNAL,FUNCTIONING PROPERLY,SNOW,DARKNESS,ANGLE,FOUR WAY,,STRAIGHT AND LEVEL,SNOW OR SLUSH,UNKNOWN,,INJURY AND / OR TOW DUE TO CRASH,Y,,Y,"OVER $1,500",01/11/2025 12:01:00 PM,FAILING TO REDUCE SPEED TO AVOID CRASH,DISREGARDING TRAFFIC SIGNALS,7600,S,VINCENNES AVE,623.0,,,,,,,2,"REPORTED, NOT EVIDENT",1.0,0.0,0.0,0.0,1.0,2.0,0.0,1,7,1,41.756285701,-87.632406663,POINT (-87.632406662789 41.756285700818),2025-01-11 01:45:00
4a3cc8c5d2fcebd0288172f7f6454298abafb3440117f49250f14e75ae79b25cce28b78fc6209ef5be7332edcda1bbad57d7f24a5a8a0c30db106bc110be54b9,,01/11/2025 01:40:00 AM,25,NO CONTROLS,NO CONTROLS,SNOW,"DARKNESS, LIGHTED ROAD",REAR END,DIVIDED - W/MEDIAN BARRIER,,STRAIGHT AND LEVEL,WET,NO DEFECTS,ON SCENE,INJURY AND / OR TOW DUE TO CRASH,,,,"OVER $1,500",01/11/2025 01:46:00 AM,WEATHER,UNABLE TO DETERMINE,1000,N,LAKE SHORE DR SB,1824.0,,,,,,,2,NO INDICATION OF INJURY,0.0,0.0,0.0,0.0,0.0,3.0,0.0,1,7,1,41.900958919,-87.619928174,POINT (-87.619928173678 41.900958919109),2025-01-11 01:40:00
d341994ca3bd4487b2a24141f98b78f44745f50a8f08d4e68888202748922b74e8fe2019e2e49e133e3912c1efbf11e6f37a98a2bc8eddbfb7614de94e13d1bf,,01/11/2025 01:24:00 AM,30,NO CONTROLS,NO CONTROLS,SNOW,"DARKNESS, LIGHTED ROAD",TURNING,NOT DIVIDED,,STRAIGHT AND LEVEL,WET,NO DEFECTS,ON SCENE,NO INJURY / DRIVE AWAY,,,,$500 OR LESS,01/11/2025 01:24:00 AM,FOLLOWING TOO CLOSELY,WEATHER,53,W,CHICAGO AVE,1832.0,,,,,,,2,NO INDICATION OF INJURY,0.0,0.0,0.0,0.0,0.0,3.0,0.0,1,7,1,41.896539994,-87.630198613,POINT (-87.630198612565 41.896539994354),2025-01-11 01:24:00
2d6e6416a336757071b19608138519de89039eb089b470c0845803bdae76ca5961bd7fa815670bf33218e6e1b1a24b984affaf90bcb23b7f77b5160fc4b06e77,,01/11/2025 01:21:00 AM,30,TRAFFIC SIGNAL,FUNCTIONING PROPERLY,SNOW,"DARKNESS, LIGHTED ROAD",SIDESWIPE SAME DIRECTION,NOT DIVIDED,,STRAIGHT AND LEVEL,SNOW OR SLUSH,NO DEFECTS,ON SCENE,NO INJURY / DRIVE AWAY,,,,"OVER $1,500",01/11/2025 01:30:00 AM,UNABLE TO DETERMINE,UNABLE TO DETERMINE,144,W,79TH ST,623.0,,,,,,,2,NO INDICATION OF INJURY,0.0,0.0,0.0,0.0,0.0,2.0,0.0,1,7,1,41.750986263,-87.628815076,POINT (-87.628815075515 41.75098626298),2025-01-11 01:21:00
08cb7e14d3eca95519868987e4f901aeb71aefe2ed05d2b35ec5c1d5570ef1c2a3b882753a9e3efd69a3662dfeb602943dbb1e05fd0c0f76df6e2058c8381301,,01/11/2025 01:20:00 AM,30,TRAFFIC SIGNAL,FUNCTIONING PROPERLY,SNOW,"DARKNESS, LIGHTED ROAD",TURNING,FOUR WAY,,STRAIGHT AND LEVEL,WET,NO DEFECTS,ON SCENE,NO INJURY / DRIVE AWAY,Y,,,"OVER $1,500",01/11/2025 01:21:00 AM,DISREGARDING OTHER TRAFFIC SIGNS,NOT APPLICABLE,137,W,CHICAGO AVE,1832.0,,,,,,,3,NO INDICATION OF INJURY,0.0,0.0,0.0,0.0,0.0,3.0,0.0,1,7,1,41.896504537,-87.632633023,POINT (-87.632633023251 41.896504537313),2025-01-11 01:20:00
f45f90d933a4ca00016eb5810f9579872214c61b9df660e0b1b64d5295d0fb991723ec0c56e4445e4e13780a838315370606c49b25db2e4065798450b164aec4,,01/11/2025 01:17:00 AM,35,NO CONTROLS,FUNCTIONING PROPERLY,CLEAR,"DARKNESS, LIGHTED ROAD",PARKED MOTOR VEHICLE,NOT DIVIDED,,STRAIGHT AND LEVEL,WET,NO DEFECTS,NOT ON SCENE (DESK REPORT),NO INJURY / DRIVE AWAY,,,,"OVER $1,500",01/11/2025 01:45:00 AM,UNABLE TO DETERMINE,UNABLE TO DETERMINE,555,W,KINZIE ST,1214.0,,,,,,,2,NO INDICATION OF INJURY,0.0,0.0,0.0,0.0,0.0,2.0,0.0,1,7,1,41.888943075,-87.641736022,POINT (-87.641736021743 41.888943075459),2025-01-11 01:17:00
798e1954330aebe5e4071b740aaf755b038dd20f149a9cd9be9a4bfeba7894b4fb6e611da127c42f44ff0ae399144b210e1d0e3420450ed1793cbda90eeab1cc,,01/11/2025 01:15:00 AM,35,NO CONTROLS,NO CONTROLS,SNOW,"DARKNESS, LIGHTED ROAD",PARKED MOTOR VEHICLE,NOT DIVIDED,,STRAIGHT AND LEVEL,SNOW OR SLUSH,UNKNOWN,NOT ON SCENE (DESK REPORT),NO INJURY / DRIVE AWAY,,,Y,"$501 - $1,500",01/11/2025 11:25:00 AM,NOT APPLICABLE,NOT APPLICABLE,1229,S,CENTRAL PARK AVE,1021.0,,,,,,,2,NO INDICATION OF INJURY,0.0,0.0,0.0,0.0,0.0,1.0,0.0,1,7,1,41.865327666,-87.715249072,POINT (-87.71524907171 41.865327665885),2025-01-11 01:15:00
00afd0a0a118635eafc169eb9b91c5876f0f662497bb79809f4def7d93e8ca7d430602b481b120a666c5e13bc9c837ba24c71e7901c892bffd8647781fd592da,,01/11/2025 01:00:00 AM,30,NO CONTROLS,NO CONTROLS,CLEAR,"DARKNESS, LIGHTED ROAD",PARKED MOTOR VEHICLE,ONE-WAY,,STRAIGHT AND LEVEL,ICE,NO DEFECTS,,NO INJURY / DRIVE AWAY,,,,"OVER $1,500",01/11/2025 01:00:00 AM,WEATHER,NOT APPLICABLE,9100,S,BALTIMORE AVE,424.0,,,,,,,3,NO INDICATION OF INJURY,0.0,0.0,0.0,0.0,0.0,1.0,0.0,1,7,1,41.730011059,-87.548642712,POINT (-87.548642711603 41.730011059303),2025-01-11 01:00:00