CRASH_RECORD_ID,CRASH_DATE_EST_I,CRASH_DATE,POSTED_SPEED_LIMIT,TRAFFIC_CONTROL_DEVICE,DEVICE_CONDITION,WEATHER_CONDITION,LIGHTING_CONDITION,FIRST_CRASH_TYPE,TRAFFICWAY_TYPE,LANE_CNT,ALIGNMENT,ROADWAY_SURFACE_COND,ROAD_DEFECT,REPORT_TYPE,CRASH_TYPE,INTERSECTION_RELATED_I,NOT_RIGHT_OF_WAY_I,HIT_AND_RUN_I,DAMAGE,DATE_POLICE_NOTIFIED,PRIM_CONTRIBUTORY_CAUSE,SEC_CONTRIBUTORY_CAUSE,STREET_NO,STREET_DIRECTION,STREET_NAME,BEAT_OF_OCCURRENCE,PHOTOS_TAKEN_I,STATEMENTS_TAKEN_I,DOORING_I,WORK_ZONE_I,WORK_ZONE_TYPE,WORKERS_PRESENT_I,NUM_UNITS,MOST_SEVERE_INJURY,INJURIES_TOTAL,INJURIES_FATAL,INJURIES_INCAPACITATING,INJURIES_NON_INCAPACITATING,INJURIES_REPORTED_NOT_EVIDENT,INJURIES_NO_INDICATION,INJURIES_UNKNOWN,CRASH_HOUR,CRASH_DAY_OF_WEEK,CRASH_MONTH,LATITUDE,LONGITUDE,LOCATION,timestamp
86b2ff4fa38f8e3f8952ebcf180a0a05eb7eb5411c4d6b1ff9a0a25c2f6b03fb23ee281af74d27df76e6434ef42907866fc957ce05f61a1532dd7d419f51ceb5,,01/11/2025 01:00:00 AM,30,UNKNOWN,UNKNOWN,UNKNOWN,UNKNOWN,ANGLE,UNKNOWN,,STRAIGHT AND LEVEL,UNKNOWN,UNKNOWN,NOT ON SCENE (DESK REPORT),NO INJURY / DRIVE AWAY,,,Y,$500 OR LESS,01/12/2025 02:42:00 PM,UNABLE TO DETERMINE,UNABLE TO DETERMINE,200,N,OGDEN AVE,1215.0,,,,,,,2,NO INDICATION OF INJURY,0.0,0.0,0.0,0.0,0.0,2.0,0.0,1,7,1,41.885474901,-87.662805185,POINT (-87.662805184738 41.885474900515),2025-01-11 01:00:00
c8296998ff1840fc04204bce73aedb29e523c493f55d08d843ccb51c421fb266ab9cf21abdadb42583e6ee3d4ac20f59f9fac71b3d3cc4e91c8bd7621a8abdd2,Y,01/11/2025 01:00:00 AM,30,NO CONTROLS,NO CONTROLS,UNKNOWN,DARKNESS,PARKED MOTOR VEHICLE,NOT DIVIDED,,STRAIGHT AND LEVEL,UNKNOWN,UNKNOWN,NOT ON SCENE (DESK REPORT),INJURY AND / OR TOW DUE TO CRASH,,,Y,"OVER $1,500",01/11/2025 05:00:00 PM,UNABLE TO DETERMINE,UNABLE TO DETERMINE,3042,W,WASHINGTON BLVD,1222.0,,,,,,,2,NO INDICATION OF INJURY,0.0,0.0,0.0,0.0,0.0,1.0,0.0,1,7,1,41.882938719,-87.70298147,POINT (-87.702981470321 41.882938719294),2025-01-11 01:00:00
d0a8e69588add88ecce072a1d715972f160238e3442d708fca2b7eac0720797ddea92199cc08e96ff822f41f29fe9934bb770214196aad8f40e61c3af143d368,,01/11/2025 12:55:00 AM,30,NO CONTROLS,NO CONTROLS,SNOW,"DARKNESS, LIGHTED ROAD",FIXED OBJECT,DIVIDED - W/MEDIAN (NOT RAISED),,STRAIGHT ON GRADE,WET,NO DEFECTS,ON SCENE,INJURY AND / OR TOW DUE TO CRASH,,,,"$501 - $1,500",01/11/2025 12:57:00 AM,WEATHER,NOT APPLICABLE,3904,S,WESTERN AVE,921.0,,,,,,,1,NONINCAPACITATING INJURY,2.0,0.0,0.0,2.0,0.0,1.0,0.0,0,7,1,41.822887094,-87.684984771,POINT (-87.684984771477 41.822887094124),2025-01-11 00:55:00
f7ce65e2f2351de3b2eab810eaeb87e0caca10ed5657bf17a95ef99d1a1b233d689bb000a300b1973375060a7ac8388a6ba6e5dcbe188a670b29167795d648f3,,01/11/2025 12:50:00 AM,30,UNKNOWN,UNKNOWN,SNOW,"DARKNESS, LIGHTED ROAD",SIDESWIPE SAME DIRECTION,DIVIDED - W/MEDIAN BARRIER,,STRAIGHT AND LEVEL,SNOW OR SLUSH,UNKNOWN,ON SCENE,INJURY AND / OR TOW DUE TO CRASH,,,Y,"OVER $1,500",01/11/2025 12:52:00 AM,UNABLE TO DETERMINE,NOT APPLICABLE,50,W,71ST ST,731.0,,,,,,,2,NO INDICATION OF INJURY,0.0,0.0,0.0,0.0,0.0,4.0,0.0,0,7,1,41.765552617,-87.626824833,POINT (-87.626824833481 41.76555261653),2025-01-11 00:50:00
3f2a0f6d3b8c9a9e619356db3a109209f36d359f90c01c845b70b38c62fdb40405bcd38d55e43ce18c7f9fbb0c759b72488e3d0b360afb272ef96759c0bdebd5,,01/11/2025 12:48:00 AM,40,NO CONTROLS,NO CONTROLS,CLEAR,"DARKNESS, LIGHTED ROAD",FIXED OBJECT,DIVIDED - W/MEDIAN BARRIER,,STRAIGHT AND LEVEL,WET,NO DEFECTS,ON SCENE,INJURY AND / OR TOW DUE TO CRASH,,,,"OVER $1,500",01/11/2025 12:49:00 AM,DISTRACTION - FROM INSIDE VEHICLE,DRIVING SKILLS/KNOWLEDGE/EXPERIENCE,860,N,LAKE SHORE DR SB,1833.0,,,,,,,1,NO INDICATION OF INJURY,0.0,0.0,0.0,0.0,0.0,1.0,0.0,0,7,1,41.898341319,-87.618057856,POINT (-87.618057855957 41.898341319021),2025-01-11 00:48:00
63bd4f957046482824caeb1b506906795e238b680b8297531fe1237e9362c958afbc8796ddd4adc066876a39c35ed59784bce832ac868b4035e7ce21e0cfa2d2,,01/11/2025 12:35:00 AM,30,NO CONTROLS,NO CONTROLS,SNOW,"DARKNESS, LIGHTED ROAD",REAR END,NOT DIVIDED,,STRAIGHT AND LEVEL,SNOW OR SLUSH,NO DEFECTS,ON SCENE,INJURY AND / OR TOW DUE TO CRASH,,,,"OVER $1,500",01/11/2025 12:35:00 AM,FOLLOWING TOO CLOSELY,FAILING TO REDUCE SPEED TO AVOID CRASH,2330,W,119TH ST,2212.0,,,,,,,2,NONINCAPACITATING INJURY,2.0,0.0,0.0,1.0,1.0,0.0,0.0,0,7,1,41.677351633,-87.680203094,POINT (-87.680203094016 41.677351633123),2025-01-11 00:35:00
babaa799a9738a09588b76752eb650694d0f2cc4f442e19c744f00e03d214fd1d2b6faf171075cb122249207b382dc37f77c51ea64553ec369a144d2ed5c76b0,,01/11/2025 12:30:00 AM,30,NO CONTROLS,NO CONTROLS,SNOW,"DARKNESS, LIGHTED ROAD",FIXED OBJECT,DIVIDED - W/MEDIAN (NOT RAISED),,STRAIGHT AND LEVEL,SNOW OR SLUSH,NO DEFECTS,ON SCENE,INJURY AND / OR TOW DUE TO CRASH,,,,"OVER $1,500",01/11/2025 12:39:00 AM,WEATHER,NOT APPLICABLE,6825,S,HALSTED ST,723.0,N,,,,,,1,NO INDICATION OF INJURY,0.0,0.0,0.0,0.0,0.0,1.0,0.0,0,7,1,41.769889047,-87.64438614,POINT (-87.644386139667 41.769889046974),2025-01-11 00:30:00
f1f1d09cb88ecd6b29db8b87e4be9adcee126d0cfb931c85887d678ba39e5bc3a999346471990eb0e51c412772c23ed544b410fc13bc4577630a280b05c8ae75,,01/11/2025 12:23:00 AM,25,NO CONTROLS,NO CONTROLS,SNOW,"DARKNESS, LIGHTED ROAD",HEAD ON,ALLEY,,STRAIGHT AND LEVEL,SNOW OR SLUSH,NO DEFECTS,NOT ON SCENE (DESK REPORT),NO INJURY / DRIVE AWAY,,,Y,"$501 - $1,500",01/11/2025 12:23:00 AM,UNABLE TO DETERMINE,UNABLE TO DETERMINE,341,S,SACRAMENTO BLVD,1124.0,,,,,,,2,NO INDICATION OF INJURY,0.0,0.0,0.0,0.0,0.0,6.0,0.0,0,7,1,41.876111145,-87.700940305,POINT (-87.700940304734 41.876111145023),2025-01-11 00:23:00
568847a1fe75709aa761258c229c051145cf5cad26d518ab775bf283fd3cbc2f16e2d92d582aecc3f085fa83a7f15a1b17fff7b675f8c5fa682517f82f9a6563,,01/11/2025 12:20:00 AM,30,NO CONTROLS,NO CONTROLS,SNOW,"DARKNESS, LIGHTED ROAD",PARKED MOTOR VEHICLE,ONE-WAY,,STRAIGHT AND LEVEL,SNOW OR SLUSH,NO DEFECTS,ON SCENE,INJURY AND / OR TOW DUE TO CRASH,,,N,"OVER $1,500",01/11/2025 12:28:00 AM,IMPROPER BACKING,NOT APPLICABLE,4053,W,CULLERTON ST,1012.0,,,,,,,2,NO INDICATION OF INJURY,0.0,0.0,0.0,0.0,0.0,6.0,0.0,0,7,1,41.854269251,-87.726915535,POINT (-87.726915535266 41.854269250856),2025-01-11 00:20:00
60b57fc7db841bb6fc490785025795f971fd7c2c045dd9afeab8ec2643b293c7c04d16c604353f7775722951d9602aa7d011aff5017bfd98e936eaad56be5769,,01/10/2025 11:50:00 PM,30,TRAFFIC SIGNAL,UNKNOWN,UNKNOWN,DUSK,REAR END,OTHER,,STRAIGHT AND LEVEL,UNKNOWN,UNKNOWN,NOT ON SCENE (DESK REPORT),NO INJURY / DRIVE AWAY,,,Y,"$501 - $1,500",01/11/2025 01:50:00 PM,UNABLE TO DETERMINE,NOT APPLICABLE,11859,S,MARSHFIELD AVE,2234.0,,,,,,,2,NO INDICATION OF INJURY,0.0,0.0,0.0,0.0,0.0,2.0,0.0,23,6,1,41.677620331,-87.662326437,POINT (-87.662326437356 41.677620330949),2025-01-10 23:50:00
3795974475d04fe8007e8a8c04d80ab8d2ff08bbfe8dedb0046f346643e73ad26c1e680ec6b5cc50f7e950dc230c216a75be0476faa768b90499c8d248a9059b,,01/10/2025 11:41:00 PM,30,TRAFFIC SIGNAL,FUNCTIONING PROPERLY,SNOW,"DARKNESS, LIGHTED ROAD",ANGLE,FOUR WAY,,STRAIGHT AND LEVEL,SNOW OR SLUSH,UNKNOWN,ON SCENE,NO INJURY / DRIVE AWAY,Y,,Y,"$501 - $1,500",01/10/2025 11:54:00 PM,UNABLE TO DETERMINE,UNABLE TO DETERMINE,3950,W,ADDISON ST,1732.0,Y,Y,,,,,2,NO INDICATION OF INJURY,0.0,0.0,0.0,0.0,0.0,2.0,0.0,23,6,1,41.946487653,-87.727024824,POINT (-87.727024823896 41.94648765259),2025-01-10 23:41:00
01edf7ba979ef12e0fb389d19dd294af43b1a63db84397634cb78b6f20b0591191ea504c1701e1748728a504f4b944ef3ca317bd67801ab0846d71fae4339850,,01/10/2025 11:30:00 PM,30,NO CONTROLS,NO CONTROLS,CLEAR,"DARKNESS, LIGHTED ROAD",FIXED OBJECT,NOT DIVIDED,,STRAIGHT AND LEVEL,SNOW OR SLUSH,NO DEFECTS,NOT ON SCENE (DESK REPORT),NO INJURY / DRIVE AWAY,,,,"OVER $1,500",01/13/2025 03:49:00 PM,NOT APPLICABLE,NOT APPLICABLE,5100,S,PRINCETON AVE,935.0,,,,,,,1,NO INDICATION OF INJURY,0.0,0.0,0.0,0.0,0.0,2.0,0.0,23,6,1,41.801761752,-87.63332872,POINT (-87.633328719836 41.801761751509),2025-01-10 23:30:00
efbb8dac9fd3cecf350109c8bab1048ee649d0e07992fb56af015e8b4327304c4d312e6415f5066bc7233cd7fa51d39940616267a7b41e675aea60f988b1ecb7,,01/10/2025 11:30:00 PM,30,STOP SIGN/FLASHER,FUNCTIONING PROPERLY,BLOWING SNOW,"DARKNESS, LIGHTED ROAD",ANGLE,FOUR WAY,,STRAIGHT AND LEVEL,WET,NO DEFECTS,ON SCENE,NO INJURY / DRIVE AWAY,,,Y,"OVER $1,500",01/10/2025 11:50:00 PM,DISREGARDING STOP SIGN,FAILING TO YIELD RIGHT-OF-WAY,830,E,MARQUETTE RD,321.0,,,,,,,2,NO INDICATION OF INJURY,0.0,0.0,0.0,0.0,0.0,2.0,0.0,23,6,1,41.775083288,-87.604652237,POINT (-87.604652237248 41.77508328778),2025-01-10 23:30:00
91c51fb88df34cfbb15c13e88b12d359f77e987710d63194fe43f8fdd374b71b35fbe75b13327fad832086c3a3e6572752a158673a97c3870985944b7eab50e3,,01/10/2025 11:27:00 PM,30,STOP SIGN/FLASHER,FUNCTIONING PROPERLY,SNOW,"DARKNESS, LIGHTED ROAD",PARKED MOTOR VEHICLE,ONE-WAY,,STRAIGHT AND LEVEL,SNOW OR SLUSH,NO DEFECTS,ON SCENE,NO INJURY / DRIVE AWAY,,,,"$501 - $1,500",01/10/2025 11:35:00 PM,UNABLE TO DETERMINE,NOT APPLICABLE,3659,N,NOTTINGHAM AVE,1632.0,,,,,,,3,NO INDICATION OF INJURY,0.0,0.0,0.0,0.0,0.0,1.0,0.0,23,6,1,41.947040967,-87.80446203,POINT (-87.804462030301 41.947040967496),2025-01-10 23:27:00
2a408ee2de89495be4b40c99991209519a88ac11f3f7a4aff54b978ae71d6aa17693bae33c084bfc5f4941fa77bebaaf06add9a8c0c4c7cf7162a97ba5aa6e60,,01/10/2025 11:00:00 PM,40,NO CONTROLS,NO CONTROLS,CLEAR,"DARKNESS, LIGHTED ROAD",SIDESWIPE SAME DIRECTION,DIVIDED - W/MEDIAN BARRIER,,STRAIGHT AND LEVEL,DRY,NO DEFECTS,NOT ON SCENE (DESK REPORT),NO INJURY / DRIVE AWAY,,,Y,"OVER $1,500",01/11/2025 09:45:00 AM,UNABLE TO DETERMINE,UNABLE TO DETERMINE,1000,N,LAKE SHORE DR NB,1824.0,,,,,,,2,NO INDICATION OF INJURY,0.0,0.0,0.0,0.0,0.0,2.0,0.0,23,6,1,41.900958919,-87.619928174,POINT (-87.619928173678 41.900958919109),2025-01-10 23:00:00
d3adfa06079dda8b47c63728eceab7c76379380beab47644b79022c2a5840a0568e1fcc1e829f621bffc183c1d294140ed57d9c082863ed49daec8af22add9ca,Y,01/10/2025 11:00:00 PM,30,NO CONTROLS,NO CONTROLS,SNOW,"DARKNESS, LIGHTED ROAD",REAR END,NOT DIVIDED,,STRAIGHT AND LEVEL,WET,NO DEFECTS,NOT ON SCENE (DESK REPORT),NO INJURY / DRIVE AWAY,,,,"$501 - $1,500",01/10/2025 11:27:00 PM,NOT APPLICABLE,NOT APPLICABLE,2490,N,MILWAUKEE AVE,1414.0,,,,,,,2,NO INDICATION OF INJURY,0.0,0.0,0.0,0.0,0.0,2.0,0.0,23,6,1,41.926525864,-87.703484378,POINT (-87.70348437837 41.92652586366),2025-01-10 23:00:00
476a4df7da3291ee0c65962c63de9975bacd3e50414b085e783d20acb97d3323118924e8745190ef6285eaec19d7675ef1275c822f931ffe7c8598f909842e98,,01/10/2025 10:58:00 PM,30,NO CONTROLS,NO CONTROLS,SNOW,"DARKNESS, LIGHTED ROAD",PARKED MOTOR VEHICLE,NOT DIVIDED,,STRAIGHT AND LEVEL,SNOW OR SLUSH,NO DEFECTS,ON SCENE,NO INJURY / DRIVE AWAY,,,,"OVER $1,500",01/10/2025 10:58:00 PM,UNABLE TO DETERMINE,DRIVING SKILLS/KNOWLEDGE/EXPERIENCE,7409,W,PALATINE AVE,1612.0,,,,,,,3,NO INDICATION OF INJURY,0.0,0.0,0.0,0.0,0.0,1.0,0.0,22,6,1,41.995325516,-87.812359937,POINT (-87.8123599371 41.995325515665),2025-01-10 22:58:00
34579e27ed96636a2370ac7dc26477e72fd2be855b4e5ab726c9b63dc62e25c01f2607b8125a7c7a4df03ec41c1af5007af7a5b823ea296bf65ca00cea972f8d,,01/10/2025 10:55:00 PM,15,TRAFFIC SIGNAL,FUNCTIONING PROPERLY,BLOWING SNOW,"DARKNESS, LIGHTED ROAD",TURNING,NOT DIVIDED,,STRAIGHT AND LEVEL,WET,NO DEFECTS,ON SCENE,INJURY AND / OR TOW DUE TO CRASH,Y,,,"OVER $1,500",01/10/2025 11:01:00 PM,IMPROPER TURNING/NO SIGNAL,NOT APPLICABLE,1200,W,MARQUETTE RD,724.0,,,,,,,2,NONINCAPACITATING INJURY,3.0,0.0,0.0,2.0,1.0,0.0,0.0,22,6,1,41.772441793,-87.654373236,POINT (-87.654373236431 41.772441793368),2025-01-10 22:55:00
7aef71d047949df3ef63cac6df68bd4b8d8423d24275f55b4188130890c2b860b6f4e1e57e297d21ece4b7d82fdde35916890fc2337ffe5fc81e892dc10d96be,,01/10/2025 10:48:00 PM,30,NO CONTROLS,NO CONTROLS,SNOW,"DARKNESS, LIGHTED ROAD",TURNING,DIVIDED - W/MEDIAN (NOT RAISED),,STRAIGHT ON GRADE,WET,NO DEFECTS,ON SCENE,NO INJURY / DRIVE AWAY,,,,"$501 - $1,500",01/10/2025 10:56:00 PM,FAILING TO YIELD RIGHT-OF-WAY,NOT APPLICABLE,2409,W,47TH ST,922.0,,,,,,,2,NO INDICATION OF INJURY,0.0,0.0,0.0,0.0,0.0,4.0,0.0,22,6,1,41.808321599,-87.684860984,POINT (-87.684860984154 41.808321599389),2025-01-10 22:48:00
d3907bfc11c4c676f0cb146128f69286689b148359d2e145c46697df4ab272cd21b8338cc952a9e10c52c472b8b379864fbea2be1dc51e566fea4bbedb03cdae,,01/10/2025 10:45:00 PM,30,STOP SIGN/FLASHER,FUNCTIONING PROPERLY,CLEAR,DAYLIGHT,TURNING,NOT DIVIDED,,STRAIGHT AND LEVEL,SNOW OR SLUSH,NO DEFECTS,,INJURY AND / OR TOW DUE TO CRASH,,,N,"OVER $1,500",01/11/2025 08:25:00 AM,UNABLE TO DETERMINE,NOT APPLICABLE,3158,W,21ST ST,1022.0,,,,,,,2,"REPORTED, NOT EVIDENT",1.0,0.0,0.0,0.0,1.0,1.0,0.0,22,6,1,41.85369557,-87.705243044,POINT (-87.705243043588 41.853695570315),2025-01-10 22:45:00
09b2e6e8687111d322e51c11f90856f7430846d24659f176689ac6a72f834594fe926133364c6268b2892f351667130af0f99670606ade2b357e2fc6fcfc95ff,,01/10/2025 10:35:00 PM,15,NO CONTROLS,NO CONTROLS,CLEAR,"DARKNESS, LIGHTED ROAD",REAR TO SIDE,PARKING LOT,,STRAIGHT AND LEVEL,DRY,NO DEFECTS,NOT ON SCENE (DESK REPORT),NO INJURY / DRIVE AWAY,,Y,,"OVER $1,500",01/11/2025 08:40:00 PM,IMPROPER BACKING,FAILING TO YIELD RIGHT-OF-WAY,333,E,BENTON PL,114.0,,,,,,,2,NO INDICATION OF INJURY,0.0,0.0,0.0,0.0,0.0,2.0,0.0,22,6,1,41.885390047,-87.618986712,POINT (-87.61898671164 41.88539004667),2025-01-10 22:35:00
288327edafeeb64d14a826f37457f237f976c2017de83cad1622aee57d45e09ef15d8912ee55e8c7fa35c65c45a7d9da8a410f1a615c2d147a5255840c8d6d33,,01/10/2025 10:30:00 PM,30,NO CONTROLS,NO CONTROLS,SNOW,"DARKNESS, LIGHTED ROAD",PARKED MOTOR VEHICLE,NOT DIVIDED,,STRAIGHT AND LEVEL,SNOW OR SLUSH,NO DEFECTS,NOT ON SCENE (DESK REPORT),NO INJURY / DRIVE AWAY,,,,"OVER $1,500",01/11/2025 01:44:00 PM,NOT APPLICABLE,NOT APPLICABLE,5200,W,54TH ST,814.0,,,,,,,2,NO INDICATION OF INJURY,0.0,0.0,0.0,0.0,0.0,1.0,0.0,22,6,1,41.794798838,-87.752620942,POINT (-87.752620941632 41.794798838245),2025-01-10 22:30:00
27293554fd04f33715b8045aa47e9991e437fdd3144790992fde75ee5ac8a9b2e190c74a88184abc4d3a01f4ea852bf3537c361ce96008dbc96a2e71a6a2446c,,01/10/2025 10:19:00 PM,30,TRAFFIC SIGNAL,FUNCTIONING PROPERLY,SNOW,"DARKNESS, LIGHTED ROAD",TURNING,NOT DIVIDED,,STRAIGHT AND LEVEL,WET,NO DEFECTS,ON SCENE,INJURY AND / OR TOW DUE TO CRASH,Y,,,"OVER $1,500",01/10/2025 10:20:00 PM,FAILING TO YIELD RIGHT-OF-WAY,NOT APPLICABLE,2400,W,PETERSON AVE,2413.0,,,,,,,2,NONINCAPACITATING INJURY,1.0,0.0,0.0,1.0,0.0,2.0,0.0,22,6,1,41.99060901,-87.689735481,POINT (-87.68973548093 41.990609009807),2025-01-10 22:19:00
ac8a3337c37ff3a60a678bc2277c2e8bc53ffd7daa3b54b2da421d8e0f55cc0f04efc665d4c3e6f047779347cd687fce2f5efa072cc792c3b8e4ea41cabd40e8,,01/10/2025 10:16:00 PM,30,TRAFFIC SIGNAL,FUNCTIONING PROPERLY,CLEAR,"DARKNESS, LIGHTED ROAD",TURNING,FOUR WAY,,STRAIGHT AND LEVEL,WET,NO DEFECTS,ON SCENE,INJURY AND / OR TOW DUE TO CRASH,Y,,,"OVER $1,500",01/10/2025 10:18:00 PM,DISREGARDING TRAFFIC SIGNALS,NOT APPLICABLE,2801,W,TOUHY AVE,2411.0,,,,,,,2,NO INDICATION OF INJURY,0.0,0.0,0.0,0.0,0.0,2.0,0.0,22,6,1,42.011953888,-87.699830232,POINT (-87.699830231991 42.011953888438),2025-01-10 22:16:00
094506d48d04669ac16fe9f154d6423dc8a44a9406be0f122959e4e5ffa42b733085d87b9dc8be61d67b02b2dfa53a53f29dc1f70b4819702337577093f1cd74,,01/10/2025 10:14:00 PM,30,STOP SIGN/FLASHER,FUNCTIONING PROPERLY,SNOW,"DARKNESS, LIGHTED ROAD",TURNING,NOT DIVIDED,,STRAIGHT AND LEVEL,SNOW OR SLUSH,NO DEFECTS,ON SCENE,INJURY AND / OR TOW DUE TO CRASH,,,Y,"OVER $1,500",01/10/2025 10:18:00 PM,FAILING TO REDUCE SPEED TO AVOID CRASH,"OPERATING VEHICLE IN ERRATIC, RECKLESS, CARELESS, NEGLIGENT OR AGGRESSIVE MANNER",8200,S,HALSTED ST,613.0,,Y,,,,,2,NO INDICATION OF INJURY,0.0,0.0,0.0,0.0,0.0,2.0,0.0,22,6,1,41.745095262,-87.644026452,POINT (-87.644026452282 41.745095261523),2025-01-10 22:14:00
defb73bd9c0e0ad2abcedcdcac3171165d2ec8f168cf30e369ffe2613e7157eae8928124bbb5f1541f91f3f688fbcd602c8a982904d72e18876db23fcc72a770,,01/10/2025 10:11:00 PM,35,TRAFFIC SIGNAL,FUNCTIONING PROPERLY,SNOW,"DARKNESS, LIGHTED ROAD",FIXED OBJECT,DIVIDED - W/MEDIAN (NOT RAISED),,STRAIGHT AND LEVEL,SNOW OR SLUSH,NO DEFECTS,ON SCENE,INJURY AND / OR TOW DUE TO CRASH,,,Y,"OVER $1,500",01/10/2025 10:11:00 PM,NOT APPLICABLE,NOT APPLICABLE,2417,W,PERSHING RD,921.0,,,,,,,1,NO INDICATION OF INJURY,0.0,0.0,0.0,0.0,0.0,1.0,0.0,22,6,1,41.822852818,-87.685680932,POINT (-87.685680932347 41.822852818308),2025-01-10 22:11:00
3dc279233844b3be1b4a1753d8912d3af2e7fdc19431cedbce13ac0eced735823c150337eed67dad6dfa136c631a6465f88830b02fa12127312ec6fae9a97d46,,01/10/2025 10:03:00 PM,30,TRAFFIC SIGNAL,UNKNOWN,SNOW,"DARKNESS, LIGHTED ROAD",TURNING,DIVIDED - W/MEDIAN BARRIER,,STRAIGHT ON GRADE,SNOW OR SLUSH,UNKNOWN,ON SCENE,NO INJURY / DRIVE AWAY,Y,,,"OVER $1,500",01/10/2025 10:54:00 PM,DISREGARDING TRAFFIC SIGNALS,NOT APPLICABLE,499,S,LA SALLE ST,122.0,,,,,,,2,NO INDICATION OF INJURY,0.0,0.0,0.0,0.0,0.0,2.0,0.0,22,6,1,41.875663923,-87.631583438,POINT (-87.631583437649 41.875663922745),2025-01-10 22:03:00
9bd9bfd89c5e126fb01d3d53e105383be523e734cf7f36acb14dd0b58bcd3228a6f5908c58d9cf21ff45aaf5ae56d9c8045b7192c3a45f8bdc87032bda4af3dd,,01/10/2025 10:03:00 PM,30,TRAFFIC SIGNAL,FUNCTIONING PROPERLY,SNOW,"DARKNESS, LIGHTED ROAD",ANGLE,FOUR WAY,,STRAIGHT AND LEVEL,SNOW OR SLUSH,NO DEFECTS,ON SCENE,NO INJURY / DRIVE AWAY,,,,"OVER $1,500",01/10/2025 10:10:00 PM,DISREGARDING TRAFFIC SIGNALS,NOT APPLICABLE,2000,W,BELMONT AVE,1921.0,,,,,,,2,NO INDICATION OF INJURY,0.0,0.0,0.0,0.0,0.0,2.0,0.0,22,6,1,41.939681194,-87.678478773,POINT (-87.678478772739 41.939681194318),2025-01-10 22:03:00
ab4a6d86facd85dc58eefa12356eadc9a43b77671dba50d50ad06b4b2be79a637cfc1bb0e8b4c29d6c5e7b3afa29c41da9d6e9d1319f825d4215f6789d08205d,,01/10/2025 10:00:00 PM,30,NO CONTROLS,NO CONTROLS,SNOW,"DARKNESS, LIGHTED ROAD",PARKED MOTOR VEHICLE,ONE-WAY,,STRAIGHT AND LEVEL,WET,UNKNOWN,NOT ON SCENE (DESK REPORT),NO INJURY / DRIVE AWAY,,,Y,"OVER $1,500",01/13/2025 01:20:00 PM,UNABLE TO DETERMINE,UNABLE TO DETERMINE,4141,W,HIRSCH ST,2534.0,,,,,,,2,NO INDICATION OF INJURY,0.0,0.0,0.0,0.0,0.0,1.0,0.0,22,6,1,41.906119319,-87.730532075,POINT (-87.730532074858 41.906119319243),2025-01-10 22:00:00
fe95abc73fd23d1670d8f51ba3a97782e226ef58125173ba5026f15f677a1d611dbe3936de27c6d2f35061e64f330e551b36658393d19026d137dd8cb4107bae,,01/10/2025 10:00:00 PM,20,NO CONTROLS,NO CONTROLS,SNOW,DARKNESS,PARKED MOTOR VEHICLE,NOT DIVIDED,,STRAIGHT AND LEVEL,WET,NO DEFECTS,NOT ON SCENE (DESK REPORT),NO INJURY / DRIVE AWAY,,,Y,"OVER $1,500",01/11/2025 11:30:00 AM,UNABLE TO DETERMINE,UNABLE TO DETERMINE,5300,S,MAPLEWOOD AVE,923.0,,,,,,,2,NO INDICATION OF INJURY,0.0,0.0,0.0,0.0,0.0,1.0,0.0,22,6,1,41.79732835,-87.687945103,POINT (-87.687945102863 41.79732834961),2025-01-10 22:00:00
6b8d032f3a20dbac5197282cc287410dcd540cb2aece529d9d85aea02ee971c714271b5d581bbaf68888e60f920753e9fa23e36ccb695a8f4c8b064c67fb5121,,01/10/2025 09:59:00 PM,30,TRAFFIC SIGNAL,FUNCTIONING PROPERLY,SNOW,"DARKNESS, LIGHTED ROAD",ANGLE,DIVIDED - W/MEDIAN (NOT RAISED),,STRAIGHT AND LEVEL,SNOW OR SLUSH,NO DEFECTS,ON SCENE,INJURY AND / OR TOW DUE TO CRASH,Y,,,"OVER $1,500",01/10/2025 09:59:00 PM,WEATHER,WEATHER,1600,S,KOSTNER AVE,1012.0,,,,,,,2,NONINCAPACITATING INJURY,1.0,0.0,0.0,1.0,0.0,1.0,0.0,21,6,1,41.858681849,-87.734880643,POINT (-87.734880642816 41.858681848973),2025-01-10 21:59:00