CRASH_RECORD_ID,CRASH_DATE_EST_I,CRASH_DATE,POSTED_SPEED_LIMIT,TRAFFIC_CONTROL_DEVICE,DEVICE_CONDITION,WEATHER_CONDITION,LIGHTING_CONDITION,FIRST_CRASH_TYPE,TRAFFICWAY_TYPE,LANE_CNT,ALIGNMENT,ROADWAY_SURFACE_COND,ROAD_DEFECT,REPORT_TYPE,CRASH_TYPE,INTERSECTION_RELATED_I,NOT_RIGHT_OF_WAY_I,HIT_AND_RUN_I,DAMAGE,DATE_POLICE_NOTIFIED,PRIM_CONTRIBUTORY_CAUSE,SEC_CONTRIBUTORY_CAUSE,STREET_NO,STREET_DIRECTION,STREET_NAME,BEAT_OF_OCCURRENCE,PHOTOS_TAKEN_I,STATEMENTS_TAKEN_I,DOORING_I,WORK_ZONE_I,WORK_ZONE_TYPE,WORKERS_PRESENT_I,NUM_UNITS,MOST_SEVERE_INJURY,INJURIES_TOTAL,INJURIES_FATAL,INJURIES_INCAPACITATING,INJURIES_NON_INCAPACITATING,INJURIES_REPORTED_NOT_EVIDENT,INJURIES_NO_INDICATION,INJURIES_UNKNOWN,CRASH_HOUR,CRASH_DAY_OF_WEEK,CRASH_MONTH,LATITUDE,LONGITUDE,LOCATION,timestamp
1fb958c554b01d43a0515d065388f3bf9c846aea2eeeffd87c2fb9a755b75a58d8116dee55353a6a40ce306e059bc647efd107f6005275f538e1c545980ef1de,,01/10/2025 09:52:00 PM,30,TRAFFIC SIGNAL,FUNCTIONING PROPERLY,SNOW,"DARKNESS, LIGHTED ROAD",REAR END,NOT DIVIDED,,STRAIGHT AND LEVEL,SNOW OR SLUSH,UNKNOWN,NOT ON SCENE (DESK REPORT),NO INJURY / DRIVE AWAY,,,,"$501 - $1,500",01/10/2025 10:25:00 PM,UNABLE TO DETERMINE,UNABLE TO DETERMINE,1798,W,ADDISON ST,1922.0,,,,,,,2,NO INDICATION OF INJURY,0.0,0.0,0.0,0.0,0.0,2.0,0.0,21,6,1,41.947033452,-87.674004067,POINT (-87.674004066605 41.947033452069),2025-01-10 21:52:00
c9f702ca1dd6048c38b3ee375f421017ef1bc3f9ab7312492791d2612009fbed9301ee5e1604f7cf846564dc967fc3a8b7cdfc4af97898f4a38913ebb4726b47,,01/10/2025 09:52:00 PM,30,TRAFFIC SIGNAL,FUNCTIONING PROPERLY,CLEAR,DARKNESS,REAR END,NOT DIVIDED,,STRAIGHT AND LEVEL,SNOW OR SLUSH,NO DEFECTS,ON SCENE,INJURY AND / OR TOW DUE TO CRASH,,,Y,"OVER $1,500",01/10/2025 09:55:00 PM,UNABLE TO DETERMINE,UNABLE TO DETERMINE,600,E,PERSHING RD,212.0,,,,,,,2,NONINCAPACITATING INJURY,1.0,0.0,0.0,1.0,0.0,1.0,0.0,21,6,1,41.824002412,-87.612487753,POINT (-87.61248775281 41.824002411663),2025-01-10 21:52:00
d0cbb9262257336540c63330206edb3e6bb1de2ca695b7c2846f9a021f15fd183921e22efa05330414ddbd40b840a43bfb7b554121615c41f5e169da95650a0a,,01/10/2025 09:50:00 PM,30,UNKNOWN,UNKNOWN,SNOW,"DARKNESS, LIGHTED ROAD",PARKED MOTOR VEHICLE,NOT DIVIDED,,STRAIGHT AND LEVEL,SNOW OR SLUSH,NO DEFECTS,ON SCENE,NO INJURY / DRIVE AWAY,,,Y,"OVER $1,500",01/10/2025 10:00:00 PM,WEATHER,WEATHER,3500,S,CALIFORNIA AVE,911.0,,,,,,,2,NO INDICATION OF INJURY,0.0,0.0,0.0,0.0,0.0,1.0,0.0,21,6,1,41.830027284,-87.694937839,POINT (-87.69493783907 41.830027283593),2025-01-10 21:50:00
c1b951531a88eb24f23693e1fb4937a3ea3ef1ef84c344acba5c7ce71d2348c422b26ed5574731989e337019bb4626b5c9da3c5e65b2dc44853e849e4bd694a1,,01/10/2025 09:43:00 PM,30,OTHER WARNING SIGN,FUNCTIONING PROPERLY,SNOW,"DARKNESS, LIGHTED ROAD",PARKED MOTOR VEHICLE,DIVIDED - W/MEDIAN BARRIER,,STRAIGHT AND LEVEL,SNOW OR SLUSH,NO DEFECTS,ON SCENE,NO INJURY / DRIVE AWAY,,,,$500 OR LESS,01/10/2025 09:43:00 PM,DRIVING SKILLS/KNOWLEDGE/EXPERIENCE,IMPROPER BACKING,3499,W,63RD ST,823.0,,,,,,,2,NO INDICATION OF INJURY,0.0,0.0,0.0,0.0,0.0,1.0,0.0,21,6,1,41.778745696,-87.710286118,POINT (-87.710286117995 41.778745695597),2025-01-10 21:43:00
2ae4428c406b9b783cbc1272a3cf87eaa1851bc73f24c6a344f844fc02e1ac93dfd149ca02b77a3ed92bc2375c41b5d010fbd187b52c7de6706849a176ed60cd,,01/10/2025 09:34:00 PM,25,STOP SIGN/FLASHER,FUNCTIONING PROPERLY,SNOW,"DARKNESS, LIGHTED ROAD",FIXED OBJECT,NOT DIVIDED,,STRAIGHT AND LEVEL,WET,UNKNOWN,ON SCENE,NO INJURY / DRIVE AWAY,Y,,,"$501 - $1,500",01/10/2025 10:13:00 PM,WEATHER,UNABLE TO DETERMINE,6200,N,KEDZIE AVE,2413.0,,,,,,,1,NO INDICATION OF INJURY,0.0,0.0,0.0,0.0,0.0,1.0,0.0,21,6,1,41.993934883,-87.709389611,POINT (-87.709389611236 41.993934883135),2025-01-10 21:34:00
52893c3cd6fae71635297f8361017b58639b03d35e4a4483797e65c72d834feef91071537babfad6940cc06facf26dd7803dacef2ce4a27ab3b5ce0ee0061c6b,,01/10/2025 09:30:00 PM,30,NO CONTROLS,NO CONTROLS,SNOW,DAYLIGHT,PARKED MOTOR VEHICLE,NOT DIVIDED,,STRAIGHT AND LEVEL,SNOW OR SLUSH,NO DEFECTS,ON SCENE,NO INJURY / DRIVE AWAY,,,Y,"OVER $1,500",01/11/2025 09:30:00 AM,UNABLE TO DETERMINE,UNABLE TO DETERMINE,4806,S,JUSTINE ST,933.0,,,,,,,2,NO INDICATION OF INJURY,0.0,0.0,0.0,0.0,0.0,1.0,0.0,21,6,1,41.806535857,-87.663841272,POINT (-87.663841271884 41.806535857182),2025-01-10 21:30:00
20e2d5075a7427910466f660c5d38f9e04f6ad4d232e0157feed5031ae0cbc27f6df43594434fa4cfbc869bc9f76dbfed1245636c7a4f01e35533b2faa5e81c7,,01/10/2025 09:27:00 PM,30,NO CONTROLS,NO CONTROLS,SNOW,"DARKNESS, LIGHTED ROAD",PARKED MOTOR VEHICLE,NOT DIVIDED,,STRAIGHT AND LEVEL,SNOW OR SLUSH,NO DEFECTS,ON SCENE,INJURY AND / OR TOW DUE TO CRASH,,,,"OVER $1,500",01/10/2025 09:33:00 PM,WEATHER,NOT APPLICABLE,7700,S,YATES BLVD,414.0,,Y,,,,,2,NO INDICATION OF INJURY,0.0,0.0,0.0,0.0,0.0,1.0,0.0,21,6,1,41.755268487,-87.566447775,POINT (-87.56644777476 41.755268486532),2025-01-10 21:27:00
2541a47686f4b6ef7786e30e9b9cc16d56f66f11e226cb8e7b434c22f235f0d2b111300b70b2c90d63d1b8f5a9ecf9e861891565383237a6e927b1b58470ea6d,Y,01/10/2025 09:10:00 PM,30,NO CONTROLS,UNKNOWN,SNOW,"DARKNESS, LIGHTED ROAD",REAR END,NOT DIVIDED,,STRAIGHT AND LEVEL,WET,NO DEFECTS,NOT ON SCENE (DESK REPORT),NO INJURY / DRIVE AWAY,,,,"$501 - $1,500",01/10/2025 09:50:00 PM,WEATHER,WEATHER,3450,W,ARMITAGE AVE,1413.0,,,,,,,2,NO INDICATION OF INJURY,0.0,0.0,0.0,0.0,0.0,2.0,0.0,21,6,1,41.917434655,-87.713445161,POINT (-87.713445161077 41.917434654755),2025-01-10 21:10:00
313f00690aab2561d5aa29eb81352b6d54adceeccc894376d4f5f14511f3511e435e628e05db1236c23278867bb4e9c4ebc82c5ac1782e138068ed78dfa99a75,,01/10/2025 09:09:00 PM,15,NO CONTROLS,NO CONTROLS,UNKNOWN,UNKNOWN,PARKED MOTOR VEHICLE,PARKING LOT,,STRAIGHT AND LEVEL,UNKNOWN,UNKNOWN,NOT ON SCENE (DESK REPORT),NO INJURY / DRIVE AWAY,,Y,,"$501 - $1,500",01/15/2025 06:30:00 PM,UNABLE TO DETERMINE,NOT APPLICABLE,5920,N,KENMORE AVE,2022.0,,,,,,,2,NO INDICATION OF INJURY,0.0,0.0,0.0,0.0,0.0,1.0,0.0,21,6,1,41.989793149,-87.656953104,POINT (-87.656953104312 41.989793148585),2025-01-10 21:09:00
8ac22ae3954ca71252974c9ba1efbf03db5d3b45e0ea7556d6b6582dc906e78e5091b1ca2b6906ce9e6f3c918d8a67e7856e053115f1d592f511c2ba5f97d157,,01/10/2025 09:05:00 PM,40,NO CONTROLS,NO CONTROLS,SNOW,"DARKNESS, LIGHTED ROAD",SIDESWIPE SAME DIRECTION,ONE-WAY,,STRAIGHT AND LEVEL,SNOW OR SLUSH,UNKNOWN,ON SCENE,INJURY AND / OR TOW DUE TO CRASH,,,,"$501 - $1,500",01/10/2025 09:13:00 PM,WEATHER,NOT APPLICABLE,999,N,LAKE SHORE DR,1833.0,,,,,,,2,NO INDICATION OF INJURY,0.0,0.0,0.0,0.0,0.0,2.0,0.0,21,6,1,41.900943696,-87.619707942,POINT (-87.619707942312 41.900943696033),2025-01-10 21:05:00
9d0ed4f483301df13b90258667385b9fe35ba7e221ee6c62c0c2feea930761a66b309e3bd02267806461fb780457043315fb9b2dc7e001f2034bc4eedc80cf02,,01/10/2025 09:05:00 PM,30,TRAFFIC SIGNAL,FUNCTIONING PROPERLY,BLOWING SNOW,"DARKNESS, LIGHTED ROAD",TURNING,DIVIDED - W/MEDIAN (NOT RAISED),,STRAIGHT AND LEVEL,SNOW OR SLUSH,NO DEFECTS,NOT ON SCENE (DESK REPORT),INJURY AND / OR TOW DUE TO CRASH,,,Y,"OVER $1,500",01/10/2025 09:30:00 PM,FAILING TO YIELD RIGHT-OF-WAY,WEATHER,400,E,69TH ST,322.0,,,,,,,2,"REPORTED, NOT EVIDENT",1.0,0.0,0.0,0.0,1.0,1.0,0.0,21,6,1,41.769450482,-87.615297921,POINT (-87.615297920867 41.769450482452),2025-01-10 21:05:00
c0934682eaa5b03c1242656adb412d4432524cfcb6a4aa9784fa1d3e2f180caaa914cc77b561b37316220f90279f6ac9a223756f820863a5942434e2d27ea03c,,01/10/2025 09:01:00 PM,30,NO CONTROLS,UNKNOWN,SNOW,"DARKNESS, LIGHTED ROAD",PARKED MOTOR VEHICLE,ONE-WAY,,STRAIGHT AND LEVEL,WET,UNKNOWN,ON SCENE,INJURY AND / OR TOW DUE TO CRASH,,,Y,"OVER $1,500",01/10/2025 09:05:00 PM,UNABLE TO DETERMINE,UNABLE TO DETERMINE,2835,W,POPE JOHN PAUL II DR,922.0,,,,,,,4,NO INDICATION OF INJURY,0.0,0.0,0.0,0.0,0.0,1.0,0.0,21,6,1,41.815412967,-87.695796528,POINT (-87.695796528354 41.815412967001),2025-01-10 21:01:00
68e6af24765ec1277359a38b0b572b00a5c3d435c52b2bc5a88f34dd21343817c9d526b874edaf8b40b8c8ada74027412f2d5d1ca69e05575c5b9d1682cba857,N,01/10/2025 09:00:00 PM,25,NO CONTROLS,NO CONTROLS,UNKNOWN,UNKNOWN,PARKED MOTOR VEHICLE,ONE-WAY,,STRAIGHT AND LEVEL,UNKNOWN,UNKNOWN,ON SCENE,INJURY AND / OR TOW DUE TO CRASH,,,Y,"OVER $1,500",01/11/2025 04:50:00 PM,UNABLE TO DETERMINE,UNABLE TO DETERMINE,6905,S,BENNETT AVE,332.0,,,,,,,2,NO INDICATION OF INJURY,0.0,0.0,0.0,0.0,0.0,1.0,0.0,21,6,1,41.769575906,-87.57870107,POINT (-87.5787010704 41.769575906438),2025-01-10 21:00:00
6046329cb417a9e09d7cae253e87c298e45799b5a714816100727ba770f662d8dcd66396cd0361c247c6625f3ee1a5f362a5b4c45fe532d8fe464394a6c13b6a,,01/10/2025 08:56:00 PM,45,NO CONTROLS,NO CONTROLS,SNOW,"DARKNESS, LIGHTED ROAD",SIDESWIPE SAME DIRECTION,DIVIDED - W/MEDIAN BARRIER,,STRAIGHT AND LEVEL,SNOW OR SLUSH,UNKNOWN,NOT ON SCENE (DESK REPORT),NO INJURY / DRIVE AWAY,,,Y,"OVER $1,500",01/11/2025 12:20:00 PM,UNABLE TO DETERMINE,UNABLE TO DETERMINE,1111,N,LAKE SHORE DR NB,1824.0,,,,,,,2,NO INDICATION OF INJURY,0.0,0.0,0.0,0.0,0.0,2.0,0.0,20,6,1,41.902853134,-87.623880358,POINT (-87.623880357754 41.902853133584),2025-01-10 20:56:00
87733ecb13389b68d657a9f967a12aad8e1540c3169939b63b9bcc92392c15350183a271dde79fa25991e64eb53ee890c4cc6b69e25290e87be28473e42c745f,,01/10/2025 08:45:00 PM,30,NO CONTROLS,NO CONTROLS,SNOW,"DARKNESS, LIGHTED ROAD",REAR END,NOT DIVIDED,,STRAIGHT AND LEVEL,SNOW OR SLUSH,NO DEFECTS,NOT ON SCENE (DESK REPORT),INJURY AND / OR TOW DUE TO CRASH,,,,"OVER $1,500",01/11/2025 11:10:00 AM,UNABLE TO DETERMINE,UNABLE TO DETERMINE,2033,W,NORTH AVE,1424.0,,,,,,,2,"REPORTED, NOT EVIDENT",1.0,0.0,0.0,0.0,1.0,3.0,0.0,20,6,1,41.910349908,-87.678850543,POINT (-87.678850542532 41.91034990832),2025-01-10 20:45:00
99524f296aa5ac3964ed82c5665012580e376fb461c947eebbff526225342dd350dfaac578d7500e3e3dc13761d6280cc92e1b23558add6ca27af266261b03f6,,01/10/2025 08:45:00 PM,5,NO CONTROLS,NO CONTROLS,CLEAR,"DARKNESS, LIGHTED ROAD",FIXED OBJECT,OTHER,,STRAIGHT AND LEVEL,WET,NO DEFECTS,ON SCENE,NO INJURY / DRIVE AWAY,,,,"OVER $1,500",01/10/2025 08:50:00 PM,UNABLE TO DETERMINE,NOT APPLICABLE,10255,W,ZEMKE RD,1654.0,,,,,,,1,NO INDICATION OF INJURY,0.0,0.0,0.0,0.0,0.0,1.0,0.0,20,6,1,41.994793386,-87.88270766,POINT (-87.882707659516 41.994793386112),2025-01-10 20:45:00
30d28c5dafd9f6199afb6a590f1a8c854c9729f3ad141e99388f35fb283cc758ff2ddce2fc6a7d203690f4058f4a7e004ef38adc9a27273e2ea13508f6361af5,,01/10/2025 08:35:00 PM,35,NO CONTROLS,NO CONTROLS,SNOW,DARKNESS,SIDESWIPE SAME DIRECTION,NOT DIVIDED,,STRAIGHT AND LEVEL,ICE,NO DEFECTS,NOT ON SCENE (DESK REPORT),NO INJURY / DRIVE AWAY,,,,"OVER $1,500",01/10/2025 10:00:00 PM,UNABLE TO DETERMINE,NOT APPLICABLE,2000,N,WOLCOTT AVE,1432.0,,,,,,,2,NO INDICATION OF INJURY,0.0,0.0,0.0,0.0,0.0,3.0,0.0,20,6,1,41.917895994,-87.675332623,POINT (-87.675332622829 41.917895993964),2025-01-10 20:35:00
fa32631eead0804451a3d7aeee78f980fcac70549fc9d01e3a7ac46ea91bdde000bd64456fd48013755f3b9ed70276377bdc3513ed3ea5cb0211cba773dd549d,Y,01/10/2025 08:33:00 PM,30,NO CONTROLS,NO CONTROLS,SNOW,"DARKNESS, LIGHTED ROAD",PARKED MOTOR VEHICLE,NOT DIVIDED,,STRAIGHT AND LEVEL,SNOW OR SLUSH,NO DEFECTS,ON SCENE,NO INJURY / DRIVE AWAY,,,Y,"OVER $1,500",01/10/2025 08:33:00 PM,UNDER THE INFLUENCE OF ALCOHOL/DRUGS (USE WHEN ARREST IS EFFECTED),FAILING TO REDUCE SPEED TO AVOID CRASH,6450,N,RIDGE BLVD,2412.0,,,,,,,2,NO INDICATION OF INJURY,0.0,0.0,0.0,0.0,0.0,1.0,0.0,20,6,1,41.999307593,-87.677610464,POINT (-87.677610464241 41.99930759346),2025-01-10 20:33:00
3385e922ffcc6dadb5c277a7c88a396ba4ec21afd1b06971ea8856a5f78b6763fb40311fe190797b5d9c6671a8da062131163431fdb403ec3799a2e59372ee6f,,01/10/2025 08:30:00 PM,30,UNKNOWN,UNKNOWN,SNOW,DARKNESS,ANGLE,FOUR WAY,,STRAIGHT AND LEVEL,WET,NO DEFECTS,ON SCENE,NO INJURY / DRIVE AWAY,,,,"$501 - $1,500",01/10/2025 08:37:00 PM,DISREGARDING TRAFFIC SIGNALS,DISREGARDING TRAFFIC SIGNALS,798,W,69TH ST,723.0,,,,,,,3,NO INDICATION OF INJURY,0.0,0.0,0.0,0.0,0.0,4.0,0.0,20,6,1,41.768948137,-87.644447797,POINT (-87.644447796791 41.76894813668),2025-01-10 20:30:00
e438164d6236e5b5a70aa9b15cd3594eca0084142b3b0aada04ecfbcdca481e9ded28a11c155a8332bfbbf0dbb379272b46635c855bc0863efe144ee71d3e046,,01/10/2025 08:30:00 PM,30,TRAFFIC SIGNAL,FUNCTIONING PROPERLY,SNOW,"DARKNESS, LIGHTED ROAD",TURNING,NOT DIVIDED,,STRAIGHT AND LEVEL,SNOW OR SLUSH,UNKNOWN,NOT ON SCENE (DESK REPORT),NO INJURY / DRIVE AWAY,,,,"OVER $1,500",01/10/2025 09:00:00 PM,UNABLE TO DETERMINE,UNABLE TO DETERMINE,812,W,69TH ST,723.0,,,,,,,3,NO INDICATION OF INJURY,0.0,0.0,0.0,0.0,0.0,3.0,0.0,20,6,1,41.76893917,-87.645077553,POINT (-87.645077552792 41.768939169737),2025-01-10 20:30:00
16db7a16de2bce27ecdd57449c86a5009636562e3fae6ffeb684fe18e94adcbed9b2f3b23ed58863e742132272458391ec4406b1c1e240f733dfe75a90c07ac9,,01/10/2025 08:00:00 PM,25,NO CONTROLS,NO CONTROLS,SNOW,"DARKNESS, LIGHTED ROAD",SIDESWIPE SAME DIRECTION,NOT DIVIDED,,STRAIGHT AND LEVEL,SNOW OR SLUSH,NO DEFECTS,NOT ON SCENE (DESK REPORT),INJURY AND / OR TOW DUE TO CRASH,,,Y,"OVER $1,500",01/10/2025 09:00:00 PM,UNABLE TO DETERMINE,UNABLE TO DETERMINE,1122,W,WILSON AVE,1913.0,,,,,,,2,NONINCAPACITATING INJURY,2.0,0.0,0.0,2.0,0.0,1.0,0.0,20,6,1,41.965497036,-87.65840281,POINT (-87.658402809548 41.965497036127),2025-01-10 20:00:00
3d7124672d581e8a11a2b79956e318e8c6f296da5ac9ddb0fcbab85316e8abfc2f3073f386cb6ee8b1d4cac1b4bc1a43d7b143b2ea25361b6ef50e5af2102463,,01/10/2025 08:00:00 PM,30,NO CONTROLS,NO CONTROLS,SNOW,"DARKNESS, LIGHTED ROAD",HEAD ON,NOT DIVIDED,,STRAIGHT AND LEVEL,SNOW OR SLUSH,NO DEFECTS,,NO INJURY / DRIVE AWAY,,,Y,"$501 - $1,500",01/10/2025 09:45:00 PM,FAILING TO REDUCE SPEED TO AVOID CRASH,WEATHER,3032,W,MARQUETTE RD,831.0,,,,,,,2,NO INDICATION OF INJURY,0.0,0.0,0.0,0.0,0.0,2.0,0.0,20,6,1,41.771835026,-87.699348114,POINT (-87.6993481143 41.771835026424),2025-01-10 20:00:00
41d26908f44822d5eb5933cca685576ee169b2c6d7c64c42f79669ee9eecfee81be792e88a59057127aa2d3a5f065a35bdd18493e038951670e4d3e7f4306e9b,Y,01/10/2025 08:00:00 PM,30,NO CONTROLS,NO CONTROLS,UNKNOWN,UNKNOWN,PARKED MOTOR VEHICLE,NOT DIVIDED,,STRAIGHT AND LEVEL,UNKNOWN,UNKNOWN,NOT ON SCENE (DESK REPORT),NO INJURY / DRIVE AWAY,,,Y,"OVER $1,500",01/12/2025 01:10:00 PM,DRIVING SKILLS/KNOWLEDGE/EXPERIENCE,NOT APPLICABLE,2336,W,72ND ST,832.0,,,,,,,2,NO INDICATION OF INJURY,0.0,0.0,0.0,0.0,0.0,1.0,0.0,20,6,1,41.763005529,-87.682120602,POINT (-87.682120602271 41.763005529336),2025-01-10 20:00:00
5eb56ef41bdad3e1ba8d55cd977a2361d0020e8f5d9de6811c06a5f35b745900e50c549f7f78a78f2cec45fe710fdb3e4a82ee029910e3eae3a39db9b1d02578,,01/10/2025 08:00:00 PM,30,NO CONTROLS,NO CONTROLS,SNOW,"DARKNESS, LIGHTED ROAD",SIDESWIPE SAME DIRECTION,NOT DIVIDED,,STRAIGHT AND LEVEL,SNOW OR SLUSH,NO DEFECTS,NOT ON SCENE (DESK REPORT),INJURY AND / OR TOW DUE TO CRASH,,,,"OVER $1,500",01/10/2025 09:25:00 PM,"VISION OBSCURED (SIGNS, TREE LIMBS, BUILDINGS, ETC.)",FAILING TO REDUCE SPEED TO AVOID CRASH,4920,S,CALIFORNIA AVE,923.0,,,,,,,3,NONINCAPACITATING INJURY,1.0,0.0,0.0,1.0,0.0,1.0,0.0,20,6,1,41.803875427,-87.694227301,POINT (-87.694227300743 41.803875426638),2025-01-10 20:00:00
8fd11cb823ded9e8e3c8774db69cd61e9b0138949688840d8fc65847e3ebc8742e35bc0eccb40e9bb2b7c3c7775f09a0c9718e90ee2f5d948f23483f28549592,,01/10/2025 08:00:00 PM,30,NO CONTROLS,NO CONTROLS,SNOW,"DARKNESS, LIGHTED ROAD",SIDESWIPE SAME DIRECTION,ONE-WAY,,STRAIGHT AND LEVEL,SNOW OR SLUSH,UNKNOWN,NOT ON SCENE (DESK REPORT),NO INJURY / DRIVE AWAY,,,,"OVER $1,500",01/10/2025 08:25:00 PM,FAILING TO REDUCE SPEED TO AVOID CRASH,UNABLE TO DETERMINE,57,N,WABASH AVE,112.0,,,,,,,2,NO INDICATION OF INJURY,0.0,0.0,0.0,0.0,0.0,2.0,0.0,20,6,1,41.883161932,-87.626084665,POINT (-87.626084664988 41.883161932058),2025-01-10 20:00:00
7a9af123828f72fd42dda13a66819c1956f5b2f6dcc289828d497f6684825772037d8fe14acd48f8fe289251db2458515f6ad25bc2100f5f8fc4a6bbc316688b,,01/10/2025 07:51:00 PM,30,TRAFFIC SIGNAL,FUNCTIONING PROPERLY,SNOW,"DARKNESS, LIGHTED ROAD",REAR END,NOT DIVIDED,,STRAIGHT AND LEVEL,SNOW OR SLUSH,NO DEFECTS,ON SCENE,INJURY AND / OR TOW DUE TO CRASH,Y,,,"OVER $1,500",01/10/2025 08:25:00 PM,WEATHER,UNABLE TO DETERMINE,5412,N,ELSTON AVE,1623.0,,,,,,,2,NO INDICATION OF INJURY,0.0,0.0,0.0,0.0,0.0,3.0,0.0,19,6,1,41.979653862,-87.759151225,POINT (-87.759151224922 41.979653861761),2025-01-10 19:51:00
85fd8a8b38c749ed9edcb8f1237e8b7303ecdaee4e063b6c26d876c2b5f716e5dd1e302e6daf099757b2ee61f74c4b439a996ac389ff1a62060890a2c91c80de,,01/10/2025 07:47:00 PM,30,TRAFFIC SIGNAL,FUNCTIONING PROPERLY,OTHER,"DARKNESS, LIGHTED ROAD",PARKED MOTOR VEHICLE,NOT DIVIDED,,STRAIGHT AND LEVEL,WET,NO DEFECTS,ON SCENE,INJURY AND / OR TOW DUE TO CRASH,,,N,"OVER $1,500",01/10/2025 07:47:00 PM,FAILING TO YIELD RIGHT-OF-WAY,UNABLE TO DETERMINE,4402,W,MONTROSE AVE,1722.0,,,,,,,2,NO INDICATION OF INJURY,0.0,0.0,0.0,0.0,0.0,2.0,0.0,19,6,1,41.96093689,-87.738580684,POINT (-87.738580683924 41.960936889888),2025-01-10 19:47:00
8cd5eb63c4612c5e26e9849ee527ed34f7959493d30aa63481cf3d1fa8cfc50293c3d0bdc7afd07b24844d5cfdcf4e6910675c9177b8ec26a83f02d4e20369c9,,01/10/2025 07:30:00 PM,30,STOP SIGN/FLASHER,FUNCTIONING PROPERLY,SNOW,"DARKNESS, LIGHTED ROAD",REAR END,NOT DIVIDED,,STRAIGHT AND LEVEL,SNOW OR SLUSH,UNKNOWN,NOT ON SCENE (DESK REPORT),INJURY AND / OR TOW DUE TO CRASH,,,Y,"OVER $1,500",01/10/2025 08:45:00 PM,FAILING TO REDUCE SPEED TO AVOID CRASH,UNABLE TO DETERMINE,1254,W,ADDISON ST,1923.0,,,,,,,2,NONINCAPACITATING INJURY,1.0,0.0,0.0,1.0,0.0,1.0,0.0,19,6,1,41.947221764,-87.661371176,POINT (-87.661371175952 41.947221764212),2025-01-10 19:30:00
bceb072598cdcf29b0b9de3c9dcb2d5cd6e9b21d1a55e74e277edac35e71a7811844f1155b28a49b0948e522bc27a183b10bb1db0fcb836177e025423bee9192,,01/10/2025 07:30:00 PM,30,NO CONTROLS,NO CONTROLS,UNKNOWN,"DARKNESS, LIGHTED ROAD",ANGLE,ONE-WAY,,STRAIGHT AND LEVEL,UNKNOWN,UNKNOWN,NOT ON SCENE (DESK REPORT),INJURY AND / OR TOW DUE TO CRASH,,,Y,"OVER $1,500",01/10/2025 07:30:00 PM,UNABLE TO DETERMINE,UNABLE TO DETERMINE,3548,N,KEELER AVE,1731.0,,,,,,,2,NO INDICATION OF INJURY,0.0,0.0,0.0,0.0,0.0,3.0,0.0,19,6,1,41.946265185,-87.73237623,POINT (-87.73237623029 41.946265185112),2025-01-10 19:30:00
1c290771d22efa954988a8b6fab0c6fbcf2502c64d6bf4e96755987a45a5dd8f6c017bb0ad804ace5cbff96d0398a68493dfdf0961116c7ab7157929bb4e0a1c,,01/10/2025 07:15:00 PM,30,NO CONTROLS,NO CONTROLS,SNOW,"DARKNESS, LIGHTED ROAD",SIDESWIPE SAME DIRECTION,NOT DIVIDED,,STRAIGHT AND LEVEL,SNOW OR SLUSH,NO DEFECTS,NOT ON SCENE (DESK REPORT),NO INJURY / DRIVE AWAY,,,,"OVER $1,500",01/11/2025 05:10:00 PM,IMPROPER LANE USAGE,NOT APPLICABLE,42,E,JACKSON BLVD,113.0,,,,,,,2,NO INDICATION OF INJURY,0.0,0.0,0.0,0.0,0.0,2.0,0.0,19,6,1,41.878353763,-87.626167554,POINT (-87.62616755386 41.878353762649),2025-01-10 19:15:00
8747ef3baf782d379eea6219ca0c7686b76b19502736f5b5cf77d2c6b118608e32a8344f600256b4b90a675492738d51bb0916aead5b95d1d0245af035379280,,01/10/2025 07:05:00 PM,30,NO CONTROLS,NO CONTROLS,SNOW,DARKNESS,PARKED MOTOR VEHICLE,ONE-WAY,,STRAIGHT AND LEVEL,SNOW OR SLUSH,NO DEFECTS,ON SCENE,NO INJURY / DRIVE AWAY,,,Y,"OVER $1,500",01/10/2025 07:11:00 PM,UNABLE TO DETERMINE,UNABLE TO DETERMINE,3853,W,15TH ST,1014.0,,,,,,,2,NO INDICATION OF INJURY,0.0,0.0,0.0,0.0,0.0,1.0,0.0,19,6,1,41.860616332,-87.722239168,POINT (-87.722239168131 41.860616332273),2025-01-10 19:05:00
0ac29ad7f6826d97cd943ea962ef520045c4cf4033a98f27cc75df2f70d96ff59ce195550e0dec9b06005e66c748c095d1147c0e239c63a26c27b2fd67cca82b,Y,01/10/2025 07:00:00 PM,20,NO CONTROLS,NO CONTROLS,SNOW,DUSK,SIDESWIPE SAME DIRECTION,OTHER,,STRAIGHT AND LEVEL,WET,NO DEFECTS,NOT ON SCENE (DESK REPORT),NO INJURY / DRIVE AWAY,,,,$500 OR LESS,01/11/2025 04:30:00 PM,UNABLE TO DETERMINE,NOT APPLICABLE,70,W,I190 EXPY,1654.0,,,,,,,2,NO INDICATION OF INJURY,0.0,0.0,0.0,0.0,0.0,2.0,0.0,19,6,1,,,,2025-01-10 19:00:00