CRASH_RECORD_ID,CRASH_DATE_EST_I,CRASH_DATE,POSTED_SPEED_LIMIT,TRAFFIC_CONTROL_DEVICE,DEVICE_CONDITION,WEATHER_CONDITION,LIGHTING_CONDITION,FIRST_CRASH_TYPE,TRAFFICWAY_TYPE,LANE_CNT,ALIGNMENT,ROADWAY_SURFACE_COND,ROAD_DEFECT,REPORT_TYPE,CRASH_TYPE,INTERSECTION_RELATED_I,NOT_RIGHT_OF_WAY_I,HIT_AND_RUN_I,DAMAGE,DATE_POLICE_NOTIFIED,PRIM_CONTRIBUTORY_CAUSE,SEC_CONTRIBUTORY_CAUSE,STREET_NO,STREET_DIRECTION,STREET_NAME,BEAT_OF_OCCURRENCE,PHOTOS_TAKEN_I,STATEMENTS_TAKEN_I,DOORING_I,WORK_ZONE_I,WORK_ZONE_TYPE,WORKERS_PRESENT_I,NUM_UNITS,MOST_SEVERE_INJURY,INJURIES_TOTAL,INJURIES_FATAL,INJURIES_INCAPACITATING,INJURIES_NON_INCAPACITATING,INJURIES_REPORTED_NOT_EVIDENT,INJURIES_NO_INDICATION,INJURIES_UNKNOWN,CRASH_HOUR,CRASH_DAY_OF_WEEK,CRASH_MONTH,LATITUDE,LONGITUDE,LOCATION,timestamp
2ae755f168c7ec82efae0aaf5d8517b31a7e169734ce717d97dd7ed52853c15424065db619c996836b0098ff81428613fbf73f6b2e30034d96b115e574a952cb,,01/10/2025 07:00:00 PM,30,TRAFFIC SIGNAL,FUNCTIONING PROPERLY,CLEAR,"DARKNESS, LIGHTED ROAD",REAR END,DIVIDED - W/MEDIAN (NOT RAISED),,STRAIGHT AND LEVEL,WET,NO DEFECTS,NOT ON SCENE (DESK REPORT),NO INJURY / DRIVE AWAY,Y,,,"OVER $1,500",01/10/2025 07:20:00 PM,UNABLE TO DETERMINE,UNABLE TO DETERMINE,3158,W,OGDEN AVE,1022.0,,,,,,,2,NO INDICATION OF INJURY,0.0,0.0,0.0,0.0,0.0,2.0,0.0,19,6,1,41.858197311,-87.705163139,POINT (-87.705163138932 41.858197311123),2025-01-10 19:00:00
2f9bcd3be57a389d5ede3416ad825cd1fb857fe906963c43295f2686932fb2ef4516e8ff62bb7b0192c7197718263517d23b96f2a736618d91073fcedbd5380c,Y,01/10/2025 07:00:00 PM,25,TRAFFIC SIGNAL,FUNCTIONING PROPERLY,SNOW,"DARKNESS, LIGHTED ROAD",TURNING,DIVIDED - W/MEDIAN (NOT RAISED),,STRAIGHT AND LEVEL,SNOW OR SLUSH,UNKNOWN,ON SCENE,INJURY AND / OR TOW DUE TO CRASH,Y,,,"OVER $1,500",01/10/2025 07:05:00 PM,IMPROPER TURNING/NO SIGNAL,UNABLE TO DETERMINE,3400,N,LARAMIE AVE,1634.0,,,,,,,2,NO INDICATION OF INJURY,0.0,0.0,0.0,0.0,0.0,3.0,0.0,19,6,1,41.94239478,-87.756954815,POINT (-87.756954814727 41.94239478016),2025-01-10 19:00:00
6324fef35d212ffb4f71248cc3d3e6e9a8135cc371430264e5230ca282b32334b30f0860a2300df4b1a5af737b215507efca7bf24c5c15e00054c7f834ee96f5,,01/10/2025 07:00:00 PM,30,NO CONTROLS,NO CONTROLS,SNOW,DARKNESS,REAR END,ONE-WAY,,STRAIGHT AND LEVEL,SNOW OR SLUSH,UNKNOWN,NOT ON SCENE (DESK REPORT),NO INJURY / DRIVE AWAY,,,,"$501 - $1,500",01/10/2025 09:00:00 PM,UNABLE TO DETERMINE,UNABLE TO DETERMINE,6101,N,WESTERN AVE,2413.0,,,,,,,2,NO INDICATION OF INJURY,0.0,0.0,0.0,0.0,0.0,2.0,0.0,19,6,1,41.99236695,-87.689560588,POINT (-87.689560587667 41.99236695049),2025-01-10 19:00:00
712c24f1525e04333e591cafe8ebc669f11cc8a339219785273c27b26a5f15d228f6ac7ac142da22cf59c9c09295b387739ca94c67ad1bf1e059c17650e7c007,,01/10/2025 07:00:00 PM,20,STOP SIGN/FLASHER,NO CONTROLS,SNOW,"DARKNESS, LIGHTED ROAD",PARKED MOTOR VEHICLE,ONE-WAY,,STRAIGHT AND LEVEL,SNOW OR SLUSH,UNKNOWN,ON SCENE,NO INJURY / DRIVE AWAY,,,,"OVER $1,500",01/10/2025 07:07:00 PM,WEATHER,NOT APPLICABLE,5254,W,ROSCOE ST,1634.0,,,,,,,2,NO INDICATION OF INJURY,0.0,0.0,0.0,0.0,0.0,1.0,0.0,19,6,1,41.942433088,-87.758989144,POINT (-87.758989143964 41.942433087527),2025-01-10 19:00:00
a2e686a1bfcba738dc154700454d0d3db0c40dc5ac02d52c66311c1b36e18c532fd2780320b2363787ccaf64608dcd7665684236b36c2bd7245ed3d10d10b6bc,,01/10/2025 07:00:00 PM,30,NO CONTROLS,NO CONTROLS,CLEAR,"DARKNESS, LIGHTED ROAD",ANGLE,ONE-WAY,,STRAIGHT AND LEVEL,WET,UNKNOWN,NOT ON SCENE (DESK REPORT),INJURY AND / OR TOW DUE TO CRASH,,,,"OVER $1,500",01/11/2025 03:00:00 PM,DRIVING SKILLS/KNOWLEDGE/EXPERIENCE,NOT APPLICABLE,3100,W,62ND ST,823.0,,,,,,,2,"REPORTED, NOT EVIDENT",1.0,0.0,0.0,0.0,1.0,3.0,0.0,19,6,1,41.780934574,-87.700816536,POINT (-87.700816535993 41.780934573733),2025-01-10 19:00:00
d38e7828dea84be532b5d06d5b98968678c6f88449138192595992be308950bfd8758e753422a8013d516f8d4d3a34db74ff5c1162c87169948c0516595a26f3,,01/10/2025 07:00:00 PM,30,NO CONTROLS,NO CONTROLS,SNOW,DARKNESS,PEDESTRIAN,ALLEY,,STRAIGHT AND LEVEL,SNOW OR SLUSH,UNKNOWN,NOT ON SCENE (DESK REPORT),INJURY AND / OR TOW DUE TO CRASH,,,Y,"OVER $1,500",01/12/2025 10:59:00 AM,UNABLE TO DETERMINE,UNABLE TO DETERMINE,7333,S,HERMITAGE AVE,735.0,,,,,,,2,NONINCAPACITATING INJURY,1.0,0.0,0.0,1.0,0.0,1.0,0.0,19,6,1,41.760238427,-87.667190911,POINT (-87.667190910992 41.760238427107),2025-01-10 19:00:00
e4fb0d2f36e5d1471cd6b53395f3abc38a90e7d0fcde5d988b81dd87a7327fa82eb5f41fee8898e4180e570aba64dce829018982711715c1b705422fb006d313,,01/10/2025 07:00:00 PM,10,STOP SIGN/FLASHER,FUNCTIONING PROPERLY,SNOW,"DARKNESS, LIGHTED ROAD",TURNING,PARKING LOT,,STRAIGHT AND LEVEL,SNOW OR SLUSH,UNKNOWN,NOT ON SCENE (DESK REPORT),NO INJURY / DRIVE AWAY,,,,"OVER $1,500",01/10/2025 07:00:00 PM,FAILING TO YIELD RIGHT-OF-WAY,WEATHER,1430,S,ASHLAND AVE,1233.0,,,,,,,2,NO INDICATION OF INJURY,0.0,0.0,0.0,0.0,0.0,2.0,0.0,19,6,1,41.862402425,-87.666418968,POINT (-87.666418968157 41.862402424927),2025-01-10 19:00:00
47c0ed9baf770254d0493cb2eed71f941c61cfa2539cc1c03218d987324e74f204a9fc5bc7e6f7b80922d0678153845c83442c94579e9756a0f77e3ee8541449,,01/10/2025 06:54:00 PM,30,NO CONTROLS,NO CONTROLS,SNOW,"DARKNESS, LIGHTED ROAD",PARKED MOTOR VEHICLE,NOT DIVIDED,,STRAIGHT AND LEVEL,SNOW OR SLUSH,NO DEFECTS,NOT ON SCENE (DESK REPORT),NO INJURY / DRIVE AWAY,,,,"OVER $1,500",01/10/2025 07:51:00 PM,DRIVING SKILLS/KNOWLEDGE/EXPERIENCE,UNABLE TO DETERMINE,3644,W,FULLERTON AVE,2524.0,,,,,,,2,NO INDICATION OF INJURY,0.0,0.0,0.0,0.0,0.0,4.0,0.0,18,6,1,41.924691075,-87.718829287,POINT (-87.718829286898 41.924691075022),2025-01-10 18:54:00
756ff03ce5b09c2b193185d88879e830e41eea9d623e47100cec72d8445f5cb560721d2b9b6387511c08bbd8b3d0b505eac546b2336dafe0ba8fa007353a82d6,,01/10/2025 06:50:00 PM,30,UNKNOWN,UNKNOWN,SNOW,UNKNOWN,REAR END,DIVIDED - W/MEDIAN BARRIER,,STRAIGHT AND LEVEL,UNKNOWN,UNKNOWN,NOT ON SCENE (DESK REPORT),NO INJURY / DRIVE AWAY,,,,"OVER $1,500",01/10/2025 07:15:00 PM,UNABLE TO DETERMINE,UNABLE TO DETERMINE,4453,N,ASHLAND AVE,1912.0,,,,,,,2,NO INDICATION OF INJURY,0.0,0.0,0.0,0.0,0.0,2.0,0.0,18,6,1,41.963155624,-87.669149469,POINT (-87.669149468577 41.963155624305),2025-01-10 18:50:00
324c6454537c1ccbb77ac96748cfaf54bc4aea5d6d2a9fb2adda937514c401c12dcfa454f69d51cbe2227cba9ddce3999638282c785b673a99c9d6475fb84845,,01/10/2025 06:45:00 PM,30,STOP SIGN/FLASHER,FUNCTIONING PROPERLY,SNOW,DUSK,ANGLE,NOT DIVIDED,,STRAIGHT AND LEVEL,DRY,NO DEFECTS,NOT ON SCENE (DESK REPORT),NO INJURY / DRIVE AWAY,,,,"OVER $1,500",01/13/2025 11:40:00 AM,WEATHER,NOT APPLICABLE,2931,N,LAKEWOOD AVE,1933.0,,,,,,,2,NO INDICATION OF INJURY,0.0,0.0,0.0,0.0,0.0,2.0,0.0,18,6,1,41.935197704,-87.661079364,POINT (-87.661079363975 41.935197704068),2025-01-10 18:45:00
85ffa0e52baaa3af3f4306828f83d9ff51b83674e36cc5bb06ca55556e5020b6dc49205acfc9362d82a74ff2d658dcd5021948369a8c8f02480dc73d036c0481,,01/10/2025 06:45:00 PM,30,TRAFFIC SIGNAL,FUNCTIONING PROPERLY,SNOW,"DARKNESS, LIGHTED ROAD",TURNING,NOT DIVIDED,,STRAIGHT AND LEVEL,SNOW OR SLUSH,NO DEFECTS,NOT ON SCENE (DESK REPORT),NO INJURY / DRIVE AWAY,,,,"$501 - $1,500",01/11/2025 10:23:00 AM,UNABLE TO DETERMINE,UNABLE TO DETERMINE,1078,W,DIVISION ST,1822.0,,,,,,,2,NO INDICATION OF INJURY,0.0,0.0,0.0,0.0,0.0,2.0,0.0,18,6,1,41.903641679,-87.655380851,POINT (-87.655380850568 41.903641679274),2025-01-10 18:45:00
46d599030d39829649c1ea5c7dc62df660a694335ad2788058b6ff68b59620f41b9550bf34b9d60908217875b4fbab3914cf845be1d839d21c3663a93eda8090,,01/10/2025 06:40:00 PM,30,TRAFFIC SIGNAL,FUNCTIONING PROPERLY,OTHER,"DARKNESS, LIGHTED ROAD",REAR END,DIVIDED - W/MEDIAN BARRIER,,STRAIGHT AND LEVEL,WET,NO DEFECTS,ON SCENE,NO INJURY / DRIVE AWAY,,,,$500 OR LESS,01/10/2025 06:50:00 PM,FOLLOWING TOO CLOSELY,DISTRACTION - FROM OUTSIDE VEHICLE,30,S,LOWER WACKER DR,122.0,,Y,,,,,2,NO INDICATION OF INJURY,0.0,0.0,0.0,0.0,0.0,3.0,0.0,18,6,1,41.881168673,-87.637184927,POINT (-87.637184926511 41.881168672667),2025-01-10 18:40:00
7eefc185a4344d906cf784a1c15f24313295e664213b1e065d2fb6bd4eec2f4ce549078baf054e23e24cf83951c998cf667e8aa9f1a65810ab5739e8659ca7db,,01/10/2025 06:40:00 PM,30,TRAFFIC SIGNAL,FUNCTIONING PROPERLY,SNOW,"DARKNESS, LIGHTED ROAD",REAR END,DIVIDED - W/MEDIAN (NOT RAISED),,STRAIGHT AND LEVEL,SNOW OR SLUSH,NO DEFECTS,NOT ON SCENE (DESK REPORT),NO INJURY / DRIVE AWAY,,,,"OVER $1,500",01/11/2025 05:00:00 PM,FOLLOWING TOO CLOSELY,WEATHER,3358,W,BELMONT AVE,1733.0,,,,,,,2,NO INDICATION OF INJURY,0.0,0.0,0.0,0.0,0.0,2.0,0.0,18,6,1,41.939391123,-87.712437081,POINT (-87.712437080838 41.93939112314),2025-01-10 18:40:00
a1784558af10277d27d221fb1b19d7f80369217377088d5bba143b2a1547e7b89fe72513186e0adc425f3c183b607ca04646355dee3ad8f65f6a5bb5fc1878c1,,01/10/2025 06:32:00 PM,30,STOP SIGN/FLASHER,FUNCTIONING PROPERLY,SNOW,DARKNESS,REAR END,ONE-WAY,,STRAIGHT AND LEVEL,UNKNOWN,UNKNOWN,NOT ON SCENE (DESK REPORT),NO INJURY / DRIVE AWAY,,,,"OVER $1,500",01/11/2025 04:59:00 PM,UNABLE TO DETERMINE,NOT APPLICABLE,2851,W,ARTHUR AVE,2412.0,,,,,,,2,NO INDICATION OF INJURY,0.0,0.0,0.0,0.0,0.0,2.0,0.0,18,6,1,41.999240017,-87.701734453,POINT (-87.701734453283 41.999240017011),2025-01-10 18:32:00
640f35af15785f5cc55cb955cd8f9b8319584b2d70720b03b65ac4f768ef4ce5e6945238f5d8cb2e95f359b0ebeb7e2813602efea1c6532c1b393f712c2bed33,,01/10/2025 06:30:00 PM,30,TRAFFIC SIGNAL,NO CONTROLS,SNOW,"DARKNESS, LIGHTED ROAD",PEDESTRIAN,NOT DIVIDED,,STRAIGHT AND LEVEL,SNOW OR SLUSH,NO DEFECTS,NOT ON SCENE (DESK REPORT),INJURY AND / OR TOW DUE TO CRASH,,,Y,$500 OR LESS,01/12/2025 04:30:00 PM,NOT APPLICABLE,NOT APPLICABLE,2800,W,DIVISION ST,1423.0,,,,,,,2,NONINCAPACITATING INJURY,1.0,0.0,0.0,1.0,0.0,1.0,0.0,18,6,1,41.903034768,-87.696945343,POINT (-87.696945343144 41.903034768092),2025-01-10 18:30:00
812235356dbf59ca0c265513dfba2aca6a4db6d554f0287900d25c7d1bc6555eea52c6179d9a9b83d37c40b03c4693086362a82febc24f1da6e0d13ece8c9993,,01/10/2025 06:30:00 PM,30,TRAFFIC SIGNAL,FUNCTIONING PROPERLY,SNOW,"DARKNESS, LIGHTED ROAD",TURNING,FOUR WAY,,STRAIGHT AND LEVEL,SNOW OR SLUSH,NO DEFECTS,NOT ON SCENE (DESK REPORT),NO INJURY / DRIVE AWAY,Y,,,"OVER $1,500",01/10/2025 07:30:00 PM,FOLLOWING TOO CLOSELY,FAILING TO REDUCE SPEED TO AVOID CRASH,66,E,OAK ST,1824.0,,,,,,,2,NO INDICATION OF INJURY,0.0,0.0,0.0,0.0,0.0,2.0,0.0,18,6,1,41.90089635,-87.625939872,POINT (-87.625939872075 41.900896350197),2025-01-10 18:30:00
9d21716f1676c95ffeeedab628c8a8c7ecb23b84e1fb654e39fce409c5e7adb58b6f73c2aab199b75ce072aa6d4b25523b3ce77ddfe39cee1a02607870e84ace,,01/10/2025 06:30:00 PM,30,TRAFFIC SIGNAL,FUNCTIONING PROPERLY,SNOW,"DARKNESS, LIGHTED ROAD",TURNING,DIVIDED - W/MEDIAN (NOT RAISED),,STRAIGHT AND LEVEL,SNOW OR SLUSH,UNKNOWN,NOT ON SCENE (DESK REPORT),NO INJURY / DRIVE AWAY,Y,,,"OVER $1,500",01/11/2025 10:55:00 AM,UNABLE TO DETERMINE,UNABLE TO DETERMINE,6900,S,WESTERN AVE,832.0,,,,,,,2,NO INDICATION OF INJURY,0.0,0.0,0.0,0.0,0.0,2.0,0.0,18,6,1,41.768238477,-87.683486957,POINT (-87.68348695709 41.76823847692),2025-01-10 18:30:00
ad2e92a22e000718788d6ff2dc8d01f818ef7c80300927a3dae09ae9cf517cd2b97fa32ca6b5b955d97ca50c8ffbe9bd6d04e3e28047a8b4a39a1045de50eafe,,01/10/2025 06:30:00 PM,30,TRAFFIC SIGNAL,FUNCTIONING PROPERLY,SNOW,DARKNESS,REAR END,DIVIDED - W/MEDIAN (NOT RAISED),,STRAIGHT AND LEVEL,WET,NO DEFECTS,NOT ON SCENE (DESK REPORT),NO INJURY / DRIVE AWAY,,,,$500 OR LESS,01/12/2025 01:54:00 PM,FOLLOWING TOO CLOSELY,NOT APPLICABLE,4337,N,LINCOLN AVE,1911.0,,,,,,,2,NO INDICATION OF INJURY,0.0,0.0,0.0,0.0,0.0,3.0,0.0,18,6,1,41.960573237,-87.683096373,POINT (-87.68309637338 41.960573236745),2025-01-10 18:30:00
cca569eac03380988de0d3d338e8eb4e6a42472fa9c6451e720930952edd0be5ad28d0b0e181e1424000a3d467967c1add39ed5ace95155f4a4c4428062a27d8,,01/10/2025 06:30:00 PM,30,NO CONTROLS,NO CONTROLS,SNOW,"DARKNESS, LIGHTED ROAD",SIDESWIPE SAME DIRECTION,DIVIDED - W/MEDIAN (NOT RAISED),,STRAIGHT AND LEVEL,SNOW OR SLUSH,NO DEFECTS,NOT ON SCENE (DESK REPORT),INJURY AND / OR TOW DUE TO CRASH,,,,"OVER $1,500",01/10/2025 08:30:00 PM,UNABLE TO DETERMINE,NOT APPLICABLE,2255,S,DRAKE AVE,1024.0,,,,,,,2,NO INDICATION OF INJURY,0.0,0.0,0.0,0.0,0.0,2.0,0.0,18,6,1,41.850045199,-87.713582688,POINT (-87.713582687974 41.850045198557),2025-01-10 18:30:00
0909967093d591b3387824c0884969bc6737545843971acc7c9532ea68e3a2025f6f2fb73be81cc0e2d28ca8b601d7843f1319478302fbf47647b9989670d8de,,01/10/2025 06:28:00 PM,30,NO CONTROLS,NO CONTROLS,SNOW,"DARKNESS, LIGHTED ROAD",PARKED MOTOR VEHICLE,ONE-WAY,,STRAIGHT AND LEVEL,SNOW OR SLUSH,NO DEFECTS,ON SCENE,NO INJURY / DRIVE AWAY,,,,"OVER $1,500",01/10/2025 06:28:00 PM,WEATHER,WEATHER,8015,S,GREEN ST,621.0,,,,,,,2,NO INDICATION OF INJURY,0.0,0.0,0.0,0.0,0.0,1.0,0.0,18,6,1,41.748316652,-87.645040403,POINT (-87.645040403227 41.748316652369),2025-01-10 18:28:00
afad5c4e4278bdabbc423431b194f9ac747bb86c2a72143e8c5010adbb7697c65a04957bd5a62a08bd0dc9a9275e8ca88aae7b45dcb7c5ebcd20d349111d1e0b,,01/10/2025 06:23:00 PM,30,NO CONTROLS,NO CONTROLS,SNOW,"DARKNESS, LIGHTED ROAD",PARKED MOTOR VEHICLE,ONE-WAY,,STRAIGHT AND LEVEL,SNOW OR SLUSH,NO DEFECTS,ON SCENE,NO INJURY / DRIVE AWAY,,,,"OVER $1,500",01/10/2025 06:23:00 PM,DRIVING SKILLS/KNOWLEDGE/EXPERIENCE,NOT APPLICABLE,4329,N,HERMITAGE AVE,1912.0,,,,,,,2,NO INDICATION OF INJURY,0.0,0.0,0.0,0.0,0.0,1.0,0.0,18,6,1,41.960611853,-87.672240884,POINT (-87.672240884319 41.960611852543),2025-01-10 18:23:00
7086b98c8e83325a1ac869366e219b047d7ec98120add3c0d03b26e34cb8cddf698b0b843108b3e846fbd92ea856985e16ebffb5c2e5f1ee874b4a8318583bb5,,01/10/2025 06:22:00 PM,30,TRAFFIC SIGNAL,FUNCTIONING PROPERLY,SNOW,UNKNOWN,REAR END,NOT DIVIDED,,STRAIGHT AND LEVEL,SNOW OR SLUSH,UNKNOWN,ON SCENE,NO INJURY / DRIVE AWAY,,,,"$501 - $1,500",01/10/2025 06:35:00 PM,WEATHER,NOT APPLICABLE,4300,S,PULASKI RD,815.0,,,,,,,2,NO INDICATION OF INJURY,0.0,0.0,0.0,0.0,0.0,2.0,0.0,18,6,1,41.815101021,-87.724005233,POINT (-87.724005233406 41.815101021137),2025-01-10 18:22:00
0832868a2d37aa11324aa9f0e89b713a850ea7a28dbd6068df12fdbd6c9d39ea4afdef2a9a4e75c0c685002bb43c437133508349270ea6abcc4612a235b964f3,,01/10/2025 06:20:00 PM,25,NO CONTROLS,NO CONTROLS,CLEAR,DAYLIGHT,PARKED MOTOR VEHICLE,ONE-WAY,,STRAIGHT AND LEVEL,DRY,NO DEFECTS,NOT ON SCENE (DESK REPORT),NO INJURY / DRIVE AWAY,,,,"OVER $1,500",01/12/2025 03:30:00 PM,UNABLE TO DETERMINE,UNABLE TO DETERMINE,1625,N,MC VICKER AVE,2513.0,,,,,,,2,NO INDICATION OF INJURY,0.0,0.0,0.0,0.0,0.0,1.0,0.0,18,6,1,41.91001631,-87.776315744,POINT (-87.776315743666 41.910016309826),2025-01-10 18:20:00
0744bb6bb5e7b7286ec7cae52db8878bbecd97e36cfcc7de85a3e837b1f94bb7984baf37ef73bd7bc26d1a05488d9efba38d1ede970061b4a64567da6d4c5432,,01/10/2025 06:15:00 PM,30,NO CONTROLS,NO CONTROLS,SNOW,DAYLIGHT,ANGLE,NOT DIVIDED,,STRAIGHT AND LEVEL,SNOW OR SLUSH,NO DEFECTS,NOT ON SCENE (DESK REPORT),NO INJURY / DRIVE AWAY,,,,"$501 - $1,500",01/11/2025 10:15:00 AM,WEATHER,NOT APPLICABLE,2119,W,SUNNYSIDE AVE,1911.0,,,,,,,2,NO INDICATION OF INJURY,0.0,0.0,0.0,0.0,0.0,2.0,0.0,18,6,1,41.963129037,-87.681447373,POINT (-87.681447373126 41.963129037262),2025-01-10 18:15:00
349cc0eac1ec5d662f2a4db6262cd0f1862bb38c8d4eed4d522e5fd2f7d7586995cd65fee9cd8db1992580dcdb0cc25e644f343f23c6f2f3563b7cda2e47be7e,,01/10/2025 06:12:00 PM,30,NO CONTROLS,NO CONTROLS,CLOUDY/OVERCAST,"DARKNESS, LIGHTED ROAD",PARKED MOTOR VEHICLE,ONE-WAY,,STRAIGHT AND LEVEL,SNOW OR SLUSH,NO DEFECTS,NOT ON SCENE (DESK REPORT),NO INJURY / DRIVE AWAY,,,Y,"$501 - $1,500",01/12/2025 10:30:00 AM,DRIVING SKILLS/KNOWLEDGE/EXPERIENCE,UNABLE TO DETERMINE,5317,S,LAFLIN ST,934.0,,,,,,,2,NO INDICATION OF INJURY,0.0,0.0,0.0,0.0,0.0,1.0,0.0,18,6,1,41.797166998,-87.662091541,POINT (-87.662091541255 41.797166998359),2025-01-10 18:12:00
55d45ed636a5ee58313c7668107f4541451d1f519b3fed2f46dc6d969aa7023a239686c060e380338ca69dae292c7e66a76c824817118ced756a835d1ba99dde,,01/10/2025 06:10:00 PM,30,UNKNOWN,UNKNOWN,SNOW,UNKNOWN,REAR END,FOUR WAY,,STRAIGHT AND LEVEL,UNKNOWN,UNKNOWN,NOT ON SCENE (DESK REPORT),NO INJURY / DRIVE AWAY,,,,"OVER $1,500",01/10/2025 06:25:00 PM,UNABLE TO DETERMINE,UNABLE TO DETERMINE,3801,W,IRVING PARK RD,1732.0,,,,,,,2,NO INDICATION OF INJURY,0.0,0.0,0.0,0.0,0.0,3.0,0.0,18,6,1,41.953614924,-87.722768719,POINT (-87.722768718858 41.953614923542),2025-01-10 18:10:00
59b95d03a2e723894134431c292582c3a98e94297f13b1942b7d8b439312e67723820b0e00cf4e997a085954f90a0bd7b8f672e8b088d908e6f5d3cd23ae83fd,,01/10/2025 06:10:00 PM,30,NO CONTROLS,NO CONTROLS,SNOW,DUSK,SIDESWIPE SAME DIRECTION,NOT DIVIDED,,STRAIGHT AND LEVEL,WET,UNKNOWN,NOT ON SCENE (DESK REPORT),NO INJURY / DRIVE AWAY,,,,$500 OR LESS,01/10/2025 06:35:00 PM,UNABLE TO DETERMINE,NOT APPLICABLE,2231,W,111TH ST,2212.0,,,,,,,2,NO INDICATION OF INJURY,0.0,0.0,0.0,0.0,0.0,2.0,0.0,18,6,1,41.691720334,-87.677452294,POINT (-87.677452293646 41.691720334123),2025-01-10 18:10:00
775fdcc798cdd83a78e636272d6cda4781cb3115503fb625905f7657e36df5b6229c724df04b29ca65fd6f895161bbbc801c673317d4ee90bb2afc3a49350ef1,,01/10/2025 06:10:00 PM,30,TRAFFIC SIGNAL,FUNCTIONING PROPERLY,SNOW,DARKNESS,REAR END,NOT DIVIDED,,STRAIGHT AND LEVEL,WET,UNKNOWN,NOT ON SCENE (DESK REPORT),NO INJURY / DRIVE AWAY,,,,"OVER $1,500",01/13/2025 12:15:00 PM,WEATHER,WEATHER,8358,W,ADDISON ST,1631.0,,,,,,,2,NO INDICATION OF INJURY,0.0,0.0,0.0,0.0,0.0,4.0,0.0,18,6,1,41.94487221,-87.836375846,POINT (-87.836375846345 41.944872209684),2025-01-10 18:10:00
2331604f2e9eb715585a11f75dc9b09effdd5ac0236657ef1e2e99bf9eeb81e9b13cb47491f606b1d610fb4801bc57582c9a04c0f14e9af75dfdd76447c68225,,01/10/2025 06:05:00 PM,30,TRAFFIC SIGNAL,FUNCTIONING PROPERLY,SNOW,"DARKNESS, LIGHTED ROAD",TURNING,NOT DIVIDED,,STRAIGHT AND LEVEL,SNOW OR SLUSH,UNKNOWN,ON SCENE,INJURY AND / OR TOW DUE TO CRASH,,,,"OVER $1,500",01/10/2025 06:05:00 PM,FAILING TO REDUCE SPEED TO AVOID CRASH,NOT APPLICABLE,2,E,18TH ST,131.0,,,,,,,2,NO INDICATION OF INJURY,0.0,0.0,0.0,0.0,0.0,2.0,0.0,18,6,1,41.857921081,-87.627166302,POINT (-87.627166301685 41.857921080725),2025-01-10 18:05:00
22ec27b0fb9fce2083f9ea9f7c1c53b3c4c3e29f2fcadc0a3a9ee7182359ca9bfb40bfa532b387f9f9ca5c37f64e8479c783ad694fc54870369982898ac3b4ba,,01/10/2025 06:00:00 PM,30,NO CONTROLS,NO CONTROLS,CLEAR,DAYLIGHT,ANGLE,NOT DIVIDED,,STRAIGHT AND LEVEL,DRY,NO DEFECTS,NOT ON SCENE (DESK REPORT),NO INJURY / DRIVE AWAY,,,,"$501 - $1,500",01/11/2025 11:20:00 AM,UNABLE TO DETERMINE,NOT APPLICABLE,2310,W,ARMITAGE AVE,1432.0,,,,,,,2,NO INDICATION OF INJURY,0.0,0.0,0.0,0.0,0.0,2.0,0.0,18,6,1,41.91771447,-87.685481077,POINT (-87.68548107695 41.917714469941),2025-01-10 18:00:00
61e4ba1becc8d9b8ca515b209ec37cfccfd41e0efbf62c6ea479e20b2678c6494fe0de87eb5cf01078046edf0b83ed35a2ba106c1eb51a924a158f606b85fc16,,01/10/2025 06:00:00 PM,30,TRAFFIC SIGNAL,FUNCTIONING IMPROPERLY,SNOW,"DARKNESS, LIGHTED ROAD",PARKED MOTOR VEHICLE,DIVIDED - W/MEDIAN (NOT RAISED),,STRAIGHT AND LEVEL,SNOW OR SLUSH,NO DEFECTS,ON SCENE,INJURY AND / OR TOW DUE TO CRASH,,,,"OVER $1,500",01/10/2025 06:04:00 PM,FAILING TO REDUCE SPEED TO AVOID CRASH,FAILING TO REDUCE SPEED TO AVOID CRASH,2542,N,SACRAMENTO AVE,1414.0,,,,,,,3,NO INDICATION OF INJURY,0.0,0.0,0.0,0.0,0.0,1.0,0.0,18,6,1,41.927836041,-87.702550047,POINT (-87.702550047321 41.927836041293),2025-01-10 18:00:00
96b4b3a9d8c3989f9ee719b5e193f818c6d1275f2aa8010ac03995efca0e9925b7f98e38e0aa51d05b6440779ab2a055c3b6a08e8ed68bd3d6aa34b569d367ab,,01/10/2025 06:00:00 PM,30,TRAFFIC SIGNAL,FUNCTIONING IMPROPERLY,SNOW,"DARKNESS, LIGHTED ROAD",ANGLE,FOUR WAY,,STRAIGHT AND LEVEL,SNOW OR SLUSH,NO DEFECTS,,INJURY AND / OR TOW DUE TO CRASH,Y,,,"OVER $1,500",01/10/2025 06:12:00 PM,UNABLE TO DETERMINE,UNABLE TO DETERMINE,7500,S,COTTAGE GROVE AVE,624.0,,,,,,,3,NO INDICATION OF INJURY,0.0,0.0,0.0,0.0,0.0,3.0,0.0,18,6,1,41.758484888,-87.60553322,POINT (-87.605533219704 41.758484887637),2025-01-10 18:00:00