CRASH_RECORD_ID,CRASH_DATE_EST_I,CRASH_DATE,POSTED_SPEED_LIMIT,TRAFFIC_CONTROL_DEVICE,DEVICE_CONDITION,WEATHER_CONDITION,LIGHTING_CONDITION,FIRST_CRASH_TYPE,TRAFFICWAY_TYPE,LANE_CNT,ALIGNMENT,ROADWAY_SURFACE_COND,ROAD_DEFECT,REPORT_TYPE,CRASH_TYPE,INTERSECTION_RELATED_I,NOT_RIGHT_OF_WAY_I,HIT_AND_RUN_I,DAMAGE,DATE_POLICE_NOTIFIED,PRIM_CONTRIBUTORY_CAUSE,SEC_CONTRIBUTORY_CAUSE,STREET_NO,STREET_DIRECTION,STREET_NAME,BEAT_OF_OCCURRENCE,PHOTOS_TAKEN_I,STATEMENTS_TAKEN_I,DOORING_I,WORK_ZONE_I,WORK_ZONE_TYPE,WORKERS_PRESENT_I,NUM_UNITS,MOST_SEVERE_INJURY,INJURIES_TOTAL,INJURIES_FATAL,INJURIES_INCAPACITATING,INJURIES_NON_INCAPACITATING,INJURIES_REPORTED_NOT_EVIDENT,INJURIES_NO_INDICATION,INJURIES_UNKNOWN,CRASH_HOUR,CRASH_DAY_OF_WEEK,CRASH_MONTH,LATITUDE,LONGITUDE,LOCATION,timestamp
cde80b53f1d3a8428f1fea3a795cd5fcdf2cd4963caa728e6c570100041626582ed5bcc86dd3847c43ad033c200d6e3931456ce40bfa0d58c961a97ea2cc8316,,01/10/2025 06:00:00 PM,30,UNKNOWN,UNKNOWN,SNOW,"DARKNESS, LIGHTED ROAD",PARKED MOTOR VEHICLE,NOT DIVIDED,,STRAIGHT AND LEVEL,SNOW OR SLUSH,UNKNOWN,NOT ON SCENE (DESK REPORT),NO INJURY / DRIVE AWAY,,,Y,"OVER $1,500",01/10/2025 08:00:00 PM,UNABLE TO DETERMINE,UNABLE TO DETERMINE,1650,N,PAULINA ST,1433.0,,,,,,,2,NO INDICATION OF INJURY,0.0,0.0,0.0,0.0,0.0,1.0,0.0,18,6,1,41.912102623,-87.670321625,POINT (-87.670321625418 41.912102623336),2025-01-10 18:00:00
e0d6ccb458b35c9f25c6735dd11d22cae27b3c392fff65baf09a51f686c4aba26c79e96bda0f7c591f1e2b1f31f01f9d89369a5c2f946e67bb234f0e3cd109fc,,01/10/2025 06:00:00 PM,30,NO CONTROLS,NO CONTROLS,SNOW,DUSK,PARKED MOTOR VEHICLE,ONE-WAY,,STRAIGHT AND LEVEL,SNOW OR SLUSH,UNKNOWN,NOT ON SCENE (DESK REPORT),NO INJURY / DRIVE AWAY,,,Y,"OVER $1,500",01/10/2025 07:30:00 PM,NOT APPLICABLE,NOT APPLICABLE,944,E,82ND ST,631.0,,,,,,,2,NO INDICATION OF INJURY,0.0,0.0,0.0,0.0,0.0,1.0,0.0,18,6,1,41.745952315,-87.600829313,POINT (-87.60082931299 41.745952314825),2025-01-10 18:00:00
25b12cb20c68b32f685b387d491cc348b20662387a44071a56341dd08c7baab3eefb144df3940cbdbb1bc0e638a066ceb20a908158686e6f911efe5d8b14e938,Y,01/10/2025 05:58:00 PM,30,UNKNOWN,UNKNOWN,UNKNOWN,"DARKNESS, LIGHTED ROAD",REAR END,NOT DIVIDED,,STRAIGHT AND LEVEL,UNKNOWN,UNKNOWN,NOT ON SCENE (DESK REPORT),NO INJURY / DRIVE AWAY,,,,"OVER $1,500",01/10/2025 07:45:00 PM,UNABLE TO DETERMINE,NOT APPLICABLE,808,E,79TH ST,624.0,,,,,,,2,NO INDICATION OF INJURY,0.0,0.0,0.0,0.0,0.0,3.0,0.0,17,6,1,41.751400794,-87.604833809,POINT (-87.604833809025 41.751400794283),2025-01-10 17:58:00
6c87f22a36757b4d3187aad3c3b9fd641f0f6c0a5c1fafb22b73019abaf8c8ddc9b01fd8a741d7d2ac5dfe9e7b49c02a468addbe851d00d9529785e0f62ccba3,,01/10/2025 05:57:00 PM,30,NO CONTROLS,NO CONTROLS,CLEAR,DARKNESS,TURNING,NOT DIVIDED,,STRAIGHT AND LEVEL,WET,NO DEFECTS,NOT ON SCENE (DESK REPORT),NO INJURY / DRIVE AWAY,,,,"$501 - $1,500",01/10/2025 06:40:00 PM,FAILING TO YIELD RIGHT-OF-WAY,FAILING TO YIELD RIGHT-OF-WAY,4734,N,CUMBERLAND AVE,1614.0,,,,,,,2,NO INDICATION OF INJURY,0.0,0.0,0.0,0.0,0.0,2.0,0.0,17,6,1,41.966011401,-87.836831169,POINT (-87.836831169138 41.966011401336),2025-01-10 17:57:00
edf17beba9227586480d61e1fe8e4e334a572af5d44beb5b99d1138c50a670887da6aba80e593f0951c91d184e4a35856a18df8fa47f7ea580301e6678195ba7,,01/10/2025 05:55:00 PM,30,NO CONTROLS,FUNCTIONING PROPERLY,UNKNOWN,"DARKNESS, LIGHTED ROAD",FIXED OBJECT,TRAFFIC ROUTE,,STRAIGHT AND LEVEL,WET,UNKNOWN,ON SCENE,NO INJURY / DRIVE AWAY,Y,,,"OVER $1,500",01/10/2025 05:56:00 PM,"EVASIVE ACTION DUE TO ANIMAL, OBJECT, NONMOTORIST",NOT APPLICABLE,5959,S,CALIFORNIA AVE,824.0,,,,,,,1,NO INDICATION OF INJURY,0.0,0.0,0.0,0.0,0.0,1.0,0.0,17,6,1,41.784678683,-87.69340184,POINT (-87.693401840443 41.784678682794),2025-01-10 17:55:00
f661d2675538f4f3066a0967cc981ab7ebda01d6fc3203534c5240cc88528a3243d78a68754f0eaeb712ae69297e1becd91ce5e543f29025e338275dea1d5557,,01/10/2025 05:55:00 PM,30,TRAFFIC SIGNAL,FUNCTIONING PROPERLY,SNOW,"DARKNESS, LIGHTED ROAD",TURNING,FOUR WAY,,STRAIGHT AND LEVEL,SNOW OR SLUSH,NO DEFECTS,NOT ON SCENE (DESK REPORT),NO INJURY / DRIVE AWAY,,,Y,"OVER $1,500",01/10/2025 06:30:00 PM,UNABLE TO DETERMINE,UNABLE TO DETERMINE,6700,S,LAFAYETTE AVE,722.0,,,,,,,2,NO INDICATION OF INJURY,0.0,0.0,0.0,0.0,0.0,3.0,0.0,17,6,1,41.772655335,-87.626908853,POINT (-87.626908852725 41.772655335362),2025-01-10 17:55:00
7825f50942f4a898f23b09a52a966cb3a638eb686bdc8c1877fa3533140fa30790214bc256dc3d74433500e32279bfd3cde0e99a21eb45c703a15050c55aab3b,,01/10/2025 05:52:00 PM,30,NO CONTROLS,NO CONTROLS,SNOW,"DARKNESS, LIGHTED ROAD",TURNING,FOUR WAY,,STRAIGHT AND LEVEL,WET,UNKNOWN,ON SCENE,INJURY AND / OR TOW DUE TO CRASH,,,,"OVER $1,500",01/10/2025 05:55:00 PM,IMPROPER LANE USAGE,NOT APPLICABLE,4014,W,CHICAGO AVE,1111.0,,,,,,,2,"REPORTED, NOT EVIDENT",2.0,0.0,0.0,0.0,2.0,1.0,0.0,17,6,1,41.895467889,-87.726664815,POINT (-87.726664814953 41.895467888773),2025-01-10 17:52:00
decf32d4de2ff2b998be6466259fc67002604cdbe210a78e5440237e23c1bae24fceda4d7e2a70e0868eabed76cd773cba15ab3c9a22dd1c6fdb195e53ff4e54,,01/10/2025 05:49:00 PM,30,STOP SIGN/FLASHER,NO CONTROLS,SNOW,"DARKNESS, LIGHTED ROAD",ANGLE,T-INTERSECTION,,STRAIGHT AND LEVEL,SNOW OR SLUSH,NO DEFECTS,NOT ON SCENE (DESK REPORT),NO INJURY / DRIVE AWAY,Y,,,"OVER $1,500",01/10/2025 08:00:00 PM,WEATHER,UNABLE TO DETERMINE,13000,S,EVANS AVE,533.0,,,,,,,2,NO INDICATION OF INJURY,0.0,0.0,0.0,0.0,0.0,2.0,0.0,17,6,1,41.659129623,-87.6035523,POINT (-87.603552300143 41.659129623085),2025-01-10 17:49:00
d6019cb8ee9e18081e11eaae93527a4f11f18519d59b6e2cb1ef889fa1d54098011836477dc0c35bf648c2e107aa3eebefb99fdc5bf820448f55070d4764cba6,,01/10/2025 05:47:00 PM,25,STOP SIGN/FLASHER,FUNCTIONING PROPERLY,SNOW,"DARKNESS, LIGHTED ROAD",PEDESTRIAN,NOT DIVIDED,,STRAIGHT AND LEVEL,SNOW OR SLUSH,NO DEFECTS,ON SCENE,INJURY AND / OR TOW DUE TO CRASH,,,,$500 OR LESS,01/10/2025 05:48:00 PM,FAILING TO YIELD RIGHT-OF-WAY,NOT APPLICABLE,7900,S,EXCHANGE AVE,422.0,,,,,,,2,"REPORTED, NOT EVIDENT",1.0,0.0,0.0,0.0,1.0,1.0,0.0,17,6,1,41.751817899,-87.553044224,POINT (-87.553044223671 41.751817898773),2025-01-10 17:47:00
662db460232376d8fc4305de446d9e2430a88992a9197798d58919312e0d41bc5967dd12544c351803338f85d18fb31d7d81303fdcf361589e007fca39e3bb7e,,01/10/2025 05:46:00 PM,30,NO CONTROLS,NO CONTROLS,SNOW,"DARKNESS, LIGHTED ROAD",FIXED OBJECT,NOT DIVIDED,,STRAIGHT AND LEVEL,SNOW OR SLUSH,NO DEFECTS,ON SCENE,INJURY AND / OR TOW DUE TO CRASH,,,,"$501 - $1,500",01/10/2025 05:46:00 PM,WEATHER,WEATHER,3756,N,KEDZIE AVE,1733.0,,,,,,,1,NO INDICATION OF INJURY,0.0,0.0,0.0,0.0,0.0,1.0,0.0,17,6,1,41.950130738,-87.70806085,POINT (-87.708060849665 41.950130737817),2025-01-10 17:46:00
2cfd42fdab044029fbbcdd6ada04ac2077c797a4df74eb7e85f41b3fd93a25ecf8b9d642885160789589620191cbe43bb7f6a93cca428fcc78b309c27dece8f0,,01/10/2025 05:45:00 PM,30,TRAFFIC SIGNAL,FUNCTIONING PROPERLY,SNOW,UNKNOWN,REAR END,T-INTERSECTION,,STRAIGHT AND LEVEL,UNKNOWN,UNKNOWN,NOT ON SCENE (DESK REPORT),NO INJURY / DRIVE AWAY,,,Y,"$501 - $1,500",01/10/2025 06:15:00 PM,UNABLE TO DETERMINE,UNABLE TO DETERMINE,400,E,79TH ST,624.0,,,,,,,2,NO INDICATION OF INJURY,0.0,0.0,0.0,0.0,0.0,3.0,0.0,17,6,1,41.751224094,-87.614896961,POINT (-87.614896961253 41.751224094299),2025-01-10 17:45:00
83c24243fbd8bdd56dead0e80d7df13989f5eeb7a9c0260ff089d19fb4b4038da928850bd4d1fce7a615e433ead484f8076bd9036e2fd4a29816489d49089cf8,,01/10/2025 05:45:00 PM,30,NO CONTROLS,NO CONTROLS,SNOW,DARKNESS,FIXED OBJECT,OTHER,,"CURVE, LEVEL",SNOW OR SLUSH,NO DEFECTS,ON SCENE,NO INJURY / DRIVE AWAY,,,N,"OVER $1,500",01/10/2025 05:58:00 PM,WEATHER,DRIVING SKILLS/KNOWLEDGE/EXPERIENCE,4719,S,COTTAGE GROVE AVE,223.0,,,,,,,1,NO INDICATION OF INJURY,0.0,0.0,0.0,0.0,0.0,1.0,0.0,17,6,1,41.808923032,-87.606403943,POINT (-87.606403942507 41.808923032319),2025-01-10 17:45:00
1056981c94267f3b40ddf566a890b755ac0164c3a089e999fe45154cc4ffff94a0bed3f5258d92604199a07440b394d1ac957d99450370546baf3d25832899f0,,01/10/2025 05:40:00 PM,30,NO CONTROLS,NO CONTROLS,SNOW,DUSK,TURNING,DIVIDED - W/MEDIAN BARRIER,,STRAIGHT AND LEVEL,WET,UNKNOWN,NOT ON SCENE (DESK REPORT),NO INJURY / DRIVE AWAY,,,Y,"$501 - $1,500",01/13/2025 03:00:00 PM,UNABLE TO DETERMINE,UNABLE TO DETERMINE,2931,N,LAKEWOOD AVE,1933.0,,,,,,,2,NO INDICATION OF INJURY,0.0,0.0,0.0,0.0,0.0,2.0,0.0,17,6,1,41.935197704,-87.661079364,POINT (-87.661079363975 41.935197704068),2025-01-10 17:40:00
6b7db10fa7fe919d198829ebff15d0e6ce2847637d43da9e3a2e48cf7291b8d33205c86d6a66f28aee132c3129a776b6ad0cbdfc5a6fa1d2febd60d7ce546bc8,,01/10/2025 05:40:00 PM,30,TRAFFIC SIGNAL,FUNCTIONING PROPERLY,SNOW,"DARKNESS, LIGHTED ROAD",REAR END,NOT DIVIDED,,STRAIGHT AND LEVEL,WET,NO DEFECTS,NOT ON SCENE (DESK REPORT),NO INJURY / DRIVE AWAY,Y,,,"OVER $1,500",01/10/2025 06:30:00 PM,FOLLOWING TOO CLOSELY,NOT APPLICABLE,2600,S,KEELER AVE,1031.0,,,,,,,2,NO INDICATION OF INJURY,0.0,0.0,0.0,0.0,0.0,2.0,0.0,17,6,1,41.844089491,-87.729554011,POINT (-87.729554010847 41.844089491442),2025-01-10 17:40:00
dd83a9a222ada8fc2a8749ce8b2bcd4055944c4d73df5e8783a6853cd96d0d2c637a7cd9d3bbe5da923c993273a376c62cc93812bc4d5da566d2870cbc79cef8,,01/10/2025 05:40:00 PM,30,TRAFFIC SIGNAL,FUNCTIONING PROPERLY,SNOW,"DARKNESS, LIGHTED ROAD",TURNING,DIVIDED - W/MEDIAN (NOT RAISED),,STRAIGHT AND LEVEL,SNOW OR SLUSH,NO DEFECTS,NOT ON SCENE (DESK REPORT),NO INJURY / DRIVE AWAY,,,,"OVER $1,500",01/10/2025 06:00:00 PM,UNABLE TO DETERMINE,NOT APPLICABLE,2000,W,76TH ST,611.0,,,,,,,2,NO INDICATION OF INJURY,0.0,0.0,0.0,0.0,0.0,2.0,0.0,17,6,1,41.755800725,-87.673353973,POINT (-87.673353973413 41.755800724621),2025-01-10 17:40:00
bee05407658f9f7f6711defefbce2313243ae2fd55ba1caf4205441d19fa2b5f4d34d556b0a2a170e2b73969fa58ef69514c074142e74689f3239ccfb778fedc,,01/10/2025 05:35:00 PM,25,NO CONTROLS,NO CONTROLS,SNOW,"DARKNESS, LIGHTED ROAD",PARKED MOTOR VEHICLE,ONE-WAY,,STRAIGHT ON GRADE,SNOW OR SLUSH,NO DEFECTS,NOT ON SCENE (DESK REPORT),NO INJURY / DRIVE AWAY,,,Y,"$501 - $1,500",01/13/2025 03:40:00 PM,UNABLE TO DETERMINE,UNABLE TO DETERMINE,6331,S,KOMENSKY AVE,813.0,,,,,,,2,NO INDICATION OF INJURY,0.0,0.0,0.0,0.0,0.0,1.0,0.0,17,6,1,41.777638143,-87.723807785,POINT (-87.723807785107 41.777638143065),2025-01-10 17:35:00
d98fff71d4ea1c4a749157fd0266795e672b0694eaee2c29e7a3d389f2a2205d5a23f527fb57a91b632c70da44a6d91b3d6eb70f471946546ce2016a88510513,,01/10/2025 05:30:00 PM,35,NO CONTROLS,NO CONTROLS,SNOW,DARKNESS,SIDESWIPE SAME DIRECTION,NOT DIVIDED,,STRAIGHT AND LEVEL,SNOW OR SLUSH,NO DEFECTS,ON SCENE,NO INJURY / DRIVE AWAY,,,Y,$500 OR LESS,01/10/2025 05:41:00 PM,"OPERATING VEHICLE IN ERRATIC, RECKLESS, CARELESS, NEGLIGENT OR AGGRESSIVE MANNER",NOT APPLICABLE,10599,S,COTTAGE GROVE AVE,512.0,,,,,,,2,NO INDICATION OF INJURY,0.0,0.0,0.0,0.0,0.0,2.0,0.0,17,6,1,41.701960429,-87.60760527,POINT (-87.607605269888 41.701960429318),2025-01-10 17:30:00
ee04ef6c69759a129aced59f7826eabfecf4650ec6de11cc8c31efc588c41323c7e6027a92ad4f2b59c3811e75645cdbbef455c1467d230f52e0136c62f61e0d,,01/10/2025 05:30:00 PM,30,NO CONTROLS,NO CONTROLS,SNOW,DARKNESS,REAR END,NOT DIVIDED,,STRAIGHT AND LEVEL,SNOW OR SLUSH,NO DEFECTS,ON SCENE,NO INJURY / DRIVE AWAY,,,Y,"OVER $1,500",01/10/2025 06:02:00 PM,FOLLOWING TOO CLOSELY,UNABLE TO DETERMINE,7400,W,BELMONT AVE,1631.0,,Y,,,,,2,NO INDICATION OF INJURY,0.0,0.0,0.0,0.0,0.0,2.0,0.0,17,6,1,41.93809359,-87.811315201,POINT (-87.811315201166 41.938093589757),2025-01-10 17:30:00
54fd7d6585ab3b0af444c7c9f4d31e8e3f56e286579c58ee635b9cb76c2526de1ff6224162b16a651c73f2ce82660bf11cd4a70b3b4cb2ac79bca05721c4ab65,Y,01/10/2025 05:29:00 PM,30,TRAFFIC SIGNAL,NO CONTROLS,SNOW,"DARKNESS, LIGHTED ROAD",REAR END,DIVIDED - W/MEDIAN (NOT RAISED),,STRAIGHT AND LEVEL,WET,NO DEFECTS,NOT ON SCENE (DESK REPORT),INJURY AND / OR TOW DUE TO CRASH,,,,"OVER $1,500",01/10/2025 06:40:00 PM,FOLLOWING TOO CLOSELY,NOT APPLICABLE,2001,W,GARFIELD BLVD,715.0,,,,,,,2,"REPORTED, NOT EVIDENT",3.0,0.0,0.0,0.0,3.0,1.0,0.0,17,6,1,41.79344626,-87.674346458,POINT (-87.674346458333 41.793446259528),2025-01-10 17:29:00
efb6cacbfdc63543798041719eaf13cd0cc22e5f576253d9a4d0af3fc1ca0c4d4a8d5c4d4f6b2593fddba11d23111947a94a046298c365dfcef94099017df703,,01/10/2025 05:26:00 PM,35,STOP SIGN/FLASHER,FUNCTIONING PROPERLY,SNOW,DUSK,PARKED MOTOR VEHICLE,DIVIDED - W/MEDIAN (NOT RAISED),,STRAIGHT AND LEVEL,WET,NO DEFECTS,,NO INJURY / DRIVE AWAY,N,,N,$500 OR LESS,01/10/2025 05:29:00 PM,IMPROPER LANE USAGE,NOT APPLICABLE,1205,N,LA SALLE DR,1821.0,,,,,,,3,NO INDICATION OF INJURY,0.0,0.0,0.0,0.0,0.0,4.0,0.0,17,6,1,41.904083958,-87.632780745,POINT (-87.632780745155 41.904083957756),2025-01-10 17:26:00
7f8d4464e15074ff005fac3668985373748ec84386db81ec4e41e905755e68f8509de01d3ad75c558a43a197fd9e050c871b7a9287580900df9ddfd9eaedb1f3,,01/10/2025 05:24:00 PM,20,NO CONTROLS,NO CONTROLS,SNOW,"DARKNESS, LIGHTED ROAD",PEDESTRIAN,NOT DIVIDED,,STRAIGHT AND LEVEL,SNOW OR SLUSH,NO DEFECTS,ON SCENE,NO INJURY / DRIVE AWAY,,,,$500 OR LESS,01/10/2025 05:37:00 PM,IMPROPER OVERTAKING/PASSING,NOT APPLICABLE,3732,W,86TH PL,834.0,,,,,,,2,NO INDICATION OF INJURY,0.0,0.0,0.0,0.0,0.0,2.0,0.0,17,6,1,41.735984044,-87.71550412,POINT (-87.715504119932 41.735984043661),2025-01-10 17:24:00
0619f76b22764f05bdae41e617e56cf2828c494fe837e0b547a54229114a242690bdf31b6d0b6fff4a967908915479de60bc5ccdd6393b3eef04cbff3c8d38f3,,01/10/2025 05:22:00 PM,30,YIELD,FUNCTIONING PROPERLY,SNOW,DARKNESS,ANGLE,FOUR WAY,,STRAIGHT AND LEVEL,SNOW OR SLUSH,UNKNOWN,ON SCENE,NO INJURY / DRIVE AWAY,Y,,,"OVER $1,500",01/10/2025 05:22:00 PM,FAILING TO YIELD RIGHT-OF-WAY,WEATHER,2159,E,71ST ST,333.0,Y,Y,,,,,2,NO INDICATION OF INJURY,0.0,0.0,0.0,0.0,0.0,3.0,0.0,17,6,1,41.766010712,-87.571518746,POINT (-87.57151874607 41.76601071201),2025-01-10 17:22:00
476d3819f0eceb1b3bd4927915d46bc8dd9f4f07f99af039eca426db9a810bcf3c657a140b83dfdae238f3b1c5f0face206636075bd362061a3694b0f9b24cc8,,01/10/2025 05:21:00 PM,30,TRAFFIC SIGNAL,FUNCTIONING PROPERLY,SNOW,"DARKNESS, LIGHTED ROAD",PARKED MOTOR VEHICLE,NOT DIVIDED,,STRAIGHT AND LEVEL,SNOW OR SLUSH,NO DEFECTS,ON SCENE,NO INJURY / DRIVE AWAY,,,,"$501 - $1,500",01/10/2025 05:25:00 PM,WEATHER,DRIVING SKILLS/KNOWLEDGE/EXPERIENCE,1412,S,BLUE ISLAND AVE,1233.0,,,,,,,2,NO INDICATION OF INJURY,0.0,0.0,0.0,0.0,0.0,2.0,0.0,17,6,1,41.862976624,-87.656972515,POINT (-87.656972514851 41.862976624395),2025-01-10 17:21:00
b0cda1d7c9a65dbd0c9accb7d8f56b4e0be3d7d942c372725a6e5e83a582d71c6658c06e1f3a4e9f0253a88844c6105cdff0e8b11aa60df8dad8e437521f82e4,,01/10/2025 05:21:00 PM,30,TRAFFIC SIGNAL,FUNCTIONING PROPERLY,SNOW,DUSK,TURNING,"FIVE POINT, OR MORE",,STRAIGHT AND LEVEL,SNOW OR SLUSH,UNKNOWN,ON SCENE,NO INJURY / DRIVE AWAY,Y,,,"OVER $1,500",01/10/2025 05:21:00 PM,UNABLE TO DETERMINE,NOT APPLICABLE,7100,S,YATES BLVD,334.0,,,,,,,2,NO INDICATION OF INJURY,0.0,0.0,0.0,0.0,0.0,5.0,0.0,17,6,1,41.766287701,-87.566633266,POINT (-87.566633265847 41.766287700895),2025-01-10 17:21:00
1475a67e1f807f660d25d2168dc904ea757e77a62f9615d29e9b3b617302b63112a6e10f9f821a24a17007ac00c6ac7855f463488c34c8ee7b9365dca716ef0a,,01/10/2025 05:20:00 PM,35,NO CONTROLS,NO CONTROLS,SNOW,"DARKNESS, LIGHTED ROAD",SIDESWIPE OPPOSITE DIRECTION,ONE-WAY,,STRAIGHT AND LEVEL,SNOW OR SLUSH,UNKNOWN,ON SCENE,INJURY AND / OR TOW DUE TO CRASH,,,N,"OVER $1,500",01/10/2025 07:12:00 PM,NOT APPLICABLE,NOT APPLICABLE,4700,S,KEELER AVE,815.0,,,,,,,3,INCAPACITATING INJURY,1.0,0.0,1.0,0.0,0.0,2.0,0.0,17,6,1,41.807716814,-87.728619895,POINT (-87.728619895431 41.807716813824),2025-01-10 17:20:00
4a63a98fa7c12410804c3596cf13ca5c28a04654ae1927b04e6c90a69097d438aa56af904c74825370e8a90d89d8dfc77a249ca46cce432d71436aaefda1af2d,,01/10/2025 05:20:00 PM,30,NO CONTROLS,NO CONTROLS,SNOW,"DARKNESS, LIGHTED ROAD",TURNING,NOT DIVIDED,,STRAIGHT AND LEVEL,SNOW OR SLUSH,NO DEFECTS,ON SCENE,INJURY AND / OR TOW DUE TO CRASH,Y,,,"OVER $1,500",01/10/2025 05:30:00 PM,DRIVING SKILLS/KNOWLEDGE/EXPERIENCE,"VISION OBSCURED (SIGNS, TREE LIMBS, BUILDINGS, ETC.)",7415,N,RIDGE BLVD,2424.0,,,,,,,2,NO INDICATION OF INJURY,0.0,0.0,0.0,0.0,0.0,2.0,0.0,17,6,1,42.016482846,-87.68414797,POINT (-87.684147970467 42.016482845745),2025-01-10 17:20:00
8a8ce11a75bf24874e2cc420b921212310dc4968c145d4001d8092af61f2d89ed360f4bc9a9dc4ac890ba0b5bdae145379ba5767d0a547488fb1459e8dedcdde,,01/10/2025 05:12:00 PM,30,TRAFFIC SIGNAL,FUNCTIONING PROPERLY,SNOW,DUSK,SIDESWIPE SAME DIRECTION,NOT DIVIDED,,STRAIGHT AND LEVEL,SNOW OR SLUSH,UNKNOWN,ON SCENE,INJURY AND / OR TOW DUE TO CRASH,,,,"OVER $1,500",01/10/2025 05:55:00 PM,IMPROPER OVERTAKING/PASSING,FAILING TO YIELD RIGHT-OF-WAY,200,E,GRAND AVE,1834.0,N,,,,,,2,NO INDICATION OF INJURY,0.0,0.0,0.0,0.0,0.0,2.0,0.0,17,6,1,41.891871695,-87.622610131,POINT (-87.622610130843 41.891871695093),2025-01-10 17:12:00
8faae267fa839341995f97800eb4e915bc26b50b4415c5b639d29b3313917869aefc564a4f356c624e146f35434c240713094c7c5cff341b6d01c50119d23b9f,,01/10/2025 05:10:00 PM,30,NO CONTROLS,NO CONTROLS,CLEAR,"DARKNESS, LIGHTED ROAD",SIDESWIPE SAME DIRECTION,ONE-WAY,,STRAIGHT AND LEVEL,SNOW OR SLUSH,NO DEFECTS,NOT ON SCENE (DESK REPORT),NO INJURY / DRIVE AWAY,,,,"OVER $1,500",01/10/2025 05:35:00 PM,UNABLE TO DETERMINE,UNABLE TO DETERMINE,2822,W,36TH ST,911.0,,,,,,,2,NO INDICATION OF INJURY,0.0,0.0,0.0,0.0,0.0,2.0,0.0,17,6,1,41.8283588,-87.69582558,POINT (-87.695825579777 41.828358800107),2025-01-10 17:10:00
7dbf55bd75fde8d70638013930744bd99dd0a0cfe5bb661ddb720a661fc674cc72c1234c523b18cc76847c607fa8cbfe5c5604d28fb2d6b012bc24f3734848a2,,01/10/2025 05:01:00 PM,10,NO CONTROLS,NO CONTROLS,SNOW,DARKNESS,SIDESWIPE SAME DIRECTION,OTHER,,STRAIGHT ON GRADE,SNOW OR SLUSH,UNKNOWN,ON SCENE,INJURY AND / OR TOW DUE TO CRASH,,Y,,"OVER $1,500",01/10/2025 06:48:00 PM,WEATHER,UNABLE TO DETERMINE,2630,N,NARRAGANSETT AVE,2512.0,,,,,,,2,NO INDICATION OF INJURY,0.0,0.0,0.0,0.0,0.0,2.0,0.0,17,6,1,41.928278993,-87.785761257,POINT (-87.785761257196 41.928278992821),2025-01-10 17:01:00
bb6cdd84b1150aed72b5c1f6f3ef6fee74c069faf4ce442070c0903cfa648480eac020af03c976c478c9cfdedcf625bc711009c954e9029bbc48116edcbfb9f3,,01/10/2025 05:01:00 PM,25,NO CONTROLS,NO CONTROLS,UNKNOWN,"DARKNESS, LIGHTED ROAD",PARKED MOTOR VEHICLE,ONE-WAY,,STRAIGHT AND LEVEL,UNKNOWN,UNKNOWN,NOT ON SCENE (DESK REPORT),NO INJURY / DRIVE AWAY,,,Y,"OVER $1,500",01/12/2025 08:00:00 PM,UNABLE TO DETERMINE,UNABLE TO DETERMINE,2205,N,MAJOR AVE,2515.0,,,,,,,2,NO INDICATION OF INJURY,0.0,0.0,0.0,0.0,0.0,1.0,0.0,17,6,1,41.920502471,-87.768147416,POINT (-87.768147415996 41.920502471468),2025-01-10 17:01:00
1569475b2a52a84b86ae25a585bcf35e85ed4b9b9cb7331339dacb04f9746cb8aa52c4407f6e4568786d3b2753e96784860712d40d72e241c7afe886a24c702a,,01/10/2025 05:00:00 PM,30,TRAFFIC SIGNAL,FUNCTIONING PROPERLY,SNOW,"DARKNESS, LIGHTED ROAD",REAR END,DIVIDED - W/MEDIAN (NOT RAISED),,STRAIGHT AND LEVEL,SNOW OR SLUSH,UNKNOWN,ON SCENE,NO INJURY / DRIVE AWAY,,,,"OVER $1,500",01/10/2025 05:06:00 PM,WEATHER,FOLLOWING TOO CLOSELY,2000,W,FULLERTON AVE,1432.0,,,,,,,2,NO INDICATION OF INJURY,0.0,0.0,0.0,0.0,0.0,2.0,0.0,17,6,1,41.925134944,-87.677963546,POINT (-87.677963545538 41.925134943749),2025-01-10 17:00:00
166cb7365ac1148269b8fcf9fceb375d171c69b56b8bb101008a635155000e4202e75f85bb7586a839c82ff653d8fbd65c1f15fbb87b226319bb2b2362ab9293,,01/10/2025 05:00:00 PM,30,UNKNOWN,UNKNOWN,SNOW,DARKNESS,SIDESWIPE SAME DIRECTION,OTHER,,STRAIGHT AND LEVEL,SNOW OR SLUSH,UNKNOWN,NOT ON SCENE (DESK REPORT),NO INJURY / DRIVE AWAY,,,,"OVER $1,500",01/10/2025 05:40:00 PM,WEATHER,UNABLE TO DETERMINE,1900,W,FOSTER AVE,2012.0,,,,,,,2,NO INDICATION OF INJURY,0.0,0.0,0.0,0.0,0.0,2.0,0.0,17,6,1,41.976184008,-87.676484133,POINT (-87.676484132822 41.976184007881),2025-01-10 17:00:00