CRASH_RECORD_ID,CRASH_DATE_EST_I,CRASH_DATE,POSTED_SPEED_LIMIT,TRAFFIC_CONTROL_DEVICE,DEVICE_CONDITION,WEATHER_CONDITION,LIGHTING_CONDITION,FIRST_CRASH_TYPE,TRAFFICWAY_TYPE,LANE_CNT,ALIGNMENT,ROADWAY_SURFACE_COND,ROAD_DEFECT,REPORT_TYPE,CRASH_TYPE,INTERSECTION_RELATED_I,NOT_RIGHT_OF_WAY_I,HIT_AND_RUN_I,DAMAGE,DATE_POLICE_NOTIFIED,PRIM_CONTRIBUTORY_CAUSE,SEC_CONTRIBUTORY_CAUSE,STREET_NO,STREET_DIRECTION,STREET_NAME,BEAT_OF_OCCURRENCE,PHOTOS_TAKEN_I,STATEMENTS_TAKEN_I,DOORING_I,WORK_ZONE_I,WORK_ZONE_TYPE,WORKERS_PRESENT_I,NUM_UNITS,MOST_SEVERE_INJURY,INJURIES_TOTAL,INJURIES_FATAL,INJURIES_INCAPACITATING,INJURIES_NON_INCAPACITATING,INJURIES_REPORTED_NOT_EVIDENT,INJURIES_NO_INDICATION,INJURIES_UNKNOWN,CRASH_HOUR,CRASH_DAY_OF_WEEK,CRASH_MONTH,LATITUDE,LONGITUDE,LOCATION,timestamp
32ba94c7308d3f3db97c133b5a6f50454a109de2864f7a52cbd647381457c8a255bd72283892794d194a8c7f311943b06386bb949df683d9fc0839f5bd22a6a4,,01/10/2025 05:00:00 PM,30,TRAFFIC SIGNAL,NO CONTROLS,SNOW,"DARKNESS, LIGHTED ROAD",REAR END,ONE-WAY,,STRAIGHT AND LEVEL,SNOW OR SLUSH,NO DEFECTS,NOT ON SCENE (DESK REPORT),NO INJURY / DRIVE AWAY,Y,,,"OVER $1,500",01/10/2025 05:55:00 PM,FOLLOWING TOO CLOSELY,WEATHER,3100,S,WENTWORTH AVE,915.0,,,,,,,2,NO INDICATION OF INJURY,0.0,0.0,0.0,0.0,0.0,2.0,0.0,17,6,1,41.838200594,-87.631823376,POINT (-87.631823375905 41.83820059378),2025-01-10 17:00:00
4f049b418974771e8d90c558f3d193f09849caab7aa6c9d2f3efc096c260a94fc762852aff65665a53d8131f5d994855223edf85f7d8f9f0ff45bb536485cf24,,01/10/2025 05:00:00 PM,30,TRAFFIC SIGNAL,FUNCTIONING PROPERLY,SNOW,DAYLIGHT,REAR END,NOT DIVIDED,,STRAIGHT AND LEVEL,SNOW OR SLUSH,NO DEFECTS,NOT ON SCENE (DESK REPORT),NO INJURY / DRIVE AWAY,,,N,"OVER $1,500",01/10/2025 05:48:00 PM,FOLLOWING TOO CLOSELY,NOT APPLICABLE,5241,W,63RD ST,813.0,,,,,,,2,NO INDICATION OF INJURY,0.0,0.0,0.0,0.0,0.0,2.0,0.0,17,6,1,41.778102283,-87.753546009,POINT (-87.753546008829 41.778102282908),2025-01-10 17:00:00
7b1d397d9be4ffa8ef2234cf5f70d1a91850d443f169255fe49d46cc5e765854f35ecedcd7575c813c8827f9bd95f97d572b75d55f6c894f50819fe690d8fab6,,01/10/2025 05:00:00 PM,30,STOP SIGN/FLASHER,FUNCTIONING PROPERLY,SNOW,DAYLIGHT,PARKED MOTOR VEHICLE,FOUR WAY,,STRAIGHT AND LEVEL,SNOW OR SLUSH,WORN SURFACE,ON SCENE,NO INJURY / DRIVE AWAY,N,,,"OVER $1,500",01/10/2025 05:00:00 PM,WEATHER,WEATHER,3155,S,PRINCETON AVE,915.0,,,,,,,2,NO INDICATION OF INJURY,0.0,0.0,0.0,0.0,0.0,1.0,0.0,17,6,1,41.836620367,-87.633917947,POINT (-87.633917946939 41.836620367144),2025-01-10 17:00:00
82b2b000d318198915dca7c039c23a9f8ab89dba7d6c403cdf43a7bf52e6b261f367874633e095cc904a9e6a818ed8395ccc9279316a1938328f9368276e6eda,,01/10/2025 05:00:00 PM,30,TRAFFIC SIGNAL,FUNCTIONING PROPERLY,SNOW,DAWN,SIDESWIPE SAME DIRECTION,FOUR WAY,,STRAIGHT AND LEVEL,SNOW OR SLUSH,NO DEFECTS,NOT ON SCENE (DESK REPORT),NO INJURY / DRIVE AWAY,,,,"OVER $1,500",01/12/2025 12:00:00 PM,IMPROPER OVERTAKING/PASSING,UNABLE TO DETERMINE,5940,N,RIDGE AVE,2012.0,,,,,,,2,NO INDICATION OF INJURY,0.0,0.0,0.0,0.0,0.0,2.0,0.0,17,6,1,41.989676936,-87.670206816,POINT (-87.670206816488 41.98967693564),2025-01-10 17:00:00
d398d4f848be2b74bb010d42e4b6d8a2b3870ea86877d5e9d80579953468544f49878b30fa4251c95780c048d48cd7b1b1df87c1a009d72d88713bc450800191,,01/10/2025 05:00:00 PM,30,NO CONTROLS,NO CONTROLS,SNOW,"DARKNESS, LIGHTED ROAD",REAR END,NOT DIVIDED,,STRAIGHT AND LEVEL,SNOW OR SLUSH,NO DEFECTS,NOT ON SCENE (DESK REPORT),NO INJURY / DRIVE AWAY,,,,"OVER $1,500",01/10/2025 10:25:00 PM,WEATHER,FOLLOWING TOO CLOSELY,2901,W,59TH ST,824.0,,,,,,,2,NO INDICATION OF INJURY,0.0,0.0,0.0,0.0,0.0,2.0,0.0,17,6,1,41.786255616,-87.6960909,POINT (-87.696090900009 41.786255615714),2025-01-10 17:00:00
52c19841ca3ff0c506b997f111546fd4ee34b2ad9307c52ad438c158d3272f7ef061070842777cd55c7777eab04a36ad30b98d32ab014a13d9414d5f04e812b2,,01/10/2025 04:59:00 PM,30,TRAFFIC SIGNAL,FUNCTIONING PROPERLY,SNOW,"DARKNESS, LIGHTED ROAD",SIDESWIPE SAME DIRECTION,DIVIDED - W/MEDIAN (NOT RAISED),,STRAIGHT AND LEVEL,SNOW OR SLUSH,UNKNOWN,ON SCENE,NO INJURY / DRIVE AWAY,Y,,Y,"OVER $1,500",01/10/2025 05:05:00 PM,UNABLE TO DETERMINE,NOT APPLICABLE,5600,N,LINCOLN AVE,2011.0,,,,,,,2,NO INDICATION OF INJURY,0.0,0.0,0.0,0.0,0.0,2.0,0.0,16,6,1,41.983077767,-87.695260972,POINT (-87.695260971689 41.983077767282),2025-01-10 16:59:00
dbbdd1cdac518b10582bdf14b2efa7d79a3c0e922fa1e3a97504c17744780c4f3cbc8dc699e7c60d8dcda9e76de3d5c84c00e3c20a408b5ddcf90eb1f433d2db,,01/10/2025 04:55:00 PM,30,NO CONTROLS,NO CONTROLS,SNOW,"DARKNESS, LIGHTED ROAD",PARKED MOTOR VEHICLE,NOT DIVIDED,,STRAIGHT AND LEVEL,SNOW OR SLUSH,NO DEFECTS,NOT ON SCENE (DESK REPORT),NO INJURY / DRIVE AWAY,,,,"OVER $1,500",01/10/2025 04:56:00 PM,IMPROPER LANE USAGE,IMPROPER LANE USAGE,1146,W,WELLINGTON AVE,1933.0,,,,,,,2,NO INDICATION OF INJURY,0.0,0.0,0.0,0.0,0.0,2.0,0.0,16,6,1,41.936314948,-87.658277074,POINT (-87.65827707444 41.936314947592),2025-01-10 16:55:00
70130d36a22dbf198e0c8246380f8cef529ce4bd1e203cfb912b53aa7d14e084b189e640d588ccdd0d7bec8121dedac3e39d340f70e4e43866f2b5d007b97a84,,01/10/2025 04:53:00 PM,30,STOP SIGN/FLASHER,FUNCTIONING PROPERLY,SNOW,DUSK,PARKED MOTOR VEHICLE,NOT DIVIDED,,STRAIGHT AND LEVEL,SNOW OR SLUSH,UNKNOWN,ON SCENE,INJURY AND / OR TOW DUE TO CRASH,,,Y,"OVER $1,500",01/10/2025 04:55:00 PM,UNABLE TO DETERMINE,UNABLE TO DETERMINE,6134,N,HAMILTON AVE,2413.0,,,,,,,3,NO INDICATION OF INJURY,0.0,0.0,0.0,0.0,0.0,2.0,0.0,16,6,1,41.992846333,-87.683716767,POINT (-87.683716767429 41.992846332745),2025-01-10 16:53:00
57a7cdb540ebe4dd593700e151832140f06441d154596f6ba78e9d47dde6b9b74156ba789eb11e6d3eeb63025768b689177fee5d19f93ddabdd140339a7e9126,,01/10/2025 04:50:00 PM,30,STOP SIGN/FLASHER,FUNCTIONING PROPERLY,SNOW,DAYLIGHT,REAR END,FOUR WAY,,STRAIGHT AND LEVEL,SNOW OR SLUSH,NO DEFECTS,ON SCENE,NO INJURY / DRIVE AWAY,,,,"OVER $1,500",01/10/2025 04:54:00 PM,WEATHER,FOLLOWING TOO CLOSELY,1701,W,18TH ST,1234.0,,,,,,,2,NO INDICATION OF INJURY,0.0,0.0,0.0,0.0,0.0,2.0,0.0,16,6,1,41.857646184,-87.668678783,POINT (-87.668678783416 41.857646183759),2025-01-10 16:50:00
ad038b26a2cb1205454a17b153d256807e5c584590c749bc45c3b0dd8ae9b63e1453ea356d279b523534862f67e3aac820ae7cf58bbe30253c2affe657aa4902,,01/10/2025 04:50:00 PM,30,TRAFFIC SIGNAL,FUNCTIONING PROPERLY,SNOW,DAYLIGHT,SIDESWIPE SAME DIRECTION,DIVIDED - W/MEDIAN BARRIER,,STRAIGHT AND LEVEL,SNOW OR SLUSH,NO DEFECTS,NOT ON SCENE (DESK REPORT),NO INJURY / DRIVE AWAY,,,Y,$500 OR LESS,01/10/2025 06:14:00 PM,UNABLE TO DETERMINE,NOT APPLICABLE,5940,N,RIDGE AVE,2012.0,,,,,,,2,NO INDICATION OF INJURY,0.0,0.0,0.0,0.0,0.0,2.0,0.0,16,6,1,41.989676936,-87.670206816,POINT (-87.670206816488 41.98967693564),2025-01-10 16:50:00
b521aa9e1efa763aa43850a4b9b7a782bf504611fb5ef9759317c5fe5605b27a24d15151ca74ef8ed0c30aabc027688f3ec6a18b4c5dc9727765256330b0fe1c,,01/10/2025 04:50:00 PM,30,NO CONTROLS,NO CONTROLS,CLEAR,DAYLIGHT,TURNING,NOT DIVIDED,,STRAIGHT AND LEVEL,WET,UNKNOWN,,NO INJURY / DRIVE AWAY,,,Y,"OVER $1,500",01/10/2025 06:30:00 PM,DRIVING SKILLS/KNOWLEDGE/EXPERIENCE,NOT APPLICABLE,8429,S,KEDZIE AVE,835.0,,,,,,,3,NO INDICATION OF INJURY,0.0,0.0,0.0,0.0,0.0,3.0,0.0,16,6,1,41.73980406,-87.701974299,POINT (-87.701974299407 41.739804060208),2025-01-10 16:50:00
e93b1391ef39e17c734611af8912a0ed0749a2f1e907d97938938261124d9eff90fcb6cc6bde655ed5699dfaa1b2cb4d2eec54281e17e2e02d10a75f5251d60d,Y,01/10/2025 04:50:00 PM,35,NO CONTROLS,NO CONTROLS,SNOW,DUSK,HEAD ON,NOT DIVIDED,,STRAIGHT AND LEVEL,SNOW OR SLUSH,NO DEFECTS,ON SCENE,INJURY AND / OR TOW DUE TO CRASH,Y,,,"OVER $1,500",01/10/2025 04:55:00 PM,FAILING TO REDUCE SPEED TO AVOID CRASH,NOT APPLICABLE,4042,W,16TH ST,1012.0,,,,,,,2,"REPORTED, NOT EVIDENT",1.0,0.0,0.0,0.0,1.0,1.0,0.0,16,6,1,41.858952289,-87.726790243,POINT (-87.726790242777 41.85895228877),2025-01-10 16:50:00
a94bff7e2cadb76a887ce8d3d2e78d1be0139f00868f39d77ebfb6ca9d328de4849453664e04bea287fcb4a18e31847257b8bc7efdd13489b60418bab8ed7e33,,01/10/2025 04:49:00 PM,30,STOP SIGN/FLASHER,FUNCTIONING PROPERLY,SNOW,"DARKNESS, LIGHTED ROAD",PARKED MOTOR VEHICLE,DIVIDED - W/MEDIAN (NOT RAISED),,STRAIGHT AND LEVEL,SNOW OR SLUSH,NO DEFECTS,ON SCENE,NO INJURY / DRIVE AWAY,,,,"OVER $1,500",01/10/2025 04:49:00 PM,WEATHER,UNABLE TO DETERMINE,6357,S,CALIFORNIA AVE,825.0,,,,,,,2,NO INDICATION OF INJURY,0.0,0.0,0.0,0.0,0.0,1.0,0.0,16,6,1,41.777411514,-87.693201331,POINT (-87.693201330789 41.777411514318),2025-01-10 16:49:00
05c1ef1bed6367be4f1da31065d1060bb70d3e711d0a2f16410a23f677a542d311bdb333fbd6c2d87bd45722709baaf8bb7808d0bd6525789a1d3ca39975d714,,01/10/2025 04:46:00 PM,30,UNKNOWN,UNKNOWN,SNOW,UNKNOWN,REAR END,NOT DIVIDED,,STRAIGHT AND LEVEL,SNOW OR SLUSH,UNKNOWN,NOT ON SCENE (DESK REPORT),INJURY AND / OR TOW DUE TO CRASH,,,Y,"$501 - $1,500",01/12/2025 11:41:00 AM,UNABLE TO DETERMINE,NOT APPLICABLE,3400,W,MARQUETTE RD,831.0,,,,,,,2,"REPORTED, NOT EVIDENT",1.0,0.0,0.0,0.0,1.0,1.0,0.0,16,6,1,41.771707073,-87.707935404,POINT (-87.707935403752 41.771707072834),2025-01-10 16:46:00
908251c1fc62dee0ad8ab8283111a851e6f42a370ab9b8653e930516b8854deccaea2a7739ce899cb0a72380a6520b3ddf3061f44a8282876f9b411677da6661,N,01/10/2025 04:45:00 PM,30,NO CONTROLS,UNKNOWN,SNOW,"DARKNESS, LIGHTED ROAD",PARKED MOTOR VEHICLE,NOT DIVIDED,,STRAIGHT AND LEVEL,SNOW OR SLUSH,NO DEFECTS,ON SCENE,NO INJURY / DRIVE AWAY,,,Y,$500 OR LESS,01/10/2025 05:10:00 PM,NOT APPLICABLE,NOT APPLICABLE,458,W,NORMAL PKWY,722.0,,,,,,,2,NO INDICATION OF INJURY,0.0,0.0,0.0,0.0,0.0,1.0,0.0,16,6,1,41.771525178,-87.637186103,POINT (-87.637186103392 41.771525178427),2025-01-10 16:45:00
b071f4b2416cb19dca93327d7195c42ba0c70f9ac3c3ff0925fcde53e7377d2930fc286996833c74bcebdc8a8c15b426fb4686939515c34b3191922d6c57f971,,01/10/2025 04:45:00 PM,30,TRAFFIC SIGNAL,FUNCTIONING PROPERLY,SNOW,DAYLIGHT,ANGLE,T-INTERSECTION,,STRAIGHT AND LEVEL,WET,NO DEFECTS,ON SCENE,INJURY AND / OR TOW DUE TO CRASH,Y,,Y,"OVER $1,500",01/10/2025 04:53:00 PM,FAILING TO YIELD RIGHT-OF-WAY,DISREGARDING TRAFFIC SIGNALS,7500,S,DORCHESTER AVE,411.0,,Y,,,,,2,NONINCAPACITATING INJURY,1.0,0.0,0.0,1.0,0.0,2.0,0.0,16,6,1,41.758630226,-87.590943414,POINT (-87.590943413759 41.758630226035),2025-01-10 16:45:00
94efaeb9247c1347b0e0b4ce75facf0229f03b04c077f99c4585054fcc0b6c40926ae29073f772413ad18415573cff7ba96fef75ce039dd74c1605b22ec71329,,01/10/2025 04:43:00 PM,30,NO CONTROLS,NO CONTROLS,SNOW,"DARKNESS, LIGHTED ROAD",PARKED MOTOR VEHICLE,NOT DIVIDED,,STRAIGHT AND LEVEL,SNOW OR SLUSH,NO DEFECTS,NOT ON SCENE (DESK REPORT),NO INJURY / DRIVE AWAY,,,,"OVER $1,500",01/10/2025 05:35:00 PM,WEATHER,NOT APPLICABLE,5359,S,MOODY AVE,811.0,,,,,,,2,NO INDICATION OF INJURY,0.0,0.0,0.0,0.0,0.0,1.0,0.0,16,6,1,41.794446424,-87.775630307,POINT (-87.775630307062 41.794446423502),2025-01-10 16:43:00
4a5a6c517d6e3d0b4a545faecc1dbadfd00e25e2722deae9541e61abf843b9586aacaa1b097fe9ff71e2a445304939dc2eec0fcecd1c8d8c59dc37b112245f9b,,01/10/2025 04:42:00 PM,15,NO CONTROLS,NO CONTROLS,SNOW,DAYLIGHT,PARKED MOTOR VEHICLE,PARKING LOT,,STRAIGHT AND LEVEL,SNOW OR SLUSH,NO DEFECTS,NOT ON SCENE (DESK REPORT),NO INJURY / DRIVE AWAY,,,,"$501 - $1,500",01/10/2025 07:10:00 PM,UNABLE TO DETERMINE,NOT APPLICABLE,1500,S,FAIRFIELD AVE,1023.0,,,,,,,2,NO INDICATION OF INJURY,0.0,0.0,0.0,0.0,0.0,2.0,0.0,16,6,1,41.861055211,-87.694559634,POINT (-87.694559633925 41.861055211286),2025-01-10 16:42:00
3db35a77d441133b712de899b35e3de75cfc56900fdc447fef99779c4c235b1b2cfbcbe7d90f9e60d1ca73b555ba6d37d6c58823fb6a5c08840cc370f69feb82,,01/10/2025 04:41:00 PM,30,NO CONTROLS,NO CONTROLS,SNOW,DAWN,REAR END,DIVIDED - W/MEDIAN (NOT RAISED),,STRAIGHT AND LEVEL,UNKNOWN,UNKNOWN,NOT ON SCENE (DESK REPORT),NO INJURY / DRIVE AWAY,,,,"OVER $1,500",01/11/2025 03:39:00 PM,UNABLE TO DETERMINE,NOT APPLICABLE,1716,W,LAWRENCE AVE,2032.0,,,,,,,2,NO INDICATION OF INJURY,0.0,0.0,0.0,0.0,0.0,2.0,0.0,16,6,1,41.968962714,-87.671768656,POINT (-87.671768656145 41.968962713544),2025-01-10 16:41:00
933eefe5e862c5538e9082cc8fb4df55208605f6f7f7329db8739ddd832e5c487e383c91a7b7074aa397da3f7711a07ecee8a4cf75e3a7b6476b39164fe59b88,,01/10/2025 04:40:00 PM,30,STOP SIGN/FLASHER,FUNCTIONING PROPERLY,SNOW,DAYLIGHT,ANGLE,L-INTERSECTION,,STRAIGHT AND LEVEL,SNOW OR SLUSH,NO DEFECTS,ON SCENE,INJURY AND / OR TOW DUE TO CRASH,Y,Y,,"OVER $1,500",01/10/2025 04:40:00 PM,FAILING TO YIELD RIGHT-OF-WAY,DRIVING SKILLS/KNOWLEDGE/EXPERIENCE,7428,S,STONY ISLAND AVE,324.0,,,,,,,2,"REPORTED, NOT EVIDENT",2.0,0.0,0.0,0.0,2.0,0.0,0.0,16,6,1,41.759720641,-87.586310449,POINT (-87.586310448866 41.759720641321),2025-01-10 16:40:00
b6c21a845803e5dce6d2c6ec559854fc9b9986bdaf3da498fa0fabf8216f9688a5e35888468afc2f1e5b604b88d9727f448f31b16a025cfb4dff3122150d3630,,01/10/2025 04:40:00 PM,30,NO CONTROLS,NO CONTROLS,CLEAR,DAYLIGHT,PARKED MOTOR VEHICLE,ONE-WAY,,STRAIGHT AND LEVEL,WET,UNKNOWN,NOT ON SCENE (DESK REPORT),NO INJURY / DRIVE AWAY,,,,"OVER $1,500",01/10/2025 05:05:00 PM,DRIVING SKILLS/KNOWLEDGE/EXPERIENCE,NOT APPLICABLE,2800,W,65TH ST,823.0,,,,,,,2,NO INDICATION OF INJURY,0.0,0.0,0.0,0.0,0.0,1.0,0.0,16,6,1,41.775567789,-87.693301919,POINT (-87.693301918747 41.775567788941),2025-01-10 16:40:00
b314e61e97418f721c9f72ea8a3bea559d5b01b2bb7b57d61531ef8adc36c4d57922a1a73e54062238645350a464b0aca5d8f9f3e8cb019a6a73bb3fd7ef69a1,,01/10/2025 04:37:00 PM,30,TRAFFIC SIGNAL,UNKNOWN,SNOW,DARKNESS,REAR END,OTHER,,STRAIGHT AND LEVEL,SNOW OR SLUSH,UNKNOWN,NOT ON SCENE (DESK REPORT),NO INJURY / DRIVE AWAY,,,,"OVER $1,500",01/10/2025 07:05:00 PM,WEATHER,UNABLE TO DETERMINE,6000,N,WESTERN AVE,2413.0,,,,,,,2,NO INDICATION OF INJURY,0.0,0.0,0.0,0.0,0.0,2.0,0.0,16,6,1,41.990586042,-87.689822473,POINT (-87.689822472944 41.99058604242),2025-01-10 16:37:00
5c48b38bcaa9eebf3d4e830333122be91d2cfa509975b66fc892745ac11747e7f96b7441e5138cdefe25c686e37b645da73b8bfad2df30fd1cce24d4fdbbe846,,01/10/2025 04:35:00 PM,20,NO CONTROLS,NO CONTROLS,SNOW,DUSK,PARKED MOTOR VEHICLE,ONE-WAY,,STRAIGHT AND LEVEL,SNOW OR SLUSH,UNKNOWN,ON SCENE,INJURY AND / OR TOW DUE TO CRASH,,,,"OVER $1,500",01/10/2025 04:43:00 PM,UNABLE TO DETERMINE,NOT APPLICABLE,6025,W,GRACE ST,1633.0,,,,,,,2,"REPORTED, NOT EVIDENT",1.0,0.0,0.0,0.0,1.0,1.0,0.0,16,6,1,41.949289654,-87.777670415,POINT (-87.777670414958 41.949289654231),2025-01-10 16:35:00
a549b943bb71c0ef007922a1d98ac1ea9ccdc011467471c364764a2aadb2906aa5d67de34c34b9b3086c8846f54de2423255f43762889339f8d17b6bfaebc3ff,,01/10/2025 04:35:00 PM,30,TRAFFIC SIGNAL,FUNCTIONING PROPERLY,SNOW,DUSK,REAR END,NOT DIVIDED,,STRAIGHT AND LEVEL,WET,NO DEFECTS,ON SCENE,NO INJURY / DRIVE AWAY,,,Y,"OVER $1,500",01/10/2025 04:40:00 PM,FAILING TO REDUCE SPEED TO AVOID CRASH,FOLLOWING TOO CLOSELY,4157,W,PETERSON AVE,1711.0,,,,,,,2,NO INDICATION OF INJURY,0.0,0.0,0.0,0.0,0.0,2.0,0.0,16,6,1,41.989965314,-87.733432943,POINT (-87.733432942554 41.989965313933),2025-01-10 16:35:00
20a11695412261d0537a34e29c1ede7d80249d3f340ef7ff0ff78efd7e166c6522b4a6e172a3068a507e4742c207143d0926d41c46c5ed2276c6e9fb82b69c9f,,01/10/2025 04:30:00 PM,30,NO CONTROLS,NO CONTROLS,SNOW,"DARKNESS, LIGHTED ROAD",PARKED MOTOR VEHICLE,NOT DIVIDED,,STRAIGHT AND LEVEL,SNOW OR SLUSH,NO DEFECTS,NOT ON SCENE (DESK REPORT),NO INJURY / DRIVE AWAY,,,,"OVER $1,500",01/10/2025 06:10:00 PM,UNABLE TO DETERMINE,NOT APPLICABLE,6867,W,GRAND AVE,2512.0,,,,,,,2,NO INDICATION OF INJURY,0.0,0.0,0.0,0.0,0.0,1.0,0.0,16,6,1,41.923469419,-87.797777418,POINT (-87.797777418467 41.923469418807),2025-01-10 16:30:00
323d009047d91362db2540008fdaa4d6998909c230aab624fa1d33c3438d64cd88b5ed2a725e2dde19b49885fc6ba9bcffb2fd34891023687bd89eaa8f035c51,,01/10/2025 04:30:00 PM,30,STOP SIGN/FLASHER,NO CONTROLS,CLEAR,DUSK,REAR END,ONE-WAY,,STRAIGHT AND LEVEL,DRY,NO DEFECTS,NOT ON SCENE (DESK REPORT),NO INJURY / DRIVE AWAY,,,,"$501 - $1,500",01/13/2025 10:00:00 AM,FOLLOWING TOO CLOSELY,NOT APPLICABLE,2457,N,MENARD AVE,2515.0,,,,,,,2,NO INDICATION OF INJURY,0.0,0.0,0.0,0.0,0.0,2.0,0.0,16,6,1,41.925584283,-87.770765286,POINT (-87.770765285956 41.925584283341),2025-01-10 16:30:00
4381195a2e1b91de154177398296cb1b4cdd144fd130c1534f394c25d45ed2d5e6154559cbef7144ea2ce2845cc226a35035f63690265b37fbc15080b0237267,,01/10/2025 04:30:00 PM,30,NO CONTROLS,NO CONTROLS,SNOW,DAYLIGHT,TURNING,NOT DIVIDED,,STRAIGHT AND LEVEL,SNOW OR SLUSH,NO DEFECTS,NOT ON SCENE (DESK REPORT),NO INJURY / DRIVE AWAY,,,,"$501 - $1,500",01/11/2025 02:21:00 PM,WEATHER,NOT APPLICABLE,730,W,COUCH PL,1224.0,,,,,,,2,NO INDICATION OF INJURY,0.0,0.0,0.0,0.0,0.0,2.0,0.0,16,6,1,41.885213004,-87.646996298,POINT (-87.646996297653 41.885213004275),2025-01-10 16:30:00
dc0f5651a71e0a4ac81fc4a2af3a0416cc074d2ac7fbd8774f41065dfc7d6267a7ad51047f01b130911e5eb19163ffdfb06f74d5e535ee62b7c86f7ea5ea6dcc,,01/10/2025 04:30:00 PM,35,TRAFFIC SIGNAL,FUNCTIONING PROPERLY,SNOW,"DARKNESS, LIGHTED ROAD",REAR END,DIVIDED - W/MEDIAN BARRIER,,STRAIGHT AND LEVEL,SNOW OR SLUSH,NO DEFECTS,NOT ON SCENE (DESK REPORT),NO INJURY / DRIVE AWAY,,,,"OVER $1,500",01/10/2025 09:00:00 PM,UNABLE TO DETERMINE,UNABLE TO DETERMINE,9400,S,HALSTED ST,2223.0,,,,,,,2,NO INDICATION OF INJURY,0.0,0.0,0.0,0.0,0.0,2.0,0.0,16,6,1,41.722953424,-87.643401624,POINT (-87.643401624172 41.722953423603),2025-01-10 16:30:00
e5b652038fb131df880f34eb840ad2e3ed2b66f062d94753344407454e8083d8279bce446fa677cb0694a0708c88ee38ad71330c96aec320b993e7d630e51c4e,,01/10/2025 04:30:00 PM,30,NO CONTROLS,NO CONTROLS,SNOW,DAYLIGHT,REAR END,OTHER,,STRAIGHT AND LEVEL,SNOW OR SLUSH,NO DEFECTS,NOT ON SCENE (DESK REPORT),INJURY AND / OR TOW DUE TO CRASH,,,,"OVER $1,500",01/10/2025 06:38:00 PM,UNABLE TO DETERMINE,NOT APPLICABLE,500,W,51ST ST,935.0,,,,,,,2,"REPORTED, NOT EVIDENT",4.0,0.0,0.0,0.0,4.0,1.0,0.0,16,6,1,41.801833651,-87.638094238,POINT (-87.638094238304 41.801833651186),2025-01-10 16:30:00
9965802e7be85eac7c2324cacc882fe7efc78cad7b6d459e19e9c1b535ac8da7cb4d4ea8b6873b771fab0640d01960fb80f81a0b92e45633996e0565b570ce7d,Y,01/10/2025 04:22:00 PM,30,NO CONTROLS,NO CONTROLS,CLEAR,DAYLIGHT,REAR END,DIVIDED - W/MEDIAN (NOT RAISED),,STRAIGHT AND LEVEL,WET,NO DEFECTS,NOT ON SCENE (DESK REPORT),NO INJURY / DRIVE AWAY,,,Y,"OVER $1,500",01/10/2025 04:30:00 PM,FOLLOWING TOO CLOSELY,NOT APPLICABLE,600,E,83RD ST,631.0,,,,,,,2,NO INDICATION OF INJURY,0.0,0.0,0.0,0.0,0.0,2.0,0.0,16,6,1,41.744000531,-87.609818509,POINT (-87.609818509054 41.744000530921),2025-01-10 16:22:00
294b07cf3094317274be09dfd862a9f8a84ee3a85efdaf3b3238d9052323019eede6f36e7d975aaf4285f0721272197210cd922b1d2bc159b25a18f0b1e8405e,,01/10/2025 04:21:00 PM,30,NO CONTROLS,NO CONTROLS,SNOW,DAYLIGHT,SIDESWIPE SAME DIRECTION,NOT DIVIDED,,STRAIGHT AND LEVEL,SNOW OR SLUSH,NO DEFECTS,ON SCENE,NO INJURY / DRIVE AWAY,Y,,,$500 OR LESS,01/10/2025 04:21:00 PM,IMPROPER OVERTAKING/PASSING,NOT APPLICABLE,5211,W,LAWRENCE AVE,1623.0,,,,,,,2,NO INDICATION OF INJURY,0.0,0.0,0.0,0.0,0.0,2.0,0.0,16,6,1,41.96778784,-87.758131674,POINT (-87.75813167444 41.967787840167),2025-01-10 16:21:00
3eb6caa76f564eaa3c4711a3a8b109b3f73387cf6e48af4a9e10147385d91186ca65d5ad5c633dac35f790ae7741edd784b3b2a33ef678d31b68f738c9486ada,,01/10/2025 04:20:00 PM,30,NO CONTROLS,NO CONTROLS,CLEAR,DAYLIGHT,HEAD ON,DIVIDED - W/MEDIAN (NOT RAISED),,STRAIGHT AND LEVEL,SNOW OR SLUSH,NO DEFECTS,NOT ON SCENE (DESK REPORT),NO INJURY / DRIVE AWAY,,,,"OVER $1,500",01/10/2025 04:48:00 PM,UNABLE TO DETERMINE,NOT APPLICABLE,3311,S,ARCHER AVE,912.0,,,,,,,2,NO INDICATION OF INJURY,0.0,0.0,0.0,0.0,0.0,4.0,0.0,16,6,1,41.83377274,-87.671897457,POINT (-87.671897456933 41.833772740272),2025-01-10 16:20:00