CRASH_RECORD_ID,CRASH_DATE_EST_I,CRASH_DATE,POSTED_SPEED_LIMIT,TRAFFIC_CONTROL_DEVICE,DEVICE_CONDITION,WEATHER_CONDITION,LIGHTING_CONDITION,FIRST_CRASH_TYPE,TRAFFICWAY_TYPE,LANE_CNT,ALIGNMENT,ROADWAY_SURFACE_COND,ROAD_DEFECT,REPORT_TYPE,CRASH_TYPE,INTERSECTION_RELATED_I,NOT_RIGHT_OF_WAY_I,HIT_AND_RUN_I,DAMAGE,DATE_POLICE_NOTIFIED,PRIM_CONTRIBUTORY_CAUSE,SEC_CONTRIBUTORY_CAUSE,STREET_NO,STREET_DIRECTION,STREET_NAME,BEAT_OF_OCCURRENCE,PHOTOS_TAKEN_I,STATEMENTS_TAKEN_I,DOORING_I,WORK_ZONE_I,WORK_ZONE_TYPE,WORKERS_PRESENT_I,NUM_UNITS,MOST_SEVERE_INJURY,INJURIES_TOTAL,INJURIES_FATAL,INJURIES_INCAPACITATING,INJURIES_NON_INCAPACITATING,INJURIES_REPORTED_NOT_EVIDENT,INJURIES_NO_INDICATION,INJURIES_UNKNOWN,CRASH_HOUR,CRASH_DAY_OF_WEEK,CRASH_MONTH,LATITUDE,LONGITUDE,LOCATION,timestamp
7c380dd45e32c9134636b698a9c66e0b818c7ab18792e959021baa5c9cab21eb9197b7278a4458ffd7980b039b56425f0b533c9b4ec116a412978d879861d2af,,01/10/2025 04:20:00 PM,30,NO CONTROLS,NO CONTROLS,SNOW,DUSK,PARKED MOTOR VEHICLE,ONE-WAY,,STRAIGHT AND LEVEL,SNOW OR SLUSH,NO DEFECTS,NOT ON SCENE (DESK REPORT),NO INJURY / DRIVE AWAY,,,,"OVER $1,500",01/10/2025 04:45:00 PM,UNABLE TO DETERMINE,NOT APPLICABLE,1118,S,CANAL ST,124.0,,,,,,,2,NO INDICATION OF INJURY,0.0,0.0,0.0,0.0,0.0,1.0,0.0,16,6,1,41.868403261,-87.639376266,POINT (-87.639376265584 41.868403260613),2025-01-10 16:20:00
f589e358ec876fb6e6fc57634e2597da73f0f743383a4742371abc158d987cc22feb500724c7a20de6db69af4bc99ee3cc6a12e9f624b55af842747dcb329371,,01/10/2025 04:20:00 PM,25,STOP SIGN/FLASHER,UNKNOWN,CLEAR,DAYLIGHT,REAR END,FOUR WAY,,STRAIGHT AND LEVEL,UNKNOWN,UNKNOWN,NOT ON SCENE (DESK REPORT),NO INJURY / DRIVE AWAY,,,,"$501 - $1,500",01/11/2025 03:30:00 PM,UNABLE TO DETERMINE,NOT APPLICABLE,1600,S,WOOD ST,1234.0,,,,,,,2,NO INDICATION OF INJURY,0.0,0.0,0.0,0.0,0.0,2.0,0.0,16,6,1,41.859490428,-87.671286639,POINT (-87.671286639271 41.859490428024),2025-01-10 16:20:00
93bb34b7a73ced65e4552cb22e9b2ffd7b26c07195057af7941283b43ef27a3d5c09bd44e54546abaa91ee1562666b6e889a627b181c5275a4a6b3df93a278db,,01/10/2025 04:18:00 PM,30,NO CONTROLS,FUNCTIONING PROPERLY,CLEAR,DARKNESS,SIDESWIPE SAME DIRECTION,NOT DIVIDED,,STRAIGHT AND LEVEL,WET,NO DEFECTS,ON SCENE,NO INJURY / DRIVE AWAY,,,Y,"OVER $1,500",01/10/2025 06:20:00 PM,UNABLE TO DETERMINE,UNABLE TO DETERMINE,10650,S,LONGWOOD DR,2212.0,,,,,,,2,NO INDICATION OF INJURY,0.0,0.0,0.0,0.0,0.0,2.0,0.0,16,6,1,41.699537213,-87.671251081,POINT (-87.671251081255 41.699537212857),2025-01-10 16:18:00
e5cf8e53907bd82b22dd083b09f294af29aea97bb80f13aedaa8728bf3d4d6769b0546ba3b97c5e82204ace7e839b12cf72796aa13c2d5026dcad111044d56fc,,01/10/2025 04:15:00 PM,30,TRAFFIC SIGNAL,FUNCTIONING PROPERLY,SNOW,DAYLIGHT,TURNING,DIVIDED - W/MEDIAN BARRIER,,STRAIGHT AND LEVEL,WET,NO DEFECTS,NOT ON SCENE (DESK REPORT),INJURY AND / OR TOW DUE TO CRASH,,,Y,"OVER $1,500",01/10/2025 05:20:00 PM,UNABLE TO DETERMINE,UNABLE TO DETERMINE,3300,S,CALIFORNIA AVE,911.0,,,,,,,2,NONINCAPACITATING INJURY,1.0,0.0,0.0,1.0,0.0,1.0,0.0,16,6,1,41.833667855,-87.695072348,POINT (-87.69507234811 41.833667854852),2025-01-10 16:15:00
780c55883ae30e989d8408d72ae27055f1929702b3a885f0ad826ae469df00cc0dc5c4319d3aa837d359391f46d2eb79f09763fc90ed6c7971fdd6e77b3db220,,01/10/2025 04:13:00 PM,15,STOP SIGN/FLASHER,FUNCTIONING IMPROPERLY,SNOW,"DARKNESS, LIGHTED ROAD",PARKED MOTOR VEHICLE,NOT DIVIDED,,STRAIGHT AND LEVEL,SNOW OR SLUSH,NO DEFECTS,ON SCENE,NO INJURY / DRIVE AWAY,,,,"$501 - $1,500",01/10/2025 04:15:00 PM,WEATHER,IMPROPER TURNING/NO SIGNAL,309,N,JUSTINE ST,1215.0,,,,,,,2,NO INDICATION OF INJURY,0.0,0.0,0.0,0.0,0.0,1.0,0.0,16,6,1,41.886839959,-87.665335941,POINT (-87.665335940767 41.886839958579),2025-01-10 16:13:00
ced7f26c5e79ac69c08e26848975c328616e6e71ec5ca020459b11bdf12da75f4341c6c1c4f793082125d8c101cabd740338f6c05734d2638b11359288d45400,,01/10/2025 04:10:00 PM,25,NO CONTROLS,NO CONTROLS,SNOW,DARKNESS,PARKED MOTOR VEHICLE,ONE-WAY,,STRAIGHT AND LEVEL,SNOW OR SLUSH,NO DEFECTS,NOT ON SCENE (DESK REPORT),NO INJURY / DRIVE AWAY,,,,"OVER $1,500",01/10/2025 04:50:00 PM,WEATHER,UNABLE TO DETERMINE,4125,W,AINSLIE ST,1712.0,,,,,,,2,NO INDICATION OF INJURY,0.0,0.0,0.0,0.0,0.0,1.0,0.0,16,6,1,41.969906725,-87.731630292,POINT (-87.731630292166 41.96990672456),2025-01-10 16:10:00
7ea35862f1676c61009695637935f0670f5eff84609d61492b4a7d80ac367051bc6312436ee7b4ae455adca389db17394b9a56c1ddd373abc25e62c578cbf88d,,01/10/2025 04:06:00 PM,35,NO CONTROLS,NO CONTROLS,SNOW,DAWN,PARKED MOTOR VEHICLE,ONE-WAY,,STRAIGHT AND LEVEL,SNOW OR SLUSH,NO DEFECTS,ON SCENE,NO INJURY / DRIVE AWAY,,,,"$501 - $1,500",01/10/2025 04:29:00 PM,DRIVING SKILLS/KNOWLEDGE/EXPERIENCE,DRIVING SKILLS/KNOWLEDGE/EXPERIENCE,8901,S,COTTAGE GROVE AVE,633.0,,Y,,,,,2,NO INDICATION OF INJURY,0.0,0.0,0.0,0.0,0.0,1.0,0.0,16,6,1,41.732957063,-87.604586765,POINT (-87.60458676477 41.732957063315),2025-01-10 16:06:00
024b2ec662da41a3c7dd40807fd9bc16af969196c91dc1fa7bdb9c1dbd10dd2c81410cacbdfc0f1f1c2d72a55d8676ab6cd6b36dd437f3c98688348eb8387630,,01/10/2025 04:05:00 PM,15,STOP SIGN/FLASHER,FUNCTIONING PROPERLY,SNOW,"DARKNESS, LIGHTED ROAD",ANGLE,NOT DIVIDED,,STRAIGHT AND LEVEL,SNOW OR SLUSH,NO DEFECTS,NOT ON SCENE (DESK REPORT),NO INJURY / DRIVE AWAY,,,Y,"$501 - $1,500",01/10/2025 04:40:00 PM,UNABLE TO DETERMINE,UNABLE TO DETERMINE,10100,S,LUELLA AVE,431.0,,,,,,,2,NO INDICATION OF INJURY,0.0,0.0,0.0,0.0,0.0,2.0,0.0,16,6,1,41.711568453,-87.568332889,POINT (-87.568332889255 41.711568452707),2025-01-10 16:05:00
e1dcd7b301a698ec2b2da1661229879e28bb40b6e58ec36635a7d53ef19db0d35bb20c7cd9ef8fa1fbdfd7462d4073c405196b706df3be446c94c8d6f7d579a4,,01/10/2025 04:03:00 PM,30,TRAFFIC SIGNAL,FUNCTIONING PROPERLY,SNOW,DUSK,TURNING,FOUR WAY,,STRAIGHT AND LEVEL,WET,UNKNOWN,ON SCENE,NO INJURY / DRIVE AWAY,Y,,,"OVER $1,500",01/10/2025 04:08:00 PM,UNABLE TO DETERMINE,UNABLE TO DETERMINE,6990,N,CLARK ST,2424.0,,,,,,,2,NO INDICATION OF INJURY,0.0,0.0,0.0,0.0,0.0,2.0,0.0,16,6,1,42.00891382,-87.674093697,POINT (-87.67409369717 42.008913820115),2025-01-10 16:03:00
1118e822c407e23ff344c0bfdfe890e26c31604d9ce91477e8703e7848ffcaa86aca7a1201adced282f6144195addace7debce19e0b02f563bf6e80b4789690a,,01/10/2025 04:00:00 PM,30,NO CONTROLS,NO CONTROLS,SNOW,DAYLIGHT,SIDESWIPE SAME DIRECTION,NOT DIVIDED,,STRAIGHT AND LEVEL,SNOW OR SLUSH,NO DEFECTS,NOT ON SCENE (DESK REPORT),NO INJURY / DRIVE AWAY,,,Y,"OVER $1,500",01/13/2025 12:10:00 PM,WEATHER,WEATHER,9900,S,GENOA AVE,2232.0,,,,,,,2,NO INDICATION OF INJURY,0.0,0.0,0.0,0.0,0.0,2.0,0.0,16,6,1,41.714050888,-87.652141747,POINT (-87.652141747427 41.714050888006),2025-01-10 16:00:00
33a82386d864b303f239524e104a0b752544eedde325705ea83c245a7ba0818f44206648d1237bae96832a7885b21449e1bf7ae041eafd43f225b210dcc88885,,01/10/2025 04:00:00 PM,35,TRAFFIC SIGNAL,UNKNOWN,SNOW,"DARKNESS, LIGHTED ROAD",TURNING,FOUR WAY,,STRAIGHT AND LEVEL,SNOW OR SLUSH,UNKNOWN,NOT ON SCENE (DESK REPORT),NO INJURY / DRIVE AWAY,Y,,,"$501 - $1,500",01/10/2025 05:00:00 PM,EQUIPMENT - VEHICLE CONDITION,EQUIPMENT - VEHICLE CONDITION,214,N,POST PL,122.0,,,,,,,2,NO INDICATION OF INJURY,0.0,0.0,0.0,0.0,0.0,2.0,0.0,16,6,1,41.88614279,-87.634915637,POINT (-87.634915637214 41.886142790319),2025-01-10 16:00:00
7149f0c0f70b74cfd8c2f0d7bb0419d98ab3b46097a666dc9f104c1971924699182e8df12d2c30b3703a9ee192f737d673a00a71ceeb07bdead88358d19822c9,,01/10/2025 04:00:00 PM,30,NO CONTROLS,NO CONTROLS,SNOW,"DARKNESS, LIGHTED ROAD",ANGLE,NOT DIVIDED,,STRAIGHT AND LEVEL,SNOW OR SLUSH,NO DEFECTS,NOT ON SCENE (DESK REPORT),NO INJURY / DRIVE AWAY,,,,"OVER $1,500",01/10/2025 05:00:00 PM,DRIVING ON WRONG SIDE/WRONG WAY,NOT APPLICABLE,2316,W,47TH ST,924.0,,,,,,,2,NO INDICATION OF INJURY,0.0,0.0,0.0,0.0,0.0,2.0,0.0,16,6,1,41.808534378,-87.682730432,POINT (-87.682730432321 41.808534377998),2025-01-10 16:00:00
862e8ed061e43cdef4fbf89a5d706a1cdce6a8f3017d5ef34c927f385c8ad47175f5ad38fb6e55036031dfa3ae571d17a0b539802c39b4098a57b8f083eac020,,01/10/2025 04:00:00 PM,30,NO CONTROLS,NO CONTROLS,SNOW,DAYLIGHT,PARKED MOTOR VEHICLE,NOT DIVIDED,,STRAIGHT AND LEVEL,SNOW OR SLUSH,NO DEFECTS,ON SCENE,INJURY AND / OR TOW DUE TO CRASH,,,,"OVER $1,500",01/10/2025 04:38:00 PM,WEATHER,NOT APPLICABLE,849,E,79TH ST,624.0,,,,,,,2,NO INDICATION OF INJURY,0.0,0.0,0.0,0.0,0.0,2.0,0.0,16,6,1,41.751199551,-87.603234027,POINT (-87.603234026999 41.751199550895),2025-01-10 16:00:00
8fd90bf5330ff0399aca8af4f56171f89007050d60b53de0cc93a1654bafa7a1974206f39883569ea1daa624afac18fdaba3f602bfbb6e5d639eafea30e12d7c,,01/10/2025 04:00:00 PM,15,NO CONTROLS,NO CONTROLS,SNOW,DAYLIGHT,TURNING,PARKING LOT,,STRAIGHT AND LEVEL,SNOW OR SLUSH,NO DEFECTS,ON SCENE,INJURY AND / OR TOW DUE TO CRASH,,Y,N,"OVER $1,500",01/10/2025 04:00:00 PM,UNABLE TO DETERMINE,UNABLE TO DETERMINE,4700,S,KEDZIE AVE,821.0,,,,,,,2,NO INDICATION OF INJURY,0.0,0.0,0.0,0.0,0.0,2.0,0.0,16,6,1,41.808047272,-87.704118822,POINT (-87.704118822299 41.80804727165),2025-01-10 16:00:00
b86bada561644e281678aee9e854a9aef65e8ec7b51d6738c81900d0f4e11ac80aba840ae3ea8feeca43077e129865722b0ff96dab7940232302f0a671ce7dfd,,01/10/2025 04:00:00 PM,30,STOP SIGN/FLASHER,FUNCTIONING PROPERLY,CLEAR,DAYLIGHT,SIDESWIPE SAME DIRECTION,NOT DIVIDED,,STRAIGHT AND LEVEL,DRY,NO DEFECTS,NOT ON SCENE (DESK REPORT),NO INJURY / DRIVE AWAY,,,,"OVER $1,500",01/12/2025 01:00:00 PM,UNABLE TO DETERMINE,UNABLE TO DETERMINE,750,E,105TH ST,512.0,,,,,,,2,NO INDICATION OF INJURY,0.0,0.0,0.0,0.0,0.0,3.0,0.0,16,6,1,41.703910473,-87.604314238,POINT (-87.604314237562 41.703910473039),2025-01-10 16:00:00
e66c4f3d49f1ac714c7372ff83eda36bb325c7da33f1575d7ccf50f04bc0344223c53dcec982dd01f7e8c1d31effdf547e05b3b6f3beabeeec30ecc1b9b2ad75,,01/10/2025 04:00:00 PM,25,NO CONTROLS,NO CONTROLS,SNOW,"DARKNESS, LIGHTED ROAD",PARKED MOTOR VEHICLE,ONE-WAY,,STRAIGHT AND LEVEL,SNOW OR SLUSH,NO DEFECTS,ON SCENE,NO INJURY / DRIVE AWAY,,,Y,$500 OR LESS,01/10/2025 04:01:00 PM,UNABLE TO DETERMINE,UNABLE TO DETERMINE,8501,S,RHODES AVE,632.0,,,,,,,2,NO INDICATION OF INJURY,0.0,0.0,0.0,0.0,0.0,1.0,0.0,16,6,1,41.740115811,-87.611243126,POINT (-87.611243126415 41.740115810997),2025-01-10 16:00:00
8d7d6bdfca18f168ce12f25d8623f3a75accc2bc594a976c07155030c4703ab7fddd2ef34f0348bf8eb83daeb22e6b57e5d3d8cf1c0cd6e602b89b8e6e964aac,,01/10/2025 03:55:00 PM,30,NO CONTROLS,NO CONTROLS,SNOW,DAYLIGHT,SIDESWIPE SAME DIRECTION,NOT DIVIDED,,STRAIGHT AND LEVEL,SNOW OR SLUSH,NO DEFECTS,NOT ON SCENE (DESK REPORT),NO INJURY / DRIVE AWAY,,,,"OVER $1,500",01/11/2025 03:20:00 PM,IMPROPER LANE USAGE,FAILING TO REDUCE SPEED TO AVOID CRASH,200,W,ONTARIO ST,1831.0,,,,,,,2,NO INDICATION OF INJURY,0.0,0.0,0.0,0.0,0.0,2.0,0.0,15,6,1,41.893297437,-87.634188275,POINT (-87.634188275005 41.893297436503),2025-01-10 15:55:00
cb225173cc10a0fab4ecebb798c410fb90b002e6ab2b893d90cb99144431c7c153ba59906d2f8b303787cbfd0b4eb5bea73fcb4902273319f2fe2ec24efd97f5,,01/10/2025 03:55:00 PM,15,NO CONTROLS,NO CONTROLS,SNOW,"DARKNESS, LIGHTED ROAD",FIXED OBJECT,FOUR WAY,,STRAIGHT AND LEVEL,SNOW OR SLUSH,NO DEFECTS,ON SCENE,NO INJURY / DRIVE AWAY,Y,,,"OVER $1,500",01/10/2025 04:16:00 PM,FAILING TO YIELD RIGHT-OF-WAY,NOT APPLICABLE,8100,S,RHODES AVE,631.0,,,,,,,1,NO INDICATION OF INJURY,0.0,0.0,0.0,0.0,0.0,1.0,0.0,15,6,1,41.747429558,-87.611337451,POINT (-87.611337450566 41.747429557566),2025-01-10 15:55:00
2b5133fbc7cf3d5afbaa2d8fdde0f2888595e181b5f097a065a9b674b92cf6de8c63fb67fee7318b225e2452acca7a842395fc2c7624b57d259d36d88b804989,,01/10/2025 03:50:00 PM,30,TRAFFIC SIGNAL,UNKNOWN,CLOUDY/OVERCAST,"DARKNESS, LIGHTED ROAD",REAR END,NOT DIVIDED,,STRAIGHT AND LEVEL,WET,UNKNOWN,NOT ON SCENE (DESK REPORT),NO INJURY / DRIVE AWAY,,,,"OVER $1,500",01/10/2025 04:15:00 PM,UNABLE TO DETERMINE,UNABLE TO DETERMINE,57,N,LARAMIE AVE,1532.0,,,,,,,2,NO INDICATION OF INJURY,0.0,0.0,0.0,0.0,0.0,6.0,0.0,15,6,1,41.882153846,-87.754985657,POINT (-87.754985656547 41.882153846108),2025-01-10 15:50:00
c505aed96da3fe5888549d0db8d2372f933cbdd1598f93f58be04a8a789b813a6b03ca109e6cedece732ba5043ecff81505d92e3306b77a5509e6e23d8d7eb77,,01/10/2025 03:50:00 PM,30,TRAFFIC SIGNAL,FUNCTIONING PROPERLY,CLEAR,DAYLIGHT,TURNING,NOT DIVIDED,,STRAIGHT AND LEVEL,WET,UNKNOWN,NOT ON SCENE (DESK REPORT),NO INJURY / DRIVE AWAY,,,,"OVER $1,500",01/10/2025 04:10:00 PM,DRIVING SKILLS/KNOWLEDGE/EXPERIENCE,NOT APPLICABLE,6655,S,ASHLAND AVE,725.0,,,,,,,2,NO INDICATION OF INJURY,0.0,0.0,0.0,0.0,0.0,3.0,0.0,15,6,1,41.772398823,-87.663881484,POINT (-87.663881484435 41.772398822786),2025-01-10 15:50:00
eb026e1dfaa6b0d48bbe7197f98e8818c6e627b00dbb5582942e6d248a635fb4c3ac87984bbdecaf6e92de947f96ae7dd1e6dc93939fadc9ac6d9a0442c352c3,,01/10/2025 03:50:00 PM,30,NO CONTROLS,NO CONTROLS,SNOW,DAYLIGHT,REAR END,DIVIDED - W/MEDIAN (NOT RAISED),,STRAIGHT AND LEVEL,SNOW OR SLUSH,UNKNOWN,NOT ON SCENE (DESK REPORT),NO INJURY / DRIVE AWAY,,,,"OVER $1,500",01/11/2025 02:00:00 PM,WEATHER,WEATHER,2902,W,LOGAN BLVD,1411.0,,,,,,,2,NO INDICATION OF INJURY,0.0,0.0,0.0,0.0,0.0,2.0,0.0,15,6,1,41.928552685,-87.70012037,POINT (-87.700120370269 41.928552685076),2025-01-10 15:50:00
8d1baefc2e50fa454c60f3f173a517ba1e98801b9c4a2cd632cb3f9b8e1394d395f722bb8f06ab5ec5c1be570103110c6e6594f0e99145f9e3b435f421d4a1eb,,01/10/2025 03:45:00 PM,30,TRAFFIC SIGNAL,FUNCTIONING PROPERLY,SNOW,DAYLIGHT,ANGLE,FOUR WAY,,STRAIGHT AND LEVEL,SNOW OR SLUSH,UNKNOWN,ON SCENE,INJURY AND / OR TOW DUE TO CRASH,Y,,,"OVER $1,500",01/10/2025 03:51:00 PM,DISREGARDING TRAFFIC SIGNALS,DISREGARDING TRAFFIC SIGNALS,645,W,TAYLOR ST,124.0,,Y,,,,,2,NONINCAPACITATING INJURY,1.0,0.0,0.0,1.0,0.0,1.0,0.0,15,6,1,41.869587395,-87.643663961,POINT (-87.643663960591 41.869587395081),2025-01-10 15:45:00
319cb5f53690c54a1124e9c15bee84e8a0be472f774d7b3c36724843c02684715649140e5bd4bd43a4ef16acec322beb7bdb011757ffe40dcc6cd8e7c6862a34,,01/10/2025 03:42:00 PM,30,UNKNOWN,UNKNOWN,UNKNOWN,"DARKNESS, LIGHTED ROAD",TURNING,NOT DIVIDED,,STRAIGHT AND LEVEL,UNKNOWN,NO DEFECTS,NOT ON SCENE (DESK REPORT),INJURY AND / OR TOW DUE TO CRASH,,,,"OVER $1,500",01/10/2025 05:20:00 PM,UNABLE TO DETERMINE,NOT APPLICABLE,2753,N,ASHLAND AVE,1932.0,,,,,,,2,NO INDICATION OF INJURY,0.0,0.0,0.0,0.0,0.0,2.0,0.0,15,6,1,41.932157,-87.668236511,POINT (-87.668236510909 41.932157000489),2025-01-10 15:42:00
e4774c37174cc83738da0c142e3b27544bd15ffcf26f241751b1c1a8fb8563430c658e674d9056b3d720c2b97558901414dc0557205ad5352f16e538cf31a8d2,,01/10/2025 03:42:00 PM,30,NO CONTROLS,NO CONTROLS,SNOW,DUSK,HEAD ON,DIVIDED - W/MEDIAN BARRIER,,STRAIGHT AND LEVEL,SNOW OR SLUSH,NO DEFECTS,ON SCENE,INJURY AND / OR TOW DUE TO CRASH,,,,"OVER $1,500",01/10/2025 03:42:00 PM,WEATHER,NOT APPLICABLE,341,N,COLUMBUS SUB DR,114.0,,,,,,,2,NO INDICATION OF INJURY,0.0,0.0,0.0,0.0,0.0,2.0,0.0,15,6,1,,,,2025-01-10 15:42:00
384c77f233ef880f1f1cf26ac275b901afc57f640d111afb999b2f8624771d848005de8d100e65a80bdace849ddedce04fa5ee498e36bb73eb36422e97055423,,01/10/2025 03:40:00 PM,30,TRAFFIC SIGNAL,FUNCTIONING PROPERLY,SNOW,DAYLIGHT,REAR END,DIVIDED - W/MEDIAN (NOT RAISED),,STRAIGHT AND LEVEL,SNOW OR SLUSH,NO DEFECTS,NOT ON SCENE (DESK REPORT),NO INJURY / DRIVE AWAY,,,,"OVER $1,500",01/10/2025 03:55:00 PM,UNABLE TO DETERMINE,NOT APPLICABLE,7100,S,HALSTED ST,733.0,,,,,,,2,NO INDICATION OF INJURY,0.0,0.0,0.0,0.0,0.0,2.0,0.0,15,6,1,41.765109432,-87.644556952,POINT (-87.644556951763 41.765109431911),2025-01-10 15:40:00
a9647bc7faa8ae1dee9bb6ffa1f4c9aa8bec95b6765690949e132f148a4816645035f9cd546642ddbf48ec6eb4627d2daf4a6bf222e84737e322fa61ca161f75,,01/10/2025 03:40:00 PM,30,NO CONTROLS,NO CONTROLS,SNOW,DAYLIGHT,PARKED MOTOR VEHICLE,NOT DIVIDED,,STRAIGHT AND LEVEL,SNOW OR SLUSH,NO DEFECTS,NOT ON SCENE (DESK REPORT),NO INJURY / DRIVE AWAY,,,,"OVER $1,500",01/11/2025 03:25:00 PM,NOT APPLICABLE,NOT APPLICABLE,5451,S,ST LOUIS AVE,822.0,,,,,,,2,NO INDICATION OF INJURY,0.0,0.0,0.0,0.0,0.0,1.0,0.0,15,6,1,41.793703907,-87.71075651,POINT (-87.71075651021 41.793703907073),2025-01-10 15:40:00
b97c3e934d96f8788ec4432e0e9f74b83769d84e47e84f222513a6c3a8c072b1f018ffa3a2a72d4cb2f94a631234576dedeb3ad3e271ca99a7695e456b2d2074,,01/10/2025 03:40:00 PM,30,NO CONTROLS,NO CONTROLS,SNOW,DAYLIGHT,PARKED MOTOR VEHICLE,ONE-WAY,,STRAIGHT AND LEVEL,SNOW OR SLUSH,NO DEFECTS,NOT ON SCENE (DESK REPORT),NO INJURY / DRIVE AWAY,,,,"$501 - $1,500",01/10/2025 05:20:00 PM,WEATHER,NOT APPLICABLE,2750,W,39TH PL,921.0,,,,,,,2,NO INDICATION OF INJURY,0.0,0.0,0.0,0.0,0.0,1.0,0.0,15,6,1,41.821998915,-87.694232477,POINT (-87.694232477009 41.821998915161),2025-01-10 15:40:00
91eb2d759fdad7bf6085cbdbbbea6469485462f144da5d9616e48b2c049c33ea5fab5e25efb9b2dfe090f35dc1777d8c0eb08c6a31cb14ac7dfe22d793fb9455,,01/10/2025 03:36:00 PM,30,NO CONTROLS,NO CONTROLS,SNOW,DAYLIGHT,REAR END,NOT DIVIDED,,STRAIGHT AND LEVEL,SNOW OR SLUSH,UNKNOWN,NOT ON SCENE (DESK REPORT),NO INJURY / DRIVE AWAY,,,N,"$501 - $1,500",01/10/2025 04:30:00 PM,FAILING TO REDUCE SPEED TO AVOID CRASH,NOT APPLICABLE,2248,W,GRANVILLE AVE,2413.0,,,,,,,2,NO INDICATION OF INJURY,0.0,0.0,0.0,0.0,0.0,3.0,0.0,15,6,1,41.994252807,-87.686828273,POINT (-87.686828273209 41.99425280704),2025-01-10 15:36:00
a1d2f07a6ea45fd943110502029a2cd9d3faa32953e0317c9a5205cdbd81b207f139aaaeeb73a953230e834196261e447565256b3f51e7429b4ac75deef1b519,,01/10/2025 03:33:00 PM,30,NO CONTROLS,NO CONTROLS,SNOW,DAYLIGHT,PARKED MOTOR VEHICLE,NOT DIVIDED,,STRAIGHT AND LEVEL,SNOW OR SLUSH,UNKNOWN,ON SCENE,NO INJURY / DRIVE AWAY,,,,"OVER $1,500",01/10/2025 03:33:00 PM,WEATHER,FAILING TO REDUCE SPEED TO AVOID CRASH,917,W,MONTANA ST,1932.0,,Y,,,,,2,NO INDICATION OF INJURY,0.0,0.0,0.0,0.0,0.0,1.0,0.0,15,6,1,41.926277419,-87.65107619,POINT (-87.651076190183 41.926277419199),2025-01-10 15:33:00
1d7f3ce1316af1d4e8f7b2ef7fdd1fa317b01070ccaed292dba058e46b0a33c09451568f70a43cc500743ad885138cb1afe33aa5fcf857e6397df8a5eaf1277a,,01/10/2025 03:30:00 PM,30,TRAFFIC SIGNAL,UNKNOWN,SNOW,DAYLIGHT,REAR END,ONE-WAY,,STRAIGHT AND LEVEL,UNKNOWN,UNKNOWN,NOT ON SCENE (DESK REPORT),NO INJURY / DRIVE AWAY,Y,,,"OVER $1,500",01/10/2025 04:50:00 PM,UNABLE TO DETERMINE,UNABLE TO DETERMINE,561,W,ROSCOE ST,1925.0,,,,,,,3,NO INDICATION OF INJURY,0.0,0.0,0.0,0.0,0.0,2.0,0.0,15,6,1,41.943217395,-87.644323757,POINT (-87.644323756617 41.943217394918),2025-01-10 15:30:00
40a474f6dc85f28dff6850a895083cbf549e7f75d699c0a4c25cbd0b857dba03083c4b47a973870e9ef1430e48163b69c7bf8ce7bb3f3c22058a10e9560f717d,,01/10/2025 03:30:00 PM,30,NO CONTROLS,NO CONTROLS,SNOW,"DARKNESS, LIGHTED ROAD",REAR END,Y-INTERSECTION,,STRAIGHT AND LEVEL,SNOW OR SLUSH,UNKNOWN,NOT ON SCENE (DESK REPORT),INJURY AND / OR TOW DUE TO CRASH,,,Y,"OVER $1,500",01/10/2025 06:00:00 PM,UNABLE TO DETERMINE,UNABLE TO DETERMINE,6898,S,ANTHONY AVE,322.0,,,,,,,2,NO INDICATION OF INJURY,0.0,0.0,0.0,0.0,0.0,2.0,0.0,15,6,1,41.769434236,-87.613827115,POINT (-87.613827115131 41.769434236158),2025-01-10 15:30:00
43c18f80601eaeecb9b09fe63a6bc886a86abc04d61acbbc0514c9c0832fb025f63545f197b55e0ccb8ad51aaf10090a168bef52457708715363ceb0b5b7f8df,,01/10/2025 03:30:00 PM,30,NO CONTROLS,NO CONTROLS,SNOW,DAYLIGHT,PARKED MOTOR VEHICLE,NOT DIVIDED,,STRAIGHT AND LEVEL,SNOW OR SLUSH,UNKNOWN,NOT ON SCENE (DESK REPORT),NO INJURY / DRIVE AWAY,,,,"OVER $1,500",01/11/2025 02:05:00 PM,DRIVING SKILLS/KNOWLEDGE/EXPERIENCE,NOT APPLICABLE,5261,W,MONROE ST,1522.0,,,,,,,2,NO INDICATION OF INJURY,0.0,0.0,0.0,0.0,0.0,1.0,0.0,15,6,1,41.879237145,-87.757445027,POINT (-87.757445027498 41.879237145404),2025-01-10 15:30:00