CRASH_RECORD_ID,CRASH_DATE_EST_I,CRASH_DATE,POSTED_SPEED_LIMIT,TRAFFIC_CONTROL_DEVICE,DEVICE_CONDITION,WEATHER_CONDITION,LIGHTING_CONDITION,FIRST_CRASH_TYPE,TRAFFICWAY_TYPE,LANE_CNT,ALIGNMENT,ROADWAY_SURFACE_COND,ROAD_DEFECT,REPORT_TYPE,CRASH_TYPE,INTERSECTION_RELATED_I,NOT_RIGHT_OF_WAY_I,HIT_AND_RUN_I,DAMAGE,DATE_POLICE_NOTIFIED,PRIM_CONTRIBUTORY_CAUSE,SEC_CONTRIBUTORY_CAUSE,STREET_NO,STREET_DIRECTION,STREET_NAME,BEAT_OF_OCCURRENCE,PHOTOS_TAKEN_I,STATEMENTS_TAKEN_I,DOORING_I,WORK_ZONE_I,WORK_ZONE_TYPE,WORKERS_PRESENT_I,NUM_UNITS,MOST_SEVERE_INJURY,INJURIES_TOTAL,INJURIES_FATAL,INJURIES_INCAPACITATING,INJURIES_NON_INCAPACITATING,INJURIES_REPORTED_NOT_EVIDENT,INJURIES_NO_INDICATION,INJURIES_UNKNOWN,CRASH_HOUR,CRASH_DAY_OF_WEEK,CRASH_MONTH,LATITUDE,LONGITUDE,LOCATION,timestamp
a88d21af122383e07e7e954696d1e1673c13dd3fc82b404b4804953425875112b8b1ba87251c4baf6987bbe1d87918c1c1c2a39b6a0544e8aaeda6c5fc3b1957,,01/10/2025 03:30:00 PM,25,NO CONTROLS,NO CONTROLS,SNOW,DAYLIGHT,FIXED OBJECT,T-INTERSECTION,,STRAIGHT AND LEVEL,SNOW OR SLUSH,UNKNOWN,NOT ON SCENE (DESK REPORT),NO INJURY / DRIVE AWAY,Y,,,"OVER $1,500",01/11/2025 12:15:00 PM,UNABLE TO DETERMINE,UNABLE TO DETERMINE,5823,N,RAVENSWOOD AVE,2012.0,,,,,,,1,NO INDICATION OF INJURY,0.0,0.0,0.0,0.0,0.0,1.0,0.0,15,6,1,41.987389187,-87.674470807,POINT (-87.674470806832 41.987389187425),2025-01-10 15:30:00
bb624b1b271f4bf431cfdb1d7a4a3009fc62859983af224d019b104b8dc9fa9ff1c0128023e77fd9326f7e3aecb64c551848f615536d367d4589504d4eb70e03,,01/10/2025 03:30:00 PM,30,NO CONTROLS,NO CONTROLS,SNOW,"DARKNESS, LIGHTED ROAD",PARKED MOTOR VEHICLE,NOT DIVIDED,,STRAIGHT AND LEVEL,WET,UNKNOWN,NOT ON SCENE (DESK REPORT),NO INJURY / DRIVE AWAY,,,Y,"OVER $1,500",01/10/2025 06:30:00 PM,UNABLE TO DETERMINE,NOT APPLICABLE,3045,W,26TH ST,1033.0,,,,,,,2,NO INDICATION OF INJURY,0.0,0.0,0.0,0.0,0.0,2.0,0.0,15,6,1,41.844469253,-87.701930214,POINT (-87.701930214473 41.844469252871),2025-01-10 15:30:00
1a7b9ceaa85a59c899c47cd009cd434dfb7cfaedc7853182aee8fb335ffe9db4b779dc287adc6ed72c6b40cb7cf55097347584e31fc9973e8560088a3c096ba8,,01/10/2025 03:22:00 PM,30,STOP SIGN/FLASHER,FUNCTIONING PROPERLY,SNOW,DAYLIGHT,ANGLE,T-INTERSECTION,,STRAIGHT AND LEVEL,SNOW OR SLUSH,UNKNOWN,ON SCENE,INJURY AND / OR TOW DUE TO CRASH,,,,"OVER $1,500",01/10/2025 03:46:00 PM,WEATHER,NOT APPLICABLE,6900,S,ANTHONY AVE,322.0,,,,,,,2,NONINCAPACITATING INJURY,1.0,0.0,0.0,1.0,0.0,2.0,0.0,15,6,1,41.769346416,-87.613702998,POINT (-87.613702998216 41.769346415827),2025-01-10 15:22:00
00f60fc00b1c55803c16d29cfec73d0f9d98118f0c83edafe02e1dd8de9bcedda323521e16cd9f7b9514ee3cc09526a2a03d1dff4dcc77b5863cce4284385003,,01/10/2025 03:20:00 PM,30,TRAFFIC SIGNAL,FUNCTIONING PROPERLY,SNOW,DAYLIGHT,PEDESTRIAN,FOUR WAY,,STRAIGHT AND LEVEL,SNOW OR SLUSH,NO DEFECTS,NOT ON SCENE (DESK REPORT),NO INJURY / DRIVE AWAY,Y,,,$500 OR LESS,01/10/2025 04:45:00 PM,UNABLE TO DETERMINE,UNABLE TO DETERMINE,6650,S,STONY ISLAND AVE,321.0,,,,,,,2,NO INDICATION OF INJURY,0.0,0.0,0.0,0.0,0.0,2.0,0.0,15,6,1,41.773638557,-87.586445519,POINT (-87.586445518888 41.773638556986),2025-01-10 15:20:00
98a8dd7b667e34e9a5c316672040310b44c52aca2b60387964f5bde77390b1b9b84e06b4432de97c1f735e96b62088a83224e5dc6d557b41a4cb00e7289c7dcc,,01/10/2025 03:20:00 PM,30,OTHER,UNKNOWN,SNOW,DAYLIGHT,PARKED MOTOR VEHICLE,OTHER,,STRAIGHT AND LEVEL,SNOW OR SLUSH,UNKNOWN,NOT ON SCENE (DESK REPORT),NO INJURY / DRIVE AWAY,,,,"OVER $1,500",01/10/2025 04:31:00 PM,UNABLE TO DETERMINE,NOT APPLICABLE,1400,W,95TH ST,2222.0,,,,,,,2,NO INDICATION OF INJURY,0.0,0.0,0.0,0.0,0.0,1.0,0.0,15,6,1,41.721386649,-87.657875845,POINT (-87.657875844559 41.721386649184),2025-01-10 15:20:00
b00d94ebd8d991059ee91b4dd405c3a6a42163f037a8d04b12b8d9b080666564f9162cd9aef235cdb014d59da8dea88fee50eea72243f170f9194a58ae552148,,01/10/2025 03:17:00 PM,30,STOP SIGN/FLASHER,FUNCTIONING PROPERLY,CLEAR,DAYLIGHT,ANGLE,FOUR WAY,,STRAIGHT ON GRADE,SNOW OR SLUSH,UNKNOWN,ON SCENE,INJURY AND / OR TOW DUE TO CRASH,Y,,,"OVER $1,500",01/10/2025 03:52:00 PM,UNABLE TO DETERMINE,UNABLE TO DETERMINE,900,N,PULASKI RD,1111.0,,,,,,,2,NO INDICATION OF INJURY,0.0,0.0,0.0,0.0,0.0,2.0,0.0,15,6,1,41.89728886,-87.726290478,POINT (-87.726290477551 41.897288859731),2025-01-10 15:17:00
1ee3d169246fddabb974b69677b1a29d3db2cec8402be3bec757b0ec1557de0d3bbc2996b0cd424bf3cc1bcd3ad7bb4b626a389e22b861f6adfe9020b0caaddb,,01/10/2025 03:13:00 PM,30,NO CONTROLS,NO CONTROLS,SNOW,DAYLIGHT,SIDESWIPE SAME DIRECTION,DIVIDED - W/MEDIAN BARRIER,,STRAIGHT AND LEVEL,SNOW OR SLUSH,NO DEFECTS,ON SCENE,NO INJURY / DRIVE AWAY,,,,"OVER $1,500",01/10/2025 03:13:00 PM,WEATHER,NOT APPLICABLE,4533,N,CICERO AVE,1722.0,,,,,,,2,NO INDICATION OF INJURY,0.0,0.0,0.0,0.0,0.0,2.0,0.0,15,6,1,41.963412537,-87.747034072,POINT (-87.747034071932 41.963412536953),2025-01-10 15:13:00
bbbf4546e8fd473eab5b28f500a096d7cb18df3f567cf66238f51a49271f7ee2b4adf90b4f46f2afae84d14f51ee86cfce9263a70935ab51959629a7477eb280,,01/10/2025 03:13:00 PM,30,STOP SIGN/FLASHER,FUNCTIONING PROPERLY,SNOW,DAYLIGHT,ANGLE,NOT DIVIDED,,STRAIGHT AND LEVEL,SNOW OR SLUSH,NO DEFECTS,NOT ON SCENE (DESK REPORT),NO INJURY / DRIVE AWAY,,,,"OVER $1,500",01/10/2025 04:16:00 PM,FAILING TO YIELD RIGHT-OF-WAY,NOT APPLICABLE,5034,S,KARLOV AVE,815.0,,,,,,,2,NO INDICATION OF INJURY,0.0,0.0,0.0,0.0,0.0,2.0,0.0,15,6,1,41.801367067,-87.725992517,POINT (-87.72599251662 41.801367066584),2025-01-10 15:13:00
3e7e48238439eaa247565397c32b79e2fb5d09990465cb7393d2fbce77f8824fad4f37c7719e66e4b15c109becc09dae7679914e0770dd1763a09c80341da709,,01/10/2025 03:10:00 PM,30,STOP SIGN/FLASHER,FUNCTIONING PROPERLY,SNOW,DAYLIGHT,REAR END,NOT DIVIDED,,STRAIGHT AND LEVEL,SNOW OR SLUSH,NO DEFECTS,NOT ON SCENE (DESK REPORT),NO INJURY / DRIVE AWAY,,,,"OVER $1,500",01/10/2025 04:05:00 PM,FOLLOWING TOO CLOSELY,NOT APPLICABLE,4900,S,KILPATRICK AVE,815.0,,,,,,,2,NO INDICATION OF INJURY,0.0,0.0,0.0,0.0,0.0,2.0,0.0,15,6,1,41.803910945,-87.74075601,POINT (-87.740756009684 41.803910945113),2025-01-10 15:10:00
f94734cdccf608ef505a68e1b178eccc880d6dbeaec03cd2d0433d374ee76c9634b9d96539fd09239926387521e500a0357aaa00bbc2f1090a0d2fb2b7174974,,01/10/2025 03:03:00 PM,30,TRAFFIC SIGNAL,FUNCTIONING PROPERLY,SNOW,DUSK,TURNING,FOUR WAY,,STRAIGHT AND LEVEL,SNOW OR SLUSH,NO DEFECTS,NOT ON SCENE (DESK REPORT),NO INJURY / DRIVE AWAY,Y,,,"OVER $1,500",01/10/2025 06:40:00 PM,DRIVING ON WRONG SIDE/WRONG WAY,FAILING TO REDUCE SPEED TO AVOID CRASH,658,N,WELLS ST,1831.0,,,,,,,2,NO INDICATION OF INJURY,0.0,0.0,0.0,0.0,0.0,2.0,0.0,15,6,1,41.89402711,-87.634280718,POINT (-87.634280718355 41.894027109878),2025-01-10 15:03:00
151f52ff35b97e22f55062b52a079ccc1415dbf56b00f74e7a537859ec8aaa1bc0651716ce4a5dcee0c0d26396d233e849767c4346b4c2fa221f95d19f545f32,,01/10/2025 03:00:00 PM,25,NO CONTROLS,NO CONTROLS,SNOW,DAYLIGHT,PARKED MOTOR VEHICLE,ONE-WAY,,STRAIGHT AND LEVEL,SNOW OR SLUSH,NO DEFECTS,NOT ON SCENE (DESK REPORT),NO INJURY / DRIVE AWAY,,,,"OVER $1,500",01/11/2025 11:55:00 AM,WEATHER,UNABLE TO DETERMINE,3058,W,CULLOM AVE,1724.0,,,,,,,2,NO INDICATION OF INJURY,0.0,0.0,0.0,0.0,0.0,1.0,0.0,15,6,1,41.959492363,-87.70568703,POINT (-87.70568702975 41.959492362871),2025-01-10 15:00:00
2380c27ee098186189ea02517d978146f37b1221ed97faa29dab09ee3560bd1b2758744514a370098b24b02afdbb4aece6c8697d66f2144ba89c851b886af3eb,,01/10/2025 03:00:00 PM,30,NO CONTROLS,NO CONTROLS,SNOW,DAYLIGHT,SIDESWIPE SAME DIRECTION,ONE-WAY,,STRAIGHT AND LEVEL,SNOW OR SLUSH,UNKNOWN,NOT ON SCENE (DESK REPORT),NO INJURY / DRIVE AWAY,,,,"OVER $1,500",01/10/2025 04:50:00 PM,UNABLE TO DETERMINE,UNABLE TO DETERMINE,2336,W,GREENLEAF AVE,2411.0,,,,,,,2,NO INDICATION OF INJURY,0.0,0.0,0.0,0.0,0.0,3.0,0.0,15,6,1,42.009955528,-87.689572607,POINT (-87.689572607405 42.009955528019),2025-01-10 15:00:00
acee91107171d3e6b651bed607332c42ba629da74a2f4194ed899f45a154d641465bf5d74f848250325755e0aae1c237364c7485b161298600ad3557f5c94f62,,01/10/2025 03:00:00 PM,30,TRAFFIC SIGNAL,FUNCTIONING PROPERLY,SNOW,DAYLIGHT,TURNING,T-INTERSECTION,,STRAIGHT AND LEVEL,SNOW OR SLUSH,UNKNOWN,,INJURY AND / OR TOW DUE TO CRASH,Y,,,"OVER $1,500",01/10/2025 03:00:00 PM,WEATHER,NOT APPLICABLE,6800,S,SOUTH CHICAGO AVE,322.0,,,,,,,2,"REPORTED, NOT EVIDENT",2.0,0.0,0.0,0.0,2.0,0.0,0.0,15,6,1,41.770773216,-87.612632476,POINT (-87.612632476364 41.770773215833),2025-01-10 15:00:00
e44ef8dd477fa1b0694c83122eb3e107411fd17409a6f23d23ed5f5ee2945fd1524823a44ddb058740f07c59d0f2853caf1b5d6b314b490f35d903c8cea88712,,01/10/2025 03:00:00 PM,30,NO CONTROLS,NO CONTROLS,SNOW,DAWN,PARKED MOTOR VEHICLE,NOT DIVIDED,,STRAIGHT AND LEVEL,SNOW OR SLUSH,NO DEFECTS,ON SCENE,NO INJURY / DRIVE AWAY,,,Y,"OVER $1,500",01/10/2025 03:02:00 PM,DRIVING SKILLS/KNOWLEDGE/EXPERIENCE,NOT APPLICABLE,4314,S,ARCHER AVE,922.0,,,,,,,2,NO INDICATION OF INJURY,0.0,0.0,0.0,0.0,0.0,1.0,0.0,15,6,1,41.815160278,-87.702733712,POINT (-87.702733711605 41.815160278271),2025-01-10 15:00:00
f1656537ce2f6fd19beabf4b8ec290952d9533f6314afc42d4eda0d9dab8875b5c7aff9bfbb8b3f730973e61a0076e13d6b7da6e3b9c771239d93dcd6a2e63a6,,01/10/2025 03:00:00 PM,30,NO CONTROLS,NO CONTROLS,SNOW,DAYLIGHT,PARKED MOTOR VEHICLE,DIVIDED - W/MEDIAN (NOT RAISED),,STRAIGHT AND LEVEL,SNOW OR SLUSH,NO DEFECTS,NOT ON SCENE (DESK REPORT),NO INJURY / DRIVE AWAY,,,,"OVER $1,500",01/11/2025 02:10:00 PM,FOLLOWING TOO CLOSELY,IMPROPER BACKING,247,W,23RD ST,914.0,,,,,,,2,NO INDICATION OF INJURY,0.0,0.0,0.0,0.0,0.0,2.0,0.0,15,6,1,41.850840643,-87.633805562,POINT (-87.633805562288 41.850840643455),2025-01-10 15:00:00
6c6a3b5c7eb4d9755f1f6797d998adf2604d437597d597237a2441917b464379438131831ab6dfada21c5bc9e3118292632ec99a088baf4873d9a801c46046ce,,01/10/2025 02:55:00 PM,20,NO CONTROLS,NO CONTROLS,UNKNOWN,DAYLIGHT,REAR END,DIVIDED - W/MEDIAN (NOT RAISED),,STRAIGHT AND LEVEL,UNKNOWN,UNKNOWN,NOT ON SCENE (DESK REPORT),NO INJURY / DRIVE AWAY,,,,"$501 - $1,500",01/14/2025 11:27:00 AM,UNABLE TO DETERMINE,UNABLE TO DETERMINE,3699,N,NORA AVE,1632.0,,,,,,,2,NO INDICATION OF INJURY,0.0,0.0,0.0,0.0,0.0,2.0,0.0,14,6,1,41.947089277,-87.801997547,POINT (-87.801997546521 41.947089276802),2025-01-10 14:55:00
7c1e885b1f3c196aa6cbc2fe6c22db02c2abc928169b1caff18e170011b894e9978a49f33f0d8a7bf1b9fecd5cdfd7467706cd541a567a5071356f6a1b4633d8,,01/10/2025 02:50:00 PM,30,UNKNOWN,UNKNOWN,UNKNOWN,DAYLIGHT,REAR END,NOT DIVIDED,,STRAIGHT AND LEVEL,UNKNOWN,UNKNOWN,NOT ON SCENE (DESK REPORT),NO INJURY / DRIVE AWAY,,,,"OVER $1,500",01/10/2025 06:35:00 PM,UNABLE TO DETERMINE,NOT APPLICABLE,6502,S,WOODLAWN AVE,321.0,,,,,,,2,NO INDICATION OF INJURY,0.0,0.0,0.0,0.0,0.0,2.0,0.0,14,6,1,41.776731364,-87.59626048,POINT (-87.596260480108 41.776731364072),2025-01-10 14:50:00
94d04726b0b8aafcef1fba284ec36b069c6e11876c1c5b0f5da3d2353ee74f826af0806bb79e6c75570de252aa61f781d33703b4d8d15495d4f2c586e6da8c56,,01/10/2025 02:50:00 PM,30,NO CONTROLS,NO CONTROLS,SNOW,DAYLIGHT,PARKED MOTOR VEHICLE,ONE-WAY,,STRAIGHT AND LEVEL,SNOW OR SLUSH,UNKNOWN,NOT ON SCENE (DESK REPORT),NO INJURY / DRIVE AWAY,,,,"OVER $1,500",01/10/2025 03:10:00 PM,UNABLE TO DETERMINE,UNABLE TO DETERMINE,5637,W,IOWA ST,1511.0,,,,,,,2,NO INDICATION OF INJURY,0.0,0.0,0.0,0.0,0.0,1.0,0.0,14,6,1,41.896544886,-87.766900241,POINT (-87.766900241 41.896544886235),2025-01-10 14:50:00
9a8514146df96bdece4323f022202e595de8a05abbb54dda0b350899150148793392d355f759aa112a264a21cca45f3cced93203e39efde2129483a40b1551a8,Y,01/10/2025 02:50:00 PM,25,TRAFFIC SIGNAL,UNKNOWN,SNOW,DAYLIGHT,PEDESTRIAN,NOT DIVIDED,,STRAIGHT AND LEVEL,SNOW OR SLUSH,UNKNOWN,NOT ON SCENE (DESK REPORT),NO INJURY / DRIVE AWAY,,,Y,$500 OR LESS,01/10/2025 04:10:00 PM,FAILING TO YIELD RIGHT-OF-WAY,NOT APPLICABLE,5300,S,PULASKI RD,815.0,,,,,,,2,NO INDICATION OF INJURY,0.0,0.0,0.0,0.0,0.0,2.0,0.0,14,6,1,41.796754572,-87.72340922,POINT (-87.7234092203 41.796754571853),2025-01-10 14:50:00
a84301d37034588a13e4de1c7604f39d1a48dd93dc06781c11b49ea4b9ba0b59766e7ddc8d17448ae717f94c31d6c529aa9c9d55ee67290231a089b9fea6fc5f,,01/10/2025 02:50:00 PM,30,STOP SIGN/FLASHER,FUNCTIONING PROPERLY,SNOW,DAYLIGHT,REAR END,NOT DIVIDED,,STRAIGHT AND LEVEL,SNOW OR SLUSH,NO DEFECTS,NOT ON SCENE (DESK REPORT),NO INJURY / DRIVE AWAY,,,Y,"OVER $1,500",01/10/2025 03:55:00 PM,FOLLOWING TOO CLOSELY,NOT APPLICABLE,3801,W,61ST ST,823.0,,,,,,,2,NO INDICATION OF INJURY,0.0,0.0,0.0,0.0,0.0,2.0,0.0,14,6,1,41.782262009,-87.718077443,POINT (-87.718077442781 41.782262008706),2025-01-10 14:50:00
b68cd0e30944d452b67ce593f09b6db1a6c5995b3ef4d8bfeac5510b6364fdc73ab7eb6958d15cb426afd6b81dcc07b28d81f67a3986e0110821b143baa823a5,,01/10/2025 02:45:00 PM,30,NO CONTROLS,NO CONTROLS,SNOW,DAYLIGHT,REAR END,NOT DIVIDED,,STRAIGHT AND LEVEL,SNOW OR SLUSH,NO DEFECTS,NOT ON SCENE (DESK REPORT),NO INJURY / DRIVE AWAY,,,Y,"$501 - $1,500",01/10/2025 03:40:00 PM,UNABLE TO DETERMINE,UNABLE TO DETERMINE,313,W,103RD ST,512.0,,,,,,,2,NO INDICATION OF INJURY,0.0,0.0,0.0,0.0,0.0,2.0,0.0,14,6,1,41.706956234,-87.631267626,POINT (-87.631267625822 41.706956233527),2025-01-10 14:45:00
1538c7cdcc48e3cbebc65c983844b74277f2e7ed9c5063ac44c51ab187337e4413f36d0d85f96b8e8a2740db2e95cec1fb6242d71a1e8e520c86a54923257e77,,01/10/2025 02:40:00 PM,30,STOP SIGN/FLASHER,FUNCTIONING PROPERLY,SNOW,DAYLIGHT,REAR END,NOT DIVIDED,,STRAIGHT AND LEVEL,SNOW OR SLUSH,UNKNOWN,,NO INJURY / DRIVE AWAY,,,Y,"OVER $1,500",01/11/2025 02:05:00 PM,UNABLE TO DETERMINE,UNABLE TO DETERMINE,4659,S,CALIFORNIA AVE,922.0,,,,,,,2,NO INDICATION OF INJURY,0.0,0.0,0.0,0.0,0.0,2.0,0.0,14,6,1,41.808373137,-87.694060757,POINT (-87.694060757155 41.808373136724),2025-01-10 14:40:00
d743fbd3a88cd54f56aee0e8f6e562d9d5abf12f195af6edd48ce1209aa2b1bac9aa0e421fadcfe6585611607b31d0f022c8349653867742fbdbf77709352655,,01/10/2025 02:40:00 PM,30,NO CONTROLS,NO CONTROLS,SNOW,DAYLIGHT,REAR END,FOUR WAY,,STRAIGHT AND LEVEL,SNOW OR SLUSH,NO DEFECTS,NOT ON SCENE (DESK REPORT),NO INJURY / DRIVE AWAY,,,,"OVER $1,500",01/10/2025 02:50:00 PM,UNABLE TO DETERMINE,NOT APPLICABLE,1908,W,DIVERSEY PKWY,1931.0,,,,,,,2,NO INDICATION OF INJURY,0.0,0.0,0.0,0.0,0.0,2.0,0.0,14,6,1,41.932424457,-87.675790534,POINT (-87.675790533921 41.932424457113),2025-01-10 14:40:00
0641258182553406beeac0a64904e718d27633c853608e517d6323daf0e03334593a644e54da4d817adc41f7b208b3ddd861e9426aa02635d470481d381664b6,,01/10/2025 02:30:00 PM,30,NO CONTROLS,NO CONTROLS,SNOW,DAYLIGHT,REAR END,NOT DIVIDED,,STRAIGHT AND LEVEL,SNOW OR SLUSH,NO DEFECTS,NOT ON SCENE (DESK REPORT),NO INJURY / DRIVE AWAY,,,,$500 OR LESS,01/10/2025 04:00:00 PM,UNABLE TO DETERMINE,UNABLE TO DETERMINE,1,W,104TH PL,512.0,,,,,,,2,NO INDICATION OF INJURY,0.0,0.0,0.0,0.0,0.0,2.0,0.0,14,6,1,41.704317811,-87.623559765,POINT (-87.623559764931 41.704317811323),2025-01-10 14:30:00
18a267657ab9c337c5820e3e40f45d9c58afb8bd856fc17191cac64741d009bfaf956795c1ad384fc862ed04299a4a3684394e65cda41be88d27a1abbb84629b,,01/10/2025 02:30:00 PM,35,TRAFFIC SIGNAL,FUNCTIONING PROPERLY,SNOW,DAYLIGHT,TURNING,CENTER TURN LANE,,STRAIGHT AND LEVEL,SNOW OR SLUSH,NO DEFECTS,ON SCENE,NO INJURY / DRIVE AWAY,Y,,,"OVER $1,500",01/10/2025 02:32:00 PM,IMPROPER TURNING/NO SIGNAL,DRIVING SKILLS/KNOWLEDGE/EXPERIENCE,5901,S,WESTERN AVE,825.0,,,,,,,2,NO INDICATION OF INJURY,0.0,0.0,0.0,0.0,0.0,2.0,0.0,14,6,1,41.786440844,-87.683681956,POINT (-87.683681956485 41.786440843824),2025-01-10 14:30:00
56c555ac7044d08c14fcbda066a6c2e37689de0e885129490ca417163803e253370594bbe2bc5cf16438f48a29dd4e2e18b3708165c90b61e13943cdc55c0546,,01/10/2025 02:30:00 PM,30,NO CONTROLS,NO CONTROLS,SNOW,DAYLIGHT,PARKED MOTOR VEHICLE,DIVIDED - W/MEDIAN (NOT RAISED),,STRAIGHT AND LEVEL,SNOW OR SLUSH,NO DEFECTS,NOT ON SCENE (DESK REPORT),NO INJURY / DRIVE AWAY,,,,"$501 - $1,500",01/10/2025 04:45:00 PM,WEATHER,NOT APPLICABLE,354,N,UNION AVE,1214.0,,,,,,,2,NO INDICATION OF INJURY,0.0,0.0,0.0,0.0,0.0,1.0,0.0,14,6,1,41.888555839,-87.645923778,POINT (-87.645923778258 41.888555839268),2025-01-10 14:30:00
5c97bb6d8521ef94b8a77a98b8c781db8ea47c38d1ef2e8e05d45e508a6630bc98de66f73c6fc10b6d8e655a80bb99dda56d3726f05803a984bd3023e5cf8484,,01/10/2025 02:30:00 PM,30,NO CONTROLS,NO CONTROLS,SNOW,DAYLIGHT,PARKED MOTOR VEHICLE,ONE-WAY,,STRAIGHT AND LEVEL,SNOW OR SLUSH,NO DEFECTS,NOT ON SCENE (DESK REPORT),NO INJURY / DRIVE AWAY,,,,"OVER $1,500",01/10/2025 02:59:00 PM,UNABLE TO DETERMINE,NOT APPLICABLE,9112,S,WENTWORTH AVE,634.0,,,,,,,2,NO INDICATION OF INJURY,0.0,0.0,0.0,0.0,0.0,2.0,0.0,14,6,1,41.728543014,-87.628996667,POINT (-87.628996666822 41.728543013822),2025-01-10 14:30:00
d2ee32eab109e0c9381a7cc65e524f138833415c3a33bc08da5c4139dfdc5e062b2fd4fedb5c0291ac4fe082ef38af447eade2e3bb6918185404ecc978e6f2fb,,01/10/2025 02:30:00 PM,30,STOP SIGN/FLASHER,FUNCTIONING PROPERLY,SNOW,DAYLIGHT,REAR END,FOUR WAY,,STRAIGHT AND LEVEL,SNOW OR SLUSH,NO DEFECTS,NOT ON SCENE (DESK REPORT),NO INJURY / DRIVE AWAY,,,,"OVER $1,500",01/10/2025 04:45:00 PM,FOLLOWING TOO CLOSELY,WEATHER,1447,W,19TH ST,1235.0,,,,,,,2,NO INDICATION OF INJURY,0.0,0.0,0.0,0.0,0.0,2.0,0.0,14,6,1,41.855923443,-87.66301286,POINT (-87.663012859596 41.855923443052),2025-01-10 14:30:00
703d101e05fe9d018f12e6d713c0c676763b6962ed490f1c30b17848e0ce954785886940e80220e2ece574fc3a996d8f20bf4cf2634d3e9aa5e0387eefdc0972,,01/10/2025 02:22:00 PM,35,STOP SIGN/FLASHER,FUNCTIONING PROPERLY,SNOW,DAYLIGHT,ANGLE,NOT DIVIDED,,STRAIGHT AND LEVEL,SNOW OR SLUSH,NO DEFECTS,ON SCENE,NO INJURY / DRIVE AWAY,Y,,,"OVER $1,500",01/10/2025 02:22:00 PM,FAILING TO YIELD RIGHT-OF-WAY,NOT APPLICABLE,6100,W,55TH ST,811.0,,,,,,,2,NO INDICATION OF INJURY,0.0,0.0,0.0,0.0,0.0,2.0,0.0,14,6,1,41.792602458,-87.774565208,POINT (-87.774565207759 41.792602457904),2025-01-10 14:22:00
33abd9a59d65b79d761aab94fe768c17f368ca5cf7aa59a186b00a9896d3b249db61018160416a1da32bed1dd4c8f7712d8ceb56a65e690f2c97c88aa989cdbc,,01/10/2025 02:21:00 PM,20,NO CONTROLS,NO CONTROLS,CLEAR,DAYLIGHT,PARKED MOTOR VEHICLE,PARKING LOT,,STRAIGHT AND LEVEL,DRY,NO DEFECTS,NOT ON SCENE (DESK REPORT),NO INJURY / DRIVE AWAY,,,,"OVER $1,500",01/13/2025 09:17:00 AM,UNABLE TO DETERMINE,NOT APPLICABLE,5220,S,PULASKI RD,815.0,,,,,,,2,NO INDICATION OF INJURY,0.0,0.0,0.0,0.0,0.0,1.0,0.0,14,6,1,41.79799187,-87.723443741,POINT (-87.723443740796 41.797991869962),2025-01-10 14:21:00
5105878d419a7ba5bc956cd202e90bbc5408ae64ad9ef40347fb72f83dadbd49b0f595a71a11a38e79cf5e5cd1bca3540029ce8d5ea9f99a0cc1e2799cf823a2,,01/10/2025 02:15:00 PM,30,TRAFFIC SIGNAL,FUNCTIONING PROPERLY,SNOW,DAYLIGHT,REAR END,DIVIDED - W/MEDIAN BARRIER,,STRAIGHT AND LEVEL,ICE,NO DEFECTS,NOT ON SCENE (DESK REPORT),INJURY AND / OR TOW DUE TO CRASH,Y,,,"OVER $1,500",01/14/2025 01:15:00 PM,WEATHER,UNABLE TO DETERMINE,4599,N,CICERO AVE,1722.0,,,,,,,2,"REPORTED, NOT EVIDENT",1.0,0.0,0.0,0.0,1.0,1.0,0.0,14,6,1,41.964323444,-87.747468545,POINT (-87.747468544931 41.964323444127),2025-01-10 14:15:00
2ebecc2c9f7e853bc41006563b78ec274bf4707faf40009a5bbb179453511d6df6a019d340ad36d4cc00859aec774ffd2786d85e03ff9b9e2c67df48ec4f08fb,,01/10/2025 02:10:00 PM,30,STOP SIGN/FLASHER,NO CONTROLS,CLEAR,DAYLIGHT,ANGLE,NOT DIVIDED,,STRAIGHT AND LEVEL,WET,UNKNOWN,NOT ON SCENE (DESK REPORT),NO INJURY / DRIVE AWAY,,,,"OVER $1,500",01/10/2025 03:30:00 PM,DRIVING SKILLS/KNOWLEDGE/EXPERIENCE,NOT APPLICABLE,6100,W,55TH ST,811.0,,,,,,,2,NO INDICATION OF INJURY,0.0,0.0,0.0,0.0,0.0,4.0,0.0,14,6,1,41.792602458,-87.774565208,POINT (-87.774565207759 41.792602457904),2025-01-10 14:10:00
ed95df3eac54633afa7c8aad115779f50cb810697c822bff6ea5d02486fac946c8fd88fadf3599b7b0eb4731166d27f3da8a19142613bdc511332f4fb97c4a74,,01/10/2025 02:09:00 PM,30,NO CONTROLS,NO CONTROLS,SNOW,DAYLIGHT,PARKED MOTOR VEHICLE,NOT DIVIDED,,STRAIGHT AND LEVEL,DRY,NO DEFECTS,ON SCENE,NO INJURY / DRIVE AWAY,,,Y,$500 OR LESS,01/10/2025 02:09:00 PM,DRIVING SKILLS/KNOWLEDGE/EXPERIENCE,WEATHER,2051,N,WESTERN AVE,1432.0,,Y,,,,,2,NO INDICATION OF INJURY,0.0,0.0,0.0,0.0,0.0,2.0,0.0,14,6,1,41.919065247,-87.687312045,POINT (-87.687312045148 41.919065246767),2025-01-10 14:09:00