CRASH_RECORD_ID,CRASH_DATE_EST_I,CRASH_DATE,POSTED_SPEED_LIMIT,TRAFFIC_CONTROL_DEVICE,DEVICE_CONDITION,WEATHER_CONDITION,LIGHTING_CONDITION,FIRST_CRASH_TYPE,TRAFFICWAY_TYPE,LANE_CNT,ALIGNMENT,ROADWAY_SURFACE_COND,ROAD_DEFECT,REPORT_TYPE,CRASH_TYPE,INTERSECTION_RELATED_I,NOT_RIGHT_OF_WAY_I,HIT_AND_RUN_I,DAMAGE,DATE_POLICE_NOTIFIED,PRIM_CONTRIBUTORY_CAUSE,SEC_CONTRIBUTORY_CAUSE,STREET_NO,STREET_DIRECTION,STREET_NAME,BEAT_OF_OCCURRENCE,PHOTOS_TAKEN_I,STATEMENTS_TAKEN_I,DOORING_I,WORK_ZONE_I,WORK_ZONE_TYPE,WORKERS_PRESENT_I,NUM_UNITS,MOST_SEVERE_INJURY,INJURIES_TOTAL,INJURIES_FATAL,INJURIES_INCAPACITATING,INJURIES_NON_INCAPACITATING,INJURIES_REPORTED_NOT_EVIDENT,INJURIES_NO_INDICATION,INJURIES_UNKNOWN,CRASH_HOUR,CRASH_DAY_OF_WEEK,CRASH_MONTH,LATITUDE,LONGITUDE,LOCATION,timestamp
a860da29d7dc9e08c8bcba30b24fa745f25217c51479cd8dfaa86afdd91e0d96c4f0299b9389fa1cbcdb7fddb446112a51d7eddf8678ec945c210ea925f143e1,,01/10/2025 02:05:00 PM,35,NO CONTROLS,NO CONTROLS,SNOW,DAYLIGHT,TURNING,NOT DIVIDED,,STRAIGHT AND LEVEL,SNOW OR SLUSH,UNKNOWN,ON SCENE,NO INJURY / DRIVE AWAY,,,,"OVER $1,500",01/10/2025 02:32:00 PM,FAILING TO REDUCE SPEED TO AVOID CRASH,NOT APPLICABLE,1599,S,CANAL ST,124.0,,,,,,,2,NO INDICATION OF INJURY,0.0,0.0,0.0,0.0,0.0,4.0,0.0,14,6,1,41.860043275,-87.638867594,POINT (-87.638867593724 41.860043274511),2025-01-10 14:05:00
0e30ad09c5f4e3cdef9d0bd8a15d5208d9e89786df68de18cb6e8d41f74b486ef88e5918fa649525fb680643985a8dbb757f9b042922e22d5e25e524a6417b5a,,01/10/2025 02:02:00 PM,25,TRAFFIC SIGNAL,FUNCTIONING PROPERLY,SNOW,DAYLIGHT,REAR END,ONE-WAY,,STRAIGHT AND LEVEL,SNOW OR SLUSH,NO DEFECTS,NOT ON SCENE (DESK REPORT),NO INJURY / DRIVE AWAY,,,,"$501 - $1,500",01/10/2025 05:51:00 PM,NOT APPLICABLE,NOT APPLICABLE,4359,W,HIRSCH ST,2534.0,,,,,,,2,NO INDICATION OF INJURY,0.0,0.0,0.0,0.0,0.0,2.0,0.0,14,6,1,41.906024818,-87.736175703,POINT (-87.736175703345 41.906024817622),2025-01-10 14:02:00
6ee60a8846a6176f99a02772eef257c0bcd1e8557307b01ed3f2dae0e2471c8093c2a3a00276b92afec8a72c30da6e94bbd289838bd31f87f83b07550b83ac7e,,01/10/2025 02:00:00 PM,30,NO CONTROLS,NO CONTROLS,SNOW,DAYLIGHT,PARKED MOTOR VEHICLE,NOT DIVIDED,,STRAIGHT AND LEVEL,SNOW OR SLUSH,NO DEFECTS,NOT ON SCENE (DESK REPORT),NO INJURY / DRIVE AWAY,,,,"OVER $1,500",01/10/2025 05:53:00 PM,WEATHER,ROAD ENGINEERING/SURFACE/MARKING DEFECTS,11700,S,FRONT AVE,532.0,,,,,,,2,NO INDICATION OF INJURY,0.0,0.0,0.0,0.0,0.0,1.0,0.0,14,6,1,41.681306623,-87.613559588,POINT (-87.61355958848 41.681306623232),2025-01-10 14:00:00
8145d6c68da85bc8f844dbf259c962b1d2a1a5d3f7f039b6d8c1f2644bbde98c7505dc9812300a9d7290eae0a47cd79820567945230150d4a54879ae167e30fe,,01/10/2025 02:00:00 PM,30,NO CONTROLS,NO CONTROLS,SNOW,DAYLIGHT,ANGLE,NOT DIVIDED,,STRAIGHT AND LEVEL,SNOW OR SLUSH,NO DEFECTS,NOT ON SCENE (DESK REPORT),NO INJURY / DRIVE AWAY,,,Y,"OVER $1,500",01/10/2025 02:18:00 PM,NOT APPLICABLE,NOT APPLICABLE,9501,S,WESTERN AVE,2213.0,,,,,,,2,NO INDICATION OF INJURY,0.0,0.0,0.0,0.0,0.0,3.0,0.0,14,6,1,41.720848927,-87.681915113,POINT (-87.681915112556 41.720848926601),2025-01-10 14:00:00
fac99398c449155283b611894a40a4a7a59b2cf43d017d3e9d25d937a68eb169c8def961113bd98e2d6c7637f37d79236dd8a8670aefcb2ee1d138f732e31a80,,01/10/2025 02:00:00 PM,30,UNKNOWN,UNKNOWN,UNKNOWN,DAYLIGHT,PARKED MOTOR VEHICLE,NOT DIVIDED,,STRAIGHT AND LEVEL,UNKNOWN,UNKNOWN,NOT ON SCENE (DESK REPORT),NO INJURY / DRIVE AWAY,,,,"OVER $1,500",01/10/2025 06:00:00 PM,UNABLE TO DETERMINE,NOT APPLICABLE,2139,N,LEAVITT ST,1432.0,,,,,,,2,NO INDICATION OF INJURY,0.0,0.0,0.0,0.0,0.0,1.0,0.0,14,6,1,41.92113136,-87.682485715,POINT (-87.682485715134 41.921131360027),2025-01-10 14:00:00
86a9e2157a369e6d227cb9c71035c0c229e60b64cef903f2da3c81e06be546910dd8894823e54564e1350c289276dffa610a9346457559d541a8971ee4cc0822,,01/10/2025 01:50:00 PM,30,NO CONTROLS,NO CONTROLS,SNOW,DAYLIGHT,REAR END,NOT DIVIDED,,STRAIGHT AND LEVEL,SNOW OR SLUSH,UNKNOWN,NOT ON SCENE (DESK REPORT),NO INJURY / DRIVE AWAY,Y,,,"OVER $1,500",01/10/2025 03:30:00 PM,FOLLOWING TOO CLOSELY,UNABLE TO DETERMINE,6845,W,BELMONT AVE,2511.0,,,,,,,2,NO INDICATION OF INJURY,0.0,0.0,0.0,0.0,0.0,2.0,0.0,13,6,1,41.93802129,-87.79752044,POINT (-87.797520440043 41.938021289754),2025-01-10 13:50:00
0b376034cceb3e817edb12e516926d926547281eae8f7cb5088425490f998965d98e446b9b92232f21367716c755a76bfe52715991cb8d9e984094cfd4fab623,,01/10/2025 01:45:00 PM,30,NO CONTROLS,NO CONTROLS,UNKNOWN,UNKNOWN,PARKED MOTOR VEHICLE,OTHER,,STRAIGHT AND LEVEL,UNKNOWN,UNKNOWN,NOT ON SCENE (DESK REPORT),NO INJURY / DRIVE AWAY,,,Y,"$501 - $1,500",01/10/2025 02:20:00 PM,UNABLE TO DETERMINE,NOT APPLICABLE,165,N,JEFFERSON ST,121.0,,,,,,,2,NO INDICATION OF INJURY,0.0,0.0,0.0,0.0,0.0,1.0,0.0,13,6,1,41.885071905,-87.642605944,POINT (-87.642605944188 41.885071905457),2025-01-10 13:45:00
cd1330a9c5f0ecf14d09943b1b189521775a3720271eb6188065497dc046dacccacd24778e741112621c775b4d12382c717f988bb61f1c6ceda55032cbe2408e,,01/10/2025 01:39:00 PM,30,NO CONTROLS,NO CONTROLS,CLEAR,DAYLIGHT,REAR END,DIVIDED - W/MEDIAN (NOT RAISED),,STRAIGHT AND LEVEL,UNKNOWN,UNKNOWN,NOT ON SCENE (DESK REPORT),NO INJURY / DRIVE AWAY,,,,"OVER $1,500",01/10/2025 02:20:00 PM,UNABLE TO DETERMINE,UNABLE TO DETERMINE,6835,W,BELMONT AVE,2511.0,,,,,,,2,NO INDICATION OF INJURY,0.0,0.0,0.0,0.0,0.0,2.0,0.0,13,6,1,41.938028039,-87.797128656,POINT (-87.797128656314 41.938028038827),2025-01-10 13:39:00
edbfb4c5c7848c292a41170096f272f1dc8fb5e22ec903f1217e25794eacd38b46b5fdeb8f66921b560b48ac49014de67b1ffaba77a65ccfec8576b00b540915,,01/10/2025 01:34:00 PM,30,NO CONTROLS,NO CONTROLS,UNKNOWN,UNKNOWN,SIDESWIPE SAME DIRECTION,ONE-WAY,,STRAIGHT AND LEVEL,UNKNOWN,UNKNOWN,ON SCENE,NO INJURY / DRIVE AWAY,,,,"OVER $1,500",01/10/2025 01:45:00 PM,FAILING TO YIELD RIGHT-OF-WAY,UNABLE TO DETERMINE,814,N,LAWNDALE AVE,1112.0,,,,,,,2,NO INDICATION OF INJURY,0.0,0.0,0.0,0.0,0.0,4.0,0.0,13,6,1,41.895921619,-87.71891564,POINT (-87.718915640133 41.895921619409),2025-01-10 13:34:00
1cc6ce201187386ee0b21d44206637b304a143e3289aaf78045fd26f3921b1c1293958f7dee05cc419d0ecf94b3cd8dc93940945c4e481fe8c4cef56879ed25c,,01/10/2025 01:30:00 PM,30,UNKNOWN,UNKNOWN,UNKNOWN,UNKNOWN,REAR END,DIVIDED - W/MEDIAN (NOT RAISED),,STRAIGHT AND LEVEL,UNKNOWN,UNKNOWN,NOT ON SCENE (DESK REPORT),NO INJURY / DRIVE AWAY,,,,"OVER $1,500",01/11/2025 11:10:00 AM,UNABLE TO DETERMINE,UNABLE TO DETERMINE,2600,N,CLARK ST,1935.0,,,,,,,2,NO INDICATION OF INJURY,0.0,0.0,0.0,0.0,0.0,2.0,0.0,13,6,1,41.929600584,-87.643051212,POINT (-87.643051212209 41.92960058367),2025-01-10 13:30:00
662f3def5eb57014f7cf4d4cf960d749fed78c86205f7d5800bfc02029bc421761d30f96e32dc907efda7f86d4847def8ad867b202de423fdd4e16d2648a2d2c,,01/10/2025 01:30:00 PM,30,NO CONTROLS,NO CONTROLS,SNOW,DAYLIGHT,PARKED MOTOR VEHICLE,ONE-WAY,,STRAIGHT AND LEVEL,SNOW OR SLUSH,NO DEFECTS,NOT ON SCENE (DESK REPORT),NO INJURY / DRIVE AWAY,,,,"OVER $1,500",01/10/2025 02:05:00 PM,IMPROPER TURNING/NO SIGNAL,FAILING TO REDUCE SPEED TO AVOID CRASH,1370,W,WALTON ST,1213.0,,,,,,,2,NO INDICATION OF INJURY,0.0,0.0,0.0,0.0,0.0,1.0,0.0,13,6,1,41.898992348,-87.662321737,POINT (-87.662321736868 41.898992348193),2025-01-10 13:30:00
bd4814d6df44224780ba4bbba2300aaa5ec9a961301c245a46d49d964d381b44069ac08bb6e881ad83eeb4f57d1af37a2b33d50c9cf33769b6296787e403f595,,01/10/2025 01:30:00 PM,30,TRAFFIC SIGNAL,FUNCTIONING PROPERLY,SNOW,DAYLIGHT,REAR END,NOT DIVIDED,,STRAIGHT AND LEVEL,SNOW OR SLUSH,NO DEFECTS,NOT ON SCENE (DESK REPORT),INJURY AND / OR TOW DUE TO CRASH,,,,"OVER $1,500",01/10/2025 02:30:00 PM,UNABLE TO DETERMINE,WEATHER,3100,S,DAMEN AVE,912.0,,,,,,,2,NONINCAPACITATING INJURY,1.0,0.0,0.0,1.0,0.0,1.0,0.0,13,6,1,41.837582758,-87.675590627,POINT (-87.675590626552 41.837582757773),2025-01-10 13:30:00
cad8871118e70d9a4d26777efdd651a9a47429709a1eb4b3a97cb251f729c511077b3475a158e242e922619ead233172b63c576a2073d023a38d728db9217d44,,01/10/2025 01:30:00 PM,30,NO CONTROLS,NO CONTROLS,SNOW,DAYLIGHT,SIDESWIPE SAME DIRECTION,NOT DIVIDED,,STRAIGHT AND LEVEL,UNKNOWN,UNKNOWN,NOT ON SCENE (DESK REPORT),NO INJURY / DRIVE AWAY,,,,"OVER $1,500",01/10/2025 02:06:00 PM,UNABLE TO DETERMINE,NOT APPLICABLE,5158,N,LINCOLN AVE,2031.0,,,,,,,2,NO INDICATION OF INJURY,0.0,0.0,0.0,0.0,0.0,2.0,0.0,13,6,1,41.975759996,-87.692494059,POINT (-87.692494058582 41.97575999604),2025-01-10 13:30:00
60d730f571820f36b029350a507adfb5a151a58c1798292ca48a3e5cf666e3aeaf911cc0fed23bc8d2478505293293100990e9694cbe78367a618614eb0e6305,,01/10/2025 01:26:00 PM,30,NO CONTROLS,NO CONTROLS,SNOW,DAYLIGHT,REAR TO FRONT,NOT DIVIDED,,STRAIGHT AND LEVEL,WET,NO DEFECTS,ON SCENE,NO INJURY / DRIVE AWAY,Y,,,"OVER $1,500",01/10/2025 01:58:00 PM,WEATHER,NOT APPLICABLE,2301,W,MADISON ST,1223.0,,,,,,,2,NO INDICATION OF INJURY,0.0,0.0,0.0,0.0,0.0,2.0,0.0,13,6,1,41.881088818,-87.684080367,POINT (-87.684080367263 41.881088817646),2025-01-10 13:26:00
4fd449e62b7d7b437f0e0fa48359f080f03a8bb708f10b57559f33ba08571e4a7871376524e303be087dd106828f46f1e4d447833cb5fa60580ed450dc462af2,,01/10/2025 01:25:00 PM,20,NO CONTROLS,NO CONTROLS,SNOW,DAYLIGHT,REAR TO REAR,ALLEY,,STRAIGHT AND LEVEL,WET,NO DEFECTS,ON SCENE,NO INJURY / DRIVE AWAY,Y,,,"OVER $1,500",01/10/2025 01:30:00 PM,"VISION OBSCURED (SIGNS, TREE LIMBS, BUILDINGS, ETC.)",DISTRACTION - FROM INSIDE VEHICLE,70,E,14TH ST,131.0,,,,,,,2,NO INDICATION OF INJURY,0.0,0.0,0.0,0.0,0.0,2.0,0.0,13,6,1,41.864193802,-87.624516748,POINT (-87.624516747839 41.864193802282),2025-01-10 13:25:00
fa0c9c555723efcf37a9f63922f9d4f857e5bf38ca2c350c0fdb0f130fcea4eacde73cb954c5b94037b4a123ca12f96439e84bcc259a1096b92d954b4038468e,,01/10/2025 01:20:00 PM,30,TRAFFIC SIGNAL,FUNCTIONING PROPERLY,SNOW,DAYLIGHT,REAR END,FOUR WAY,,STRAIGHT AND LEVEL,SNOW OR SLUSH,UNKNOWN,NOT ON SCENE (DESK REPORT),INJURY AND / OR TOW DUE TO CRASH,Y,,,$500 OR LESS,01/10/2025 02:00:00 PM,WEATHER,NOT APPLICABLE,7000,S,JEFFERY BLVD,332.0,,,,,,,2,"REPORTED, NOT EVIDENT",1.0,0.0,0.0,0.0,1.0,1.0,0.0,13,6,1,41.767891721,-87.576492428,POINT (-87.576492428149 41.767891721478),2025-01-10 13:20:00
89b5a11ae70d73a2b0e78e151934bd2e0bb79d795a7f9787d12fab43beda39e94913240ddaa76c1e966f56e7c3c74bf9fea5368e84b05196e750b799ea22d4c7,,01/10/2025 01:19:00 PM,30,TRAFFIC SIGNAL,FUNCTIONING PROPERLY,SNOW,DAYLIGHT,ANGLE,FOUR WAY,,STRAIGHT AND LEVEL,SNOW OR SLUSH,UNKNOWN,ON SCENE,INJURY AND / OR TOW DUE TO CRASH,Y,,,"OVER $1,500",01/10/2025 02:03:00 PM,UNABLE TO DETERMINE,UNABLE TO DETERMINE,30,W,79TH ST,623.0,,,,,,,2,NONINCAPACITATING INJURY,1.0,0.0,0.0,1.0,0.0,1.0,0.0,13,6,1,41.751036601,-87.625807148,POINT (-87.625807147846 41.751036600941),2025-01-10 13:19:00
7f015c724e7d3e35eb5f935625545635a68b7b137f3f56867ab83cb66c65c046d9ae3533bb2adf27ab00bf3c46914421c49eb4dad4c449f63d59648f39a41866,,01/10/2025 01:18:00 PM,25,STOP SIGN/FLASHER,FUNCTIONING PROPERLY,SNOW,DAYLIGHT,ANGLE,NOT DIVIDED,,STRAIGHT AND LEVEL,SNOW OR SLUSH,NO DEFECTS,ON SCENE,NO INJURY / DRIVE AWAY,Y,,,"OVER $1,500",01/10/2025 01:18:00 PM,WEATHER,WEATHER,7000,N,OLCOTT AVE,1611.0,,,,,,,2,NO INDICATION OF INJURY,0.0,0.0,0.0,0.0,0.0,2.0,0.0,13,6,1,42.007986683,-87.813812387,POINT (-87.813812387164 42.007986682535),2025-01-10 13:18:00
34295ef11a229fcbab9d93f0f47284a8453ffb39f89e2d481b7d33194100b075788260cdc5a2c6573fa761a06f426f9163a2dd7a28db4abfbe95273688ea40f5,,01/10/2025 01:15:00 PM,30,NO CONTROLS,NO CONTROLS,SNOW,DAWN,PARKED MOTOR VEHICLE,ONE-WAY,,STRAIGHT AND LEVEL,SNOW OR SLUSH,NO DEFECTS,NOT ON SCENE (DESK REPORT),NO INJURY / DRIVE AWAY,,,Y,"OVER $1,500",01/11/2025 05:00:00 PM,UNABLE TO DETERMINE,UNABLE TO DETERMINE,2930,E,78TH ST,421.0,,,,,,,2,NO INDICATION OF INJURY,0.0,0.0,0.0,0.0,0.0,2.0,0.0,13,6,1,41.754349751,-87.553357102,POINT (-87.55335710153 41.754349750901),2025-01-10 13:15:00
4e16c637603e3c8d83cba6c9982b81c929f524a21eebddd969281e424a412af24e3d4a363ed33b3cb480eacd277886a5fcb173aee69c7fe8e4ff8f6aec504573,,01/10/2025 01:15:00 PM,30,NO CONTROLS,NO CONTROLS,SNOW,DAYLIGHT,SIDESWIPE SAME DIRECTION,DIVIDED - W/MEDIAN BARRIER,,STRAIGHT AND LEVEL,SNOW OR SLUSH,UNKNOWN,ON SCENE,INJURY AND / OR TOW DUE TO CRASH,,,,"OVER $1,500",01/10/2025 01:20:00 PM,IMPROPER OVERTAKING/PASSING,WEATHER,1549,N,LA SALLE DR,1821.0,,,,,,,3,NO INDICATION OF INJURY,0.0,0.0,0.0,0.0,0.0,3.0,0.0,13,6,1,41.91057528,-87.632983307,POINT (-87.63298330676 41.910575279994),2025-01-10 13:15:00
0e9755388ffbbcb20726b395da2772b6efb400d5701f8f4579b325bad548c33a7554628b4524791bcedb94f31ecb3443f3b4a9d72e1b916ad934c29de2b7c2ac,,01/10/2025 01:10:00 PM,25,NO CONTROLS,NO CONTROLS,RAIN,DAYLIGHT,TURNING,CENTER TURN LANE,,STRAIGHT AND LEVEL,WET,NO DEFECTS,NOT ON SCENE (DESK REPORT),NO INJURY / DRIVE AWAY,N,,,"OVER $1,500",01/10/2025 01:50:00 PM,UNABLE TO DETERMINE,UNABLE TO DETERMINE,5905,S,ARCHER AVE,811.0,,,,,,,2,NO INDICATION OF INJURY,0.0,0.0,0.0,0.0,0.0,2.0,0.0,13,6,1,41.795495797,-87.763057137,POINT (-87.76305713691 41.795495797439),2025-01-10 13:10:00
13f181cb17dff80b49346bb234eceb680e388834168377b08abf8331a57241dc325ae4cb2774e3f5bb761250804c1ecba34668e6088fba42a3e5245a704cc4d6,,01/10/2025 01:00:00 PM,30,UNKNOWN,UNKNOWN,UNKNOWN,UNKNOWN,PARKED MOTOR VEHICLE,UNKNOWN,,STRAIGHT AND LEVEL,UNKNOWN,UNKNOWN,NOT ON SCENE (DESK REPORT),NO INJURY / DRIVE AWAY,,,Y,"OVER $1,500",01/10/2025 02:05:00 PM,UNABLE TO DETERMINE,NOT APPLICABLE,3914,N,OLEANDER AVE,1631.0,,,,,,,2,NO INDICATION OF INJURY,0.0,0.0,0.0,0.0,0.0,1.0,0.0,13,6,1,41.950288104,-87.815870845,POINT (-87.815870845379 41.950288104447),2025-01-10 13:00:00
393506fd35465800b084fc99d57b10e2448b6a29b5f09f2066296743974e1fa8af156a1dc24ad8dacf279a4219c43cf579605f4f55865f679fb5bfc13049965e,Y,01/10/2025 01:00:00 PM,30,NO CONTROLS,NO CONTROLS,UNKNOWN,UNKNOWN,PARKED MOTOR VEHICLE,UNKNOWN INTERSECTION TYPE,,STRAIGHT AND LEVEL,UNKNOWN,NO DEFECTS,NOT ON SCENE (DESK REPORT),NO INJURY / DRIVE AWAY,,,Y,"OVER $1,500",01/10/2025 05:30:00 PM,UNABLE TO DETERMINE,NOT APPLICABLE,3729,W,BELMONT AVE,2523.0,,,,,,,2,NO INDICATION OF INJURY,0.0,0.0,0.0,0.0,0.0,1.0,0.0,13,6,1,41.939061196,-87.720879965,POINT (-87.720879965447 41.939061195756),2025-01-10 13:00:00
4b33e6e73de34871f80e6026bfd16430e233207ae28b79a3c780cbd84ebc3932fe1b99882c328c1e5ff54d750cd8fbafc31bfb4d682ae50e3f36eaf3e1fc9fa4,,01/10/2025 01:00:00 PM,30,TRAFFIC SIGNAL,FUNCTIONING PROPERLY,CLEAR,DAYLIGHT,REAR END,NOT DIVIDED,,STRAIGHT AND LEVEL,UNKNOWN,NO DEFECTS,NOT ON SCENE (DESK REPORT),NO INJURY / DRIVE AWAY,,,,"OVER $1,500",01/10/2025 01:45:00 PM,DRIVING SKILLS/KNOWLEDGE/EXPERIENCE,NOT APPLICABLE,4011,W,63RD ST,813.0,,,,,,,2,NO INDICATION OF INJURY,0.0,0.0,0.0,0.0,0.0,2.0,0.0,13,6,1,41.778543324,-87.723277996,POINT (-87.723277996492 41.778543323791),2025-01-10 13:00:00
4da78d5c32a4e4ae725d7c2c45a143e337b5c998e22901d72a3cd0b3feeeb4321252742c9d6eabd2e4e8abb5f097df2421edf4c6408a255e34ef96898bb24271,,01/10/2025 01:00:00 PM,30,NO CONTROLS,NO CONTROLS,SNOW,DAYLIGHT,PARKED MOTOR VEHICLE,DIVIDED - W/MEDIAN BARRIER,,STRAIGHT AND LEVEL,WET,NO DEFECTS,ON SCENE,INJURY AND / OR TOW DUE TO CRASH,,,,"OVER $1,500",01/10/2025 01:05:00 PM,IMPROPER OVERTAKING/PASSING,FAILING TO YIELD RIGHT-OF-WAY,2553,S,ARCHER AVE,913.0,,Y,,,,,2,NONINCAPACITATING INJURY,5.0,0.0,0.0,5.0,0.0,2.0,0.0,13,6,1,41.846180439,-87.648339009,POINT (-87.64833900896 41.846180438897),2025-01-10 13:00:00
50f51849e816c6944cf58c0f4403457ddd43a5a3382814a87c958d8443b0ca6c4bf716c6ce946dea03fce54f4abaa4387827a153bc8149883481768729effd28,,01/10/2025 01:00:00 PM,35,TRAFFIC SIGNAL,FUNCTIONING PROPERLY,SNOW,DAYLIGHT,ANGLE,FOUR WAY,,STRAIGHT AND LEVEL,SNOW OR SLUSH,NO DEFECTS,NOT ON SCENE (DESK REPORT),NO INJURY / DRIVE AWAY,Y,,,"OVER $1,500",01/10/2025 01:30:00 PM,IMPROPER TURNING/NO SIGNAL,UNABLE TO DETERMINE,7900,S,DAMEN AVE,611.0,,,,,,,2,NO INDICATION OF INJURY,0.0,0.0,0.0,0.0,0.0,2.0,0.0,13,6,1,41.750182355,-87.673278857,POINT (-87.673278856776 41.750182355465),2025-01-10 13:00:00
98cc5af777712b78677fb62b4c8996e9598cfbd5bdb9261b291fedaaf1e49ee12910b3c942f713165f6fd79d97032056c9feef91e55ebd346591793b293e23fe,N,01/10/2025 01:00:00 PM,25,NO CONTROLS,NO CONTROLS,SNOW,DAYLIGHT,PARKED MOTOR VEHICLE,ONE-WAY,,STRAIGHT AND LEVEL,SNOW OR SLUSH,NO DEFECTS,NOT ON SCENE (DESK REPORT),NO INJURY / DRIVE AWAY,,,N,"OVER $1,500",01/10/2025 04:53:00 PM,NOT APPLICABLE,NOT APPLICABLE,1176,N,SPAULDING AVE,1121.0,,,,,,,2,NO INDICATION OF INJURY,0.0,0.0,0.0,0.0,0.0,2.0,0.0,13,6,1,41.902359221,-87.709578758,POINT (-87.709578757744 41.902359220771),2025-01-10 13:00:00
643cbeffe0826f40e15bf964b5b10573a25f3b6b10da057a735cbe582f18c48ace9f473a3c98c7732f14fbd5a75db103e0482f6803bff7ddc7ef2508a91657f8,,01/10/2025 12:59:00 PM,30,STOP SIGN/FLASHER,NO CONTROLS,SNOW,DAYLIGHT,ANGLE,FOUR WAY,,STRAIGHT AND LEVEL,SNOW OR SLUSH,NO DEFECTS,ON SCENE,INJURY AND / OR TOW DUE TO CRASH,Y,,,"OVER $1,500",01/10/2025 01:15:00 PM,UNABLE TO DETERMINE,UNABLE TO DETERMINE,3200,W,82ND ST,834.0,,,,,,,2,NONINCAPACITATING INJURY,1.0,0.0,0.0,1.0,0.0,1.0,0.0,12,6,1,41.744433911,-87.702305705,POINT (-87.702305705367 41.744433910638),2025-01-10 12:59:00
6df9a2da3626d6cb4541fa37936b1985a8feed255fcc5dc40391add1a49c300285595a78f1a9669cc0a47b3c4b37352bed219ad1517207d7eea8a638530e4762,,01/10/2025 12:53:00 PM,30,TRAFFIC SIGNAL,FUNCTIONING PROPERLY,SNOW,DAYLIGHT,TURNING,NOT DIVIDED,,STRAIGHT AND LEVEL,SNOW OR SLUSH,NO DEFECTS,NOT ON SCENE (DESK REPORT),NO INJURY / DRIVE AWAY,,,,"OVER $1,500",01/10/2025 02:50:00 PM,UNABLE TO DETERMINE,NOT APPLICABLE,2000,W,79TH ST,611.0,,,,,,,2,NO INDICATION OF INJURY,0.0,0.0,0.0,0.0,0.0,2.0,0.0,12,6,1,41.750340437,-87.673196898,POINT (-87.673196897732 41.750340437281),2025-01-10 12:53:00
7bcb56de00b788089059693fc9c2a987c601a041f0f3f95e12f41ba33ed6c8ab01511ecdd551e2bf313a84248392db2ff35becd888e1c355b6c15c4073e812fa,Y,01/10/2025 12:50:00 PM,35,TRAFFIC SIGNAL,UNKNOWN,SNOW,DAYLIGHT,PEDESTRIAN,NOT DIVIDED,,STRAIGHT AND LEVEL,SNOW OR SLUSH,UNKNOWN,ON SCENE,INJURY AND / OR TOW DUE TO CRASH,Y,,Y,"OVER $1,500",01/10/2025 01:27:00 PM,FAILING TO YIELD RIGHT-OF-WAY,NOT APPLICABLE,3500,S,INDIANA AVE,212.0,,,,,,,2,NONINCAPACITATING INJURY,1.0,0.0,0.0,1.0,0.0,1.0,0.0,12,6,1,41.830985414,-87.621908711,POINT (-87.621908710612 41.830985413804),2025-01-10 12:50:00
2932097c7972eb1aa71789e51097fe9c4ce82983ac93e9195e2c94101d6165a41ebc8380915139f09b497d7a5ba7f0f9a7b17be2e1909c94a7db34092f5045a5,,01/10/2025 12:49:00 PM,30,STOP SIGN/FLASHER,FUNCTIONING PROPERLY,SNOW,DAYLIGHT,TURNING,FOUR WAY,,STRAIGHT ON GRADE,SNOW OR SLUSH,NO DEFECTS,ON SCENE,INJURY AND / OR TOW DUE TO CRASH,Y,,,"OVER $1,500",01/10/2025 01:02:00 PM,UNABLE TO DETERMINE,NOT APPLICABLE,5000,S,WESTERN BLVD,923.0,,,,,,,2,NO INDICATION OF INJURY,0.0,0.0,0.0,0.0,0.0,3.0,0.0,12,6,1,41.802911342,-87.683849579,POINT (-87.683849578595 41.802911341924),2025-01-10 12:49:00
e7068df5c4afa9275b3bd3baf2e30f281c236d63c3fbce1bccf33d9a56407cfb963474b6afd64850b51e21c1fe5c2789f0c08c55bbe4477006318afa6ca8159b,,01/10/2025 12:35:00 PM,30,UNKNOWN,UNKNOWN,SNOW,DAYLIGHT,TURNING,DRIVEWAY,,STRAIGHT AND LEVEL,WET,UNKNOWN,NOT ON SCENE (DESK REPORT),NO INJURY / DRIVE AWAY,,Y,Y,"OVER $1,500",01/10/2025 01:30:00 PM,UNABLE TO DETERMINE,UNABLE TO DETERMINE,750,N,DEARBORN ST,1832.0,,,,,,,2,NO INDICATION OF INJURY,0.0,0.0,0.0,0.0,0.0,2.0,0.0,12,6,1,41.896411739,-87.629917773,POINT (-87.629917772851 41.896411739144),2025-01-10 12:35:00