CRASH_RECORD_ID,CRASH_DATE_EST_I,CRASH_DATE,POSTED_SPEED_LIMIT,TRAFFIC_CONTROL_DEVICE,DEVICE_CONDITION,WEATHER_CONDITION,LIGHTING_CONDITION,FIRST_CRASH_TYPE,TRAFFICWAY_TYPE,LANE_CNT,ALIGNMENT,ROADWAY_SURFACE_COND,ROAD_DEFECT,REPORT_TYPE,CRASH_TYPE,INTERSECTION_RELATED_I,NOT_RIGHT_OF_WAY_I,HIT_AND_RUN_I,DAMAGE,DATE_POLICE_NOTIFIED,PRIM_CONTRIBUTORY_CAUSE,SEC_CONTRIBUTORY_CAUSE,STREET_NO,STREET_DIRECTION,STREET_NAME,BEAT_OF_OCCURRENCE,PHOTOS_TAKEN_I,STATEMENTS_TAKEN_I,DOORING_I,WORK_ZONE_I,WORK_ZONE_TYPE,WORKERS_PRESENT_I,NUM_UNITS,MOST_SEVERE_INJURY,INJURIES_TOTAL,INJURIES_FATAL,INJURIES_INCAPACITATING,INJURIES_NON_INCAPACITATING,INJURIES_REPORTED_NOT_EVIDENT,INJURIES_NO_INDICATION,INJURIES_UNKNOWN,CRASH_HOUR,CRASH_DAY_OF_WEEK,CRASH_MONTH,LATITUDE,LONGITUDE,LOCATION,timestamp
df6ea88fcbe79171f699b6fae33a0735ac6d348ef0b36ab93c227e675ba93d2b1dd58ae24c8e2324700e1619b307d70c53049a5db0127dba10f6959eb803f486,,01/10/2025 12:34:00 PM,30,NO CONTROLS,NO CONTROLS,SNOW,DAYLIGHT,REAR END,PARKING LOT,,STRAIGHT AND LEVEL,SNOW OR SLUSH,NO DEFECTS,NOT ON SCENE (DESK REPORT),NO INJURY / DRIVE AWAY,,,Y,"OVER $1,500",01/10/2025 01:20:00 PM,FOLLOWING TOO CLOSELY,NOT APPLICABLE,6700,S,PULASKI RD,833.0,,,,,,,2,NO INDICATION OF INJURY,0.0,0.0,0.0,0.0,0.0,2.0,0.0,12,6,1,41.771325865,-87.722721377,POINT (-87.722721377294 41.771325865209),2025-01-10 12:34:00
73856a85ff5eb0329f1ffb14126b2333ae4c852f72cb04a5d85ef6bfd1b4e87729acd4b39ac21c15ce88ee171e014c2993811777340b0a77850980f3df31c2ac,,01/10/2025 12:30:00 PM,30,NO CONTROLS,NO CONTROLS,SNOW,DAYLIGHT,REAR END,NOT DIVIDED,,STRAIGHT AND LEVEL,SNOW OR SLUSH,UNKNOWN,NOT ON SCENE (DESK REPORT),NO INJURY / DRIVE AWAY,,,,"OVER $1,500",01/10/2025 01:50:00 PM,UNABLE TO DETERMINE,NOT APPLICABLE,1444,W,FULLERTON AVE,1932.0,,,,,,,2,NO INDICATION OF INJURY,0.0,0.0,0.0,0.0,0.0,2.0,0.0,12,6,1,41.925302898,-87.665084786,POINT (-87.665084785943 41.92530289811),2025-01-10 12:30:00
8ab62f6c019be54f73d8c8f0765c511186713c8943476608b5bc09640e9ec1c15a04ce005b7cbd9939733f6f948d312670de23259dcfd8b539100966c599bc80,Y,01/10/2025 12:30:00 PM,30,NO CONTROLS,NO CONTROLS,UNKNOWN,UNKNOWN,PARKED MOTOR VEHICLE,ONE-WAY,,STRAIGHT AND LEVEL,UNKNOWN,NO DEFECTS,NOT ON SCENE (DESK REPORT),NO INJURY / DRIVE AWAY,,,Y,"OVER $1,500",01/10/2025 01:00:00 PM,UNABLE TO DETERMINE,UNABLE TO DETERMINE,3138,W,WASHINGTON BLVD,1222.0,,,,,,,2,NO INDICATION OF INJURY,0.0,0.0,0.0,0.0,0.0,1.0,0.0,12,6,1,41.882913369,-87.70528681,POINT (-87.70528681003 41.882913369097),2025-01-10 12:30:00
61f5e956713a80032cbf567031f24d4add86af7addad047a6e7c840c9e61cfa4e4ca402afa4b3556e8b03020199074bee0f120d297d90aac60dd27d359023af9,,01/10/2025 12:25:00 PM,15,NO CONTROLS,NO CONTROLS,SNOW,DAYLIGHT,SIDESWIPE SAME DIRECTION,ONE-WAY,,STRAIGHT AND LEVEL,WET,NO DEFECTS,ON SCENE,NO INJURY / DRIVE AWAY,,,,"$501 - $1,500",01/10/2025 12:27:00 PM,UNABLE TO DETERMINE,NOT APPLICABLE,524,W,OHARE ST,1654.0,,,,,,,2,NO INDICATION OF INJURY,0.0,0.0,0.0,0.0,0.0,2.0,0.0,12,6,1,,,,2025-01-10 12:25:00
cefe05f7dbd0c304a90032fa5c8da1b344a249926d2d1f59402e9658bfbf541b211ffe8109a4ab356bf27968586e727143dba50fafebc20e1a890387f3ba888d,,01/10/2025 12:23:00 PM,30,TRAFFIC SIGNAL,FUNCTIONING PROPERLY,SNOW,DAYLIGHT,ANGLE,NOT DIVIDED,,STRAIGHT AND LEVEL,SNOW OR SLUSH,UNKNOWN,ON SCENE,NO INJURY / DRIVE AWAY,Y,,,"OVER $1,500",01/10/2025 12:23:00 PM,FAILING TO YIELD RIGHT-OF-WAY,NOT APPLICABLE,5800,S,KEDZIE AVE,822.0,,,,,,,2,NO INDICATION OF INJURY,0.0,0.0,0.0,0.0,0.0,2.0,0.0,12,6,1,41.787970201,-87.703544465,POINT (-87.703544465118 41.787970201401),2025-01-10 12:23:00
1ce73e91d9404516a23a08d85ae81b54528ad330223fee920385e69a4b5c7ffbc1859a5b0e21286ceb3b73e4c3ff5cbfbc3a59db5657434331ebe075a301851f,,01/10/2025 12:15:00 PM,20,NO CONTROLS,NO CONTROLS,SNOW,DAYLIGHT,PARKED MOTOR VEHICLE,OTHER,,STRAIGHT AND LEVEL,SNOW OR SLUSH,UNKNOWN,NOT ON SCENE (DESK REPORT),NO INJURY / DRIVE AWAY,,,,"OVER $1,500",01/10/2025 03:15:00 PM,UNABLE TO DETERMINE,UNABLE TO DETERMINE,2601,N,CLYBOURN AVE,1931.0,,,,,,,2,NO INDICATION OF INJURY,0.0,0.0,0.0,0.0,0.0,1.0,0.0,12,6,1,41.928837385,-87.67397132,POINT (-87.673971319994 41.928837384913),2025-01-10 12:15:00
7f6445d0be9a6b3d5ac9cb5771d228f0e46046354a949ed05c7d7f1731eb82ee30c74e1be64fc6127211c8f0a285fd0bebde105dcce37daf30b054f9c67e5fdd,,01/10/2025 12:15:00 PM,30,NO CONTROLS,NO CONTROLS,SNOW,DAYLIGHT,REAR END,NOT DIVIDED,,STRAIGHT AND LEVEL,WET,UNKNOWN,NOT ON SCENE (DESK REPORT),NO INJURY / DRIVE AWAY,,,,"OVER $1,500",01/10/2025 01:00:00 PM,FOLLOWING TOO CLOSELY,NOT APPLICABLE,3806,W,87TH ST,834.0,,,,,,,2,NO INDICATION OF INJURY,0.0,0.0,0.0,0.0,0.0,2.0,0.0,12,6,1,41.735045742,-87.716925239,POINT (-87.716925239177 41.735045741537),2025-01-10 12:15:00
81b856e39b209c9aaa74cb043879001fdcdc2bb56acba98c20ac799e9d4b8a9cb189acb02cae3dd254fd43817794f75178a9f72ee4a9ce4a3a71b7b64cbf2bb3,,01/10/2025 12:09:00 PM,25,NO CONTROLS,NO CONTROLS,SNOW,DAYLIGHT,REAR END,ONE-WAY,,STRAIGHT AND LEVEL,SNOW OR SLUSH,NO DEFECTS,ON SCENE,INJURY AND / OR TOW DUE TO CRASH,,,Y,"OVER $1,500",01/10/2025 12:09:00 PM,WEATHER,NOT APPLICABLE,1913,W,POTOMAC AVE,1424.0,,,,,,,2,NONINCAPACITATING INJURY,1.0,0.0,0.0,1.0,0.0,1.0,0.0,12,6,1,41.904921248,-87.675440143,POINT (-87.675440143424 41.904921248106),2025-01-10 12:09:00
86cc201718c2e7fe5f08c1c8f938bf38bd8fc131c59fa8935578381d346a2ee6fd96c1b447b73f4df2cff8fd4184d71b689524c4b69ff530c0f94531f359f6dd,,01/10/2025 12:06:00 PM,20,NO CONTROLS,NO CONTROLS,SNOW,DAYLIGHT,SIDESWIPE SAME DIRECTION,ONE-WAY,,STRAIGHT AND LEVEL,SNOW OR SLUSH,NO DEFECTS,ON SCENE,NO INJURY / DRIVE AWAY,,,,"OVER $1,500",01/10/2025 12:15:00 PM,FAILING TO YIELD RIGHT-OF-WAY,WEATHER,2,W,TERMINAL ST,1652.0,,,,,,,2,NO INDICATION OF INJURY,0.0,0.0,0.0,0.0,0.0,2.0,0.0,12,6,1,,,,2025-01-10 12:06:00
6433ca5037d4defc0d25affa06208bd33ea72aaec655565c5fa51dc993184630159507db30d83f86bdcbc8bfdf4b354b877d2c533390b697c5354c632565d25e,,01/10/2025 12:05:00 PM,30,UNKNOWN,UNKNOWN,SNOW,DAYLIGHT,ANGLE,DIVIDED - W/MEDIAN (NOT RAISED),,STRAIGHT AND LEVEL,UNKNOWN,UNKNOWN,NOT ON SCENE (DESK REPORT),NO INJURY / DRIVE AWAY,,,,"$501 - $1,500",01/10/2025 01:00:00 PM,UNABLE TO DETERMINE,NOT APPLICABLE,3122,W,TOUHY AVE,2411.0,,,,,,,2,NO INDICATION OF INJURY,0.0,0.0,0.0,0.0,0.0,3.0,0.0,12,6,1,42.011998578,-87.707702746,POINT (-87.707702745697 42.011998577874),2025-01-10 12:05:00
be7041abcd6145df628d01f78152946181108dc406d086bccef7d0fb3b5824d2a17f9f60f6764c73209ccc4e79e5cfc43c20653cd0df8384ee9d1cc03d5158fa,,01/10/2025 12:00:00 PM,30,STOP SIGN/FLASHER,OTHER,SNOW,DAYLIGHT,PARKED MOTOR VEHICLE,NOT DIVIDED,,STRAIGHT AND LEVEL,SNOW OR SLUSH,UNKNOWN,NOT ON SCENE (DESK REPORT),NO INJURY / DRIVE AWAY,Y,,Y,"OVER $1,500",01/10/2025 02:19:00 PM,UNABLE TO DETERMINE,UNABLE TO DETERMINE,3506,W,HURON ST,1121.0,,,,,,,2,NO INDICATION OF INJURY,0.0,0.0,0.0,0.0,0.0,1.0,0.0,12,6,1,41.893758766,-87.714157201,POINT (-87.714157200803 41.893758766315),2025-01-10 12:00:00
65990255f60ec4486003227a81d4d5b27201fa2d1f05eb7dda6b40415c937a8dcf9bc2f566e008ad044d7adf2c30ec60fa941d36f98ee8f0502c698250b728bf,,01/10/2025 11:50:00 AM,30,UNKNOWN,UNKNOWN,CLOUDY/OVERCAST,DAYLIGHT,SIDESWIPE SAME DIRECTION,NOT DIVIDED,,STRAIGHT AND LEVEL,WET,NO DEFECTS,NOT ON SCENE (DESK REPORT),NO INJURY / DRIVE AWAY,,,,"OVER $1,500",01/13/2025 06:00:00 PM,FAILING TO YIELD RIGHT-OF-WAY,NOT APPLICABLE,19,E,OHIO ST,1834.0,,,,,,,2,NO INDICATION OF INJURY,0.0,0.0,0.0,0.0,0.0,2.0,0.0,11,6,1,41.892374041,-87.627242942,POINT (-87.627242941998 41.892374041012),2025-01-10 11:50:00
08ac95e11f581eae070b9e7ff251ec5ebb1a54e064ab9df2df49c8a699e43245bf76843a5aa9248143213bee4eb613d71da078d28e92b09d484825f7274b6d40,,01/10/2025 11:40:00 AM,35,TRAFFIC SIGNAL,FUNCTIONING PROPERLY,SNOW,DAYLIGHT,REAR TO FRONT,DIVIDED - W/MEDIAN BARRIER,,STRAIGHT AND LEVEL,SNOW OR SLUSH,NO DEFECTS,ON SCENE,NO INJURY / DRIVE AWAY,Y,,,$500 OR LESS,01/10/2025 11:50:00 AM,IMPROPER BACKING,NOT APPLICABLE,9500,S,HALSTED ST,2223.0,,,,,,,2,NO INDICATION OF INJURY,0.0,0.0,0.0,0.0,0.0,2.0,0.0,11,6,1,41.721365061,-87.643358042,POINT (-87.643358042341 41.721365060783),2025-01-10 11:40:00
7baf03f9aa0a590e4102e1d77cf704efd04bece7c23ce4b2e5aba58e7b45c93c093944f9d97392fc22b904fd1301062e0c1c658b907a7bcaead23b5e5ad54997,,01/10/2025 11:30:00 AM,15,NO CONTROLS,NO CONTROLS,SNOW,DAYLIGHT,FIXED OBJECT,ALLEY,,STRAIGHT AND LEVEL,SNOW OR SLUSH,NO DEFECTS,ON SCENE,NO INJURY / DRIVE AWAY,,,N,$500 OR LESS,01/10/2025 11:31:00 AM,UNABLE TO DETERMINE,WEATHER,10846,S,AVENUE N,432.0,,,,,,,3,NO INDICATION OF INJURY,0.0,0.0,0.0,0.0,0.0,1.0,0.0,11,6,1,41.697734986,-87.539055471,POINT (-87.539055471049 41.697734986213),2025-01-10 11:30:00
8dea52d47344090f971e632a18adca25f3a2d92dd58ea5eed3beab7657f278c7ee2cc35320b4c757754aec7ef483fed839a3e5122941602eef7097e861456fe9,Y,01/10/2025 11:30:00 AM,30,NO CONTROLS,NO CONTROLS,SNOW,DAYLIGHT,FIXED OBJECT,DIVIDED - W/MEDIAN (NOT RAISED),,STRAIGHT AND LEVEL,SNOW OR SLUSH,NO DEFECTS,NOT ON SCENE (DESK REPORT),NO INJURY / DRIVE AWAY,,Y,,"$501 - $1,500",01/10/2025 12:50:00 PM,IMPROPER BACKING,NOT APPLICABLE,5644,S,WESTERN AVE,824.0,,,,,,,1,NO INDICATION OF INJURY,0.0,0.0,0.0,0.0,0.0,1.0,0.0,11,6,1,41.791093302,-87.68411066,POINT (-87.684110660016 41.791093301638),2025-01-10 11:30:00
5b8f60c25024de25716acc6b5418ca90db2347a82567d834aaade91584b1b516505139c0f107cd1f409d4b97183456456b406ff23e2fba97a8769f8f96dc87c6,,01/10/2025 11:03:00 AM,30,NO CONTROLS,NO CONTROLS,SNOW,DAYLIGHT,REAR END,NOT DIVIDED,,STRAIGHT AND LEVEL,WET,NO DEFECTS,ON SCENE,INJURY AND / OR TOW DUE TO CRASH,,,,"OVER $1,500",01/10/2025 11:03:00 AM,WEATHER,FOLLOWING TOO CLOSELY,1400,W,119TH ST,524.0,,,,,,,2,NO INDICATION OF INJURY,0.0,0.0,0.0,0.0,0.0,2.0,0.0,11,6,1,41.677719693,-87.656583145,POINT (-87.656583144602 41.677719692686),2025-01-10 11:03:00
b5891a9840cc7f2a068a8f3c14706984f234975fd6cc36c8e37ebe90ab0a2d584a88bbd972e1f476efc799c2862f255a8ef7d42f9c6bd4cd7611829911fd2516,Y,01/10/2025 11:00:00 AM,30,NO CONTROLS,NO CONTROLS,FREEZING RAIN/DRIZZLE,DAYLIGHT,PARKED MOTOR VEHICLE,ONE-WAY,,STRAIGHT AND LEVEL,ICE,UNKNOWN,NOT ON SCENE (DESK REPORT),NO INJURY / DRIVE AWAY,,,Y,"OVER $1,500",01/13/2025 11:15:00 AM,WEATHER,WEATHER,2855,W,AINSLIE ST,2031.0,,,,,,,2,NO INDICATION OF INJURY,0.0,0.0,0.0,0.0,0.0,1.0,0.0,11,6,1,41.97059581,-87.700987861,POINT (-87.700987861108 41.97059580952),2025-01-10 11:00:00
d97db473a1c3900d61cc020c9a51cf3831e5bb421cb616c6e34e9ee7dd64ecdd7dc2ceed892304a0730d72883aa2204b8539695f12c2ef536cd34d3892d47d1f,,01/10/2025 11:00:00 AM,30,NO CONTROLS,NO CONTROLS,CLEAR,DAYLIGHT,PARKED MOTOR VEHICLE,ONE-WAY,,STRAIGHT AND LEVEL,DRY,NO DEFECTS,NOT ON SCENE (DESK REPORT),NO INJURY / DRIVE AWAY,,,,$500 OR LESS,01/10/2025 01:15:00 PM,DRIVING SKILLS/KNOWLEDGE/EXPERIENCE,UNABLE TO DETERMINE,7950,S,MERRILL AVE,414.0,,,,,,,2,NO INDICATION OF INJURY,0.0,0.0,0.0,0.0,0.0,1.0,0.0,11,6,1,41.750151103,-87.572443693,POINT (-87.572443692824 41.75015110327),2025-01-10 11:00:00
2c1aa8f829a0fdf3db4f6c7c44179b90a9bf58dd6c012583f639e6aa38e37314a21511f59b8ce3372aca15992ecb63c5a20031ecfd0408a3cafd82b692f44590,,01/10/2025 10:57:00 AM,30,TRAFFIC SIGNAL,FUNCTIONING PROPERLY,SNOW,DAYLIGHT,REAR END,NOT DIVIDED,,STRAIGHT AND LEVEL,WET,NO DEFECTS,NOT ON SCENE (DESK REPORT),NO INJURY / DRIVE AWAY,Y,,,"$501 - $1,500",01/10/2025 11:23:00 AM,FOLLOWING TOO CLOSELY,FOLLOWING TOO CLOSELY,6600,S,MARQUETTE RD,312.0,,,,,,,2,NO INDICATION OF INJURY,0.0,0.0,0.0,0.0,0.0,3.0,0.0,10,6,1,41.774738328,-87.613240463,POINT (-87.613240463362 41.774738328394),2025-01-10 10:57:00
53ebe264748eae9537c65da59da7174ebcdd73502619ca25c30e87991e36c156b96743a1db782627e8e820489a682bc26461e7405f95465a921a00b4e62011fd,,01/10/2025 10:55:00 AM,20,OTHER WARNING SIGN,FUNCTIONING PROPERLY,CLOUDY/OVERCAST,DAYLIGHT,OTHER OBJECT,DRIVEWAY,,STRAIGHT AND LEVEL,WET,NO DEFECTS,ON SCENE,NO INJURY / DRIVE AWAY,,,,"OVER $1,500",01/10/2025 11:02:00 AM,FAILING TO YIELD RIGHT-OF-WAY,DRIVING SKILLS/KNOWLEDGE/EXPERIENCE,524,W,OHARE ST,1654.0,,,,,,,1,NO INDICATION OF INJURY,0.0,0.0,0.0,0.0,0.0,1.0,0.0,10,6,1,,,,2025-01-10 10:55:00
3a54b99288aec9b9df0892f8d59166f3be3d8b17f69369f8e23b5ef927604d9e7942127816075f0ee90eef15dbc2a22b17fe5607e19de583ccc404ab27b5f768,,01/10/2025 10:44:00 AM,10,NO CONTROLS,NO CONTROLS,SNOW,DAYLIGHT,OTHER OBJECT,ALLEY,,STRAIGHT AND LEVEL,SNOW OR SLUSH,NO DEFECTS,ON SCENE,NO INJURY / DRIVE AWAY,,Y,,$500 OR LESS,01/10/2025 11:35:00 AM,UNABLE TO DETERMINE,NOT APPLICABLE,2541,N,LOWELL AVE,2524.0,,,,,,,1,NO INDICATION OF INJURY,0.0,0.0,0.0,0.0,0.0,1.0,0.0,10,6,1,41.927417404,-87.735289985,POINT (-87.735289984707 41.927417404332),2025-01-10 10:44:00
1eaffeecfe9a306db9488f7f8de2a71d85f15756c19e69535d65c3fdf92aae8a2fe7a21483a605a661ba52dda63b9a69d45fb5eab8b38b804e46450d5e3a7a61,,01/10/2025 10:39:00 AM,35,NO CONTROLS,FUNCTIONING PROPERLY,SNOW,DAYLIGHT,PARKED MOTOR VEHICLE,NOT DIVIDED,,STRAIGHT AND LEVEL,SNOW OR SLUSH,NO DEFECTS,ON SCENE,NO INJURY / DRIVE AWAY,,,Y,"$501 - $1,500",01/10/2025 11:00:00 AM,WEATHER,UNABLE TO DETERMINE,15,W,111TH ST,522.0,,,,,,,2,NO INDICATION OF INJURY,0.0,0.0,0.0,0.0,0.0,1.0,0.0,10,6,1,41.692467556,-87.623759009,POINT (-87.623759009323 41.692467556013),2025-01-10 10:39:00
38ddcc7b25c515e7cd844d9b680ab0869f178f42d95ae8039b79056fa59021f86028a92fe981d251d265cd3a4a7e741f16042e63e9d4008d6c84148eaaeaaf8e,Y,01/10/2025 10:30:00 AM,30,NO CONTROLS,NO CONTROLS,CLEAR,DAYLIGHT,PARKED MOTOR VEHICLE,OTHER,,STRAIGHT AND LEVEL,SNOW OR SLUSH,NO DEFECTS,ON SCENE,NO INJURY / DRIVE AWAY,,,Y,"OVER $1,500",01/10/2025 10:46:00 AM,UNABLE TO DETERMINE,NOT APPLICABLE,2365,N,NEVA AVE,2512.0,,Y,,,,,2,NO INDICATION OF INJURY,0.0,0.0,0.0,0.0,0.0,1.0,0.0,10,6,1,41.922945549,-87.804241836,POINT (-87.804241835505 41.922945549474),2025-01-10 10:30:00
52e94712df2e8149f3a7737bea4dfa3a42dd37739b68856d3282ac04f8f331e33d1d93d7b5828aad687b9cc213d5380d8e19e429e12115946b8bbb919f7375b4,,01/10/2025 10:30:00 AM,30,NO CONTROLS,NO CONTROLS,SNOW,DAYLIGHT,TURNING,PARKING LOT,,STRAIGHT ON GRADE,SNOW OR SLUSH,UNKNOWN,,NO INJURY / DRIVE AWAY,,,,"$501 - $1,500",01/10/2025 10:32:00 AM,WEATHER,WEATHER,2349,E,79TH ST,414.0,,,,,,,2,NO INDICATION OF INJURY,0.0,0.0,0.0,0.0,0.0,3.0,0.0,10,6,1,41.751611669,-87.566712519,POINT (-87.566712518842 41.751611669451),2025-01-10 10:30:00
f70a670914120457c99d91ee202608aaa9303ae19e908e6bc657f9734e9e3a5f5b8e9d79060b9aefa8bbe839133966b4eab6aabfa79573449178e159f9ef072a,,01/10/2025 10:30:00 AM,30,STOP SIGN/FLASHER,UNKNOWN,SNOW,DAYLIGHT,ANGLE,FOUR WAY,,STRAIGHT AND LEVEL,SNOW OR SLUSH,UNKNOWN,NOT ON SCENE (DESK REPORT),NO INJURY / DRIVE AWAY,Y,,Y,"OVER $1,500",01/10/2025 11:20:00 AM,FAILING TO YIELD RIGHT-OF-WAY,FAILING TO YIELD RIGHT-OF-WAY,1878,W,OGDEN AVE,1225.0,,,,,,,2,NO INDICATION OF INJURY,0.0,0.0,0.0,0.0,0.0,2.0,0.0,10,6,1,41.87515478,-87.673755882,POINT (-87.673755881513 41.875154779829),2025-01-10 10:30:00
fe5c44cba461d1226964abd4549e0ea036fd017ba9f4c904fed808787e35d8ff56de9d96a2f1c98762757c936665d656508964e1b6c63de685786a6f75d90824,,01/10/2025 10:30:00 AM,30,STOP SIGN/FLASHER,FUNCTIONING PROPERLY,SNOW,DAYLIGHT,FIXED OBJECT,NOT DIVIDED,,STRAIGHT AND LEVEL,SNOW OR SLUSH,NO DEFECTS,ON SCENE,NO INJURY / DRIVE AWAY,,,,"OVER $1,500",01/10/2025 10:30:00 AM,DRIVING SKILLS/KNOWLEDGE/EXPERIENCE,NOT APPLICABLE,5959,N,ROGERS AVE,1711.0,,,,,,,1,NO INDICATION OF INJURY,0.0,0.0,0.0,0.0,0.0,1.0,0.0,10,6,1,41.988999396,-87.733497193,POINT (-87.733497193421 41.988999395531),2025-01-10 10:30:00
c76e07e374145493bd7098331ffe8b1aa915ffa1eb0d2bce8f9bcf0a57a4267b570c48f5ddf65859bc91b6c598eb66e2f10d95077631ded7e21e534bf94d92c3,,01/10/2025 10:22:00 AM,15,NO CONTROLS,NO CONTROLS,SNOW,DAYLIGHT,PARKED MOTOR VEHICLE,ONE-WAY,,STRAIGHT AND LEVEL,WET,NO DEFECTS,NOT ON SCENE (DESK REPORT),NO INJURY / DRIVE AWAY,,,Y,"$501 - $1,500",01/10/2025 11:10:00 AM,IMPROPER LANE USAGE,IMPROPER BACKING,3639,N,PINE GROVE AVE,1925.0,,,,,,,2,NO INDICATION OF INJURY,0.0,0.0,0.0,0.0,0.0,1.0,0.0,10,6,1,41.949032131,-87.646059085,POINT (-87.646059085299 41.949032131079),2025-01-10 10:22:00
912cc7b489fa19062787f89b8a811744e49673aa7458ecb04b3137ebd98ecd8ae89a52966f041f9fddf9f1ae689038703009166df80979c423d933e4207402ca,,01/10/2025 10:15:00 AM,30,NO CONTROLS,NO CONTROLS,SNOW,DAYLIGHT,ANGLE,NOT DIVIDED,,STRAIGHT AND LEVEL,WET,UNKNOWN,ON SCENE,NO INJURY / DRIVE AWAY,,,,"OVER $1,500",01/10/2025 11:00:00 AM,FAILING TO YIELD RIGHT-OF-WAY,NOT APPLICABLE,500,E,MC FETRIDGE DR,132.0,,,,,,,2,NO INDICATION OF INJURY,0.0,0.0,0.0,0.0,0.0,2.0,0.0,10,6,1,41.865135235,-87.615421921,POINT (-87.615421921209 41.865135235114),2025-01-10 10:15:00
45aabe523ba407c21228bdf031afe652b6550f587430344d5d2408343408071d27ff0f4e7af9f6d80c056185361f094593afa06a518f76a94f127813b0209830,,01/10/2025 10:14:00 AM,30,STOP SIGN/FLASHER,FUNCTIONING PROPERLY,SNOW,DAYLIGHT,PARKED MOTOR VEHICLE,NOT DIVIDED,,STRAIGHT AND LEVEL,SNOW OR SLUSH,NO DEFECTS,ON SCENE,NO INJURY / DRIVE AWAY,Y,,,"OVER $1,500",01/10/2025 10:14:00 AM,WEATHER,UNABLE TO DETERMINE,3801,N,PINE GROVE AVE,1925.0,,,,,,,2,NO INDICATION OF INJURY,0.0,0.0,0.0,0.0,0.0,1.0,0.0,10,6,1,41.95170802,-87.647716783,POINT (-87.647716783413 41.951708020145),2025-01-10 10:14:00
9010328fe86d9a2939377fe21cf2905d6af0318dd8ff8a2b374b295b89bbfd8d4c49089c0638674a3a1c3e051a401279556e4e921eec118df674b90ccc6ba2f0,,01/10/2025 10:10:00 AM,25,NO CONTROLS,NO CONTROLS,SNOW,DAYLIGHT,PARKED MOTOR VEHICLE,NOT DIVIDED,,STRAIGHT AND LEVEL,SNOW OR SLUSH,NO DEFECTS,ON SCENE,INJURY AND / OR TOW DUE TO CRASH,,,Y,"OVER $1,500",01/10/2025 11:00:00 AM,UNABLE TO DETERMINE,UNABLE TO DETERMINE,3634,N,WESTERN AVE,1921.0,,,,,,,2,NO INDICATION OF INJURY,0.0,0.0,0.0,0.0,0.0,1.0,0.0,10,6,1,41.947778161,-87.688436355,POINT (-87.68843635465 41.947778161226),2025-01-10 10:10:00
0fe758f9727b1e8be9a131804f852de622f19c275a53437a9ec07d3dee3c995550fa96268febecb44b571b26180f3971259c8b3a8e2b23448bcd092bdd9eaba8,,01/10/2025 10:02:00 AM,30,NO CONTROLS,NO CONTROLS,SNOW,DAYLIGHT,REAR END,NOT DIVIDED,,STRAIGHT AND LEVEL,SNOW OR SLUSH,NO DEFECTS,ON SCENE,NO INJURY / DRIVE AWAY,,,Y,"$501 - $1,500",01/10/2025 10:02:00 AM,UNABLE TO DETERMINE,NOT APPLICABLE,123,E,103RD ST,512.0,,,,,,,3,NO INDICATION OF INJURY,0.0,0.0,0.0,0.0,0.0,3.0,0.0,10,6,1,41.707121112,-87.619158406,POINT (-87.619158405953 41.707121111783),2025-01-10 10:02:00
1bf756aa5018d3b34accc4929296cd2316632e353cb6d5a36c7ccacc117c07c146ad67df93430d60a79a3fb6e676cc349d97ebf0949febaaadf70fe0c4a219e2,,01/10/2025 10:00:00 AM,30,NO CONTROLS,NO CONTROLS,SNOW,DAYLIGHT,REAR END,ONE-WAY,,STRAIGHT AND LEVEL,SNOW OR SLUSH,UNKNOWN,ON SCENE,INJURY AND / OR TOW DUE TO CRASH,,,,"$501 - $1,500",01/10/2025 10:00:00 AM,UNABLE TO DETERMINE,UNABLE TO DETERMINE,2530,E,75TH ST,334.0,,,,,,,2,"REPORTED, NOT EVIDENT",1.0,0.0,0.0,0.0,1.0,1.0,0.0,10,6,1,41.759157161,-87.561809434,POINT (-87.561809434462 41.759157160813),2025-01-10 10:00:00
aed6d5376c418b46910793435072184f462dc017947b3c104c5a4974bfca78967c81a72828f7ac67e0891fdf5f108bd48df1fd085f2ddd0cceffc86a8aa561b5,,01/10/2025 10:00:00 AM,10,NO CONTROLS,NO CONTROLS,SNOW,DAYLIGHT,REAR TO SIDE,PARKING LOT,,STRAIGHT AND LEVEL,SNOW OR SLUSH,NO DEFECTS,NOT ON SCENE (DESK REPORT),NO INJURY / DRIVE AWAY,,,,"$501 - $1,500",01/10/2025 10:32:00 AM,UNABLE TO DETERMINE,UNABLE TO DETERMINE,2101,E,71ST ST,333.0,,,,,,,2,NO INDICATION OF INJURY,0.0,0.0,0.0,0.0,0.0,2.0,0.0,10,6,1,41.765990001,-87.573787337,POINT (-87.573787336654 41.765990001141),2025-01-10 10:00:00