CRASH_RECORD_ID,CRASH_DATE_EST_I,CRASH_DATE,POSTED_SPEED_LIMIT,TRAFFIC_CONTROL_DEVICE,DEVICE_CONDITION,WEATHER_CONDITION,LIGHTING_CONDITION,FIRST_CRASH_TYPE,TRAFFICWAY_TYPE,LANE_CNT,ALIGNMENT,ROADWAY_SURFACE_COND,ROAD_DEFECT,REPORT_TYPE,CRASH_TYPE,INTERSECTION_RELATED_I,NOT_RIGHT_OF_WAY_I,HIT_AND_RUN_I,DAMAGE,DATE_POLICE_NOTIFIED,PRIM_CONTRIBUTORY_CAUSE,SEC_CONTRIBUTORY_CAUSE,STREET_NO,STREET_DIRECTION,STREET_NAME,BEAT_OF_OCCURRENCE,PHOTOS_TAKEN_I,STATEMENTS_TAKEN_I,DOORING_I,WORK_ZONE_I,WORK_ZONE_TYPE,WORKERS_PRESENT_I,NUM_UNITS,MOST_SEVERE_INJURY,INJURIES_TOTAL,INJURIES_FATAL,INJURIES_INCAPACITATING,INJURIES_NON_INCAPACITATING,INJURIES_REPORTED_NOT_EVIDENT,INJURIES_NO_INDICATION,INJURIES_UNKNOWN,CRASH_HOUR,CRASH_DAY_OF_WEEK,CRASH_MONTH,LATITUDE,LONGITUDE,LOCATION,timestamp
dc71fe7310f93e6d87ca3fbd56e99f2f28ed62cb36da79804f0a824256d780620b70e65d37b6b5f22280fd00d8f55daccbcdb0069bef97607458b8b671b92f20,,01/10/2025 10:00:00 AM,30,NO CONTROLS,NO CONTROLS,SNOW,DAYLIGHT,REAR END,NOT DIVIDED,,STRAIGHT AND LEVEL,SNOW OR SLUSH,NO DEFECTS,ON SCENE,NO INJURY / DRIVE AWAY,,,Y,"OVER $1,500",01/10/2025 10:03:00 AM,WEATHER,UNABLE TO DETERMINE,2900,W,59TH ST,824.0,,,,,,,2,NO INDICATION OF INJURY,0.0,0.0,0.0,0.0,0.0,2.0,0.0,10,6,1,41.786475077,-87.696098602,POINT (-87.696098602368 41.786475077301),2025-01-10 10:00:00
631057ae05daa6cf4e27fc7e05df85c3e932247f2a2d7c5cff208e88e7f9c3d83dbbbcfa61ec35b009f73ac1671f5ca6cb007c18caadc6bced7c53416c7fdc45,,01/10/2025 09:58:00 AM,30,NO CONTROLS,NO CONTROLS,SNOW,DAYLIGHT,PARKED MOTOR VEHICLE,NOT DIVIDED,,STRAIGHT AND LEVEL,SNOW OR SLUSH,NO DEFECTS,ON SCENE,NO INJURY / DRIVE AWAY,,,,"OVER $1,500",01/10/2025 10:31:00 AM,UNABLE TO DETERMINE,NOT APPLICABLE,2415,N,KILPATRICK AVE,2521.0,,,,,,,2,NO INDICATION OF INJURY,0.0,0.0,0.0,0.0,0.0,1.0,0.0,9,6,1,41.924808989,-87.743736089,POINT (-87.743736089025 41.924808989254),2025-01-10 09:58:00
28d15540e7c5b517dee0c47999f7788a1f830fcaefeab6ad7c1863087e56620d0efa08f9f6caadea1e80f68d4f330416371e0acc7f85beb7d745fed382132811,,01/10/2025 09:56:00 AM,30,TRAFFIC SIGNAL,FUNCTIONING PROPERLY,SNOW,DAYLIGHT,ANGLE,FOUR WAY,,STRAIGHT AND LEVEL,SNOW OR SLUSH,NO DEFECTS,ON SCENE,INJURY AND / OR TOW DUE TO CRASH,Y,,,"OVER $1,500",01/10/2025 09:56:00 AM,DISREGARDING TRAFFIC SIGNALS,NOT APPLICABLE,6500,S,HALSTED ST,723.0,,,,,,,3,"REPORTED, NOT EVIDENT",2.0,0.0,0.0,0.0,2.0,2.0,0.0,9,6,1,41.776095756,-87.644890947,POINT (-87.644890947336 41.776095755648),2025-01-10 09:56:00
b16a9de2f753cfc1bc5e5900b04069e313b94abc3f352fcbd24a6d99fec72a04cb91ff99ddfdfa9e020a3cd8687e3114ce5ef70a0792bc6316bf6def5dd17633,,01/10/2025 09:55:00 AM,10,NO CONTROLS,NO CONTROLS,SNOW,DAYLIGHT,OTHER OBJECT,PARKING LOT,,STRAIGHT AND LEVEL,SNOW OR SLUSH,NO DEFECTS,ON SCENE,INJURY AND / OR TOW DUE TO CRASH,,Y,,$500 OR LESS,01/10/2025 10:02:00 AM,UNABLE TO DETERMINE,WEATHER,1901,W,WARREN BLVD,1223.0,,,,,,,1,INCAPACITATING INJURY,1.0,0.0,1.0,0.0,0.0,0.0,0.0,9,6,1,41.882159758,-87.674330178,POINT (-87.674330178339 41.882159758028),2025-01-10 09:55:00
b02e43e9d732825ed533b60ae37f25e3df3187bc1640646776b39fef9898297dc63b9f89f4f3bda537e03e0a6875a75996c0e2bf5b31cedb750212d02b52fabd,,01/10/2025 09:45:00 AM,30,TRAFFIC SIGNAL,NO CONTROLS,SNOW,DAYLIGHT,SIDESWIPE SAME DIRECTION,DIVIDED - W/MEDIAN (NOT RAISED),,STRAIGHT AND LEVEL,SNOW OR SLUSH,NO DEFECTS,NOT ON SCENE (DESK REPORT),NO INJURY / DRIVE AWAY,,,,"$501 - $1,500",01/10/2025 09:50:00 AM,FOLLOWING TOO CLOSELY,NOT APPLICABLE,2401,W,ADDISON ST,1921.0,,,,,,,2,NO INDICATION OF INJURY,0.0,0.0,0.0,0.0,0.0,3.0,0.0,9,6,1,41.946620478,-87.688316452,POINT (-87.688316451533 41.946620477784),2025-01-10 09:45:00
d62e0df2ef18f3b94bda48150b4081858c824f466298d57722d019d94519dc5c073818acb91dd667c343244e39b31379bcaabb0e1662709886691396d3427283,,01/10/2025 09:40:00 AM,15,NO CONTROLS,NO CONTROLS,SNOW,DAYLIGHT,REAR TO SIDE,PARKING LOT,,STRAIGHT AND LEVEL,SNOW OR SLUSH,UNKNOWN,NOT ON SCENE (DESK REPORT),NO INJURY / DRIVE AWAY,,,,$500 OR LESS,01/10/2025 10:00:00 AM,UNABLE TO DETERMINE,UNABLE TO DETERMINE,2620,W,ADDISON ST,1921.0,,,,,,,2,NO INDICATION OF INJURY,0.0,0.0,0.0,0.0,0.0,3.0,0.0,9,6,1,41.946821119,-87.694012278,POINT (-87.694012278218 41.946821118875),2025-01-10 09:40:00
b32895e428ef47c137f4b3fe52d0d045dfb35005a394d233052e60ef8c21b9424e582cdce223f6608c3e06037e1eb6d149935bff5c3c2158eb024d2e3cdb1eaa,,01/10/2025 09:32:00 AM,25,NO CONTROLS,NO CONTROLS,SNOW,DAYLIGHT,ANGLE,NOT DIVIDED,,STRAIGHT AND LEVEL,SNOW OR SLUSH,NO DEFECTS,ON SCENE,INJURY AND / OR TOW DUE TO CRASH,Y,,,"OVER $1,500",01/10/2025 09:56:00 AM,FAILING TO YIELD RIGHT-OF-WAY,FAILING TO YIELD RIGHT-OF-WAY,3612,W,CULLOM AVE,1723.0,,,,,,,2,NO INDICATION OF INJURY,0.0,0.0,0.0,0.0,0.0,2.0,0.0,9,6,1,41.95935375,-87.718551197,POINT (-87.718551197434 41.959353749833),2025-01-10 09:32:00
e867204a03ed0df895dc55d2b479e759978750bb65ab7feca99a3852beb409dc4a369cce7c59002aaebc61916a11e023b6da42c0702bad182251a1bd44dde057,,01/10/2025 09:32:00 AM,30,TRAFFIC SIGNAL,FUNCTIONING PROPERLY,SNOW,DAYLIGHT,TURNING,FOUR WAY,,STRAIGHT AND LEVEL,SNOW OR SLUSH,NO DEFECTS,NOT ON SCENE (DESK REPORT),NO INJURY / DRIVE AWAY,Y,,,"OVER $1,500",01/10/2025 10:45:00 AM,UNABLE TO DETERMINE,UNABLE TO DETERMINE,601,S,CICERO AVE,1131.0,,,,,,,2,NO INDICATION OF INJURY,0.0,0.0,0.0,0.0,0.0,2.0,0.0,9,6,1,41.873100153,-87.744850226,POINT (-87.744850226374 41.873100153311),2025-01-10 09:32:00
0c79fba5c125923b6ec43a530f43c784a54be072da149c977cfc5e8f41cd878d961913cee1198f5b01dde3375a37c0e80fccadae4dba1e409531413ab9ab4d01,Y,01/10/2025 09:30:00 AM,30,TRAFFIC SIGNAL,UNKNOWN,SNOW,DAYLIGHT,ANGLE,FOUR WAY,,STRAIGHT AND LEVEL,SNOW OR SLUSH,UNKNOWN,ON SCENE,NO INJURY / DRIVE AWAY,Y,,,"OVER $1,500",01/10/2025 10:04:00 AM,WEATHER,WEATHER,940,W,HARRISON ST,1232.0,,,,,,,2,NO INDICATION OF INJURY,0.0,0.0,0.0,0.0,0.0,2.0,0.0,9,6,1,41.874493808,-87.651086219,POINT (-87.651086219391 41.874493807708),2025-01-10 09:30:00
a84d6c41095e1751b1beccffccfae56eb94ef2ea6acd5b97c50efede21c9965f36c8121dbf7ba35dd4dea80f7ef522885c38cc4bc3d7df1bfea4c1bc237313fc,,01/10/2025 09:30:00 AM,30,NO CONTROLS,NO CONTROLS,SNOW,DAYLIGHT,PEDESTRIAN,ONE-WAY,,STRAIGHT AND LEVEL,SNOW OR SLUSH,NO DEFECTS,ON SCENE,INJURY AND / OR TOW DUE TO CRASH,,,Y,"OVER $1,500",01/10/2025 09:51:00 AM,IMPROPER BACKING,NOT APPLICABLE,3618,W,27TH ST,1032.0,,,,,,,2,NONINCAPACITATING INJURY,1.0,0.0,0.0,1.0,0.0,1.0,0.0,9,6,1,41.842649083,-87.715627419,POINT (-87.715627418512 41.842649082772),2025-01-10 09:30:00
2cace4978d9adf023007891f5d681fe0d06be00e3259fcc08e8f635699e1b5ab859bf5ff17db8b77e28413b6a5234abf1876c64bafe47f007819eab8a30e2300,,01/10/2025 09:25:00 AM,25,STOP SIGN/FLASHER,FUNCTIONING PROPERLY,SNOW,DAYLIGHT,PARKED MOTOR VEHICLE,NOT DIVIDED,,STRAIGHT ON GRADE,SNOW OR SLUSH,NO DEFECTS,ON SCENE,NO INJURY / DRIVE AWAY,Y,,,"$501 - $1,500",01/10/2025 09:26:00 AM,WEATHER,NOT APPLICABLE,3102,W,44TH ST,922.0,,,,,,,2,NO INDICATION OF INJURY,0.0,0.0,0.0,0.0,0.0,1.0,0.0,9,6,1,41.813723884,-87.701865117,POINT (-87.701865117393 41.813723883649),2025-01-10 09:25:00
da33299e9ed0b62246436637b1657fcce0021dc21dd4c62bca5481e84fef851b0771101737bfba605252f16a93398d003459692422ccf2014cb8aface7a410d4,,01/10/2025 09:25:00 AM,30,NO CONTROLS,NO CONTROLS,SNOW,DAYLIGHT,TURNING,DIVIDED - W/MEDIAN (NOT RAISED),,STRAIGHT AND LEVEL,SNOW OR SLUSH,NO DEFECTS,NOT ON SCENE (DESK REPORT),NO INJURY / DRIVE AWAY,,,,"$501 - $1,500",01/10/2025 09:40:00 AM,UNABLE TO DETERMINE,UNABLE TO DETERMINE,4771,N,ELSTON AVE,1722.0,,,,,,,2,NO INDICATION OF INJURY,0.0,0.0,0.0,0.0,0.0,2.0,0.0,9,6,1,41.967682488,-87.739305343,POINT (-87.739305343138 41.96768248849),2025-01-10 09:25:00
70ee59d440c2378555769472eb3e10ea8ff4c989d736fdd0e78db207451c21dcfa4d168308dce83c84da198f4b5f38a2feb501352ee70733478063f7053b5c38,Y,01/10/2025 09:22:00 AM,30,NO CONTROLS,NO CONTROLS,SNOW,DAYLIGHT,TURNING,NOT DIVIDED,,STRAIGHT AND LEVEL,SNOW OR SLUSH,NO DEFECTS,ON SCENE,NO INJURY / DRIVE AWAY,,,,"OVER $1,500",01/10/2025 09:48:00 AM,IMPROPER OVERTAKING/PASSING,DRIVING SKILLS/KNOWLEDGE/EXPERIENCE,5035,W,LAWRENCE AVE,1623.0,,,,,,,2,NO INDICATION OF INJURY,0.0,0.0,0.0,0.0,0.0,2.0,0.0,9,6,1,41.967839027,-87.754050238,POINT (-87.754050238085 41.967839026806),2025-01-10 09:22:00
d09687445f68e4f44e73f8113e542b1697a373872b92f4267e666a6b72548fb5fd65c4785ed4d5bc0c957eed3de1e7763551045e608cc9266d00b86edd32bca0,,01/10/2025 09:20:00 AM,30,TRAFFIC SIGNAL,FUNCTIONING PROPERLY,SNOW,DAYLIGHT,ANGLE,NOT DIVIDED,,STRAIGHT AND LEVEL,SNOW OR SLUSH,NO DEFECTS,ON SCENE,NO INJURY / DRIVE AWAY,Y,,,"OVER $1,500",01/10/2025 09:20:00 AM,FAILING TO YIELD RIGHT-OF-WAY,UNABLE TO DETERMINE,4408,W,GRAND AVE,2533.0,,N,,,,,3,NO INDICATION OF INJURY,0.0,0.0,0.0,0.0,0.0,3.0,0.0,9,6,1,41.910278677,-87.736494819,POINT (-87.736494819132 41.910278677464),2025-01-10 09:20:00
294739eaf44409a75a034ece734a6e5fd885e14d29a1bb1687ce13bfd47e7eaeab156901a56ac5a27e28a2808ff846d4ed0ed59bb7ce56fa7e5af333099e24d5,,01/10/2025 09:18:00 AM,25,NO CONTROLS,NO CONTROLS,SNOW,DAYLIGHT,PARKED MOTOR VEHICLE,ONE-WAY,,STRAIGHT AND LEVEL,UNKNOWN,NO DEFECTS,ON SCENE,NO INJURY / DRIVE AWAY,,,,$500 OR LESS,01/10/2025 09:27:00 AM,UNABLE TO DETERMINE,UNABLE TO DETERMINE,1549,N,KOLIN AVE,2534.0,,,,,,,2,NO INDICATION OF INJURY,0.0,0.0,0.0,0.0,0.0,1.0,0.0,9,6,1,41.909146052,-87.73494694,POINT (-87.734946939616 41.909146051987),2025-01-10 09:18:00
6aa2d3e9f17cd36ffde1edd15f22fe01b3d0bd57d6f77a59f27d73cb3209eba8dd2b14c4811e2f6b4d061321945f12c5a4c55af4ca4b24c5f88efc2f3ddf8f15,,01/10/2025 09:15:00 AM,25,NO CONTROLS,NO CONTROLS,SNOW,"DARKNESS, LIGHTED ROAD",PARKED MOTOR VEHICLE,NOT DIVIDED,,STRAIGHT AND LEVEL,SNOW OR SLUSH,NO DEFECTS,NOT ON SCENE (DESK REPORT),NO INJURY / DRIVE AWAY,,,Y,"OVER $1,500",01/11/2025 11:02:00 AM,UNABLE TO DETERMINE,UNABLE TO DETERMINE,9211,S,HARVARD AVE,634.0,,,,,,,2,NO INDICATION OF INJURY,0.0,0.0,0.0,0.0,0.0,1.0,0.0,9,6,1,41.726330846,-87.632009751,POINT (-87.632009751002 41.726330845841),2025-01-10 09:15:00
97275d213a8b4aaab77d28b38845035e1df8cf6e62372f6ebb873674b93c7efea5b0c38980d19267633b22a8a719bc73725c421dcf8850a9e953368970a28acd,,01/10/2025 09:15:00 AM,25,NO CONTROLS,NO CONTROLS,SNOW,DAYLIGHT,FIXED OBJECT,ALLEY,,STRAIGHT AND LEVEL,SNOW OR SLUSH,UNKNOWN,ON SCENE,NO INJURY / DRIVE AWAY,,Y,,"OVER $1,500",01/10/2025 09:31:00 AM,WEATHER,UNABLE TO DETERMINE,3446,W,13TH PL,1021.0,,,,,,,1,NO INDICATION OF INJURY,0.0,0.0,0.0,0.0,0.0,1.0,0.0,9,6,1,41.864226276,-87.712341789,POINT (-87.71234178894 41.864226275938),2025-01-10 09:15:00
fd8ba0a03b04b44353f32848641cd38e387c62150b1af8070915d91cb12b8037318dfe18b90b4b83acd20ef17e46fb774a22cf1715aac71d4bca6b7d193e7a92,,01/10/2025 09:15:00 AM,35,TRAFFIC SIGNAL,FUNCTIONING PROPERLY,SNOW,DAYLIGHT,REAR END,DIVIDED - W/MEDIAN BARRIER,,STRAIGHT AND LEVEL,SNOW OR SLUSH,NO DEFECTS,ON SCENE,INJURY AND / OR TOW DUE TO CRASH,,,,"OVER $1,500",01/10/2025 09:23:00 AM,PHYSICAL CONDITION OF DRIVER,NOT APPLICABLE,8719,S,HALSTED ST,2223.0,,,,,,,3,NO INDICATION OF INJURY,0.0,0.0,0.0,0.0,0.0,3.0,0.0,9,6,1,41.735288625,-87.643446879,POINT (-87.643446879487 41.735288625141),2025-01-10 09:15:00
3350eb4d9505ce0bc85f8975a3c80a736b76d070347a606a5a995a15246005ded5bed485d529c41a183df0cf093d21b3f63e739f370108be1e5d4faf02ba07f5,,01/10/2025 09:12:00 AM,20,NO CONTROLS,NO CONTROLS,SNOW,DAYLIGHT,FIXED OBJECT,ALLEY,,STRAIGHT AND LEVEL,SNOW OR SLUSH,NO DEFECTS,ON SCENE,NO INJURY / DRIVE AWAY,,Y,,"OVER $1,500",01/10/2025 04:18:00 PM,FAILING TO REDUCE SPEED TO AVOID CRASH,FAILING TO REDUCE SPEED TO AVOID CRASH,831,E,BOWEN AVE,214.0,,,,,,,1,NO INDICATION OF INJURY,0.0,0.0,0.0,0.0,0.0,1.0,0.0,9,6,1,41.819372221,-87.605490172,POINT (-87.605490171983 41.819372221232),2025-01-10 09:12:00
f4c697f36df1f4d79656abf320cf6aa8ae4c958f321fa118a9d14adc59e4fa2aef5cc88d9ab527ab08adfc06b970b3fd67db0cad3445718f9e5a247fe1983ac8,,01/10/2025 09:10:00 AM,30,NO CONTROLS,NO CONTROLS,SNOW,DAYLIGHT,PARKED MOTOR VEHICLE,DIVIDED - W/MEDIAN BARRIER,,STRAIGHT AND LEVEL,DRY,NO DEFECTS,ON SCENE,NO INJURY / DRIVE AWAY,,,Y,"$501 - $1,500",01/10/2025 11:45:00 AM,NOT APPLICABLE,NOT APPLICABLE,3535,N,ASHLAND AVE,1922.0,,,,,,,2,NO INDICATION OF INJURY,0.0,0.0,0.0,0.0,0.0,1.0,0.0,9,6,1,41.946221362,-87.668695015,POINT (-87.668695014695 41.946221362313),2025-01-10 09:10:00
6a2399ad265229b026a9a815e017f9a6d3bb8d2bd60581a83847da3fe47c2ce3f3ddff079ef82fb48beeebb4a6000685ee95916f97a1f2c7f7907d3716f731ef,,01/10/2025 09:08:00 AM,30,NO CONTROLS,NO CONTROLS,SNOW,DAYLIGHT,SIDESWIPE OPPOSITE DIRECTION,OTHER,,STRAIGHT AND LEVEL,SNOW OR SLUSH,NO DEFECTS,NOT ON SCENE (DESK REPORT),NO INJURY / DRIVE AWAY,,Y,,"$501 - $1,500",01/10/2025 09:20:00 AM,DRIVING SKILLS/KNOWLEDGE/EXPERIENCE,NOT APPLICABLE,755,W,DIVISION ST,1822.0,,,,,,,2,NO INDICATION OF INJURY,0.0,0.0,0.0,0.0,0.0,2.0,0.0,9,6,1,41.903527671,-87.648073646,POINT (-87.648073645642 41.903527671183),2025-01-10 09:08:00
01cd158dbc213efb1cb3e2c82259fd813de575bd400d848a09dee1fdb23c392f9ec18ae1d8b95297bd37276dd0e19f95881793149bd014a285b6ea5dfa728155,,01/10/2025 09:05:00 AM,30,TRAFFIC SIGNAL,FUNCTIONING PROPERLY,SNOW,DAYLIGHT,SIDESWIPE SAME DIRECTION,DIVIDED - W/MEDIAN (NOT RAISED),,STRAIGHT AND LEVEL,WET,NO DEFECTS,NOT ON SCENE (DESK REPORT),NO INJURY / DRIVE AWAY,,,,"$501 - $1,500",01/10/2025 09:30:00 AM,FAILING TO YIELD RIGHT-OF-WAY,UNABLE TO DETERMINE,2401,S,DR MARTIN LUTHER KING JR DR,132.0,,,,,,,2,NO INDICATION OF INJURY,0.0,0.0,0.0,0.0,0.0,3.0,0.0,9,6,1,41.849365329,-87.618017611,POINT (-87.61801761055 41.849365328763),2025-01-10 09:05:00
00b1da806e6b53aaca0516f49e4fdfad7283ec974a42d15a38e0994b00a949630f71e919e4a0b97dace6256c6187f4ebb9f808ab98bd7be31595b9050c07d0cc,,01/10/2025 09:01:00 AM,25,TRAFFIC SIGNAL,FUNCTIONING PROPERLY,SNOW,DAYLIGHT,TURNING,FOUR WAY,,STRAIGHT AND LEVEL,SNOW OR SLUSH,NO DEFECTS,ON SCENE,NO INJURY / DRIVE AWAY,Y,,,"OVER $1,500",01/10/2025 09:05:00 AM,IMPROPER TURNING/NO SIGNAL,NOT APPLICABLE,1125,W,WAVELAND AVE,1923.0,,,,,,,2,NO INDICATION OF INJURY,0.0,0.0,0.0,0.0,0.0,3.0,0.0,9,6,1,41.948877182,-87.657926259,POINT (-87.657926259356 41.948877182223),2025-01-10 09:01:00
74c07e226df2506f7da101529d6be78298ff94eccd97d305bde3f3e4b7690e9f4d1bbc200353f2c1948c445bda75027772515a70a680f2093eef912d474ab043,,01/10/2025 09:00:00 AM,25,UNKNOWN,UNKNOWN,CLEAR,DAYLIGHT,PARKED MOTOR VEHICLE,ONE-WAY,,STRAIGHT AND LEVEL,UNKNOWN,NO DEFECTS,NOT ON SCENE (DESK REPORT),NO INJURY / DRIVE AWAY,,,Y,"OVER $1,500",01/11/2025 12:30:00 PM,UNABLE TO DETERMINE,UNABLE TO DETERMINE,2044,W,EVERGREEN AVE,1424.0,,,,,,,2,NO INDICATION OF INJURY,0.0,0.0,0.0,0.0,0.0,1.0,0.0,9,6,1,41.906091288,-87.679132637,POINT (-87.679132636831 41.906091287631),2025-01-10 09:00:00
a07edee2ae2b50cec06fe2bbbbb6bf6a8a2231b47d7ead641e582c31b9304b5a4eb0cab09b11e5f9d6ea766d602cf8eed2f8b1a8354d9e3dc3ccbbd4d87e3877,,01/10/2025 09:00:00 AM,30,NO CONTROLS,NO CONTROLS,SNOW,DAYLIGHT,SIDESWIPE SAME DIRECTION,NOT DIVIDED,,STRAIGHT ON GRADE,SNOW OR SLUSH,NO DEFECTS,NOT ON SCENE (DESK REPORT),NO INJURY / DRIVE AWAY,,,,"$501 - $1,500",01/10/2025 09:40:00 AM,WEATHER,WEATHER,5850,N,BROADWAY,2013.0,,,,,,,2,NO INDICATION OF INJURY,0.0,0.0,0.0,0.0,0.0,2.0,0.0,9,6,1,41.988487406,-87.660365365,POINT (-87.660365364807 41.988487406463),2025-01-10 09:00:00
ab7e52139934cd8fa7cd46fdee79d7b5f2a742393a6c73193341e96d161b562ec8c6e9895956aad7568e98ee214aa1da9cadf3a79552c6e1f256f34b919db232,,01/10/2025 09:00:00 AM,20,STOP SIGN/FLASHER,FUNCTIONING PROPERLY,SNOW,DAYLIGHT,PARKED MOTOR VEHICLE,NOT DIVIDED,,STRAIGHT AND LEVEL,SNOW OR SLUSH,NO DEFECTS,ON SCENE,NO INJURY / DRIVE AWAY,,,Y,"OVER $1,500",01/10/2025 10:44:00 AM,UNABLE TO DETERMINE,UNABLE TO DETERMINE,5605,S,KARLOV AVE,813.0,,,,,,,2,NO INDICATION OF INJURY,0.0,0.0,0.0,0.0,0.0,1.0,0.0,9,6,1,41.791191908,-87.725410704,POINT (-87.725410704311 41.791191907961),2025-01-10 09:00:00
af7eed1d81ae9afcb0305a5575a8276e0ba48fb27d64fcd29ffd511210e205e9d205fe63befd43fab3f247d3eb16c0abfcf63cce39ccde0258f870a64717e30f,,01/10/2025 09:00:00 AM,20,NO CONTROLS,NO CONTROLS,SNOW,DAYLIGHT,PARKED MOTOR VEHICLE,ONE-WAY,,STRAIGHT AND LEVEL,SNOW OR SLUSH,NO DEFECTS,NOT ON SCENE (DESK REPORT),NO INJURY / DRIVE AWAY,,,Y,"OVER $1,500",01/10/2025 01:50:00 PM,UNABLE TO DETERMINE,UNABLE TO DETERMINE,4516,S,LOWE AVE,925.0,,,,,,,2,NO INDICATION OF INJURY,0.0,0.0,0.0,0.0,0.0,1.0,0.0,9,6,1,41.812039836,-87.642126318,POINT (-87.642126317794 41.81203983625),2025-01-10 09:00:00
c435038e9df7657e865480178316d0a560f1cfddf9490cb7d60ca70c6880f374710086ae61dcdf922605868f6298c960d4b24f1e67fde30e4da06279e5c864d2,,01/10/2025 09:00:00 AM,10,NO CONTROLS,NO CONTROLS,SNOW,DAYLIGHT,PARKED MOTOR VEHICLE,PARKING LOT,,STRAIGHT AND LEVEL,SNOW OR SLUSH,NO DEFECTS,NOT ON SCENE (DESK REPORT),NO INJURY / DRIVE AWAY,,,,"OVER $1,500",01/10/2025 11:50:00 AM,UNABLE TO DETERMINE,UNABLE TO DETERMINE,2700,S,WESTERN AVE,1034.0,,,,,,,2,NO INDICATION OF INJURY,0.0,0.0,0.0,0.0,0.0,1.0,0.0,9,6,1,41.843307707,-87.685502164,POINT (-87.685502164358 41.843307707459),2025-01-10 09:00:00
ab791635f8b10846069a4fce7e8efbdc20a7331207033b1b9ba3c4c4af4888fed8d6fd5d7ff71d339165a6eeb0113b9e97872565cfb6ec2f71da9d6f77ee6c46,,01/10/2025 08:52:00 AM,30,NO CONTROLS,NO CONTROLS,SNOW,DAYLIGHT,REAR END,NOT DIVIDED,,STRAIGHT AND LEVEL,SNOW OR SLUSH,NO DEFECTS,ON SCENE,NO INJURY / DRIVE AWAY,Y,,,"OVER $1,500",01/10/2025 09:00:00 AM,UNABLE TO DETERMINE,UNABLE TO DETERMINE,4229,N,LINCOLN AVE,1911.0,,,,,,,2,NO INDICATION OF INJURY,0.0,0.0,0.0,0.0,0.0,2.0,0.0,8,6,1,41.958678131,-87.681763827,POINT (-87.681763826693 41.958678131096),2025-01-10 08:52:00
963f06213d081c8876252d52c58572cdde6006a64d4c235cd87ac105931a0133053275de447c4528fdb0ec151bd992038c5472ad145934618070cccd7676ceae,,01/10/2025 08:50:00 AM,15,NO CONTROLS,NO CONTROLS,SNOW,DAYLIGHT,ANGLE,ONE-WAY,,STRAIGHT AND LEVEL,WET,NO DEFECTS,NOT ON SCENE (DESK REPORT),NO INJURY / DRIVE AWAY,,,,"OVER $1,500",01/10/2025 10:30:00 AM,FAILING TO YIELD RIGHT-OF-WAY,IMPROPER LANE USAGE,2214,N,SEMINARY AVE,1811.0,,,,,,,2,NO INDICATION OF INJURY,0.0,0.0,0.0,0.0,0.0,2.0,0.0,8,6,1,41.922182726,-87.656078182,POINT (-87.656078182005 41.922182725923),2025-01-10 08:50:00
070e33ede01b90285d173abda35d317c87a3c438f197f832367e05e055ce90648b6ba707fde25fd1ba920f989b2416900086304e58db8791856a9515745f9ec2,,01/10/2025 08:45:00 AM,30,TRAFFIC SIGNAL,FUNCTIONING PROPERLY,CLEAR,DAYLIGHT,REAR END,CENTER TURN LANE,,STRAIGHT AND LEVEL,WET,UNKNOWN,NOT ON SCENE (DESK REPORT),NO INJURY / DRIVE AWAY,,,,"OVER $1,500",01/10/2025 11:16:00 AM,UNABLE TO DETERMINE,UNABLE TO DETERMINE,6201,N,MC CORMICK RD,1711.0,,,,,,,2,NO INDICATION OF INJURY,0.0,0.0,0.0,0.0,0.0,2.0,0.0,8,6,1,41.994543115,-87.713893199,POINT (-87.713893198948 41.994543114578),2025-01-10 08:45:00
3f84d3d9418971ab4093827fe3dac8d22d1135f43e521128143762d4c7ffa52764df9010ac4ee14e2069e1730162a0ffe3bfd9c6e6da5b226e239219e327a8a6,,01/10/2025 08:45:00 AM,15,NO CONTROLS,NO CONTROLS,SNOW,DAYLIGHT,FIXED OBJECT,ALLEY,,STRAIGHT AND LEVEL,SNOW OR SLUSH,NO DEFECTS,ON SCENE,NO INJURY / DRIVE AWAY,,,,"OVER $1,500",01/10/2025 08:48:00 AM,UNABLE TO DETERMINE,UNABLE TO DETERMINE,1448,S,HOMAN AVE,1021.0,,,,,,,1,NO INDICATION OF INJURY,0.0,0.0,0.0,0.0,0.0,1.0,0.0,8,6,1,41.860940178,-87.710535968,POINT (-87.71053596848 41.860940177684),2025-01-10 08:45:00
614f7dbbe3ba3bfee416b1acb5f80b2569c42b56cb1f21e3ae21394f9f14ce8c6e4de4d1c4b8562011b679c356516cf5205ba83df397310882360860c5e9b220,,01/10/2025 08:41:00 AM,30,TRAFFIC SIGNAL,FUNCTIONING PROPERLY,SNOW,DAYLIGHT,REAR END,DIVIDED - W/MEDIAN BARRIER,,STRAIGHT AND LEVEL,SNOW OR SLUSH,NO DEFECTS,ON SCENE,NO INJURY / DRIVE AWAY,,,Y,$500 OR LESS,01/10/2025 08:41:00 AM,FOLLOWING TOO CLOSELY,NOT APPLICABLE,531,N,COLUMBUS DR,1834.0,,,,,,,2,NO INDICATION OF INJURY,0.0,0.0,0.0,0.0,0.0,3.0,0.0,8,6,1,,,,2025-01-10 08:41:00