CRASH_RECORD_ID,CRASH_DATE_EST_I,CRASH_DATE,POSTED_SPEED_LIMIT,TRAFFIC_CONTROL_DEVICE,DEVICE_CONDITION,WEATHER_CONDITION,LIGHTING_CONDITION,FIRST_CRASH_TYPE,TRAFFICWAY_TYPE,LANE_CNT,ALIGNMENT,ROADWAY_SURFACE_COND,ROAD_DEFECT,REPORT_TYPE,CRASH_TYPE,INTERSECTION_RELATED_I,NOT_RIGHT_OF_WAY_I,HIT_AND_RUN_I,DAMAGE,DATE_POLICE_NOTIFIED,PRIM_CONTRIBUTORY_CAUSE,SEC_CONTRIBUTORY_CAUSE,STREET_NO,STREET_DIRECTION,STREET_NAME,BEAT_OF_OCCURRENCE,PHOTOS_TAKEN_I,STATEMENTS_TAKEN_I,DOORING_I,WORK_ZONE_I,WORK_ZONE_TYPE,WORKERS_PRESENT_I,NUM_UNITS,MOST_SEVERE_INJURY,INJURIES_TOTAL,INJURIES_FATAL,INJURIES_INCAPACITATING,INJURIES_NON_INCAPACITATING,INJURIES_REPORTED_NOT_EVIDENT,INJURIES_NO_INDICATION,INJURIES_UNKNOWN,CRASH_HOUR,CRASH_DAY_OF_WEEK,CRASH_MONTH,LATITUDE,LONGITUDE,LOCATION,timestamp
30b57d39b545a312623fc516e980d9a4fabdeb18a69cea657d0d6f52d8fee43561bb5b5ecccde674c9e4057e9fdebd82f112e87d3dfa008eb1f3d62808fb665b,,01/10/2025 08:35:00 AM,25,STOP SIGN/FLASHER,UNKNOWN,SNOW,DAYLIGHT,REAR END,T-INTERSECTION,,STRAIGHT AND LEVEL,SNOW OR SLUSH,UNKNOWN,NOT ON SCENE (DESK REPORT),NO INJURY / DRIVE AWAY,,,,"OVER $1,500",01/10/2025 08:45:00 AM,FOLLOWING TOO CLOSELY,NOT APPLICABLE,30,W,WALTON ST,1832.0,,,,,,,2,NO INDICATION OF INJURY,0.0,0.0,0.0,0.0,0.0,2.0,0.0,8,6,1,41.900027175,-87.629539118,POINT (-87.629539117869 41.900027175282),2025-01-10 08:35:00
63a26bcf0d67ddb240d848f3c7e656983d1f6cf9e51c6b85ff49b26c86c81b3013d3bdc2fced1476cb3942bf60a609b40b1a60f52f8b22467d840fcef7d92b85,,01/10/2025 08:30:00 AM,30,UNKNOWN,UNKNOWN,UNKNOWN,UNKNOWN,REAR END,DIVIDED - W/MEDIAN (NOT RAISED),,STRAIGHT AND LEVEL,UNKNOWN,UNKNOWN,NOT ON SCENE (DESK REPORT),NO INJURY / DRIVE AWAY,,,,$500 OR LESS,01/10/2025 12:08:00 PM,UNABLE TO DETERMINE,UNABLE TO DETERMINE,2976,E,126TH ST,433.0,,,,,,,2,NO INDICATION OF INJURY,0.0,0.0,0.0,0.0,0.0,2.0,0.0,8,6,1,41.666813695,-87.550931242,POINT (-87.550931242415 41.666813695289),2025-01-10 08:30:00
9ad54b25926b9417696331ca9eb16539048fc672319da71ae7335661bc84a61f53db49e7c32b38491065f3210e74fe30b14be459de5cb72ef942da9189a037c9,,01/10/2025 08:28:00 AM,30,TRAFFIC SIGNAL,FUNCTIONING PROPERLY,SNOW,DAYLIGHT,SIDESWIPE SAME DIRECTION,NOT DIVIDED,,STRAIGHT AND LEVEL,SNOW OR SLUSH,NO DEFECTS,ON SCENE,NO INJURY / DRIVE AWAY,Y,,,"OVER $1,500",01/10/2025 08:28:00 AM,WEATHER,WEATHER,3559,N,CICERO AVE,1731.0,,,,,,,2,NO INDICATION OF INJURY,0.0,0.0,0.0,0.0,0.0,2.0,0.0,8,6,1,41.946087541,-87.74691498,POINT (-87.746914979618 41.946087541368),2025-01-10 08:28:00
75005078029ec31d20056afd5cbf1aff8cdaef4eb924cc4410dba40fd744bbda3a9a6e803c3c46999387eae14203b3171609b9f12b295f49c67a9d87338315d0,,01/10/2025 08:25:00 AM,30,NO CONTROLS,NO CONTROLS,SNOW,DAYLIGHT,TURNING,NOT DIVIDED,,STRAIGHT AND LEVEL,DRY,NO DEFECTS,NOT ON SCENE (DESK REPORT),NO INJURY / DRIVE AWAY,,,,"OVER $1,500",01/10/2025 09:15:00 AM,UNABLE TO DETERMINE,UNABLE TO DETERMINE,2801,W,59TH ST,824.0,,,,,,,3,NO INDICATION OF INJURY,0.0,0.0,0.0,0.0,0.0,3.0,0.0,8,6,1,41.786296014,-87.693651826,POINT (-87.693651826029 41.78629601441),2025-01-10 08:25:00
c309f483b4ee61c621fb5fcdde85e767759d0b6fb87485a8acadd10e38b1a8cf1ed45b6f83948dd69e7249897b682f66c99560fa68dae967f5efcf7f6a25a21a,,01/10/2025 08:23:00 AM,30,TRAFFIC SIGNAL,FUNCTIONING PROPERLY,SNOW,DAYLIGHT,SIDESWIPE SAME DIRECTION,DIVIDED - W/MEDIAN (NOT RAISED),,STRAIGHT AND LEVEL,SNOW OR SLUSH,NO DEFECTS,ON SCENE,NO INJURY / DRIVE AWAY,,,Y,"$501 - $1,500",01/10/2025 08:23:00 AM,UNABLE TO DETERMINE,UNABLE TO DETERMINE,6301,S,WESTERN AVE,825.0,,,,,,,2,NO INDICATION OF INJURY,0.0,0.0,0.0,0.0,0.0,2.0,0.0,8,6,1,41.779128708,-87.683489884,POINT (-87.68348988405 41.779128707653),2025-01-10 08:23:00
b37f26e01c4dd3579d23be983725268dcf35b851fb500cf4384177d9f284856d871cc5ebf94ce51b1dfb0c9acd947775c13fc81a4defc6acd7b387f3bab4d07a,,01/10/2025 08:20:00 AM,30,TRAFFIC SIGNAL,FUNCTIONING PROPERLY,SNOW,"DARKNESS, LIGHTED ROAD",PARKED MOTOR VEHICLE,DIVIDED - W/MEDIAN BARRIER,,STRAIGHT AND LEVEL,WET,NO DEFECTS,NOT ON SCENE (DESK REPORT),NO INJURY / DRIVE AWAY,Y,,Y,"OVER $1,500",01/10/2025 08:50:00 AM,UNABLE TO DETERMINE,UNABLE TO DETERMINE,1801,S,INDIANA AVE,132.0,,,,,,,2,NO INDICATION OF INJURY,0.0,0.0,0.0,0.0,0.0,1.0,0.0,8,6,1,41.857838242,-87.622184053,POINT (-87.622184053297 41.857838242032),2025-01-10 08:20:00
7644d55f1c538bce7d2d3de191cdf63d9407232ae942fff6172318b8390b661ae08c0ab3546f5cbd600c71058f166c1c929bc82380351b545f3292230b5572a0,,01/10/2025 08:19:00 AM,25,NO CONTROLS,NO CONTROLS,SNOW,DAYLIGHT,FIXED OBJECT,NOT DIVIDED,,STRAIGHT AND LEVEL,SNOW OR SLUSH,NO DEFECTS,ON SCENE,INJURY AND / OR TOW DUE TO CRASH,,,,"$501 - $1,500",01/10/2025 08:20:00 AM,WEATHER,UNABLE TO DETERMINE,4700,W,ARTHINGTON ST,1131.0,,,,,,,1,NO INDICATION OF INJURY,0.0,0.0,0.0,0.0,0.0,1.0,0.0,8,6,1,41.869685875,-87.742560184,POINT (-87.742560183682 41.869685874665),2025-01-10 08:19:00
48090abbdb46ac4f022ed8e9596a49a9391504d0fc141ab2617f2979f64dd49e0a38e8a189c2a72eece31cd22b93241b37ef7c2f163f8aa62517c68fcf68da42,,01/10/2025 08:15:00 AM,0,NO CONTROLS,NO CONTROLS,SNOW,DAYLIGHT,PARKED MOTOR VEHICLE,OTHER,,STRAIGHT AND LEVEL,SNOW OR SLUSH,NO DEFECTS,ON SCENE,NO INJURY / DRIVE AWAY,,,,"OVER $1,500",01/10/2025 08:21:00 AM,UNABLE TO DETERMINE,UNABLE TO DETERMINE,2800,S,KEDZIE AVE,1032.0,,,,,,,2,NO INDICATION OF INJURY,0.0,0.0,0.0,0.0,0.0,2.0,0.0,8,6,1,41.840809645,-87.705074948,POINT (-87.705074947842 41.840809645357),2025-01-10 08:15:00
2f5c7a2b51c5a06667e2f1c4da2960249618cfeb1d5ec8d32856d498ae8bc5009c695351c31294c31ff175babb52ef8a547486ee79384113a062dcca2cfaf26a,,01/10/2025 08:10:00 AM,30,TRAFFIC SIGNAL,FUNCTIONING PROPERLY,SNOW,DAYLIGHT,REAR END,DIVIDED - W/MEDIAN (NOT RAISED),,STRAIGHT AND LEVEL,SNOW OR SLUSH,UNKNOWN,NOT ON SCENE (DESK REPORT),NO INJURY / DRIVE AWAY,,,,"OVER $1,500",01/13/2025 01:30:00 PM,UNABLE TO DETERMINE,UNABLE TO DETERMINE,1751,W,WEBSTER AVE,1432.0,,,,,,,2,NO INDICATION OF INJURY,0.0,0.0,0.0,0.0,0.0,2.0,0.0,8,6,1,41.921374514,-87.672439884,POINT (-87.672439884211 41.921374514325),2025-01-10 08:10:00
7bd0bbb2565b05495d0576bcb9ab7337c21b34f66b74c95dd686f4acbebca9422ec156348604f6bc902db0bf98821c4f01123e62d88a927ba3b16cfc813ae81f,,01/10/2025 08:03:00 AM,30,TRAFFIC SIGNAL,FUNCTIONING PROPERLY,SNOW,DAYLIGHT,SIDESWIPE SAME DIRECTION,NOT DIVIDED,,STRAIGHT AND LEVEL,SNOW OR SLUSH,NO DEFECTS,NOT ON SCENE (DESK REPORT),INJURY AND / OR TOW DUE TO CRASH,,,,"$501 - $1,500",01/10/2025 02:00:00 PM,UNABLE TO DETERMINE,UNABLE TO DETERMINE,643,N,FAIRBANKS CT,1834.0,,,,,,,2,"REPORTED, NOT EVIDENT",1.0,0.0,0.0,0.0,1.0,1.0,0.0,8,6,1,41.893950303,-87.620137252,POINT (-87.620137252023 41.893950303352),2025-01-10 08:03:00
1ea728d4e349b6712ae2451b1b8551e32f3b7297cb610bdc4b32eda14a9b1a7abda2441a10baeb21398d8ef462e7ad1b0b2e88d5a6561179fe3f0db0d37151e4,,01/10/2025 08:00:00 AM,30,NO CONTROLS,NO CONTROLS,CLEAR,DAYLIGHT,REAR END,NOT DIVIDED,,STRAIGHT AND LEVEL,SNOW OR SLUSH,NO DEFECTS,NOT ON SCENE (DESK REPORT),NO INJURY / DRIVE AWAY,,,,"$501 - $1,500",01/10/2025 08:30:00 AM,UNABLE TO DETERMINE,UNABLE TO DETERMINE,4013,W,DEVON AVE,1711.0,,,,,,,2,NO INDICATION OF INJURY,0.0,0.0,0.0,0.0,0.0,2.0,0.0,8,6,1,41.997129549,-87.729520388,POINT (-87.729520387641 41.997129548879),2025-01-10 08:00:00
2a626782ff5323c19d22f77a0c5e58c2b4a73010c92fbfe86fd9702bde9bf2ba1003c2ae28f28f525bc3854eab21bfd6a592592d1d80438efb7f31b77f8dd693,,01/10/2025 08:00:00 AM,30,TRAFFIC SIGNAL,FUNCTIONING PROPERLY,SNOW,DAYLIGHT,FIXED OBJECT,RAMP,,STRAIGHT AND LEVEL,SNOW OR SLUSH,NO DEFECTS,ON SCENE,NO INJURY / DRIVE AWAY,,,,"OVER $1,500",01/10/2025 08:16:00 AM,DRIVING SKILLS/KNOWLEDGE/EXPERIENCE,NOT APPLICABLE,3155,W,BELMONT AVE,1411.0,,,,,,,1,NO INDICATION OF INJURY,0.0,0.0,0.0,0.0,0.0,1.0,0.0,8,6,1,41.939230125,-87.706801037,POINT (-87.706801036542 41.939230124619),2025-01-10 08:00:00
2b11ebcb863525d5b624f22893ff005f83eb938311d480a881dde44cf4e1a3c29ff183972c8843da980c1226411adec451986e91b43a39e25f30247c44a1d593,,01/10/2025 08:00:00 AM,30,TRAFFIC SIGNAL,FUNCTIONING PROPERLY,SNOW,DAYLIGHT,SIDESWIPE SAME DIRECTION,DIVIDED - W/MEDIAN (NOT RAISED),,STRAIGHT AND LEVEL,SNOW OR SLUSH,NO DEFECTS,NOT ON SCENE (DESK REPORT),NO INJURY / DRIVE AWAY,,,Y,"OVER $1,500",01/11/2025 03:00:00 PM,IMPROPER OVERTAKING/PASSING,UNABLE TO DETERMINE,1556,W,63RD ST,713.0,,,,,,,2,NO INDICATION OF INJURY,0.0,0.0,0.0,0.0,0.0,2.0,0.0,8,6,1,41.779577544,-87.664171073,POINT (-87.66417107272 41.779577543722),2025-01-10 08:00:00
34f49ced2bdee536938da27e6b9a589983ca6c7f531b6d96039b8ba2973f0fffcec5c0659065c72509e2bcdc1c5f2fbffbab7791a39778836b6d8a2d5c0a435b,,01/10/2025 08:00:00 AM,30,NO CONTROLS,NO CONTROLS,SNOW,DAYLIGHT,SIDESWIPE SAME DIRECTION,NOT DIVIDED,,STRAIGHT AND LEVEL,SNOW OR SLUSH,NO DEFECTS,ON SCENE,NO INJURY / DRIVE AWAY,,,,$500 OR LESS,01/10/2025 08:00:00 AM,UNABLE TO DETERMINE,UNABLE TO DETERMINE,1003,W,ARMITAGE AVE,1811.0,,,,,,,2,NO INDICATION OF INJURY,0.0,0.0,0.0,0.0,0.0,2.0,0.0,8,6,1,41.917992908,-87.653508039,POINT (-87.653508039118 41.917992908167),2025-01-10 08:00:00
85d8600d0a0d741ea2ed4f4b10165151b0a12fefd6e589fa071dcecdf175d17ed5d8b5c5cd9c2c3a4e59d07613f94c73b4608b69700b16a34f32517d576a9793,,01/10/2025 08:00:00 AM,30,NO CONTROLS,NO CONTROLS,SNOW,DAYLIGHT,ANGLE,OTHER,,STRAIGHT AND LEVEL,SNOW OR SLUSH,NO DEFECTS,ON SCENE,NO INJURY / DRIVE AWAY,,,,"OVER $1,500",01/10/2025 08:15:00 AM,FAILING TO YIELD RIGHT-OF-WAY,NOT APPLICABLE,2108,W,NORWOOD ST,2413.0,,,,,,,2,NO INDICATION OF INJURY,0.0,0.0,0.0,0.0,0.0,2.0,0.0,8,6,1,41.991945492,-87.682720002,POINT (-87.68272000233 41.991945491805),2025-01-10 08:00:00
b5ec2eeb330e03622a96ed1221a51ef7ec0fe044db3bfafafcb9d6a712750a74718ce8dd2a45e947ebcf7a462633d9631ca3b1172a6dc8758e48e56a7fa4f110,,01/10/2025 08:00:00 AM,30,TRAFFIC SIGNAL,FUNCTIONING PROPERLY,RAIN,DAYLIGHT,ANGLE,FOUR WAY,,STRAIGHT AND LEVEL,SNOW OR SLUSH,NO DEFECTS,ON SCENE,INJURY AND / OR TOW DUE TO CRASH,Y,,,"OVER $1,500",01/10/2025 08:06:00 AM,DISREGARDING TRAFFIC SIGNALS,UNABLE TO DETERMINE,3300,N,CICERO AVE,1634.0,,,,,,,2,"REPORTED, NOT EVIDENT",1.0,0.0,0.0,0.0,1.0,2.0,0.0,8,6,1,41.940694557,-87.747064942,POINT (-87.74706494169 41.940694557041),2025-01-10 08:00:00
c7a98b6136a96507096b974eb5f2a199798d39419175ae3688360a7d088472cb68cb5484f52083a898c77f28f5d629067c615dc02cdf4d07810f9baa7469187d,,01/10/2025 08:00:00 AM,30,NO CONTROLS,NO CONTROLS,CLEAR,DAYLIGHT,PARKED MOTOR VEHICLE,NOT DIVIDED,,STRAIGHT AND LEVEL,SNOW OR SLUSH,NO DEFECTS,NOT ON SCENE (DESK REPORT),NO INJURY / DRIVE AWAY,,,Y,"OVER $1,500",01/10/2025 05:55:00 PM,UNABLE TO DETERMINE,UNABLE TO DETERMINE,1701,N,KEDVALE AVE,2534.0,,,,,,,2,NO INDICATION OF INJURY,0.0,0.0,0.0,0.0,0.0,1.0,0.0,8,6,1,41.911756218,-87.729907563,POINT (-87.72990756305 41.911756217796),2025-01-10 08:00:00
cd81825559573ecea24707d3ecdf546f5066bc442175687371f1edc889d226852c9db664d2262cc62baf0e8ee0764e3e371384fdf116dc10c0b9fe0d119c2093,,01/10/2025 08:00:00 AM,30,NO CONTROLS,NO CONTROLS,SNOW,DAYLIGHT,REAR END,ONE-WAY,,STRAIGHT AND LEVEL,SNOW OR SLUSH,UNKNOWN,NOT ON SCENE (DESK REPORT),NO INJURY / DRIVE AWAY,,,,"OVER $1,500",01/10/2025 10:50:00 AM,UNABLE TO DETERMINE,UNABLE TO DETERMINE,171,E,WALTON PL,1833.0,,,,,,,2,NO INDICATION OF INJURY,0.0,0.0,0.0,0.0,0.0,2.0,0.0,8,6,1,41.899919912,-87.62275646,POINT (-87.622756460387 41.899919912341),2025-01-10 08:00:00
e66144f8b759845db7698aa683ff9d9e7344e7fff53002bf1123fb06e2f3f88a82f986b2b4c688fcf2dd2f710aebb2092ecca458a6c6c5f2505f033a111c72f1,,01/10/2025 08:00:00 AM,35,TRAFFIC SIGNAL,FUNCTIONING PROPERLY,CLEAR,DAYLIGHT,SIDESWIPE SAME DIRECTION,DIVIDED - W/MEDIAN (NOT RAISED),,STRAIGHT AND LEVEL,DRY,NO DEFECTS,NOT ON SCENE (DESK REPORT),NO INJURY / DRIVE AWAY,,,Y,"OVER $1,500",01/10/2025 06:20:00 PM,IMPROPER OVERTAKING/PASSING,UNABLE TO DETERMINE,1207,N,CLARK ST,1824.0,,,,,,,2,NO INDICATION OF INJURY,0.0,0.0,0.0,0.0,0.0,2.0,0.0,8,6,1,41.904161116,-87.631306145,POINT (-87.631306145055 41.904161115996),2025-01-10 08:00:00
20f1b0321a417b963669d56e8e8e0f505670c8c36840cb70c7a7c3d9b133b8fa8527889a1880884a56dd2567301e299d188c1489134bfa60a26a062089d1d9c5,,01/10/2025 07:57:00 AM,30,NO CONTROLS,NO CONTROLS,SNOW,DAYLIGHT,PARKED MOTOR VEHICLE,DIVIDED - W/MEDIAN (NOT RAISED),,"CURVE, LEVEL",SNOW OR SLUSH,UNKNOWN,ON SCENE,NO INJURY / DRIVE AWAY,,,,"OVER $1,500",01/10/2025 07:59:00 AM,WEATHER,UNABLE TO DETERMINE,7109,S,SOUTH SHORE DR,334.0,,,,,,,2,NO INDICATION OF INJURY,0.0,0.0,0.0,0.0,0.0,1.0,0.0,7,6,1,41.766073827,-87.562420467,POINT (-87.562420466642 41.766073826979),2025-01-10 07:57:00
9f8a405f1c64ba12c6905efe882c0f439a0fa92fac65a5e9db5578a772fdc40a9c79526226decfe20eef9d84c73e47a71ca8bbb16e5b829c4a9e5c8cf8427a60,,01/10/2025 07:55:00 AM,25,STOP SIGN/FLASHER,FUNCTIONING PROPERLY,SNOW,DAYLIGHT,ANGLE,ONE-WAY,,STRAIGHT AND LEVEL,SNOW OR SLUSH,NO DEFECTS,ON SCENE,NO INJURY / DRIVE AWAY,Y,,,"OVER $1,500",01/10/2025 08:05:00 AM,FAILING TO YIELD RIGHT-OF-WAY,WEATHER,1800,S,HAMLIN AVE,1014.0,,,,,,,2,NO INDICATION OF INJURY,0.0,0.0,0.0,0.0,0.0,4.0,0.0,7,6,1,41.856989988,-87.720144092,POINT (-87.720144091715 41.856989987884),2025-01-10 07:55:00
553bafb842a11e737f635e0ed67f160e1b2dda7ac2947b8f2fc002cbd3d066ab531d635578ef1c6f2ab55af6a5e506556144650205e13d3594e5fcf15eea91d0,,01/10/2025 07:53:00 AM,30,TRAFFIC SIGNAL,FUNCTIONING PROPERLY,SNOW,DAYLIGHT,ANGLE,T-INTERSECTION,,STRAIGHT AND LEVEL,SNOW OR SLUSH,NO DEFECTS,ON SCENE,INJURY AND / OR TOW DUE TO CRASH,Y,,,"OVER $1,500",01/10/2025 07:54:00 AM,UNABLE TO DETERMINE,UNABLE TO DETERMINE,400,E,47TH ST,221.0,,,,,,,2,NONINCAPACITATING INJURY,4.0,0.0,0.0,4.0,0.0,5.0,0.0,7,6,1,41.809500465,-87.616206399,POINT (-87.616206399384 41.809500465169),2025-01-10 07:53:00
0429e3bd401971573a3ba91128c21d96fb847f5144709f997e1e687d4584ebc155dfb5cd6ee1b61abf89f79ddce05d83605deb7b0e33d94c03adc2910748d6c8,,01/10/2025 07:45:00 AM,30,NO CONTROLS,NO CONTROLS,SNOW,DAYLIGHT,PARKED MOTOR VEHICLE,NOT DIVIDED,,STRAIGHT AND LEVEL,SNOW OR SLUSH,NO DEFECTS,ON SCENE,INJURY AND / OR TOW DUE TO CRASH,,,,"OVER $1,500",01/10/2025 07:50:00 AM,WEATHER,UNABLE TO DETERMINE,3314,W,64TH PL,823.0,,,,,,,3,NONINCAPACITATING INJURY,1.0,0.0,0.0,1.0,0.0,1.0,0.0,7,6,1,41.776289162,-87.706143297,POINT (-87.706143296705 41.776289162334),2025-01-10 07:45:00
08ee82d5ced494bf13b366df9a9cbf3ab32703f67a903306d2c31bf63a50950c1a1b0aedb925412be8a78a39c7d807e47ac98410f3a309dce3d8d4c7533c6bf1,,01/10/2025 07:45:00 AM,30,NO CONTROLS,NO CONTROLS,SNOW,DAYLIGHT,REAR END,FOUR WAY,,STRAIGHT AND LEVEL,SNOW OR SLUSH,NO DEFECTS,NOT ON SCENE (DESK REPORT),NO INJURY / DRIVE AWAY,Y,,,"OVER $1,500",01/10/2025 09:00:00 AM,WEATHER,WEATHER,4602,W,FULLERTON AVE,2521.0,,,,,,,2,NO INDICATION OF INJURY,0.0,0.0,0.0,0.0,0.0,2.0,0.0,7,6,1,41.92440834,-87.741953007,POINT (-87.741953006811 41.924408340353),2025-01-10 07:45:00
e6bae02e19cb82a4dc404a34a7e9be596db4323c31487d4f0c29e1b4bf3b7081fe378a0ffae0364f088dbae77e88761ddc1c6a1c7377cedc98661981e169d4a9,,01/10/2025 07:45:00 AM,30,TRAFFIC SIGNAL,FUNCTIONING PROPERLY,CLEAR,DAYLIGHT,PEDESTRIAN,FOUR WAY,,STRAIGHT AND LEVEL,DRY,NO DEFECTS,NOT ON SCENE (DESK REPORT),NO INJURY / DRIVE AWAY,Y,,,"OVER $1,500",01/13/2025 12:45:00 PM,UNABLE TO DETERMINE,NOT APPLICABLE,111,W,VAN BUREN ST,122.0,,,,,,,2,NO INDICATION OF INJURY,0.0,0.0,0.0,0.0,0.0,2.0,0.0,7,6,1,41.876770558,-87.631127027,POINT (-87.631127027384 41.876770557513),2025-01-10 07:45:00
d29a47dd5590ad2abe45bcd142d0df5290b7e122beacb928ec0eb641ec2931d11dc2b413c14344f8e5b7a6a64c12f8cb2a0815c77cd2f281fdc11f182c4847e4,,01/10/2025 07:44:00 AM,30,NO CONTROLS,NO CONTROLS,SNOW,DAYLIGHT,REAR END,NOT DIVIDED,,STRAIGHT AND LEVEL,SNOW OR SLUSH,NO DEFECTS,ON SCENE,NO INJURY / DRIVE AWAY,,,,"$501 - $1,500",01/10/2025 07:45:00 AM,DRIVING SKILLS/KNOWLEDGE/EXPERIENCE,UNABLE TO DETERMINE,524,W,OHARE ST,1654.0,,,,,,,2,NO INDICATION OF INJURY,0.0,0.0,0.0,0.0,0.0,3.0,0.0,7,6,1,,,,2025-01-10 07:44:00
c9dfa339d4fdb1016581969827375e9f0ef118ca8c44f7316664292435d79ca01d1233dad85b9874a9142dcd4198da6469a6a127555267b3bcb62a7e37134ce2,,01/10/2025 07:43:00 AM,30,TRAFFIC SIGNAL,FUNCTIONING PROPERLY,SNOW,DAYLIGHT,REAR END,NOT DIVIDED,,STRAIGHT AND LEVEL,SNOW OR SLUSH,NO DEFECTS,ON SCENE,NO INJURY / DRIVE AWAY,,,,"OVER $1,500",01/10/2025 07:53:00 AM,FOLLOWING TOO CLOSELY,NOT APPLICABLE,7900,S,HALSTED ST,621.0,,,,,,,3,NO INDICATION OF INJURY,0.0,0.0,0.0,0.0,0.0,4.0,0.0,7,6,1,41.750549559,-87.644188368,POINT (-87.644188367841 41.750549559439),2025-01-10 07:43:00
36b7b62e86a91ae24bae08cc192e8ecf75a470fc0505a3cef0b63f9fb9cc88397178d86c4f555ea86d0b3e41b6e5813b7a8c91bdacca09e15fff215ce64f1d7c,,01/10/2025 07:30:00 AM,30,TRAFFIC SIGNAL,FUNCTIONING PROPERLY,SNOW,DAYLIGHT,PEDESTRIAN,FOUR WAY,,STRAIGHT AND LEVEL,SNOW OR SLUSH,NO DEFECTS,ON SCENE,NO INJURY / DRIVE AWAY,Y,,,$500 OR LESS,01/10/2025 07:40:00 AM,DISREGARDING TRAFFIC SIGNALS,NOT APPLICABLE,5200,N,CLARK ST,2012.0,,,,,,,2,NO INDICATION OF INJURY,0.0,0.0,0.0,0.0,0.0,2.0,0.0,7,6,1,41.976230337,-87.668567175,POINT (-87.668567175023 41.976230336649),2025-01-10 07:30:00
542fba9bc4a93b6abfa5482e707bf17e002c81bc650d8384ef03e64ab6bfe7e0c608a6213670a1b1cf6a17d38665666ae4bc3cfaca00bff1a911924c72af9806,,01/10/2025 07:30:00 AM,30,NO CONTROLS,NO CONTROLS,SNOW,DAYLIGHT,TURNING,NOT DIVIDED,,STRAIGHT AND LEVEL,SNOW OR SLUSH,NO DEFECTS,NOT ON SCENE (DESK REPORT),NO INJURY / DRIVE AWAY,,,Y,"OVER $1,500",01/10/2025 08:30:00 AM,FOLLOWING TOO CLOSELY,FOLLOWING TOO CLOSELY,5557,N,BROADWAY,2023.0,,,,,,,2,NO INDICATION OF INJURY,0.0,0.0,0.0,0.0,0.0,2.0,0.0,7,6,1,41.98347671,-87.659917426,POINT (-87.659917425798 41.983476710333),2025-01-10 07:30:00
c4b29a304fc07272097470e431cc55aab02077a894535d63397c25fe42fa40bb67b396a11b1107652a98b67cf15768589a0ed964e2783ffd8caf111a82657eeb,,01/10/2025 07:30:00 AM,30,NO CONTROLS,NO CONTROLS,SNOW,DAYLIGHT,REAR END,NOT DIVIDED,,STRAIGHT AND LEVEL,SNOW OR SLUSH,NO DEFECTS,ON SCENE,NO INJURY / DRIVE AWAY,,,,"OVER $1,500",01/10/2025 07:32:00 AM,FOLLOWING TOO CLOSELY,NOT APPLICABLE,822,N,CENTRAL AVE,1511.0,,,,,,,2,NO INDICATION OF INJURY,0.0,0.0,0.0,0.0,0.0,2.0,0.0,7,6,1,41.895539439,-87.765566245,POINT (-87.765566244876 41.895539438877),2025-01-10 07:30:00
b1dcb0dbff8c55f4adca580f6d7ab275685ff2910b17525d9a4a259aba236140ef077ecde877af9b92432c64794b9e50b6c00bd176c67eb1c07c6409fc4433f4,,01/10/2025 07:16:00 AM,30,STOP SIGN/FLASHER,FUNCTIONING PROPERLY,SNOW,DAYLIGHT,REAR END,NOT DIVIDED,,STRAIGHT AND LEVEL,SNOW OR SLUSH,NO DEFECTS,ON SCENE,NO INJURY / DRIVE AWAY,Y,,,"OVER $1,500",01/10/2025 07:21:00 AM,WEATHER,NOT APPLICABLE,299,E,79TH ST,623.0,,,,,,,2,NO INDICATION OF INJURY,0.0,0.0,0.0,0.0,0.0,4.0,0.0,7,6,1,41.750951645,-87.618230625,POINT (-87.618230624753 41.750951644579),2025-01-10 07:16:00
6d46506171c1f5c4a230bc3bf7be8657b64a9532cd23618ce2c7d9cc495be3810598ed0f0e930a3f828c46d8f1c5498c5ef175088ec23a239f7899c5ad089ceb,,01/10/2025 07:15:00 AM,35,STOP SIGN/FLASHER,FUNCTIONING PROPERLY,SNOW,DAYLIGHT,REAR END,NOT DIVIDED,,STRAIGHT AND LEVEL,DRY,NO DEFECTS,NOT ON SCENE (DESK REPORT),NO INJURY / DRIVE AWAY,,,Y,"$501 - $1,500",01/10/2025 03:00:00 PM,FOLLOWING TOO CLOSELY,FOLLOWING TOO CLOSELY,855,W,MADISON ST,1232.0,,,,,,,2,NO INDICATION OF INJURY,0.0,0.0,0.0,0.0,0.0,2.0,0.0,7,6,1,41.881631137,-87.649547598,POINT (-87.649547598471 41.881631136866),2025-01-10 07:15:00
771fae29e8c2b94559375d4841509f9e2d97c71aa93a7ed8476e001eb7a7125f92a0d60d410b2ffc7d4010bbef7f93867057be741712356aa43f985647b1349a,,01/10/2025 07:15:00 AM,30,TRAFFIC SIGNAL,FUNCTIONING PROPERLY,SNOW,DAYLIGHT,REAR END,NOT DIVIDED,,STRAIGHT AND LEVEL,SNOW OR SLUSH,NO DEFECTS,NOT ON SCENE (DESK REPORT),INJURY AND / OR TOW DUE TO CRASH,,,,"OVER $1,500",01/10/2025 10:15:00 AM,WEATHER,UNABLE TO DETERMINE,301,S,DAMEN AVE,1225.0,,,,,,,2,NO INDICATION OF INJURY,0.0,0.0,0.0,0.0,0.0,2.0,0.0,7,6,1,41.877417111,-87.676397205,POINT (-87.67639720517 41.877417111369),2025-01-10 07:15:00