CRASH_RECORD_ID,CRASH_DATE_EST_I,CRASH_DATE,POSTED_SPEED_LIMIT,TRAFFIC_CONTROL_DEVICE,DEVICE_CONDITION,WEATHER_CONDITION,LIGHTING_CONDITION,FIRST_CRASH_TYPE,TRAFFICWAY_TYPE,LANE_CNT,ALIGNMENT,ROADWAY_SURFACE_COND,ROAD_DEFECT,REPORT_TYPE,CRASH_TYPE,INTERSECTION_RELATED_I,NOT_RIGHT_OF_WAY_I,HIT_AND_RUN_I,DAMAGE,DATE_POLICE_NOTIFIED,PRIM_CONTRIBUTORY_CAUSE,SEC_CONTRIBUTORY_CAUSE,STREET_NO,STREET_DIRECTION,STREET_NAME,BEAT_OF_OCCURRENCE,PHOTOS_TAKEN_I,STATEMENTS_TAKEN_I,DOORING_I,WORK_ZONE_I,WORK_ZONE_TYPE,WORKERS_PRESENT_I,NUM_UNITS,MOST_SEVERE_INJURY,INJURIES_TOTAL,INJURIES_FATAL,INJURIES_INCAPACITATING,INJURIES_NON_INCAPACITATING,INJURIES_REPORTED_NOT_EVIDENT,INJURIES_NO_INDICATION,INJURIES_UNKNOWN,CRASH_HOUR,CRASH_DAY_OF_WEEK,CRASH_MONTH,LATITUDE,LONGITUDE,LOCATION,timestamp
d6dfb6eee1677c1dedbb47589f98796a92602bb6bd1ce4dfa4860b6aead1e124ded6e30a72d2127b96893416e8fc93bdd3ecc1f4173fcca002129e7222d330e4,,01/10/2025 07:14:00 AM,30,TRAFFIC SIGNAL,FUNCTIONING PROPERLY,SNOW,DAYLIGHT,ANGLE,FOUR WAY,,STRAIGHT AND LEVEL,SNOW OR SLUSH,NO DEFECTS,ON SCENE,NO INJURY / DRIVE AWAY,Y,,,"$501 - $1,500",01/10/2025 07:45:00 AM,DISREGARDING TRAFFIC SIGNALS,WEATHER,300,S,CALIFORNIA AVE,1124.0,,,,,,,2,NO INDICATION OF INJURY,0.0,0.0,0.0,0.0,0.0,2.0,0.0,7,6,1,41.877396109,-87.696338916,POINT (-87.696338915529 41.87739610872),2025-01-10 07:14:00
65debbbd5113f4a94df6ddd9f3cba8a349294c847ac0899bf3c108d26603fe030999f5dfaabd7c6eac63f3c9577e675c995d06ec16801a04c16e96ef298d3b4a,,01/10/2025 07:00:00 AM,20,NO CONTROLS,NO CONTROLS,SNOW,DAYLIGHT,PARKED MOTOR VEHICLE,NOT DIVIDED,,STRAIGHT AND LEVEL,SNOW OR SLUSH,NO DEFECTS,ON SCENE,NO INJURY / DRIVE AWAY,,,Y,"OVER $1,500",01/10/2025 10:25:00 AM,UNABLE TO DETERMINE,NOT APPLICABLE,3429,S,ABERDEEN ST,913.0,,,,,,,2,NO INDICATION OF INJURY,0.0,0.0,0.0,0.0,0.0,1.0,0.0,7,6,1,41.831808675,-87.653279368,POINT (-87.653279368256 41.83180867503),2025-01-10 07:00:00
95921bf3a0dd0d98d5c4daad7cbd3f77a357de1a85bb9f43880572c84d753dbc7380a303c9339b42b80246f579b7b117ab75ba6da2958c5b9d93c5094f8b5fba,,01/10/2025 07:00:00 AM,30,NO CONTROLS,NO CONTROLS,SNOW,DAYLIGHT,REAR END,NOT DIVIDED,,STRAIGHT AND LEVEL,SNOW OR SLUSH,NO DEFECTS,ON SCENE,INJURY AND / OR TOW DUE TO CRASH,,,,"OVER $1,500",01/10/2025 07:08:00 AM,WEATHER,UNABLE TO DETERMINE,200,W,87TH ST,622.0,,,,,,,2,"REPORTED, NOT EVIDENT",2.0,0.0,0.0,0.0,2.0,1.0,0.0,7,6,1,41.736261699,-87.629064716,POINT (-87.629064716425 41.736261699376),2025-01-10 07:00:00
5687cb2fecd237f86ba2f5ef659b15c513d5dbe8e472879076c8e139c9ed6dfb858402f864b8e9f3ef1b8a6ad96e245a775ed6b32d4bfef7d4bb6aa96a96f518,,01/10/2025 06:55:00 AM,30,TRAFFIC SIGNAL,NO CONTROLS,SNOW,DAYLIGHT,REAR END,NOT DIVIDED,,STRAIGHT AND LEVEL,SNOW OR SLUSH,UNKNOWN,ON SCENE,NO INJURY / DRIVE AWAY,,,,$500 OR LESS,01/10/2025 07:15:00 AM,UNABLE TO DETERMINE,UNABLE TO DETERMINE,3179,W,45TH ST,922.0,,,,,,,2,NO INDICATION OF INJURY,0.0,0.0,0.0,0.0,0.0,2.0,0.0,6,6,1,41.811649845,-87.704052163,POINT (-87.704052163023 41.811649845476),2025-01-10 06:55:00
6c4f02faf8d1b8d2a21351cb4e443cb1c004c9a327aeabb8dbfd33cd55ec9dcdbc0dbae5ed1ac7bab0f06f85a048f87394fe03691409bf1db7f3fbeead85efc3,,01/10/2025 06:45:00 AM,30,TRAFFIC SIGNAL,FUNCTIONING PROPERLY,SNOW,DUSK,REAR END,DIVIDED - W/MEDIAN (NOT RAISED),,STRAIGHT AND LEVEL,WET,UNKNOWN,NOT ON SCENE (DESK REPORT),NO INJURY / DRIVE AWAY,Y,,,"OVER $1,500",01/13/2025 02:15:00 PM,UNABLE TO DETERMINE,UNABLE TO DETERMINE,1205,S,CENTRAL PARK AVE,1021.0,,,,,,,2,NO INDICATION OF INJURY,0.0,0.0,0.0,0.0,0.0,2.0,0.0,6,6,1,41.866105336,-87.715268118,POINT (-87.715268117602 41.866105336028),2025-01-10 06:45:00
96e24ce2a12c2b06356dbd92c073399f5d77ecac403eeb2db4408ff7c27649f27cbd0602854d1d58a7f0e98303792c4cf7a66ed640f0fac333df475167f71317,,01/10/2025 06:42:00 AM,30,NO CONTROLS,NO CONTROLS,SNOW,DAYLIGHT,TURNING,NOT DIVIDED,,STRAIGHT AND LEVEL,WET,NO DEFECTS,NOT ON SCENE (DESK REPORT),NO INJURY / DRIVE AWAY,,,,"$501 - $1,500",01/10/2025 07:00:00 AM,UNABLE TO DETERMINE,UNABLE TO DETERMINE,6831,S,COTTAGE GROVE AVE,321.0,,,,,,,2,NO INDICATION OF INJURY,0.0,0.0,0.0,0.0,0.0,2.0,0.0,6,6,1,41.770386161,-87.605558866,POINT (-87.605558866124 41.770386160689),2025-01-10 06:42:00
3c933b8d35266a1612286059ac4a88f3b524b5c016d73c7fea2c149494fb7f9aea3294b4cb8b54a05a49297ef01ef41953cc268fca61501abfd04fe6a2445205,,01/10/2025 06:40:00 AM,30,UNKNOWN,UNKNOWN,SNOW,DAWN,SIDESWIPE SAME DIRECTION,ONE-WAY,,STRAIGHT AND LEVEL,SNOW OR SLUSH,NO DEFECTS,NOT ON SCENE (DESK REPORT),NO INJURY / DRIVE AWAY,,,Y,"$501 - $1,500",01/10/2025 06:55:00 AM,IMPROPER OVERTAKING/PASSING,IMPROPER OVERTAKING/PASSING,5630,S,WENTWORTH AVE,225.0,,,,,,,2,NO INDICATION OF INJURY,0.0,0.0,0.0,0.0,0.0,2.0,0.0,6,6,1,41.791750463,-87.630573513,POINT (-87.630573512903 41.791750463463),2025-01-10 06:40:00
34ee64a534efe4ed136ae870a2e40a74e48f172ac9dfab1729b511d3da10cc85c03af61d2c87842586c1d36712b8eccff30401ab5d55746749a872efa21341e0,,01/10/2025 06:39:00 AM,30,TRAFFIC SIGNAL,FUNCTIONING PROPERLY,CLEAR,"DARKNESS, LIGHTED ROAD",ANGLE,DIVIDED - W/MEDIAN (NOT RAISED),,STRAIGHT AND LEVEL,WET,NO DEFECTS,ON SCENE,INJURY AND / OR TOW DUE TO CRASH,Y,,,"OVER $1,500",01/10/2025 06:44:00 AM,DISREGARDING TRAFFIC SIGNALS,NOT APPLICABLE,4400,W,JACKSON BLVD,1113.0,,,,,,,2,NONINCAPACITATING INJURY,2.0,0.0,0.0,2.0,0.0,2.0,0.0,6,6,1,41.877074588,-87.735473968,POINT (-87.735473968311 41.877074587616),2025-01-10 06:39:00
178b25e3799f6dae5b0f25bd5cddfe7e651d3ce8698c4ab59b5b330d6ab2ea915a31948a5691a28a6cb47b4c6a3e34d72e8111446f04f017f30cee04a46cea47,,01/10/2025 06:29:00 AM,30,TRAFFIC SIGNAL,FUNCTIONING PROPERLY,SNOW,"DARKNESS, LIGHTED ROAD",PEDESTRIAN,FOUR WAY,,STRAIGHT AND LEVEL,SNOW OR SLUSH,NO DEFECTS,ON SCENE,INJURY AND / OR TOW DUE TO CRASH,Y,,,$500 OR LESS,01/10/2025 06:44:00 AM,UNABLE TO DETERMINE,UNABLE TO DETERMINE,5500,S,LAWNDALE AVE,822.0,,,,,,,2,NONINCAPACITATING INJURY,1.0,0.0,0.0,1.0,0.0,1.0,0.0,6,6,1,41.793265554,-87.715956212,POINT (-87.715956212349 41.793265553625),2025-01-10 06:29:00
e80387fa3fc43b91d6a5374390cf63706c70f3e513240667c08d6c5fb359b2bd1cef7be7ec7a7f4af931b7d03bfd7050a18d3afd73caa7596bc32fba4b939eef,,01/10/2025 06:00:00 AM,30,TRAFFIC SIGNAL,NO CONTROLS,SNOW,DAWN,ANGLE,FOUR WAY,,STRAIGHT AND LEVEL,DRY,NO DEFECTS,ON SCENE,INJURY AND / OR TOW DUE TO CRASH,Y,,,"OVER $1,500",01/10/2025 06:06:00 AM,WEATHER,UNABLE TO DETERMINE,143,N,JEFFERSON ST,121.0,,,,,,,2,"REPORTED, NOT EVIDENT",2.0,0.0,0.0,0.0,2.0,0.0,0.0,6,6,1,41.884372136,-87.642585247,POINT (-87.6425852468 41.884372136115),2025-01-10 06:00:00
1eeb58735923b6a7dee6b6ad7cc7946c0c601eddceba4f60057bb6a1fca62461e95b4c172f70f41d22929f222a2584cd3fa1cda6390877cd59f464f3a63dd325,,01/10/2025 05:30:00 AM,30,STOP SIGN/FLASHER,FUNCTIONING PROPERLY,SNOW,"DARKNESS, LIGHTED ROAD",PARKED MOTOR VEHICLE,ONE-WAY,,STRAIGHT AND LEVEL,SNOW OR SLUSH,NO DEFECTS,ON SCENE,NO INJURY / DRIVE AWAY,,,,"OVER $1,500",01/12/2025 01:00:00 PM,UNABLE TO DETERMINE,UNABLE TO DETERMINE,4954,S,PEORIA ST,933.0,,,,,,,2,NO INDICATION OF INJURY,0.0,0.0,0.0,0.0,0.0,1.0,0.0,5,6,1,41.803551376,-87.647972426,POINT (-87.64797242555 41.803551376176),2025-01-10 05:30:00
e42c1463e8cdfafabc71c0df9cdcddcd456d85fd9ea272e589fbbcff0bbe3977a3a3fd4351950a6d15dd0eff66609bc829e65ef56ba00f6f4815128c5047d1ad,,01/10/2025 05:25:00 AM,30,UNKNOWN,UNKNOWN,SNOW,DARKNESS,PARKED MOTOR VEHICLE,NOT DIVIDED,,STRAIGHT AND LEVEL,SNOW OR SLUSH,UNKNOWN,ON SCENE,INJURY AND / OR TOW DUE TO CRASH,,,Y,"OVER $1,500",01/10/2025 05:55:00 AM,NOT APPLICABLE,UNABLE TO DETERMINE,10136,S,EWING AVE,432.0,,,,,,,3,NO INDICATION OF INJURY,0.0,0.0,0.0,0.0,0.0,1.0,0.0,5,6,1,41.710901077,-87.535428281,POINT (-87.535428281083 41.710901077237),2025-01-10 05:25:00
29a71c0af3d722b4fcf01b513d5e0ffcaca9bcdbac756bfa98aa13c5ffbdf6228cac554e38c4d045960af12a1311113a8cd6535b74ae1ee6130d2b0f46bb8f4a,,01/10/2025 05:22:00 AM,30,TRAFFIC SIGNAL,FUNCTIONING PROPERLY,SNOW,"DARKNESS, LIGHTED ROAD",TURNING,CENTER TURN LANE,,STRAIGHT AND LEVEL,WET,UNKNOWN,ON SCENE,INJURY AND / OR TOW DUE TO CRASH,Y,,,"$501 - $1,500",01/10/2025 05:22:00 AM,WEATHER,NOT APPLICABLE,6100,S,ASHLAND AVE,714.0,,,,,,,3,NO INDICATION OF INJURY,0.0,0.0,0.0,0.0,0.0,3.0,0.0,5,6,1,41.783017612,-87.664454012,POINT (-87.664454012253 41.783017611514),2025-01-10 05:22:00
6df3ecc8468253c4f5d08333ce0213afede0e2d66160a478724be42efed0a8bb7d67cfd28114918fd604e79c1d1f14bb0a3fddb65197a58be22f595bcb12adae,,01/10/2025 05:12:00 AM,30,UNKNOWN,UNKNOWN,CLEAR,DAWN,REAR END,NOT DIVIDED,,STRAIGHT AND LEVEL,DRY,UNKNOWN,NOT ON SCENE (DESK REPORT),NO INJURY / DRIVE AWAY,,,,"OVER $1,500",01/10/2025 06:30:00 AM,FOLLOWING TOO CLOSELY,FOLLOWING TOO CLOSELY,1600,W,61ST ST,714.0,,,,,,,2,NO INDICATION OF INJURY,0.0,0.0,0.0,0.0,0.0,2.0,0.0,5,6,1,41.783219496,-87.664342831,POINT (-87.664342831289 41.783219495559),2025-01-10 05:12:00
44a55c8312b2b52ba37e26ffff3059ca33945cf3d7c28790c74b1896beec421172bc259dfb252793b315a3076715527eb342f603a677e4da5310ab999a3bb018,,01/10/2025 05:10:00 AM,30,NO CONTROLS,NO CONTROLS,SNOW,"DARKNESS, LIGHTED ROAD",TURNING,NOT DIVIDED,,STRAIGHT AND LEVEL,WET,NO DEFECTS,ON SCENE,INJURY AND / OR TOW DUE TO CRASH,,,,"OVER $1,500",01/10/2025 05:23:00 AM,IMPROPER LANE USAGE,WEATHER,2016,W,111TH ST,2212.0,,,,,,,2,"REPORTED, NOT EVIDENT",1.0,0.0,0.0,0.0,1.0,2.0,0.0,5,6,1,41.692028327,-87.672644187,POINT (-87.672644186592 41.692028327018),2025-01-10 05:10:00
4f454074e9f09084828d03a560998c052fd73239a82901c832d7007108a29f6eac23b3ce39b35574d9f71afe33c0fdadb62f83e02c889470c534c65378eb1f1a,,01/10/2025 05:10:00 AM,30,TRAFFIC SIGNAL,NO CONTROLS,SNOW,DAWN,SIDESWIPE SAME DIRECTION,NOT DIVIDED,,STRAIGHT AND LEVEL,SNOW OR SLUSH,NO DEFECTS,NOT ON SCENE (DESK REPORT),INJURY AND / OR TOW DUE TO CRASH,,,Y,"$501 - $1,500",01/10/2025 05:30:00 PM,UNABLE TO DETERMINE,UNABLE TO DETERMINE,2256,E,103RD ST,431.0,,,,,,,2,"REPORTED, NOT EVIDENT",1.0,0.0,0.0,0.0,1.0,1.0,0.0,5,6,1,41.708153992,-87.568276684,POINT (-87.568276683625 41.70815399245),2025-01-10 05:10:00
3be38cb38456eff9cecd6764a59997d263bc3fdbef6c4417667ff0f9ca5998efa92e28a900dcf4f08d6c88d59db3ffff25fcbac374b5d2bb7f2a4d74d7b37e04,,01/10/2025 05:00:00 AM,30,NO CONTROLS,NO CONTROLS,UNKNOWN,UNKNOWN,PARKED MOTOR VEHICLE,ONE-WAY,,STRAIGHT AND LEVEL,UNKNOWN,UNKNOWN,NOT ON SCENE (DESK REPORT),INJURY AND / OR TOW DUE TO CRASH,,,Y,"OVER $1,500",01/11/2025 03:00:00 PM,UNABLE TO DETERMINE,UNABLE TO DETERMINE,1546,N,KEDVALE AVE,2534.0,,,,,,,2,NO INDICATION OF INJURY,0.0,0.0,0.0,0.0,0.0,1.0,0.0,5,6,1,41.909430055,-87.730331238,POINT (-87.730331237716 41.909430055093),2025-01-10 05:00:00
fb2cb225b0a9d663c6af16e9ecebd63523b9c08e21d0fc862d3c1b6bf726d76eb70645715151dede105c43faae93e8d360fa6f2c1311691ec68276032dcdb4c3,,01/10/2025 05:00:00 AM,30,TRAFFIC SIGNAL,FUNCTIONING PROPERLY,CLEAR,DAYLIGHT,TURNING,FOUR WAY,,STRAIGHT AND LEVEL,UNKNOWN,UNKNOWN,NOT ON SCENE (DESK REPORT),NO INJURY / DRIVE AWAY,Y,,,"OVER $1,500",01/10/2025 05:20:00 AM,DISREGARDING TRAFFIC SIGNALS,DISREGARDING TRAFFIC SIGNALS,3100,S,DR MARTIN LUTHER KING JR DR,211.0,,,,,,,2,NO INDICATION OF INJURY,0.0,0.0,0.0,0.0,0.0,2.0,0.0,5,6,1,41.838326941,-87.617612661,POINT (-87.617612661462 41.838326941218),2025-01-10 05:00:00
4f8231a5ef951cbde090ff606fde94e144a932152a15f78905132cc751f440811e4677184a4f6fad8f77f6fa589654652e61d6fdd0c8682aa871dfde418de49b,,01/10/2025 04:13:00 AM,30,TRAFFIC SIGNAL,FUNCTIONING PROPERLY,CLEAR,"DARKNESS, LIGHTED ROAD",FIXED OBJECT,NOT REPORTED,,STRAIGHT AND LEVEL,DRY,NO DEFECTS,ON SCENE,INJURY AND / OR TOW DUE TO CRASH,Y,,,"OVER $1,500",01/10/2025 04:13:00 AM,UNABLE TO DETERMINE,UNABLE TO DETERMINE,2401,W,VAN BUREN ST,1135.0,,,,,,,1,NO INDICATION OF INJURY,0.0,0.0,0.0,0.0,0.0,1.0,0.0,4,6,1,41.875972531,-87.686329488,POINT (-87.686329487776 41.875972530571),2025-01-10 04:13:00
5b52983d8d743e4a7afe5af583be63ab956114fb0ad78e39dcd92533725f167cab7ec5b9ba15a3ed82904027ac96bc90e75523c7186a1e50fe09b230d2ad9e3a,,01/10/2025 03:30:00 AM,25,NO CONTROLS,NO CONTROLS,CLEAR,"DARKNESS, LIGHTED ROAD",PARKED MOTOR VEHICLE,ALLEY,,STRAIGHT AND LEVEL,DRY,NO DEFECTS,ON SCENE,NO INJURY / DRIVE AWAY,,,Y,"OVER $1,500",01/10/2025 03:30:00 AM,IMPROPER BACKING,FAILING TO REDUCE SPEED TO AVOID CRASH,12225,S,STATE ST,532.0,,,,,,,2,NO INDICATION OF INJURY,0.0,0.0,0.0,0.0,0.0,1.0,0.0,3,6,1,41.671692695,-87.622323849,POINT (-87.622323848568 41.671692694553),2025-01-10 03:30:00
b4910c546a337a170e52f28262d2b511cf0415c15457c5bcd526db29eba653d331ea67ceeb3455fac04863b8c2b162a8e39246e196be0a1e3d0d95dba3cbf04c,,01/10/2025 03:30:00 AM,45,NO CONTROLS,NO CONTROLS,CLEAR,DARKNESS,FIXED OBJECT,DIVIDED - W/MEDIAN BARRIER,,"CURVE, LEVEL",ICE,NO DEFECTS,ON SCENE,INJURY AND / OR TOW DUE TO CRASH,,,,"OVER $1,500",01/10/2025 03:35:00 AM,FAILING TO REDUCE SPEED TO AVOID CRASH,NOT APPLICABLE,5501,S,LAKE SHORE DR SB,235.0,,,,,,,1,INCAPACITATING INJURY,1.0,0.0,1.0,0.0,0.0,0.0,0.0,3,6,1,41.795150446,-87.578955631,POINT (-87.578955630782 41.795150445584),2025-01-10 03:30:00
3ee33e0235f347706c0812fa0c039afeafbc77fb6da588b15e51118805268487957fdb89717ac5d99be1386e97dac42bae24dab46bde38a88a21fa86ac14cea2,,01/10/2025 03:10:00 AM,15,NO CONTROLS,OTHER,SNOW,DAYLIGHT,SIDESWIPE SAME DIRECTION,ALLEY,,STRAIGHT AND LEVEL,SNOW OR SLUSH,UNKNOWN,NOT ON SCENE (DESK REPORT),NO INJURY / DRIVE AWAY,,,Y,"OVER $1,500",01/10/2025 04:45:00 AM,UNABLE TO DETERMINE,NOT APPLICABLE,6156,S,ALBANY AVE,823.0,,,,,,,2,NO INDICATION OF INJURY,0.0,0.0,0.0,0.0,0.0,2.0,0.0,3,6,1,41.780971713,-87.700902288,POINT (-87.700902287962 41.780971713403),2025-01-10 03:10:00
9b25cba0b082fdd65fe9a127db2ee74ec9730c93f02140d366807997415f03f9010f770892abb1d221c3a9d1f9f497b2a750b871c21fe94dbe66c86fdf6ad89e,,01/10/2025 03:00:00 AM,30,STOP SIGN/FLASHER,FUNCTIONING PROPERLY,SNOW,"DARKNESS, LIGHTED ROAD",PARKED MOTOR VEHICLE,NOT DIVIDED,,STRAIGHT AND LEVEL,SNOW OR SLUSH,UNKNOWN,ON SCENE,INJURY AND / OR TOW DUE TO CRASH,,,Y,"OVER $1,500",01/10/2025 09:52:00 AM,UNABLE TO DETERMINE,NOT APPLICABLE,3034,E,CHELTENHAM PL,421.0,,,,,,,2,NO INDICATION OF INJURY,0.0,0.0,0.0,0.0,0.0,1.0,0.0,3,6,1,41.752626122,-87.551304222,POINT (-87.551304222484 41.752626121511),2025-01-10 03:00:00
8d8467c0fd13827bd04484840f606dd75bd286defbc37d51850fc271355100f566a63e6f05bf771bd4ecaaf0cd20c7d52ec75ff2f8c27420026a33eab698a2c5,,01/10/2025 02:15:00 AM,30,NO CONTROLS,NO CONTROLS,CLEAR,DARKNESS,PARKED MOTOR VEHICLE,ONE-WAY,,STRAIGHT AND LEVEL,DRY,NO DEFECTS,ON SCENE,NO INJURY / DRIVE AWAY,,,Y,"OVER $1,500",01/10/2025 02:20:00 AM,UNABLE TO DETERMINE,UNABLE TO DETERMINE,8020,S,MANISTEE AVE,422.0,,,,,,,2,NO INDICATION OF INJURY,0.0,0.0,0.0,0.0,0.0,1.0,0.0,2,6,1,41.749371547,-87.557849779,POINT (-87.557849779379 41.749371547069),2025-01-10 02:15:00
0a72b4ebc17dbdd32c760e32370e8f71bbecc03ce1aaadc519660c0d04b192e04304e11d2a5d0b632be9c69d78f6a8d8d4369ba43aa8ae4b52ae88b71184b8b9,Y,01/10/2025 01:35:00 AM,25,NO CONTROLS,NO CONTROLS,CLEAR,"DARKNESS, LIGHTED ROAD",FIXED OBJECT,NOT DIVIDED,,STRAIGHT AND LEVEL,DRY,UNKNOWN,ON SCENE,INJURY AND / OR TOW DUE TO CRASH,,Y,,"OVER $1,500",01/10/2025 01:35:00 AM,DISREGARDING YIELD SIGN,NOT APPLICABLE,5832,S,HALSTED ST,712.0,,,,,,,1,NO INDICATION OF INJURY,0.0,0.0,0.0,0.0,0.0,1.0,0.0,1,6,1,41.787795751,-87.645135594,POINT (-87.645135593756 41.787795751036),2025-01-10 01:35:00
9020a050e47f18ae23e5ab28ce3e23cfe780d4659034701f8be1894d7ade28f26392b19177aa5c0558ea9f236e0b3e2da2ee78156500d5eb5039836c0645c116,N,01/10/2025 01:35:00 AM,15,OTHER,UNKNOWN,CLEAR,"DARKNESS, LIGHTED ROAD",PARKED MOTOR VEHICLE,NOT DIVIDED,,STRAIGHT AND LEVEL,DRY,UNKNOWN,ON SCENE,NO INJURY / DRIVE AWAY,,,,"OVER $1,500",01/10/2025 01:40:00 AM,PHYSICAL CONDITION OF DRIVER,UNDER THE INFLUENCE OF ALCOHOL/DRUGS (USE WHEN ARREST IS EFFECTED),5453,W,BARRY AVE,2514.0,,,,,,,2,NO INDICATION OF INJURY,0.0,0.0,0.0,0.0,0.0,1.0,0.0,1,6,1,41.936677676,-87.763683038,POINT (-87.763683037765 41.93667767647),2025-01-10 01:35:00
c413ea9af84893a7ba88e5f2c68ee72631950acf7e32f2259b9635bc3ae5d532336ce0c359689808c6c54d5e8b691b571f94cce292a500de48c9b9c2e3f7fba5,,01/10/2025 01:29:00 AM,30,TRAFFIC SIGNAL,FUNCTIONING PROPERLY,SNOW,DAYLIGHT,TURNING,NOT DIVIDED,,STRAIGHT AND LEVEL,SNOW OR SLUSH,NO DEFECTS,ON SCENE,NO INJURY / DRIVE AWAY,Y,,,"OVER $1,500",01/10/2025 02:00:00 PM,FAILING TO YIELD RIGHT-OF-WAY,UNABLE TO DETERMINE,630,W,LAKE ST,1214.0,,,,,,,2,NO INDICATION OF INJURY,0.0,0.0,0.0,0.0,0.0,3.0,0.0,1,6,1,41.88580702,-87.644171895,POINT (-87.644171894657 41.885807019662),2025-01-10 01:29:00
45fe93cb361fdb18e6d9fcbd9708dca1f5c1ed3cfa3bbbd25340b73a3ab35cb0b29cfd4bc1037e1f4da36eeb6b029667e1cf34d671b7830a19413b2b8a435733,,01/10/2025 01:00:00 AM,30,NO CONTROLS,NO CONTROLS,UNKNOWN,UNKNOWN,PARKED MOTOR VEHICLE,NOT DIVIDED,,STRAIGHT AND LEVEL,UNKNOWN,UNKNOWN,NOT ON SCENE (DESK REPORT),NO INJURY / DRIVE AWAY,,,Y,$500 OR LESS,01/13/2025 08:30:00 AM,UNABLE TO DETERMINE,NOT APPLICABLE,422,W,EVERGREEN AVE,1821.0,,,,,,,2,NO INDICATION OF INJURY,0.0,0.0,0.0,0.0,0.0,1.0,0.0,1,6,1,41.906610676,-87.639438063,POINT (-87.639438063119 41.906610676112),2025-01-10 01:00:00
547cd8ba49fba387c3b80185f2fb63c3f732db5bd9a534d26e42b582639d3e188406cef73b36fbf31f7c311a83800e4860e410ad9c89ba23d0a64efdd8ee2fda,,01/10/2025 01:00:00 AM,30,NO CONTROLS,NO CONTROLS,CLEAR,"DARKNESS, LIGHTED ROAD",PARKED MOTOR VEHICLE,ONE-WAY,,STRAIGHT AND LEVEL,UNKNOWN,UNKNOWN,NOT ON SCENE (DESK REPORT),NO INJURY / DRIVE AWAY,,,Y,"OVER $1,500",01/10/2025 03:00:00 PM,DRIVING SKILLS/KNOWLEDGE/EXPERIENCE,NOT APPLICABLE,3144,W,61ST ST,823.0,,,,,,,2,NO INDICATION OF INJURY,0.0,0.0,0.0,0.0,0.0,1.0,0.0,1,6,1,41.782725601,-87.70259572,POINT (-87.702595720336 41.782725600529),2025-01-10 01:00:00
525ec1952678f34d2713fd541d9ef28ebc392f953d7af7853204b9c10c02341f9816f1dded40888d31cd7a089453996998f2ca2285a264deb5021789bd555909,,01/10/2025 12:34:00 AM,20,NO CONTROLS,NO CONTROLS,CLEAR,DARKNESS,PARKED MOTOR VEHICLE,ONE-WAY,,STRAIGHT AND LEVEL,UNKNOWN,UNKNOWN,ON SCENE,INJURY AND / OR TOW DUE TO CRASH,,,,"OVER $1,500",01/10/2025 12:34:00 AM,UNABLE TO DETERMINE,UNABLE TO DETERMINE,5243,W,OHIO ST,1523.0,,,,,,,4,NO INDICATION OF INJURY,0.0,0.0,0.0,0.0,0.0,1.0,0.0,0,6,1,41.891072181,-87.757217984,POINT (-87.757217984013 41.891072180682),2025-01-10 00:34:00
ab4f68c0db0a2ed9ac4f122d5de1e2f31a7b0c937233d5a6bc3a14c4af2cd8c1b3ec56df53e48bf6de1db077dac3999d13ee6c8fe79fb4334e8bc9ad06450209,,01/10/2025 12:30:00 AM,30,NO CONTROLS,NO CONTROLS,CLEAR,"DARKNESS, LIGHTED ROAD",PEDALCYCLIST,NOT DIVIDED,,STRAIGHT AND LEVEL,DRY,NO DEFECTS,ON SCENE,NO INJURY / DRIVE AWAY,,,Y,$500 OR LESS,01/10/2025 12:30:00 AM,FAILING TO YIELD RIGHT-OF-WAY,IMPROPER TURNING/NO SIGNAL,1027,N,MILWAUKEE AVE,1213.0,,,,,,,2,NO INDICATION OF INJURY,0.0,0.0,0.0,0.0,0.0,2.0,0.0,0,6,1,41.900432036,-87.661685194,POINT (-87.661685194095 41.900432036011),2025-01-10 00:30:00
a9890cdb91e46399a7931628c63cc30bd0517986c6d7a1e8665fef0b504b5bad8e6ea86fb9b65c9925f5e3a35cdeda3da92013d630b72a3f843c2e651c91ae60,,01/10/2025 12:20:00 AM,30,TRAFFIC SIGNAL,FUNCTIONING PROPERLY,CLEAR,"DARKNESS, LIGHTED ROAD",FIXED OBJECT,FOUR WAY,,STRAIGHT AND LEVEL,DRY,NO DEFECTS,ON SCENE,INJURY AND / OR TOW DUE TO CRASH,,,,"OVER $1,500",01/10/2025 12:20:00 AM,UNABLE TO DETERMINE,NOT APPLICABLE,9950,S,DR MARTIN LUTHER KING JR DR,511.0,,,,,,,1,NO INDICATION OF INJURY,0.0,0.0,0.0,0.0,0.0,1.0,0.0,0,6,1,41.713473218,-87.614099954,POINT (-87.614099953868 41.713473218104),2025-01-10 00:20:00