CRASH_RECORD_ID,CRASH_DATE_EST_I,CRASH_DATE,POSTED_SPEED_LIMIT,TRAFFIC_CONTROL_DEVICE,DEVICE_CONDITION,WEATHER_CONDITION,LIGHTING_CONDITION,FIRST_CRASH_TYPE,TRAFFICWAY_TYPE,LANE_CNT,ALIGNMENT,ROADWAY_SURFACE_COND,ROAD_DEFECT,REPORT_TYPE,CRASH_TYPE,INTERSECTION_RELATED_I,NOT_RIGHT_OF_WAY_I,HIT_AND_RUN_I,DAMAGE,DATE_POLICE_NOTIFIED,PRIM_CONTRIBUTORY_CAUSE,SEC_CONTRIBUTORY_CAUSE,STREET_NO,STREET_DIRECTION,STREET_NAME,BEAT_OF_OCCURRENCE,PHOTOS_TAKEN_I,STATEMENTS_TAKEN_I,DOORING_I,WORK_ZONE_I,WORK_ZONE_TYPE,WORKERS_PRESENT_I,NUM_UNITS,MOST_SEVERE_INJURY,INJURIES_TOTAL,INJURIES_FATAL,INJURIES_INCAPACITATING,INJURIES_NON_INCAPACITATING,INJURIES_REPORTED_NOT_EVIDENT,INJURIES_NO_INDICATION,INJURIES_UNKNOWN,CRASH_HOUR,CRASH_DAY_OF_WEEK,CRASH_MONTH,LATITUDE,LONGITUDE,LOCATION,timestamp
5466f48f93e9283e8b20db10d5f8966be3d86aa0e159d44c1a8713915e3e904c0b3a8555306b60fed8cf58144f7bdf54b1c7c8949e74f10b0e167a618252246c,,01/10/2025 12:03:00 AM,30,NO CONTROLS,NO CONTROLS,CLEAR,"DARKNESS, LIGHTED ROAD",FIXED OBJECT,NOT DIVIDED,,STRAIGHT AND LEVEL,DRY,NO DEFECTS,ON SCENE,INJURY AND / OR TOW DUE TO CRASH,,,,"OVER $1,500",01/10/2025 12:23:00 AM,UNABLE TO DETERMINE,UNABLE TO DETERMINE,1801,N,KOSTNER AVE,2534.0,,,,,,,1,NO INDICATION OF INJURY,0.0,0.0,0.0,0.0,0.0,1.0,0.0,0,6,1,41.913559623,-87.736078278,POINT (-87.736078278321 41.913559622611),2025-01-10 00:03:00
0752c5118707430f08e2ebcfcc6da97b335dbb7caf69998b142bcec844517471f717f8cc8dda0c4aac752984cf82e70327f5dc5c7637c9f49bec27d22b30dd40,,01/10/2025 12:00:00 AM,30,TRAFFIC SIGNAL,FUNCTIONING PROPERLY,CLEAR,"DARKNESS, LIGHTED ROAD",TURNING,NOT DIVIDED,,STRAIGHT AND LEVEL,DRY,NO DEFECTS,ON SCENE,INJURY AND / OR TOW DUE TO CRASH,Y,,,"OVER $1,500",01/10/2025 12:27:00 AM,IMPROPER TURNING/NO SIGNAL,UNABLE TO DETERMINE,8901,S,JEFFERY BLVD,413.0,,,,,,,2,"REPORTED, NOT EVIDENT",1.0,0.0,0.0,0.0,1.0,1.0,0.0,0,6,1,41.733320436,-87.575481798,POINT (-87.57548179832 41.733320436232),2025-01-10 00:00:00
127de097c083c08a4ded4546bfcf247de3b828633e1e02ec5394a2b00b48d9e7dc36b561cdd3964c7ec27bb0174db94e621fcc56d7cc623f93cfb6857adb9ff2,,01/09/2025 11:50:00 PM,30,TRAFFIC SIGNAL,FUNCTIONING PROPERLY,CLEAR,"DARKNESS, LIGHTED ROAD",PEDALCYCLIST,DIVIDED - W/MEDIAN (NOT RAISED),,STRAIGHT AND LEVEL,DRY,NO DEFECTS,ON SCENE,INJURY AND / OR TOW DUE TO CRASH,Y,,Y,$500 OR LESS,01/09/2025 11:54:00 PM,FAILING TO YIELD RIGHT-OF-WAY,IMPROPER TURNING/NO SIGNAL,3558,N,PULASKI RD,1731.0,,,,,,,2,INCAPACITATING INJURY,1.0,0.0,1.0,0.0,0.0,1.0,0.0,23,5,1,41.946332651,-87.727546879,POINT (-87.727546878888 41.946332650823),2025-01-09 23:50:00
250dcd1450d7be11e4baa52a200747ab0c0ebf06b3973b55ce9f19d52bb12365c94a3193a9a7f28450e2542cca4cbf0807b56b3bebe6ea32e34f5b9ce4f9c0ae,,01/09/2025 10:30:00 PM,10,NO CONTROLS,NO CONTROLS,UNKNOWN,UNKNOWN,PARKED MOTOR VEHICLE,PARKING LOT,,STRAIGHT AND LEVEL,UNKNOWN,UNKNOWN,NOT ON SCENE (DESK REPORT),NO INJURY / DRIVE AWAY,,,Y,"OVER $1,500",01/09/2025 11:00:00 PM,UNABLE TO DETERMINE,UNABLE TO DETERMINE,549,S,WELLS ST,123.0,,,,,,,2,NO INDICATION OF INJURY,0.0,0.0,0.0,0.0,0.0,1.0,0.0,22,5,1,41.874711726,-87.633487914,POINT (-87.633487914206 41.874711725592),2025-01-09 22:30:00
3a5e68b75239978479bd81df844e341296c747d731011bbb2f13ffcb8d8b71f083e6c8f0fb378350fb2f124bcf040a016aad8b3a8c29c12b9cc6cd841b319563,,01/09/2025 10:25:00 PM,30,NO CONTROLS,NO CONTROLS,CLEAR,"DARKNESS, LIGHTED ROAD",FIXED OBJECT,NOT DIVIDED,,STRAIGHT AND LEVEL,DRY,NO DEFECTS,ON SCENE,INJURY AND / OR TOW DUE TO CRASH,,,,"OVER $1,500",01/09/2025 10:45:00 PM,"EVASIVE ACTION DUE TO ANIMAL, OBJECT, NONMOTORIST",NOT APPLICABLE,7035,S,KANST DR,831.0,,,,,,,1,NONINCAPACITATING INJURY,1.0,0.0,0.0,1.0,0.0,1.0,0.0,22,5,1,,,,2025-01-09 22:25:00
0963af57cf44cdc2496904ec1120f1128876933f8fddcbe13144d50f844e19b64f824be5aa2f0440e6fe2edb33c2fe556b25c33e3ade3b14447cb58f97609cfd,,01/09/2025 10:24:00 PM,30,TRAFFIC SIGNAL,FUNCTIONING PROPERLY,CLEAR,DUSK,TURNING,"FIVE POINT, OR MORE",,STRAIGHT AND LEVEL,DRY,NO DEFECTS,ON SCENE,INJURY AND / OR TOW DUE TO CRASH,Y,,,"OVER $1,500",01/09/2025 10:30:00 PM,DRIVING SKILLS/KNOWLEDGE/EXPERIENCE,DRIVING SKILLS/KNOWLEDGE/EXPERIENCE,9500,S,LAFAYETTE AVE,511.0,,,,,,,2,NONINCAPACITATING INJURY,1.0,0.0,0.0,1.0,0.0,1.0,0.0,22,5,1,41.721566293,-87.625169518,POINT (-87.625169517699 41.721566292573),2025-01-09 22:24:00
d7574a5d6c0bb92c603b7097c8cc59436d0dd86f46537da93591c38a41ead9e20f9d3df3e0fb8404fe81ae227a7ec4a312a781470c7d64519369e80c38d4c576,,01/09/2025 10:07:00 PM,30,NO CONTROLS,NO CONTROLS,CLEAR,"DARKNESS, LIGHTED ROAD",TURNING,NOT DIVIDED,,STRAIGHT AND LEVEL,UNKNOWN,UNKNOWN,ON SCENE,INJURY AND / OR TOW DUE TO CRASH,,,,"OVER $1,500",01/09/2025 10:57:00 PM,FAILING TO REDUCE SPEED TO AVOID CRASH,IMPROPER TURNING/NO SIGNAL,2328,W,WILSON AVE,1911.0,,,,,,,2,NO INDICATION OF INJURY,0.0,0.0,0.0,0.0,0.0,2.0,0.0,22,5,1,41.965001335,-87.687444116,POINT (-87.687444116107 41.965001334855),2025-01-09 22:07:00
917214bbc5f2fe4edb76e569df46e3bb6aac7942694df59168c3359078285f279da7f397051d452b84a40d00136db6def79e374cb000a5e3e170632124f35db7,,01/09/2025 09:30:00 PM,30,UNKNOWN,UNKNOWN,UNKNOWN,UNKNOWN,SIDESWIPE SAME DIRECTION,NOT DIVIDED,,STRAIGHT AND LEVEL,UNKNOWN,UNKNOWN,NOT ON SCENE (DESK REPORT),NO INJURY / DRIVE AWAY,N,,,"OVER $1,500",01/09/2025 09:49:00 PM,NOT APPLICABLE,NOT APPLICABLE,3232,N,HALSTED ST,1924.0,,,,,,,2,NO INDICATION OF INJURY,0.0,0.0,0.0,0.0,0.0,2.0,0.0,21,5,1,41.940855336,-87.649441587,POINT (-87.649441586599 41.940855336342),2025-01-09 21:30:00
16cc9529ad01b2924cca20db30819389a86535a5e8ce3ad110c1a7e963e292d0128846326ddc0d4bf25f9d6a302433b0794fc4425df552b4dfea4cac78a72077,,01/09/2025 09:00:00 PM,35,UNKNOWN,UNKNOWN,CLEAR,DARKNESS,ANGLE,NOT DIVIDED,,STRAIGHT AND LEVEL,DRY,NO DEFECTS,,INJURY AND / OR TOW DUE TO CRASH,,,,"OVER $1,500",01/10/2025 12:28:00 PM,FAILING TO YIELD RIGHT-OF-WAY,FAILING TO YIELD RIGHT-OF-WAY,6541,S,CICERO AVE,833.0,,,,,,,2,NONINCAPACITATING INJURY,1.0,0.0,0.0,1.0,0.0,1.0,0.0,21,5,1,41.773564696,-87.741974312,POINT (-87.741974311795 41.773564696112),2025-01-09 21:00:00
f0e59959bce22d63b133e59521fc8044d3ca3de289f4befb2a2e976b1fcf9fb736d0748c65b737c9ceedc6d0a089f97eeb4c801ec23b2d80d5b872400753f1a5,,01/09/2025 09:00:00 PM,30,NO CONTROLS,NO CONTROLS,CLEAR,"DARKNESS, LIGHTED ROAD",TURNING,DIVIDED - W/MEDIAN (NOT RAISED),,STRAIGHT AND LEVEL,DRY,NO DEFECTS,ON SCENE,INJURY AND / OR TOW DUE TO CRASH,,,,"OVER $1,500",01/09/2025 10:03:00 PM,IMPROPER TURNING/NO SIGNAL,IMPROPER TURNING/NO SIGNAL,2301,S,ASHLAND AVE,1235.0,,,,,,,2,"REPORTED, NOT EVIDENT",1.0,0.0,0.0,0.0,1.0,5.0,0.0,21,5,1,41.850235296,-87.665864157,POINT (-87.665864156849 41.850235296181),2025-01-09 21:00:00
7a3a1e561b455f9b5c7be5fa84e6310dac01bcdadbf246b7c7973c6cf64576c4147e64037ab014c25dddd5e6014aea406692a764b84cb022093689084667da03,,01/09/2025 08:50:00 PM,30,NO CONTROLS,NO CONTROLS,CLEAR,"DARKNESS, LIGHTED ROAD",ANGLE,NOT DIVIDED,,STRAIGHT AND LEVEL,ICE,UNKNOWN,NOT ON SCENE (DESK REPORT),NO INJURY / DRIVE AWAY,,,Y,"OVER $1,500",01/09/2025 09:00:00 PM,UNABLE TO DETERMINE,UNABLE TO DETERMINE,7256,S,ASHLAND AVE,735.0,,,,,,,2,NO INDICATION OF INJURY,0.0,0.0,0.0,0.0,0.0,2.0,0.0,20,5,1,41.761371274,-87.663838143,POINT (-87.663838143013 41.76137127405),2025-01-09 20:50:00
7f3efea715cdbb8d1448dedb6b3ee2592ad1463206e3b78648d59ed83f73a827d16bfcd86401377e005bbd62a1d95cee95696b66f049c1d7defac3979268b5e2,,01/09/2025 08:45:00 PM,30,TRAFFIC SIGNAL,FUNCTIONING PROPERLY,CLEAR,"DARKNESS, LIGHTED ROAD",TURNING,FOUR WAY,,STRAIGHT AND LEVEL,DRY,NO DEFECTS,NOT ON SCENE (DESK REPORT),NO INJURY / DRIVE AWAY,,,,"OVER $1,500",01/10/2025 09:00:00 AM,FAILING TO YIELD RIGHT-OF-WAY,FAILING TO YIELD RIGHT-OF-WAY,2000,N,LARAMIE AVE,2515.0,,,,,,,2,NO INDICATION OF INJURY,0.0,0.0,0.0,0.0,0.0,2.0,0.0,20,5,1,41.917017367,-87.756087339,POINT (-87.756087339467 41.917017366937),2025-01-09 20:45:00
a40febafb3842e7bd98db50add1eafee73652b9336216ea9d77ba65a65a2b8f78622d6163cb531442521835c3cc5a5cc0b160fb0618f654c8d7f481a26b1cf49,,01/09/2025 08:41:00 PM,30,NO CONTROLS,NO CONTROLS,CLEAR,"DARKNESS, LIGHTED ROAD",TURNING,NOT DIVIDED,,STRAIGHT AND LEVEL,DRY,NO DEFECTS,ON SCENE,NO INJURY / DRIVE AWAY,Y,,Y,"OVER $1,500",01/09/2025 08:41:00 PM,FAILING TO YIELD RIGHT-OF-WAY,NOT APPLICABLE,364,N,KENTON AVE,1113.0,,,,,,,2,NO INDICATION OF INJURY,0.0,0.0,0.0,0.0,0.0,2.0,0.0,20,5,1,41.887123115,-87.740443501,POINT (-87.740443500886 41.887123115067),2025-01-09 20:41:00
df0e4f60b082fea50ac14dcb5a41cc127215fc7def2da32041617e245bfe4fe940fe69aeaffb6b8c8e2f3882551166f7baf47a339a68630bdf92f89f8e78ab27,,01/09/2025 08:30:00 PM,30,STOP SIGN/FLASHER,NO CONTROLS,CLEAR,"DARKNESS, LIGHTED ROAD",SIDESWIPE SAME DIRECTION,DIVIDED - W/MEDIAN (NOT RAISED),,STRAIGHT AND LEVEL,DRY,UNKNOWN,NOT ON SCENE (DESK REPORT),NO INJURY / DRIVE AWAY,Y,,Y,"$501 - $1,500",01/09/2025 09:12:00 PM,IMPROPER OVERTAKING/PASSING,IMPROPER LANE USAGE,551,N,HAMLIN AVE,1122.0,,,,,,,2,NO INDICATION OF INJURY,0.0,0.0,0.0,0.0,0.0,2.0,0.0,20,5,1,41.891424919,-87.720931721,POINT (-87.720931720856 41.891424918977),2025-01-09 20:30:00
663775a104f23506b3932f7fda7718e9a3e4d6c969dbd988d3491782b2af2c7e5812b164c82e6c1c538bbdd4ce9e8e790a2692683f5810c61c1fef8a8ae31413,,01/09/2025 08:20:00 PM,30,TRAFFIC SIGNAL,FUNCTIONING PROPERLY,CLEAR,"DARKNESS, LIGHTED ROAD",TURNING,NOT DIVIDED,,STRAIGHT AND LEVEL,DRY,NO DEFECTS,,INJURY AND / OR TOW DUE TO CRASH,Y,,Y,"OVER $1,500",01/09/2025 08:31:00 PM,DISREGARDING TRAFFIC SIGNALS,UNABLE TO DETERMINE,1500,W,112TH ST,2234.0,,,,,,,2,NONINCAPACITATING INJURY,2.0,0.0,0.0,2.0,0.0,2.0,0.0,20,5,1,41.690480761,-87.660278595,POINT (-87.660278595003 41.690480760669),2025-01-09 20:20:00
41989162cf5999ba0d07e88a50b7e60dfbba70ed5dc015d2b58fb482a51e606df98b3aeded031a9d908b64535bfc66372a9a23562ba5ea2c243fee27d0cb8aa9,,01/09/2025 08:16:00 PM,30,NO CONTROLS,NO CONTROLS,CLEAR,"DARKNESS, LIGHTED ROAD",REAR END,DIVIDED - W/MEDIAN BARRIER,,STRAIGHT AND LEVEL,DRY,NO DEFECTS,NOT ON SCENE (DESK REPORT),NO INJURY / DRIVE AWAY,,,,$500 OR LESS,01/09/2025 08:30:00 PM,DISTRACTION - FROM INSIDE VEHICLE,NOT APPLICABLE,5699,N,LAKE SHORE DR NB,2022.0,,,,,,,2,NO INDICATION OF INJURY,0.0,0.0,0.0,0.0,0.0,3.0,0.0,20,5,1,41.985556767,-87.65336148,POINT (-87.653361480328 41.985556766551),2025-01-09 20:16:00
fba603c49537d042e7e25ec35d5b3903a2a9f9a9e27ae617e729a1ba03d1c6b5822a587e0e4e19df23b0af2dd558b4f4dd473ea413d131691b91859edd4e3e2d,,01/09/2025 08:10:00 PM,30,NO CONTROLS,NO CONTROLS,UNKNOWN,UNKNOWN,SIDESWIPE SAME DIRECTION,PARKING LOT,,STRAIGHT AND LEVEL,UNKNOWN,UNKNOWN,NOT ON SCENE (DESK REPORT),NO INJURY / DRIVE AWAY,,,Y,$500 OR LESS,01/09/2025 08:35:00 PM,UNABLE TO DETERMINE,UNABLE TO DETERMINE,8700,S,LAFAYETTE AVE,634.0,,,,,,,2,NO INDICATION OF INJURY,0.0,0.0,0.0,0.0,0.0,2.0,0.0,20,5,1,41.73616511,-87.625587569,POINT (-87.625587568999 41.736165110086),2025-01-09 20:10:00
bde9378866296751d965cf2c84eb902537c73c16f0a36d1e71d0d4ca783169cbba38754d990bafd3f895256f11a815a7b0d67c77d5c1d9d1f38e2e23ca9145b5,,01/09/2025 07:50:00 PM,30,NO CONTROLS,NO CONTROLS,CLEAR,DUSK,PARKED MOTOR VEHICLE,NOT DIVIDED,,STRAIGHT AND LEVEL,DRY,NO DEFECTS,ON SCENE,NO INJURY / DRIVE AWAY,,,Y,"$501 - $1,500",01/09/2025 08:07:00 PM,UNABLE TO DETERMINE,NOT APPLICABLE,5641,S,WOODLAWN AVE,235.0,,,,,,,2,NO INDICATION OF INJURY,0.0,0.0,0.0,0.0,0.0,1.0,0.0,19,5,1,41.79204868,-87.596325635,POINT (-87.596325635241 41.792048679565),2025-01-09 19:50:00
33934128f9618ce96dcd59a2e1aac51802d4bccdb9ca381b9c96dca65b09e2d1b15ddb2468b3b6fa92f817772900fadc6a6822e77fc6abde226801c24902dba6,,01/09/2025 07:45:00 PM,30,STOP SIGN/FLASHER,FUNCTIONING PROPERLY,CLEAR,"DARKNESS, LIGHTED ROAD",REAR TO SIDE,FOUR WAY,,STRAIGHT AND LEVEL,DRY,NO DEFECTS,ON SCENE,INJURY AND / OR TOW DUE TO CRASH,Y,,Y,"$501 - $1,500",01/09/2025 07:54:00 PM,FAILING TO YIELD RIGHT-OF-WAY,UNABLE TO DETERMINE,1261,W,DEVON AVE,2433.0,,,,,,,2,NO INDICATION OF INJURY,0.0,0.0,0.0,0.0,0.0,2.0,0.0,19,5,1,41.998050334,-87.662985289,POINT (-87.662985288699 41.998050334054),2025-01-09 19:45:00
e1fdef3e464bbe239afaff26ea5b75022ebae52f7e356b69224553de508fffe7999faf8facdcd613261884a8c56bc5f93ca7669226314cf6382932583942406a,,01/09/2025 07:30:00 PM,30,UNKNOWN,UNKNOWN,CLEAR,DARKNESS,ANGLE,UNKNOWN,,STRAIGHT AND LEVEL,DRY,UNKNOWN,ON SCENE,NO INJURY / DRIVE AWAY,,,Y,"OVER $1,500",01/09/2025 07:47:00 PM,"OPERATING VEHICLE IN ERRATIC, RECKLESS, CARELESS, NEGLIGENT OR AGGRESSIVE MANNER",NOT APPLICABLE,8325,S,BAKER AVE,424.0,,,,,,,2,NO INDICATION OF INJURY,0.0,0.0,0.0,0.0,0.0,3.0,0.0,19,5,1,41.743110663,-87.549677686,POINT (-87.549677686355 41.743110663477),2025-01-09 19:30:00
1a942f97cbd2103392607c81736278c8949d011fa2485aab1530b76eef4e07438a33556b0bb99942c8e20dae32526f2635a0df72ea5af9a9c4d828274c33c1bd,,01/09/2025 07:23:00 PM,30,NO CONTROLS,NO CONTROLS,CLEAR,"DARKNESS, LIGHTED ROAD",TURNING,T-INTERSECTION,,STRAIGHT AND LEVEL,DRY,NO DEFECTS,ON SCENE,INJURY AND / OR TOW DUE TO CRASH,Y,,,"OVER $1,500",01/09/2025 07:25:00 PM,FAILING TO YIELD RIGHT-OF-WAY,DRIVING SKILLS/KNOWLEDGE/EXPERIENCE,5708,N,RIDGE AVE,2013.0,,,,,,,2,NO INDICATION OF INJURY,0.0,0.0,0.0,0.0,0.0,4.0,0.0,19,5,1,41.985756159,-87.663782146,POINT (-87.663782146449 41.985756158868),2025-01-09 19:23:00
b222cef0d44071ddce53393ccfb780dff063f40bea0763b78ece317bca557e187890a3bc93dae704bf4ed8404848ec8d3df07ffae42bf8db8f6c2e6bbd70b3b1,,01/09/2025 07:20:00 PM,35,NO CONTROLS,NO CONTROLS,CLEAR,DARKNESS,HEAD ON,NOT DIVIDED,,STRAIGHT AND LEVEL,DRY,UNKNOWN,ON SCENE,INJURY AND / OR TOW DUE TO CRASH,,,Y,"OVER $1,500",01/09/2025 07:25:00 PM,UNABLE TO DETERMINE,NOT APPLICABLE,609,W,59TH ST,711.0,,,,,,,2,NO INDICATION OF INJURY,0.0,0.0,0.0,0.0,0.0,2.0,0.0,19,5,1,41.786989723,-87.640558877,POINT (-87.640558877224 41.786989722739),2025-01-09 19:20:00
8e7613f13d72de310ace5456d8df1e598968fc3d8ac96eb78f3da20e1c99a02260acff87c137449b85b0d52764f7b357cdc4cf75afa6beca631083b47346e937,,01/09/2025 07:18:00 PM,15,NO CONTROLS,NO CONTROLS,CLEAR,DARKNESS,REAR TO SIDE,ALLEY,,STRAIGHT AND LEVEL,ICE,WORN SURFACE,ON SCENE,NO INJURY / DRIVE AWAY,,,Y,"$501 - $1,500",01/09/2025 07:20:00 PM,FAILING TO REDUCE SPEED TO AVOID CRASH,UNABLE TO DETERMINE,941,N,LEAMINGTON AVE,1531.0,,,,,,,2,NO INDICATION OF INJURY,0.0,0.0,0.0,0.0,0.0,2.0,0.0,19,5,1,41.897991471,-87.754301943,POINT (-87.754301943093 41.897991470713),2025-01-09 19:18:00
d365820ef13f9d760b917896e458d91f5fe4177bce3f41dd7cab373afde85eac9cd10d131fa54ac3048789dee2013bed6cb0176d4be5f17f4e02ab4d4c9df5cc,,01/09/2025 07:16:00 PM,30,NO CONTROLS,NO CONTROLS,CLEAR,"DARKNESS, LIGHTED ROAD",PARKED MOTOR VEHICLE,NOT DIVIDED,,STRAIGHT AND LEVEL,DRY,NO DEFECTS,NOT ON SCENE (DESK REPORT),NO INJURY / DRIVE AWAY,,,,"$501 - $1,500",01/09/2025 08:45:00 PM,IMPROPER BACKING,DRIVING SKILLS/KNOWLEDGE/EXPERIENCE,2404,N,KIMBALL AVE,1413.0,,,,,,,2,NO INDICATION OF INJURY,0.0,0.0,0.0,0.0,0.0,3.0,0.0,19,5,1,41.924863036,-87.712257013,POINT (-87.712257013359 41.924863035511),2025-01-09 19:16:00
d59c1921c4e750b47e07c29e29b58e5641be66d6d3d0f453adb2355438ccd60a29d4417cdb3b20a2c5337c038d1483e53a514f04e1cad57d2d961486d929f8ca,,01/09/2025 07:15:00 PM,30,STOP SIGN/FLASHER,NO CONTROLS,CLEAR,"DARKNESS, LIGHTED ROAD",ANGLE,NOT DIVIDED,,STRAIGHT AND LEVEL,DRY,NO DEFECTS,ON SCENE,NO INJURY / DRIVE AWAY,Y,,,"OVER $1,500",01/09/2025 07:16:00 PM,FAILING TO YIELD RIGHT-OF-WAY,UNABLE TO DETERMINE,558,W,ARMITAGE AVE,1812.0,,Y,,,,,2,NO INDICATION OF INJURY,0.0,0.0,0.0,0.0,0.0,2.0,0.0,19,5,1,41.918363722,-87.643609127,POINT (-87.643609126699 41.918363721709),2025-01-09 19:15:00
164cee9bbcb6716d52f6f5d04b960dc3b20b7f7f865bad168effcf65a6f36f0e8eb042c862e8da9b77758cb485372f30495cf5912234b1ce0a25d8ffab6683f3,,01/09/2025 07:14:00 PM,20,STOP SIGN/FLASHER,FUNCTIONING PROPERLY,CLEAR,DAWN,PEDESTRIAN,FOUR WAY,,STRAIGHT AND LEVEL,DRY,NO DEFECTS,ON SCENE,INJURY AND / OR TOW DUE TO CRASH,Y,,,"$501 - $1,500",01/09/2025 07:26:00 PM,FAILING TO YIELD RIGHT-OF-WAY,NOT APPLICABLE,1826,W,47TH ST,924.0,,,,,,,2,NONINCAPACITATING INJURY,1.0,0.0,0.0,1.0,0.0,1.0,0.0,19,5,1,41.80865671,-87.670985367,POINT (-87.670985367328 41.808656709877),2025-01-09 19:14:00
1f3f61a8955bbbec340e62e77e1924b73a252df38be3c1ae5ab6af9b1cf6a6499b1b7f71b04731f6509d29d7027b9d84d53c01d7468fcc24a4599ae157f1362a,,01/09/2025 07:12:00 PM,30,TRAFFIC SIGNAL,FUNCTIONING PROPERLY,CLEAR,DARKNESS,PEDALCYCLIST,NOT REPORTED,,STRAIGHT AND LEVEL,DRY,NO DEFECTS,ON SCENE,INJURY AND / OR TOW DUE TO CRASH,,,,"OVER $1,500",01/09/2025 07:19:00 PM,FAILING TO YIELD RIGHT-OF-WAY,UNABLE TO DETERMINE,499,N,WELLS ST,1831.0,,,,,,,2,NONINCAPACITATING INJURY,1.0,0.0,0.0,1.0,0.0,1.0,0.0,19,5,1,41.890747588,-87.633901297,POINT (-87.633901297155 41.890747587896),2025-01-09 19:12:00
1e476e8acaa11e1ce01d5e424d77c2723b7a32d0cefbd87eb99868a3a6d898dec7aee57a8a51243e484e37d47842791bfa3fc4e7db8a3860fef2cb3164f14311,,01/09/2025 07:04:00 PM,30,NO CONTROLS,NO CONTROLS,CLEAR,"DARKNESS, LIGHTED ROAD",PARKED MOTOR VEHICLE,NOT DIVIDED,,STRAIGHT AND LEVEL,DRY,NO DEFECTS,ON SCENE,INJURY AND / OR TOW DUE TO CRASH,,,,"OVER $1,500",01/09/2025 07:07:00 PM,FAILING TO YIELD RIGHT-OF-WAY,NOT APPLICABLE,1636,N,WELLS ST,1814.0,,,,,,,2,NO INDICATION OF INJURY,0.0,0.0,0.0,0.0,0.0,1.0,0.0,19,5,1,41.912254431,-87.634891135,POINT (-87.634891135355 41.912254431363),2025-01-09 19:04:00
0a39f89a563a61c16545721e247a12f4470e46fc5883d17c78488560fcd1c1fa8a39176248c500c8c1565169fee530befdcf37f2f661be1807eab2c48b533469,,01/09/2025 07:00:00 PM,30,NO CONTROLS,NO CONTROLS,CLEAR,"DARKNESS, LIGHTED ROAD",FIXED OBJECT,ONE-WAY,,STRAIGHT AND LEVEL,DRY,"RUT, HOLES",ON SCENE,INJURY AND / OR TOW DUE TO CRASH,,,,"OVER $1,500",01/09/2025 07:12:00 PM,NOT APPLICABLE,NOT APPLICABLE,8317,S,COMMERCIAL AVE,424.0,Y,,,Y,UNKNOWN,,1,"REPORTED, NOT EVIDENT",1.0,0.0,0.0,0.0,1.0,0.0,0.0,19,5,1,41.744252409,-87.551260907,POINT (-87.551260906951 41.744252408771),2025-01-09 19:00:00
1ccc7ac43718f03d0f6feaf25f623dc1a49312f78783ebe7e0f488b9406e34b753f9a8178d6deb262baca7b1e3a3bc8dab1f7ce09e115cf8da718d8fdca1aa41,,01/09/2025 06:55:00 PM,25,TRAFFIC SIGNAL,FUNCTIONING PROPERLY,UNKNOWN,UNKNOWN,REAR END,DIVIDED - W/MEDIAN BARRIER,,STRAIGHT AND LEVEL,UNKNOWN,UNKNOWN,ON SCENE,INJURY AND / OR TOW DUE TO CRASH,,,,"OVER $1,500",01/09/2025 07:00:00 PM,UNABLE TO DETERMINE,UNABLE TO DETERMINE,4901,W,NORTH AVE,2533.0,,,,,,,2,NONINCAPACITATING INJURY,1.0,0.0,0.0,1.0,0.0,1.0,0.0,18,5,1,41.909482191,-87.748698311,POINT (-87.748698310623 41.909482191491),2025-01-09 18:55:00
639e08c774f694b1ca0bd217b76be531ef1b3257e12809a9655e76747d1866cb83616e10a06666cc6a3787433dabf0047e49b60c64db462908891c7272d69288,,01/09/2025 06:54:00 PM,30,NO CONTROLS,NO CONTROLS,CLEAR,"DARKNESS, LIGHTED ROAD",TURNING,NOT DIVIDED,,STRAIGHT AND LEVEL,DRY,NO DEFECTS,ON SCENE,INJURY AND / OR TOW DUE TO CRASH,,,,"OVER $1,500",01/09/2025 06:54:00 PM,FAILING TO YIELD RIGHT-OF-WAY,IMPROPER TURNING/NO SIGNAL,8730,S,COTTAGE GROVE AVE,632.0,,,,,,,2,NO INDICATION OF INJURY,0.0,0.0,0.0,0.0,0.0,2.0,0.0,18,5,1,41.735781275,-87.604947084,POINT (-87.604947083638 41.735781274512),2025-01-09 18:54:00
89c2476213b6b6fbf8b9c69213095029633fc8773868e28baf89b4ac8e7f701380f790edab0a24d4dbe3237c5a766a1f4698e2a023f1cea549796d4342a32b14,,01/09/2025 06:50:00 PM,25,NO CONTROLS,NO CONTROLS,CLEAR,"DARKNESS, LIGHTED ROAD",PARKED MOTOR VEHICLE,NOT DIVIDED,,STRAIGHT AND LEVEL,DRY,NO DEFECTS,ON SCENE,INJURY AND / OR TOW DUE TO CRASH,,,Y,"OVER $1,500",01/09/2025 06:51:00 PM,UNABLE TO DETERMINE,NOT APPLICABLE,1412,W,112TH ST,2234.0,,,,,,,2,NO INDICATION OF INJURY,0.0,0.0,0.0,0.0,0.0,2.0,0.0,18,5,1,41.690514717,-87.657482236,POINT (-87.657482236364 41.690514716622),2025-01-09 18:50:00