CRASH_RECORD_ID,CRASH_DATE_EST_I,CRASH_DATE,POSTED_SPEED_LIMIT,TRAFFIC_CONTROL_DEVICE,DEVICE_CONDITION,WEATHER_CONDITION,LIGHTING_CONDITION,FIRST_CRASH_TYPE,TRAFFICWAY_TYPE,LANE_CNT,ALIGNMENT,ROADWAY_SURFACE_COND,ROAD_DEFECT,REPORT_TYPE,CRASH_TYPE,INTERSECTION_RELATED_I,NOT_RIGHT_OF_WAY_I,HIT_AND_RUN_I,DAMAGE,DATE_POLICE_NOTIFIED,PRIM_CONTRIBUTORY_CAUSE,SEC_CONTRIBUTORY_CAUSE,STREET_NO,STREET_DIRECTION,STREET_NAME,BEAT_OF_OCCURRENCE,PHOTOS_TAKEN_I,STATEMENTS_TAKEN_I,DOORING_I,WORK_ZONE_I,WORK_ZONE_TYPE,WORKERS_PRESENT_I,NUM_UNITS,MOST_SEVERE_INJURY,INJURIES_TOTAL,INJURIES_FATAL,INJURIES_INCAPACITATING,INJURIES_NON_INCAPACITATING,INJURIES_REPORTED_NOT_EVIDENT,INJURIES_NO_INDICATION,INJURIES_UNKNOWN,CRASH_HOUR,CRASH_DAY_OF_WEEK,CRASH_MONTH,LATITUDE,LONGITUDE,LOCATION,timestamp
994ef251332be30112e9b3d6aa08d6a33a93ae345dffb8a32c2a35189258caa64b236b6f3e6bd2d175c0ad450621aeb1ac705f58d1d8bc918aa4d79ae233258b,,01/09/2025 06:50:00 PM,30,TRAFFIC SIGNAL,FUNCTIONING PROPERLY,CLEAR,"DARKNESS, LIGHTED ROAD",REAR END,NOT DIVIDED,,STRAIGHT AND LEVEL,UNKNOWN,UNKNOWN,NOT ON SCENE (DESK REPORT),NO INJURY / DRIVE AWAY,,,Y,"OVER $1,500",01/09/2025 07:30:00 PM,FOLLOWING TOO CLOSELY,NOT APPLICABLE,5500,S,CICERO AVE,813.0,,,,,,,2,NO INDICATION OF INJURY,0.0,0.0,0.0,0.0,0.0,2.0,0.0,18,5,1,41.792910883,-87.742077343,POINT (-87.742077342959 41.792910883497),2025-01-09 18:50:00
05e9dd618eed5201d90caa8d085ff524142dfcc470592e046ea7c6fb29a28be7a55d632cf338e208748a8b0ef31c20a433ae71393852e02aefa50742d6e45cf9,Y,01/09/2025 06:45:00 PM,30,NO CONTROLS,NO CONTROLS,CLEAR,"DARKNESS, LIGHTED ROAD",PARKED MOTOR VEHICLE,PARKING LOT,,STRAIGHT AND LEVEL,DRY,NO DEFECTS,NOT ON SCENE (DESK REPORT),NO INJURY / DRIVE AWAY,,Y,Y,"OVER $1,500",01/09/2025 09:20:00 PM,UNABLE TO DETERMINE,NOT APPLICABLE,2719,N,CALIFORNIA AVE,1411.0,,,,,,,2,NO INDICATION OF INJURY,0.0,0.0,0.0,0.0,0.0,1.0,0.0,18,5,1,41.930878417,-87.697439658,POINT (-87.697439657518 41.930878417182),2025-01-09 18:45:00
0cb879ba072c51de251f62d5a7db8a3423337db1c7340aa262ae6fb1e598cfb8f0e3e768fdb9d68a8652e9c30340a50463c51d8cae27249f41535859dd8ac728,,01/09/2025 06:35:00 PM,30,UNKNOWN,UNKNOWN,CLEAR,"DARKNESS, LIGHTED ROAD",TURNING,FOUR WAY,,STRAIGHT AND LEVEL,UNKNOWN,UNKNOWN,NOT ON SCENE (DESK REPORT),NO INJURY / DRIVE AWAY,,,Y,"OVER $1,500",01/09/2025 08:30:00 PM,UNABLE TO DETERMINE,UNABLE TO DETERMINE,660,W,LAKE ST,1214.0,,,,,,,2,NO INDICATION OF INJURY,0.0,0.0,0.0,0.0,0.0,2.0,0.0,18,5,1,41.885806069,-87.645087544,POINT (-87.645087543795 41.885806068868),2025-01-09 18:35:00
175b723b4d2fe566edaa4a7e378ced714858ee90e7b6ebc8d11376ac7a2826055bd22dba854aa532752baedd54c6e88cdc1fa6c51767b83482ac21217c2b9f71,,01/09/2025 06:30:00 PM,30,UNKNOWN,UNKNOWN,CLEAR,"DARKNESS, LIGHTED ROAD",REAR END,DRIVEWAY,,STRAIGHT AND LEVEL,UNKNOWN,UNKNOWN,NOT ON SCENE (DESK REPORT),NO INJURY / DRIVE AWAY,,Y,,"OVER $1,500",01/09/2025 06:50:00 PM,UNABLE TO DETERMINE,UNABLE TO DETERMINE,161,N,CANAL ST,121.0,,,,,,,2,NO INDICATION OF INJURY,0.0,0.0,0.0,0.0,0.0,2.0,0.0,18,5,1,41.884956497,-87.639663078,POINT (-87.63966307819 41.884956497292),2025-01-09 18:30:00
8ed5301065d5ff2fdf6a43c2c0b36ea0e4c8c6a3a990f074c1f645fd9335c397485686bbd00fd0d2fb2c42d524f24007a87da5d4606460211caa5b12cc5cdd41,,01/09/2025 06:30:00 PM,10,NO CONTROLS,NO CONTROLS,UNKNOWN,"DARKNESS, LIGHTED ROAD",PEDESTRIAN,PARKING LOT,,STRAIGHT AND LEVEL,UNKNOWN,UNKNOWN,ON SCENE,INJURY AND / OR TOW DUE TO CRASH,,,Y,$500 OR LESS,01/13/2025 11:11:00 AM,IMPROPER BACKING,NOT APPLICABLE,1633,W,95TH ST,2213.0,,,,,,,2,NONINCAPACITATING INJURY,1.0,0.0,0.0,1.0,0.0,1.0,0.0,18,5,1,41.721082791,-87.664185961,POINT (-87.66418596077 41.721082791424),2025-01-09 18:30:00
094b0f497ff98b6b8ae496ce6023133425ff9ccb61a08c515cbe8b6b4bc2e44af8ad7929c1c59b23c9c7270cf34129af001f5c69b8cf6957c8b0d25bd2686959,,01/09/2025 06:22:00 PM,30,TRAFFIC SIGNAL,FUNCTIONING PROPERLY,CLEAR,"DARKNESS, LIGHTED ROAD",REAR END,DIVIDED - W/MEDIAN (NOT RAISED),,STRAIGHT AND LEVEL,"SAND, MUD, DIRT",UNKNOWN,ON SCENE,NO INJURY / DRIVE AWAY,,,,"OVER $1,500",01/09/2025 07:13:00 PM,FOLLOWING TOO CLOSELY,FOLLOWING TOO CLOSELY,621,N,ASHLAND AVE,1215.0,,,,,,,3,NO INDICATION OF INJURY,0.0,0.0,0.0,0.0,0.0,3.0,0.0,18,5,1,41.893092997,-87.667058163,POINT (-87.667058163193 41.893092996904),2025-01-09 18:22:00
3e3651fbdf5b53486c262ab9587c701d786b5a84bee8359f11020c0291c49295f71a175362943dadd234383b55c627d362c90f7751ccf5ec533a7d38e8ab15bb,Y,01/09/2025 06:20:00 PM,30,UNKNOWN,UNKNOWN,CLEAR,"DARKNESS, LIGHTED ROAD",TURNING,DIVIDED - W/MEDIAN (NOT RAISED),,STRAIGHT AND LEVEL,UNKNOWN,UNKNOWN,NOT ON SCENE (DESK REPORT),NO INJURY / DRIVE AWAY,Y,,,"OVER $1,500",01/09/2025 06:50:00 PM,FAILING TO YIELD RIGHT-OF-WAY,DRIVING SKILLS/KNOWLEDGE/EXPERIENCE,2206,S,WENTWORTH AVE,914.0,,,,,,,2,NO INDICATION OF INJURY,0.0,0.0,0.0,0.0,0.0,2.0,0.0,18,5,1,41.852816682,-87.632155289,POINT (-87.632155289181 41.852816681706),2025-01-09 18:20:00
d90f61f9c0fffe59239e917de75495a841b5a9041409eedd0a7f0aad4b8ee818523f3994a13d740d17579c803b45c743a7e1d4589477b123991ab812fb7c91da,,01/09/2025 06:17:00 PM,30,TRAFFIC SIGNAL,FUNCTIONING PROPERLY,CLEAR,"DARKNESS, LIGHTED ROAD",REAR END,DIVIDED - W/MEDIAN (NOT RAISED),,STRAIGHT AND LEVEL,UNKNOWN,UNKNOWN,ON SCENE,INJURY AND / OR TOW DUE TO CRASH,Y,,,"OVER $1,500",01/09/2025 06:19:00 PM,FOLLOWING TOO CLOSELY,UNDER THE INFLUENCE OF ALCOHOL/DRUGS (USE WHEN ARREST IS EFFECTED),6804,N,WESTERN AVE,2411.0,,,,,,,5,NONINCAPACITATING INJURY,2.0,0.0,0.0,1.0,1.0,3.0,0.0,18,5,1,42.005210322,-87.690222269,POINT (-87.690222269494 42.005210322397),2025-01-09 18:17:00
c7f8c624114e9cfc4243a39d5ca3198c3e802b817f83f359b153308b1ae074f9da4fe1e44efa41282d9b93a38a9ddbcd5227dc740debe34add68e079e755283c,,01/09/2025 06:15:00 PM,30,UNKNOWN,UNKNOWN,CLEAR,"DARKNESS, LIGHTED ROAD",ANGLE,NOT DIVIDED,,STRAIGHT AND LEVEL,DRY,NO DEFECTS,NOT ON SCENE (DESK REPORT),NO INJURY / DRIVE AWAY,,,,"OVER $1,500",01/09/2025 07:41:00 PM,NOT APPLICABLE,NOT APPLICABLE,6731,W,58TH ST,811.0,,,,,,,2,NO INDICATION OF INJURY,0.0,0.0,0.0,0.0,0.0,2.0,0.0,18,5,1,41.786597618,-87.790083985,POINT (-87.790083984798 41.786597618346),2025-01-09 18:15:00
48e44e4cebd4f448fa8eb352160074539dae3e5ef78ff1b95d97ed54cb0a4f8d870a8382dbedc3012aef8ee705ce752f57fc9d3f8163116cebfaf645ea521310,,01/09/2025 06:14:00 PM,30,TRAFFIC SIGNAL,FUNCTIONING PROPERLY,CLEAR,"DARKNESS, LIGHTED ROAD",REAR END,DIVIDED - W/MEDIAN (NOT RAISED),,STRAIGHT AND LEVEL,DRY,NO DEFECTS,NOT ON SCENE (DESK REPORT),NO INJURY / DRIVE AWAY,Y,,Y,"$501 - $1,500",01/09/2025 08:10:00 PM,UNABLE TO DETERMINE,NOT APPLICABLE,2314,N,MILWAUKEE AVE,1414.0,,,,,,,2,NO INDICATION OF INJURY,0.0,0.0,0.0,0.0,0.0,2.0,0.0,18,5,1,41.923110372,-87.697912384,POINT (-87.697912384196 41.923110372188),2025-01-09 18:14:00
04579889bb0350aff1329039273cd906b6566b8b58b3a09aa08d705ff01c743536d399e39c431f06c601021751360e439ae1fff9d2dda7f69c54fd673ff8f32f,,01/09/2025 06:07:00 PM,30,TRAFFIC SIGNAL,FUNCTIONING PROPERLY,CLEAR,"DARKNESS, LIGHTED ROAD",SIDESWIPE SAME DIRECTION,NOT DIVIDED,,STRAIGHT AND LEVEL,DRY,NO DEFECTS,NOT ON SCENE (DESK REPORT),NO INJURY / DRIVE AWAY,,,,"$501 - $1,500",01/09/2025 08:10:00 PM,UNABLE TO DETERMINE,UNABLE TO DETERMINE,7901,S,STONY ISLAND AVE,411.0,,,,,,,2,NO INDICATION OF INJURY,0.0,0.0,0.0,0.0,0.0,2.0,0.0,18,5,1,41.751442905,-87.585505893,POINT (-87.585505893341 41.751442905351),2025-01-09 18:07:00
ef6969505129d35ef85c7ac17f4f6e4f30c6d7e2c7e131a788c9c3d7556c657d208c05239d5bb8da11ac6dd1273e9c3e568a5fd2ba0559e2249b33b52f2c1e98,,01/09/2025 06:02:00 PM,30,STOP SIGN/FLASHER,FUNCTIONING PROPERLY,CLEAR,"DARKNESS, LIGHTED ROAD",TURNING,NOT DIVIDED,,STRAIGHT AND LEVEL,DRY,NO DEFECTS,ON SCENE,INJURY AND / OR TOW DUE TO CRASH,Y,,N,"OVER $1,500",01/09/2025 06:03:00 PM,FAILING TO YIELD RIGHT-OF-WAY,FAILING TO YIELD RIGHT-OF-WAY,8159,W,IRVING PARK RD,1631.0,,Y,,,,,2,NONINCAPACITATING INJURY,2.0,0.0,0.0,2.0,0.0,1.0,0.0,18,5,1,41.952055602,-87.831727234,POINT (-87.831727234287 41.952055601897),2025-01-09 18:02:00
2a8d811ceae4ae03d1a2028c07ff051cc57e99f5c08285cd8398af5accb80af101d40bd4ef9e0f62b3ab848f13433ac219036bf344f0be52e5042c19457b149e,,01/09/2025 06:01:00 PM,30,TRAFFIC SIGNAL,FUNCTIONING PROPERLY,CLEAR,"DARKNESS, LIGHTED ROAD",PEDALCYCLIST,DRIVEWAY,,STRAIGHT AND LEVEL,DRY,UNKNOWN,ON SCENE,INJURY AND / OR TOW DUE TO CRASH,Y,,,"$501 - $1,500",01/09/2025 06:05:00 PM,FAILING TO YIELD RIGHT-OF-WAY,NOT APPLICABLE,801,W,DIVISION ST,1822.0,,,,,,,2,INCAPACITATING INJURY,1.0,0.0,1.0,0.0,0.0,3.0,0.0,18,5,1,41.903526092,-87.648159783,POINT (-87.648159783038 41.903526092119),2025-01-09 18:01:00
0f9e6c7de51e247760660af360ec5e460bbbdcf1baaf58c010031385e6be3711bfde35d691aaee4ad0bafa4edc6f22403aff03822f26f9ece4a4ba1c2f0b689c,,01/09/2025 06:00:00 PM,30,NO CONTROLS,NO CONTROLS,CLEAR,"DARKNESS, LIGHTED ROAD",SIDESWIPE SAME DIRECTION,NOT DIVIDED,,STRAIGHT AND LEVEL,DRY,NO DEFECTS,NOT ON SCENE (DESK REPORT),NO INJURY / DRIVE AWAY,,,,"OVER $1,500",01/09/2025 06:15:00 PM,IMPROPER LANE USAGE,NOT APPLICABLE,6222,S,KEDZIE AVE,823.0,,,,,,,2,NO INDICATION OF INJURY,0.0,0.0,0.0,0.0,0.0,2.0,0.0,18,5,1,41.780063838,-87.703312622,POINT (-87.703312622146 41.780063837873),2025-01-09 18:00:00
243c4b356657aef7c76c285b14b9e44b5748ab7d0c7b7e9f1ecb6fe10a6aa46bf40cacd533317a66fd611161ee7a1776b1554fcb371bcdfaf029bda601b67fa7,,01/09/2025 06:00:00 PM,10,NO CONTROLS,NO CONTROLS,CLEAR,"DARKNESS, LIGHTED ROAD",PARKED MOTOR VEHICLE,PARKING LOT,,STRAIGHT AND LEVEL,DRY,NO DEFECTS,NOT ON SCENE (DESK REPORT),NO INJURY / DRIVE AWAY,,,Y,"OVER $1,500",01/14/2025 07:55:00 PM,DRIVING SKILLS/KNOWLEDGE/EXPERIENCE,UNABLE TO DETERMINE,4900,N,BERNARD ST,1712.0,,,,,,,2,NO INDICATION OF INJURY,0.0,0.0,0.0,0.0,0.0,2.0,0.0,18,5,1,41.970286698,-87.71478625,POINT (-87.714786249553 41.970286697767),2025-01-09 18:00:00
856f9ae63d6647a9e34feee1048c7f46e1789d1849333acf715b002e7c7ad15b137b6feaea89adbed04bcd18d2be31ba6ab6683924eeec69ed58b238af24b377,,01/09/2025 06:00:00 PM,30,TRAFFIC SIGNAL,UNKNOWN,CLEAR,"DARKNESS, LIGHTED ROAD",REAR END,FOUR WAY,,STRAIGHT AND LEVEL,UNKNOWN,UNKNOWN,NOT ON SCENE (DESK REPORT),NO INJURY / DRIVE AWAY,,,,"OVER $1,500",01/09/2025 06:52:00 PM,UNABLE TO DETERMINE,NOT APPLICABLE,3053,W,FRANKLIN BLVD,1221.0,,,,,,,2,NO INDICATION OF INJURY,0.0,0.0,0.0,0.0,0.0,2.0,0.0,18,5,1,41.889992347,-87.703686766,POINT (-87.70368676585 41.889992346727),2025-01-09 18:00:00
0084c1d58f7ca397b769cc9e46cb3beb42ac2f9199be0883e06efde643e0787cc79d62deff5a4008c1e404c5e7aca5eb7f5cdf7815d5139559a7962c1f34f1a6,,01/09/2025 05:59:00 PM,30,TRAFFIC SIGNAL,FUNCTIONING PROPERLY,CLEAR,DUSK,SIDESWIPE SAME DIRECTION,DIVIDED - W/MEDIAN BARRIER,,STRAIGHT AND LEVEL,UNKNOWN,UNKNOWN,NOT ON SCENE (DESK REPORT),NO INJURY / DRIVE AWAY,,,,"OVER $1,500",01/09/2025 06:50:00 PM,UNABLE TO DETERMINE,NOT APPLICABLE,151,W,CERMAK RD,914.0,,,,,,,2,NO INDICATION OF INJURY,0.0,0.0,0.0,0.0,0.0,2.0,0.0,17,5,1,41.85275332,-87.631300377,POINT (-87.631300377216 41.852753320059),2025-01-09 17:59:00
986d980f9c0676e34f3eeead1d73cf11c1d5a931cd1370b002c08f25925962aa23ee5b3f9bc0c247894634a2942f645dd5b74cc3ddd00f5e7ea69e69f3fd4ce4,,01/09/2025 05:56:00 PM,30,TRAFFIC SIGNAL,FUNCTIONING PROPERLY,CLEAR,"DARKNESS, LIGHTED ROAD",TURNING,NOT DIVIDED,,STRAIGHT AND LEVEL,DRY,NO DEFECTS,NOT ON SCENE (DESK REPORT),NO INJURY / DRIVE AWAY,,,,"$501 - $1,500",01/09/2025 07:30:00 PM,UNABLE TO DETERMINE,UNABLE TO DETERMINE,9100,S,COTTAGE GROVE AVE,633.0,,,,,,,2,NO INDICATION OF INJURY,0.0,0.0,0.0,0.0,0.0,2.0,0.0,17,5,1,41.729306835,-87.604792543,POINT (-87.604792543012 41.729306834503),2025-01-09 17:56:00
f25195407efdc72253c1b4409f2912fb7e7a92abd3f5a9edd2bdefb95c45c34326cf927fe9bc53cd7b01ae582184f2375723130e9b75a1ed5351c1497be39545,,01/09/2025 05:52:00 PM,35,NO CONTROLS,NO CONTROLS,CLEAR,"DARKNESS, LIGHTED ROAD",SIDESWIPE SAME DIRECTION,NOT DIVIDED,,STRAIGHT AND LEVEL,DRY,NO DEFECTS,ON SCENE,INJURY AND / OR TOW DUE TO CRASH,,,,"OVER $1,500",01/09/2025 05:58:00 PM,FAILING TO YIELD RIGHT-OF-WAY,IMPROPER OVERTAKING/PASSING,8401,W,IRVING PARK RD,1631.0,,N,,,,,2,NO INDICATION OF INJURY,0.0,0.0,0.0,0.0,0.0,2.0,0.0,17,5,1,41.951949987,-87.836798058,POINT (-87.836798058418 41.951949986636),2025-01-09 17:52:00
038a87f5526399a70ca19f2b99441ce3304fb87c6eec40641925bbbb4a6133b7b874fdfbef90592dc21e2aa3ac68638708ec6cf0388452cfdb996a6dbae54d51,,01/09/2025 05:50:00 PM,30,NO CONTROLS,NO CONTROLS,CLEAR,DAWN,SIDESWIPE OPPOSITE DIRECTION,ONE-WAY,,STRAIGHT AND LEVEL,WET,UNKNOWN,NOT ON SCENE (DESK REPORT),NO INJURY / DRIVE AWAY,,,Y,"OVER $1,500",01/10/2025 01:25:00 PM,DRIVING ON WRONG SIDE/WRONG WAY,UNABLE TO DETERMINE,1456,W,GARFIELD BLVD,934.0,,,,,,,2,NO INDICATION OF INJURY,0.0,0.0,0.0,0.0,0.0,3.0,0.0,17,5,1,41.794181024,-87.662101165,POINT (-87.662101165413 41.794181023995),2025-01-09 17:50:00
9b2279204e5db28d7975e51480cb13fa78e05c240ede11ed2a870a5df38e9f5f5252ba238250b529dda6e1048c4fabfdd9c1b7b06cd314f5cc63011426aa060e,,01/09/2025 05:50:00 PM,30,UNKNOWN,UNKNOWN,CLEAR,DARKNESS,REAR END,NOT DIVIDED,,STRAIGHT AND LEVEL,DRY,NO DEFECTS,,NO INJURY / DRIVE AWAY,,,,"$501 - $1,500",01/10/2025 12:25:00 PM,FOLLOWING TOO CLOSELY,DRIVING SKILLS/KNOWLEDGE/EXPERIENCE,7300,S,JEFFERY BLVD,333.0,,,,,,,2,NO INDICATION OF INJURY,0.0,0.0,0.0,0.0,0.0,3.0,0.0,17,5,1,41.7624914,-87.57636752,POINT (-87.576367519734 41.76249139992),2025-01-09 17:50:00
0036b28fca931fdda541d50343df47183eb5f3d0f6d636db533e3fcda264978cd4643d18f82c70bf9e9243d1a02322040da2f8c43cff641cb6c12002a05d4988,,01/09/2025 05:48:00 PM,30,TRAFFIC SIGNAL,UNKNOWN,CLEAR,DARKNESS,REAR END,DIVIDED - W/MEDIAN BARRIER,,STRAIGHT AND LEVEL,DRY,NO DEFECTS,ON SCENE,NO INJURY / DRIVE AWAY,,,,"OVER $1,500",01/09/2025 05:48:00 PM,DISTRACTION - FROM INSIDE VEHICLE,NOT APPLICABLE,6601,S,STONY ISLAND AVE,331.0,Y,Y,,,,,2,NO INDICATION OF INJURY,0.0,0.0,0.0,0.0,0.0,2.0,0.0,17,5,1,41.775119032,-87.586113302,POINT (-87.586113302218 41.77511903202),2025-01-09 17:48:00
4b8877d036af7f9c31cd71aeb4da92c6d7c871775ccbbbe9c280f15ba1ea144593de5deffa1fb59e9579b49aafa52988483bb754eae1d7361f804ec9582d8f3c,,01/09/2025 05:48:00 PM,30,TRAFFIC SIGNAL,FUNCTIONING PROPERLY,CLEAR,"DARKNESS, LIGHTED ROAD",TURNING,NOT DIVIDED,,STRAIGHT AND LEVEL,DRY,NO DEFECTS,ON SCENE,NO INJURY / DRIVE AWAY,Y,,,"$501 - $1,500",01/09/2025 05:49:00 PM,FAILING TO YIELD RIGHT-OF-WAY,UNABLE TO DETERMINE,4499,W,LAKE ST,1113.0,,,,,,,2,NO INDICATION OF INJURY,0.0,0.0,0.0,0.0,0.0,3.0,0.0,17,5,1,41.886051048,-87.737996295,POINT (-87.737996294516 41.886051047565),2025-01-09 17:48:00
8460bc722627cba1cf7a80a1fd6a410d574bea85cdea1177a0433a27ea2f62220c6d5492986e31e98b36d69b38d7a61f9387b7d6462c19b68c7fb1703c206cb0,,01/09/2025 05:45:00 PM,30,UNKNOWN,UNKNOWN,CLEAR,"DARKNESS, LIGHTED ROAD",SIDESWIPE SAME DIRECTION,NOT DIVIDED,,STRAIGHT AND LEVEL,UNKNOWN,UNKNOWN,,NO INJURY / DRIVE AWAY,,,,"OVER $1,500",01/09/2025 06:10:00 PM,UNABLE TO DETERMINE,UNABLE TO DETERMINE,445,N,FRANKLIN ST,1831.0,,,,,,,2,NO INDICATION OF INJURY,0.0,0.0,0.0,0.0,0.0,2.0,0.0,17,5,1,41.890510824,-87.635401173,POINT (-87.635401173363 41.890510823977),2025-01-09 17:45:00
58bb74efd7b642c41c6493c831069c5988d396d6e6000397b79edb8af61a90794c5fb0bec3d0aa1686824a2e8fa2f8d53c6c7e627d0e38d86ffb5799f5f7e9be,,01/09/2025 05:40:00 PM,25,TRAFFIC SIGNAL,FUNCTIONING PROPERLY,CLEAR,"DARKNESS, LIGHTED ROAD",TURNING,NOT DIVIDED,,STRAIGHT AND LEVEL,DRY,NO DEFECTS,ON SCENE,INJURY AND / OR TOW DUE TO CRASH,Y,,,"OVER $1,500",01/09/2025 05:50:00 PM,FAILING TO YIELD RIGHT-OF-WAY,NOT APPLICABLE,5500,S,NARRAGANSETT AVE,811.0,,,,,,,2,NO INDICATION OF INJURY,0.0,0.0,0.0,0.0,0.0,2.0,0.0,17,5,1,41.792254249,-87.781949098,POINT (-87.781949098151 41.792254249339),2025-01-09 17:40:00
5eec39514aa5d8cbb2dbffcc7ed4cfca39a63a8699e3db1437612ebb474d7a0838373ea98575d7d5e5ea8008abd910dcf19102cab67262b68745f273f7a2d437,,01/09/2025 05:40:00 PM,25,STOP SIGN/FLASHER,FUNCTIONING PROPERLY,CLEAR,"DARKNESS, LIGHTED ROAD",TURNING,NOT DIVIDED,,STRAIGHT AND LEVEL,DRY,NO DEFECTS,ON SCENE,INJURY AND / OR TOW DUE TO CRASH,Y,,,"$501 - $1,500",01/09/2025 06:20:00 PM,FAILING TO YIELD RIGHT-OF-WAY,FAILING TO YIELD RIGHT-OF-WAY,1100,E,75TH ST,323.0,,,,,,,2,NONINCAPACITATING INJURY,1.0,0.0,0.0,1.0,0.0,2.0,0.0,17,5,1,41.758762582,-87.597974118,POINT (-87.597974117914 41.758762581541),2025-01-09 17:40:00
cf8b49853105fda73554b57e3a64b657d3dc4db68d3add75e645758b730b3f85a037d9fdedee9b424e0071121ac1b07d122646552cbd3d2245c0a7f0cd9d2ee6,,01/09/2025 05:40:00 PM,30,NO CONTROLS,NO CONTROLS,UNKNOWN,UNKNOWN,SIDESWIPE SAME DIRECTION,DIVIDED - W/MEDIAN (NOT RAISED),,STRAIGHT AND LEVEL,UNKNOWN,UNKNOWN,NOT ON SCENE (DESK REPORT),NO INJURY / DRIVE AWAY,,,,"OVER $1,500",01/13/2025 09:30:00 AM,UNABLE TO DETERMINE,UNABLE TO DETERMINE,135,W,CERMAK RD,914.0,,,,,,,2,NO INDICATION OF INJURY,0.0,0.0,0.0,0.0,0.0,2.0,0.0,17,5,1,41.852758247,-87.630867376,POINT (-87.630867376171 41.852758246635),2025-01-09 17:40:00
f4defa927a07fe9d8cbec37852e33dcfba9e8a2407d6f399cc550754df8aff4899bc2d7423fa5aae320cd880cc9e6ccb38783b4b3b31772e8ca5ae45d2429e24,,01/09/2025 05:35:00 PM,30,TRAFFIC SIGNAL,FUNCTIONING PROPERLY,CLEAR,DARKNESS,REAR END,DIVIDED - W/MEDIAN (NOT RAISED),,STRAIGHT AND LEVEL,DRY,NO DEFECTS,NOT ON SCENE (DESK REPORT),NO INJURY / DRIVE AWAY,,,Y,$500 OR LESS,01/09/2025 06:30:00 PM,UNABLE TO DETERMINE,UNABLE TO DETERMINE,5983,N,LINCOLN AVE,2011.0,,,,,,,2,NO INDICATION OF INJURY,0.0,0.0,0.0,0.0,0.0,2.0,0.0,17,5,1,41.990055251,-87.706571651,POINT (-87.706571651167 41.990055250683),2025-01-09 17:35:00
11342dece360498b9241dbec802f1dee233f34b61910fd088f49438d75f7eaac6de9ec9c20ea499574714b27ea93444c54552fa0f3f6ab90675cbf898ea83dc5,,01/09/2025 05:30:00 PM,30,STOP SIGN/FLASHER,FUNCTIONING PROPERLY,CLEAR,"DARKNESS, LIGHTED ROAD",TURNING,T-INTERSECTION,,STRAIGHT AND LEVEL,DRY,UNKNOWN,ON SCENE,INJURY AND / OR TOW DUE TO CRASH,Y,,Y,"OVER $1,500",01/09/2025 05:36:00 PM,FAILING TO YIELD RIGHT-OF-WAY,NOT APPLICABLE,4750,S,CALIFORNIA AVE,922.0,,,,,,,4,NO INDICATION OF INJURY,0.0,0.0,0.0,0.0,0.0,4.0,0.0,17,5,1,41.80680768,-87.694310151,POINT (-87.694310151017 41.806807679852),2025-01-09 17:30:00
4ba8db8170e8edef1166212dc7089f68d7903659c5b23e7ddaaf6e77d1fa32a834168a3f6f0e8a29eaa657bac0ad31ba9da4094d65b311816dda4a090d71ed29,,01/09/2025 05:30:00 PM,30,TRAFFIC SIGNAL,FUNCTIONING PROPERLY,CLEAR,"DARKNESS, LIGHTED ROAD",ANGLE,UNKNOWN,,STRAIGHT AND LEVEL,UNKNOWN,UNKNOWN,NOT ON SCENE (DESK REPORT),NO INJURY / DRIVE AWAY,,,,"OVER $1,500",01/09/2025 07:30:00 PM,UNABLE TO DETERMINE,UNABLE TO DETERMINE,2200,S,BLUE ISLAND AVE,1034.0,,,,,,,2,NO INDICATION OF INJURY,0.0,0.0,0.0,0.0,0.0,3.0,0.0,17,5,1,41.852335311,-87.666194032,POINT (-87.666194031973 41.852335310621),2025-01-09 17:30:00
caecf5e53428b136f6abe127204395c8b45df48b49d2162fafdf8a9873b828d782e3522e166946730e7ee108288faeab0fca9b883588ed7708e00d1e18a21287,,01/09/2025 05:30:00 PM,25,NO CONTROLS,NO CONTROLS,CLEAR,"DARKNESS, LIGHTED ROAD",ANGLE,TRAFFIC ROUTE,,STRAIGHT AND LEVEL,DRY,NO DEFECTS,NOT ON SCENE (DESK REPORT),NO INJURY / DRIVE AWAY,,,,"OVER $1,500",01/09/2025 06:00:00 PM,FAILING TO YIELD RIGHT-OF-WAY,FAILING TO YIELD RIGHT-OF-WAY,8000,S,STONY ISLAND AVE,411.0,,,,,,,2,NO INDICATION OF INJURY,0.0,0.0,0.0,0.0,0.0,3.0,0.0,17,5,1,41.749699577,-87.585957242,POINT (-87.585957241503 41.749699576791),2025-01-09 17:30:00