CRASH_RECORD_ID,CRASH_DATE_EST_I,CRASH_DATE,POSTED_SPEED_LIMIT,TRAFFIC_CONTROL_DEVICE,DEVICE_CONDITION,WEATHER_CONDITION,LIGHTING_CONDITION,FIRST_CRASH_TYPE,TRAFFICWAY_TYPE,LANE_CNT,ALIGNMENT,ROADWAY_SURFACE_COND,ROAD_DEFECT,REPORT_TYPE,CRASH_TYPE,INTERSECTION_RELATED_I,NOT_RIGHT_OF_WAY_I,HIT_AND_RUN_I,DAMAGE,DATE_POLICE_NOTIFIED,PRIM_CONTRIBUTORY_CAUSE,SEC_CONTRIBUTORY_CAUSE,STREET_NO,STREET_DIRECTION,STREET_NAME,BEAT_OF_OCCURRENCE,PHOTOS_TAKEN_I,STATEMENTS_TAKEN_I,DOORING_I,WORK_ZONE_I,WORK_ZONE_TYPE,WORKERS_PRESENT_I,NUM_UNITS,MOST_SEVERE_INJURY,INJURIES_TOTAL,INJURIES_FATAL,INJURIES_INCAPACITATING,INJURIES_NON_INCAPACITATING,INJURIES_REPORTED_NOT_EVIDENT,INJURIES_NO_INDICATION,INJURIES_UNKNOWN,CRASH_HOUR,CRASH_DAY_OF_WEEK,CRASH_MONTH,LATITUDE,LONGITUDE,LOCATION,timestamp
347c29f9df40ba61b0cce5a3892c505cea7a735c04eeb62a6487f45c3f2c56876768a4a676c9d4c562127f8d3a56f74dd865afae89d8f99cd22dce43ee3cc651,,01/09/2025 05:22:00 PM,30,NO CONTROLS,NO CONTROLS,CLEAR,"DARKNESS, LIGHTED ROAD",PARKED MOTOR VEHICLE,DIVIDED - W/MEDIAN (NOT RAISED),,STRAIGHT AND LEVEL,DRY,NO DEFECTS,ON SCENE,NO INJURY / DRIVE AWAY,,,,"OVER $1,500",01/09/2025 05:23:00 PM,UNABLE TO DETERMINE,UNABLE TO DETERMINE,2106,S,LEAVITT ST,1234.0,,,,,,,2,NO INDICATION OF INJURY,0.0,0.0,0.0,0.0,0.0,1.0,0.0,17,5,1,41.853689746,-87.680931623,POINT (-87.680931623226 41.853689746047),2025-01-09 17:22:00
36074dd7ffbe2f5ac0a9ae464fd3dea6be49fcdfb3bbd632b308cfdc9f34d7270554a3f6b7320278062772839d759b62eb10756f28ce17e11246ecc61dab273d,,01/09/2025 05:20:00 PM,30,TRAFFIC SIGNAL,FUNCTIONING PROPERLY,CLEAR,DAYLIGHT,TURNING,FOUR WAY,,STRAIGHT AND LEVEL,DRY,NO DEFECTS,NOT ON SCENE (DESK REPORT),NO INJURY / DRIVE AWAY,,,,"$501 - $1,500",01/10/2025 01:00:00 PM,IMPROPER TURNING/NO SIGNAL,NOT APPLICABLE,1600,W,CERMAK RD,1234.0,,,,,,,2,NO INDICATION OF INJURY,0.0,0.0,0.0,0.0,0.0,2.0,0.0,17,5,1,41.852438049,-87.66615223,POINT (-87.666152230449 41.852438049213),2025-01-09 17:20:00
470d6983d9ae7ee36d0d93007bfb15fb927757ec6f3b30337ce8d16e63c24137ed114743c746fdcbd1af3aa86dbde9c9eb372e75ae29f0c9f97e6245810e0a3f,,01/09/2025 05:20:00 PM,30,NO CONTROLS,NO CONTROLS,CLEAR,DARKNESS,SIDESWIPE SAME DIRECTION,NOT DIVIDED,,STRAIGHT AND LEVEL,DRY,NO DEFECTS,NOT ON SCENE (DESK REPORT),NO INJURY / DRIVE AWAY,,,,"$501 - $1,500",01/10/2025 06:00:00 AM,IMPROPER OVERTAKING/PASSING,IMPROPER LANE USAGE,5430,W,MONTROSE AVE,1623.0,,,,,,,2,NO INDICATION OF INJURY,0.0,0.0,0.0,0.0,0.0,2.0,0.0,17,5,1,41.9606364,-87.763587533,POINT (-87.763587532895 41.96063639994),2025-01-09 17:20:00
de144fe235381c30a3624a905bb3395bb4140f2df0a254c712666a490ca1d8e3aa9a0656d4da781e164a71498205b8e20c428812cd11a942bfb131946c9b6cb7,,01/09/2025 05:20:00 PM,30,TRAFFIC SIGNAL,FUNCTIONING PROPERLY,CLEAR,"DARKNESS, LIGHTED ROAD",REAR END,DIVIDED - W/MEDIAN (NOT RAISED),,STRAIGHT AND LEVEL,DRY,NO DEFECTS,NOT ON SCENE (DESK REPORT),NO INJURY / DRIVE AWAY,Y,,,"OVER $1,500",01/13/2025 01:00:00 PM,UNABLE TO DETERMINE,UNABLE TO DETERMINE,2000,N,LARAMIE AVE,2515.0,,,,,,,2,NO INDICATION OF INJURY,0.0,0.0,0.0,0.0,0.0,2.0,0.0,17,5,1,41.917017367,-87.756087339,POINT (-87.756087339467 41.917017366937),2025-01-09 17:20:00
72c502d89e189c77cec376d642b6e748aad477f339bde813d94564366056d5ced594ff81f988d54594dcc2d0137c4c9692e2f4680224233e745dba21af7d60d5,,01/09/2025 05:16:00 PM,30,NO CONTROLS,NO CONTROLS,CLEAR,"DARKNESS, LIGHTED ROAD",SIDESWIPE SAME DIRECTION,NOT DIVIDED,,STRAIGHT AND LEVEL,DRY,NO DEFECTS,ON SCENE,NO INJURY / DRIVE AWAY,,,,"OVER $1,500",01/09/2025 05:17:00 PM,FAILING TO YIELD RIGHT-OF-WAY,NOT APPLICABLE,4253,W,55TH ST,813.0,,,,,,,2,NO INDICATION OF INJURY,0.0,0.0,0.0,0.0,0.0,2.0,0.0,17,5,1,41.793030472,-87.73019469,POINT (-87.730194689925 41.793030471678),2025-01-09 17:16:00
7988cbfe49457f67f9ddefbce7393362e547c0714e0937d700eb8f839431f7f1064c677cc04c1add067a71a8a56c08299f23cbda90de775e861ddc69dfcc2bfd,,01/09/2025 05:15:00 PM,30,NO CONTROLS,NO CONTROLS,CLEAR,"DARKNESS, LIGHTED ROAD",PEDALCYCLIST,NOT DIVIDED,,STRAIGHT AND LEVEL,DRY,NO DEFECTS,NOT ON SCENE (DESK REPORT),INJURY AND / OR TOW DUE TO CRASH,,,,"OVER $1,500",01/13/2025 12:05:00 PM,UNABLE TO DETERMINE,UNABLE TO DETERMINE,2807,N,CLYBOURN AVE,1931.0,,,,,,,2,NONINCAPACITATING INJURY,1.0,0.0,0.0,1.0,0.0,1.0,0.0,17,5,1,41.932579184,-87.678327456,POINT (-87.678327455972 41.932579183716),2025-01-09 17:15:00
5800aa4bda36818b2626f8a687bd1635fd91321b8330afb1015ca289b2237cb74c06bd6e11a262f06fc0e58fc216bf3812ca67846b40f6e34ec3814f88bdac7d,Y,01/09/2025 05:10:00 PM,25,NO CONTROLS,NO CONTROLS,CLEAR,"DARKNESS, LIGHTED ROAD",SIDESWIPE SAME DIRECTION,NOT DIVIDED,,STRAIGHT AND LEVEL,UNKNOWN,UNKNOWN,ON SCENE,INJURY AND / OR TOW DUE TO CRASH,,,,"OVER $1,500",01/09/2025 05:14:00 PM,UNABLE TO DETERMINE,UNABLE TO DETERMINE,815,S,AUSTIN BLVD,1513.0,,,,,,,2,NO INDICATION OF INJURY,0.0,0.0,0.0,0.0,0.0,2.0,0.0,17,5,1,,,,2025-01-09 17:10:00
cf341bde97cca739d4529bf122ca2b04dbad731e952e387b1dfffda54d463302a0c8768fa893eb1019fde51ce760d2c2b4bd8eab5a70b778ad8a6818ddc58b08,,01/09/2025 05:10:00 PM,30,TRAFFIC SIGNAL,FUNCTIONING PROPERLY,CLEAR,"DARKNESS, LIGHTED ROAD",REAR END,DIVIDED - W/MEDIAN (NOT RAISED),,STRAIGHT AND LEVEL,WET,NO DEFECTS,NOT ON SCENE (DESK REPORT),NO INJURY / DRIVE AWAY,,,,"OVER $1,500",01/10/2025 09:55:00 AM,FAILING TO YIELD RIGHT-OF-WAY,UNABLE TO DETERMINE,5285,N,ELSTON AVE,1621.0,,,,,,,2,NO INDICATION OF INJURY,0.0,0.0,0.0,0.0,0.0,2.0,0.0,17,5,1,41.977139341,-87.754588009,POINT (-87.754588009137 41.977139341402),2025-01-09 17:10:00
7fc87bbeb57b5201592de0288a973ce59f0fe75bb1e27ee30f2fff87023a36d1c59190e5e97a96204eb5b6219953d8be1b6bbdf4b9a78ec1ed4a1c025ed55f01,,01/09/2025 05:01:00 PM,30,TRAFFIC SIGNAL,UNKNOWN,UNKNOWN,UNKNOWN,TURNING,FOUR WAY,,STRAIGHT AND LEVEL,UNKNOWN,UNKNOWN,NOT ON SCENE (DESK REPORT),NO INJURY / DRIVE AWAY,Y,,,"$501 - $1,500",01/09/2025 07:15:00 PM,UNABLE TO DETERMINE,NOT APPLICABLE,1201,W,WASHINGTON BLVD,1224.0,,,,,,,2,NO INDICATION OF INJURY,0.0,0.0,0.0,0.0,0.0,2.0,0.0,17,5,1,41.882872796,-87.656746196,POINT (-87.656746195893 41.882872795851),2025-01-09 17:01:00
3388954ece94991e04ebf7d474e84102919dfd2746434a504e6568e48a1443813cd47499702f2eef7fcd52192b4c50bdcc6a1e37264afd02ee54c2b074a73c11,,01/09/2025 05:00:00 PM,30,NO CONTROLS,NO CONTROLS,CLEAR,DAYLIGHT,SIDESWIPE SAME DIRECTION,NOT DIVIDED,,STRAIGHT AND LEVEL,DRY,NO DEFECTS,NOT ON SCENE (DESK REPORT),NO INJURY / DRIVE AWAY,,,,"OVER $1,500",01/09/2025 06:25:00 PM,FOLLOWING TOO CLOSELY,IMPROPER OVERTAKING/PASSING,2350,W,47TH ST,924.0,,,,,,,2,NO INDICATION OF INJURY,0.0,0.0,0.0,0.0,0.0,2.0,0.0,17,5,1,41.808526572,-87.683778235,POINT (-87.683778235311 41.808526571636),2025-01-09 17:00:00
7c31614c95e2d08523cffe66e5990375fb9e1a1a34ea158ef58f60100c0e9efd8f76b3d5a71053be03d2e71696df44a4cf1e93ac44f5f39f85d6c3aba3bbcbac,,01/09/2025 05:00:00 PM,30,NO CONTROLS,FUNCTIONING PROPERLY,CLEAR,"DARKNESS, LIGHTED ROAD",HEAD ON,NOT DIVIDED,,STRAIGHT AND LEVEL,DRY,UNKNOWN,ON SCENE,NO INJURY / DRIVE AWAY,,,,"OVER $1,500",01/09/2025 05:17:00 PM,IMPROPER TURNING/NO SIGNAL,NOT APPLICABLE,6653,S,ASHLAND AVE,725.0,,,,,,,2,NO INDICATION OF INJURY,0.0,0.0,0.0,0.0,0.0,2.0,0.0,17,5,1,41.772455318,-87.663883407,POINT (-87.663883406533 41.772455317855),2025-01-09 17:00:00
e5b6c13670a421865bfd4057d9af241efb1720a33823b0c898a0aeb47164d2bb1e77b522a4fff0ffee76633bdb50f9e8806f4d93f269e84cdaef5515a81fce90,Y,01/09/2025 05:00:00 PM,30,UNKNOWN,UNKNOWN,UNKNOWN,"DARKNESS, LIGHTED ROAD",ANGLE,NOT DIVIDED,,STRAIGHT AND LEVEL,UNKNOWN,UNKNOWN,ON SCENE,NO INJURY / DRIVE AWAY,,,Y,"OVER $1,500",01/09/2025 05:50:00 PM,UNABLE TO DETERMINE,NOT APPLICABLE,2347,E,75TH ST,414.0,,,,,,,2,NO INDICATION OF INJURY,0.0,0.0,0.0,0.0,0.0,2.0,0.0,17,5,1,41.758871553,-87.566937635,POINT (-87.566937634543 41.758871552803),2025-01-09 17:00:00
e48c27ff6af45bfc8d35e179db597fd1dc1da5eb70ba004552540d6613aa3ca0f694d075a3ac86b96478f4f9ed06be2a5877aa4651f3f4d8e0c9c8447d7fddd9,,01/09/2025 04:58:00 PM,15,NO CONTROLS,NO CONTROLS,CLEAR,DARKNESS,ANGLE,ALLEY,,STRAIGHT AND LEVEL,DRY,NO DEFECTS,NOT ON SCENE (DESK REPORT),NO INJURY / DRIVE AWAY,,,,"OVER $1,500",01/10/2025 09:45:00 AM,FAILING TO YIELD RIGHT-OF-WAY,FAILING TO YIELD RIGHT-OF-WAY,6751,N,NEWGARD AVE,2432.0,,,,,,,2,NO INDICATION OF INJURY,0.0,0.0,0.0,0.0,0.0,2.0,0.0,16,5,1,42.005117513,-87.666806023,POINT (-87.666806022926 42.005117513201),2025-01-09 16:58:00
3bd87f7bf55de937462e0e9c9ab8a708638248eab346b0f260f0beda384583c2dca21ff849d8927c65b3300321cc6d21a44bfc74e02b8e74673a35df6ad65178,,01/09/2025 04:45:00 PM,30,TRAFFIC SIGNAL,FUNCTIONING PROPERLY,CLEAR,DAYLIGHT,TURNING,FOUR WAY,,STRAIGHT AND LEVEL,DRY,NO DEFECTS,ON SCENE,NO INJURY / DRIVE AWAY,Y,,Y,"OVER $1,500",01/09/2025 04:48:00 PM,FAILING TO YIELD RIGHT-OF-WAY,FAILING TO REDUCE SPEED TO AVOID CRASH,3899,S,WESTERN BLVD,912.0,,,,,,,2,NO INDICATION OF INJURY,0.0,0.0,0.0,0.0,0.0,2.0,0.0,16,5,1,41.823092434,-87.684097466,POINT (-87.684097465932 41.823092434407),2025-01-09 16:45:00
78d6598a7c3e77680a99f32c2dafbc81c5db247c547bae1f32c77d19bb3be38f7d5e04de689b346ba8950f881420727a442380ec0f38095dea3f5b12ef2eb81d,Y,01/09/2025 04:45:00 PM,30,UNKNOWN,OTHER,OTHER,UNKNOWN,REAR END,OTHER,,STRAIGHT AND LEVEL,UNKNOWN,UNKNOWN,NOT ON SCENE (DESK REPORT),INJURY AND / OR TOW DUE TO CRASH,,,,"OVER $1,500",01/09/2025 10:49:00 PM,UNABLE TO DETERMINE,UNABLE TO DETERMINE,6700,S,BELL AVE,832.0,,,,,,,2,"REPORTED, NOT EVIDENT",1.0,0.0,0.0,0.0,1.0,1.0,0.0,16,5,1,41.771912742,-87.679828371,POINT (-87.679828371061 41.771912742077),2025-01-09 16:45:00
0b6fbcd9c9784ca828e2a61207a84e747e9b1c823ba70e831cd6a599ccdb862ee1a7e30681a8f6b2d2b4cae6eb51e6a5f6c725f4987a87a5224fb5918142caec,,01/09/2025 04:44:00 PM,30,NO CONTROLS,NO CONTROLS,CLEAR,"DARKNESS, LIGHTED ROAD",SIDESWIPE SAME DIRECTION,DIVIDED - W/MEDIAN BARRIER,,STRAIGHT AND LEVEL,DRY,NO DEFECTS,NOT ON SCENE (DESK REPORT),NO INJURY / DRIVE AWAY,,,Y,"OVER $1,500",01/09/2025 05:15:00 PM,UNABLE TO DETERMINE,UNABLE TO DETERMINE,3822,S,ASHLAND AVE,912.0,,,,,,,2,NO INDICATION OF INJURY,0.0,0.0,0.0,0.0,0.0,2.0,0.0,16,5,1,41.824282589,-87.665710568,POINT (-87.665710568427 41.82428258941),2025-01-09 16:44:00
c46e28187a5b77b2759f612a5a38d16636272f710cd009ab8f5e54c2c8072a1cf26de9524732438c653253ec56fd8f73d1f00f0b89cfc39637357f0af6c82d9c,,01/09/2025 04:44:00 PM,30,STOP SIGN/FLASHER,FUNCTIONING PROPERLY,CLEAR,"DARKNESS, LIGHTED ROAD",TURNING,FOUR WAY,,STRAIGHT AND LEVEL,DRY,NO DEFECTS,ON SCENE,NO INJURY / DRIVE AWAY,Y,,Y,"OVER $1,500",01/09/2025 04:46:00 PM,FAILING TO YIELD RIGHT-OF-WAY,UNABLE TO DETERMINE,2100,W,83RD ST,614.0,,,,,,,2,NO INDICATION OF INJURY,0.0,0.0,0.0,0.0,0.0,2.0,0.0,16,5,1,41.743019734,-87.675467737,POINT (-87.675467736851 41.743019734353),2025-01-09 16:44:00
31d6239547c5c2af9cf76835a00ed242dfc669572c41f16309f2b9ba5c5846881d0873ef7e5bb9a75899e853503f83401a99e523654082f34cdae3ee96d93dbf,,01/09/2025 04:40:00 PM,30,STOP SIGN/FLASHER,FUNCTIONING PROPERLY,CLEAR,DARKNESS,PARKED MOTOR VEHICLE,ONE-WAY,,STRAIGHT AND LEVEL,DRY,NO DEFECTS,ON SCENE,INJURY AND / OR TOW DUE TO CRASH,,,Y,"OVER $1,500",01/09/2025 04:43:00 PM,UNABLE TO DETERMINE,NOT APPLICABLE,3712,W,POTOMAC AVE,2535.0,,,,,,,3,NO INDICATION OF INJURY,0.0,0.0,0.0,0.0,0.0,1.0,0.0,16,5,1,41.904642253,-87.719679308,POINT (-87.719679308363 41.904642253298),2025-01-09 16:40:00
97a2d5ece44507ca2da564725ab9ede08ea8a2f682bf563c99012ff3778434262c68e83aadf0f73686628b22b928c7b84f8a025ca91668b4c615267ed67bb8ec,,01/09/2025 04:40:00 PM,30,UNKNOWN,UNKNOWN,UNKNOWN,UNKNOWN,ANGLE,FOUR WAY,,STRAIGHT AND LEVEL,UNKNOWN,UNKNOWN,,NO INJURY / DRIVE AWAY,,,,"OVER $1,500",01/09/2025 05:20:00 PM,UNABLE TO DETERMINE,NOT APPLICABLE,5200,W,BERTEAU AVE,1624.0,,,,,,,2,NO INDICATION OF INJURY,0.0,0.0,0.0,0.0,0.0,4.0,0.0,16,5,1,41.957058266,-87.757394129,POINT (-87.75739412942 41.957058265717),2025-01-09 16:40:00
9d13b10da45b2105c4ec24a7cf6f1c4ff38c53187ce39a2cdbe043cc11da5e0f546dcd50ef035373ffcb0a305c2bd23aafdf1c2bea492e912f1cb8ab72e095c7,,01/09/2025 04:35:00 PM,30,STOP SIGN/FLASHER,FUNCTIONING PROPERLY,CLEAR,"DARKNESS, LIGHTED ROAD",TURNING,FOUR WAY,,STRAIGHT AND LEVEL,DRY,NO DEFECTS,NOT ON SCENE (DESK REPORT),NO INJURY / DRIVE AWAY,,,,"$501 - $1,500",01/09/2025 05:55:00 PM,UNABLE TO DETERMINE,NOT APPLICABLE,601,W,FULLERTON PKWY,1812.0,,,,,,,2,NO INDICATION OF INJURY,0.0,0.0,0.0,0.0,0.0,2.0,0.0,16,5,1,41.925420628,-87.644044865,POINT (-87.644044864517 41.925420627701),2025-01-09 16:35:00
c0518036726e01faf226b0594e69db522a50210b0338cd719ccb2cb3ac06761897befb8e4b770f4114f4d5ec5e695554cd7407acfc2aa55ac013a1c5ddf30235,,01/09/2025 04:34:00 PM,25,NO CONTROLS,NO CONTROLS,CLEAR,DAWN,ANGLE,PARKING LOT,,STRAIGHT AND LEVEL,DRY,NO DEFECTS,ON SCENE,NO INJURY / DRIVE AWAY,,,Y,"OVER $1,500",01/09/2025 04:36:00 PM,NOT APPLICABLE,NOT APPLICABLE,2746,N,CLYBOURN AVE,1931.0,,,,,,,2,NO INDICATION OF INJURY,0.0,0.0,0.0,0.0,0.0,2.0,0.0,16,5,1,41.931021006,-87.676864018,POINT (-87.676864018134 41.931021005798),2025-01-09 16:34:00
087441a59113de293fedc6a12225338c3cd35477f7e8c13eb0f0aa1a76c083318001b66b2ed96e4c85929dacb66bad4e987fa1c3661877e7e21d0c4a5512b46f,,01/09/2025 04:32:00 PM,30,STOP SIGN/FLASHER,FUNCTIONING PROPERLY,CLEAR,DUSK,ANGLE,DIVIDED - W/MEDIAN (NOT RAISED),,STRAIGHT AND LEVEL,DRY,NO DEFECTS,ON SCENE,INJURY AND / OR TOW DUE TO CRASH,,,,"OVER $1,500",01/09/2025 04:35:00 PM,FAILING TO YIELD RIGHT-OF-WAY,UNABLE TO DETERMINE,8700,S,WABASH AVE,632.0,,,,,,,2,NONINCAPACITATING INJURY,5.0,0.0,0.0,2.0,3.0,1.0,0.0,16,5,1,41.736281754,-87.622747908,POINT (-87.622747907919 41.736281753672),2025-01-09 16:32:00
0bcb676ab4a2f9f977a43f3c2b004a98b87d7027a71218996eefbd342d383af5b5885d322e107aafa34f54f707b60680501dc65056e9825e26d836b41d561f81,Y,01/09/2025 04:30:00 PM,10,NO CONTROLS,NO CONTROLS,UNKNOWN,UNKNOWN,PARKED MOTOR VEHICLE,OTHER,,STRAIGHT AND LEVEL,DRY,NO DEFECTS,NOT ON SCENE (DESK REPORT),NO INJURY / DRIVE AWAY,,Y,Y,"OVER $1,500",01/13/2025 12:33:00 PM,UNABLE TO DETERMINE,NOT APPLICABLE,1255,S,MICHIGAN AVE,132.0,,,,,,,2,NO INDICATION OF INJURY,0.0,0.0,0.0,0.0,0.0,1.0,0.0,16,5,1,41.865975279,-87.623970638,POINT (-87.623970638451 41.865975278841),2025-01-09 16:30:00
1654d702060594f42d28a0acc82dbb699dea97cf9c4f1cc5ae5cf926a3b118d9b07aaaa60a2f0c0bd3aceea6dd3c33b7f9e7e5b1a18999969696f4bc4ea9237b,,01/09/2025 04:30:00 PM,30,NO CONTROLS,NO CONTROLS,RAIN,DAYLIGHT,PARKED MOTOR VEHICLE,NOT DIVIDED,,STRAIGHT AND LEVEL,DRY,NO DEFECTS,ON SCENE,NO INJURY / DRIVE AWAY,,,,$500 OR LESS,01/09/2025 04:35:00 PM,NOT APPLICABLE,NOT APPLICABLE,2045,W,JACKSON BLVD,1225.0,,,,,,,2,NO INDICATION OF INJURY,0.0,0.0,0.0,0.0,0.0,1.0,0.0,16,5,1,41.87735669,-87.678433483,POINT (-87.678433483181 41.877356689857),2025-01-09 16:30:00
82522433c3f9d7501c3ed1a8bd2dcc8b026b835ef0fa333b927c012e947b039d1c1bdd3fe6b97ad5d771f9a1e9ad66b7e2217d9d376b09baa6d43d348eb83f1e,,01/09/2025 04:30:00 PM,30,STOP SIGN/FLASHER,FUNCTIONING PROPERLY,CLEAR,DUSK,REAR END,FOUR WAY,,STRAIGHT AND LEVEL,DRY,UNKNOWN,NOT ON SCENE (DESK REPORT),NO INJURY / DRIVE AWAY,,,,"OVER $1,500",01/09/2025 05:30:00 PM,FOLLOWING TOO CLOSELY,FAILING TO REDUCE SPEED TO AVOID CRASH,3158,N,MELVINA AVE,2511.0,,,,,,,2,NO INDICATION OF INJURY,0.0,0.0,0.0,0.0,0.0,2.0,0.0,16,5,1,41.93833681,-87.781218333,POINT (-87.781218333492 41.938336809958),2025-01-09 16:30:00
846cc3862edbec00f1ef8bbae25bff462540e592ae8bb1456e43b00997d8868cfbfce37497a123a27b998f9a34a778898952789e6e4b871714e82b8572023053,,01/09/2025 04:30:00 PM,30,UNKNOWN,UNKNOWN,CLEAR,"DARKNESS, LIGHTED ROAD",SIDESWIPE SAME DIRECTION,NOT DIVIDED,,STRAIGHT AND LEVEL,UNKNOWN,UNKNOWN,NOT ON SCENE (DESK REPORT),NO INJURY / DRIVE AWAY,N,,,"OVER $1,500",01/09/2025 05:00:00 PM,UNABLE TO DETERMINE,UNABLE TO DETERMINE,600,W,FULLERTON PKWY,1935.0,,,,,,,2,NO INDICATION OF INJURY,0.0,0.0,0.0,0.0,0.0,2.0,0.0,16,5,1,41.925640113,-87.644050815,POINT (-87.644050815298 41.925640113414),2025-01-09 16:30:00
9423a63f27d99bf5bc76895688274fdce9f7a3856861f6266ed25a3a99dca6b94d9a1d95183dfc00641955c2fd729f3c94058b2340dc69bf1e27d9ae805fb0aa,,01/09/2025 04:30:00 PM,30,TRAFFIC SIGNAL,FUNCTIONING PROPERLY,CLEAR,DAYLIGHT,TURNING,T-INTERSECTION,,STRAIGHT AND LEVEL,DRY,NO DEFECTS,NOT ON SCENE (DESK REPORT),NO INJURY / DRIVE AWAY,,,Y,"OVER $1,500",01/09/2025 05:30:00 PM,UNABLE TO DETERMINE,UNABLE TO DETERMINE,8300,S,STONY ISLAND AVE,412.0,,,,,,,2,NO INDICATION OF INJURY,0.0,0.0,0.0,0.0,0.0,3.0,0.0,16,5,1,41.744151639,-87.585945067,POINT (-87.585945066953 41.744151639042),2025-01-09 16:30:00
f43251218dc19ef9bfc934fcd467ca45fd9fc5c1e0fbf5eadd446a909ec955e96ed782eea13775380c8d33d0b616147f4f7136750eb46eb0f9c8ccfc3205cc46,,01/09/2025 04:30:00 PM,30,STOP SIGN/FLASHER,FUNCTIONING PROPERLY,CLEAR,DAYLIGHT,TURNING,PARKING LOT,,STRAIGHT AND LEVEL,DRY,NO DEFECTS,ON SCENE,NO INJURY / DRIVE AWAY,,,Y,"OVER $1,500",01/09/2025 04:35:00 PM,IMPROPER OVERTAKING/PASSING,NOT APPLICABLE,8699,S,LAFAYETTE AVE,622.0,,,,,,,2,NO INDICATION OF INJURY,0.0,0.0,0.0,0.0,0.0,2.0,0.0,16,5,1,41.736364533,-87.625299968,POINT (-87.625299968415 41.736364532966),2025-01-09 16:30:00
6085393628845ec817598d61e1eb2136027114754b4495210b6032fa00c4901d9e71ca6090ed176ffc5aabb20863b3dc52426ee8838a382d735e3551ff8ea1f3,,01/09/2025 04:27:00 PM,30,NO CONTROLS,NO CONTROLS,CLEAR,"DARKNESS, LIGHTED ROAD",PARKED MOTOR VEHICLE,NOT DIVIDED,,STRAIGHT AND LEVEL,DRY,NO DEFECTS,NOT ON SCENE (DESK REPORT),NO INJURY / DRIVE AWAY,,,,"$501 - $1,500",01/09/2025 04:52:00 PM,IMPROPER OVERTAKING/PASSING,NOT APPLICABLE,5860,N,BROADWAY,2013.0,Y,Y,,,,,2,NO INDICATION OF INJURY,0.0,0.0,0.0,0.0,0.0,3.0,0.0,16,5,1,41.988756507,-87.660373781,POINT (-87.660373780778 41.988756507068),2025-01-09 16:27:00
1d1ba657ee6accf9d7d890c930bfdc5565c28ff0530b42bd65975a5d39a571aebb2cfcbc90f1b6807c28ec620e1d80e7a73bd0006f9888f747285faf8c98d080,,01/09/2025 04:20:00 PM,40,TRAFFIC SIGNAL,NO CONTROLS,CLEAR,DAYLIGHT,TURNING,FOUR WAY,,STRAIGHT AND LEVEL,UNKNOWN,NO DEFECTS,NOT ON SCENE (DESK REPORT),NO INJURY / DRIVE AWAY,,,Y,"OVER $1,500",01/09/2025 04:40:00 PM,UNABLE TO DETERMINE,NOT APPLICABLE,2401,W,MARQUETTE RD,832.0,,,,,,,2,NO INDICATION OF INJURY,0.0,0.0,0.0,0.0,0.0,2.0,0.0,16,5,1,41.771866744,-87.683501565,POINT (-87.683501564514 41.771866744474),2025-01-09 16:20:00
b704492cbc24453a30007770f82acfa0590862de000de67476c29f3f9a72efc8417ed3172537d196e40f9f7df1d3d4c441e23b397623339ab6b28a60a17ee12a,,01/09/2025 04:15:00 PM,30,NO CONTROLS,NO CONTROLS,UNKNOWN,DAYLIGHT,SIDESWIPE SAME DIRECTION,DIVIDED - W/MEDIAN (NOT RAISED),,STRAIGHT AND LEVEL,UNKNOWN,UNKNOWN,,NO INJURY / DRIVE AWAY,,,,"$501 - $1,500",01/10/2025 04:45:00 PM,FAILING TO YIELD RIGHT-OF-WAY,NOT APPLICABLE,9500,S,STONY ISLAND AVE,511.0,,,,,,,2,NO INDICATION OF INJURY,0.0,0.0,0.0,0.0,0.0,3.0,0.0,16,5,1,41.722257273,-87.585275565,POINT (-87.585275565077 41.722257273006),2025-01-09 16:15:00
bdaaff9bb8992bf07679be74d6fb81d578ec0615be0151d83cddc13ed5912917651685ba9b6e98f701d988cc96b9e32d274fb92cf73405b6f44f0c91e2db0000,,01/09/2025 04:10:00 PM,30,TRAFFIC SIGNAL,FUNCTIONING PROPERLY,CLEAR,DAYLIGHT,SIDESWIPE SAME DIRECTION,NOT DIVIDED,,STRAIGHT AND LEVEL,DRY,NO DEFECTS,ON SCENE,NO INJURY / DRIVE AWAY,,,Y,"$501 - $1,500",01/09/2025 04:10:00 PM,IMPROPER OVERTAKING/PASSING,IMPROPER LANE USAGE,2818,W,ROOSEVELT RD,1135.0,,,,,,,2,NO INDICATION OF INJURY,0.0,0.0,0.0,0.0,0.0,4.0,0.0,16,5,1,41.866611655,-87.696677203,POINT (-87.696677203467 41.866611654766),2025-01-09 16:10:00