CRASH_RECORD_ID,CRASH_DATE_EST_I,CRASH_DATE,POSTED_SPEED_LIMIT,TRAFFIC_CONTROL_DEVICE,DEVICE_CONDITION,WEATHER_CONDITION,LIGHTING_CONDITION,FIRST_CRASH_TYPE,TRAFFICWAY_TYPE,LANE_CNT,ALIGNMENT,ROADWAY_SURFACE_COND,ROAD_DEFECT,REPORT_TYPE,CRASH_TYPE,INTERSECTION_RELATED_I,NOT_RIGHT_OF_WAY_I,HIT_AND_RUN_I,DAMAGE,DATE_POLICE_NOTIFIED,PRIM_CONTRIBUTORY_CAUSE,SEC_CONTRIBUTORY_CAUSE,STREET_NO,STREET_DIRECTION,STREET_NAME,BEAT_OF_OCCURRENCE,PHOTOS_TAKEN_I,STATEMENTS_TAKEN_I,DOORING_I,WORK_ZONE_I,WORK_ZONE_TYPE,WORKERS_PRESENT_I,NUM_UNITS,MOST_SEVERE_INJURY,INJURIES_TOTAL,INJURIES_FATAL,INJURIES_INCAPACITATING,INJURIES_NON_INCAPACITATING,INJURIES_REPORTED_NOT_EVIDENT,INJURIES_NO_INDICATION,INJURIES_UNKNOWN,CRASH_HOUR,CRASH_DAY_OF_WEEK,CRASH_MONTH,LATITUDE,LONGITUDE,LOCATION,timestamp
1885d7369ce9eea08b83836fd469776aeabf2be9915dd5195902b20913a5c371d02a0237aafff3d75d19cd195b8661284bc188e3011f4ac84a4e60cb9413018f,,01/09/2025 04:05:00 PM,30,STOP SIGN/FLASHER,FUNCTIONING PROPERLY,UNKNOWN,UNKNOWN,TURNING,T-INTERSECTION,,STRAIGHT AND LEVEL,UNKNOWN,NO DEFECTS,NOT ON SCENE (DESK REPORT),NO INJURY / DRIVE AWAY,,,Y,"OVER $1,500",01/09/2025 05:20:00 PM,FAILING TO YIELD RIGHT-OF-WAY,NOT APPLICABLE,3701,W,47TH ST,821.0,,,,,,,2,NO INDICATION OF INJURY,0.0,0.0,0.0,0.0,0.0,2.0,0.0,16,5,1,41.807853599,-87.716288408,POINT (-87.716288408085 41.807853598853),2025-01-09 16:05:00
731053f5a640fb95dbed21832639abca23a873cb196c23d183d67de940ecaaea94039d20e83ae6dbcbda763ed15a3d361618531b19b52f078c9381b5e16d4a89,,01/09/2025 04:05:00 PM,35,NO CONTROLS,NO CONTROLS,CLEAR,DAYLIGHT,TURNING,NOT DIVIDED,,STRAIGHT AND LEVEL,DRY,NO DEFECTS,ON SCENE,NO INJURY / DRIVE AWAY,Y,,,"$501 - $1,500",01/09/2025 04:10:00 PM,IMPROPER LANE USAGE,FAILING TO REDUCE SPEED TO AVOID CRASH,8400,S,PULASKI RD,834.0,,,,,,,2,NO INDICATION OF INJURY,0.0,0.0,0.0,0.0,0.0,2.0,0.0,16,5,1,41.740299385,-87.721763924,POINT (-87.721763924152 41.740299384869),2025-01-09 16:05:00
162070f864056cf1db7c9d1fdf3230d4f4a4f65a41dd3f233c8ec7292c6c1c1ce7951b08b81616ae16534c49d96dc44ce930199992eae77ea27d914b6943d872,,01/09/2025 04:01:00 PM,30,STOP SIGN/FLASHER,FUNCTIONING PROPERLY,CLEAR,DAYLIGHT,REAR END,DIVIDED - W/MEDIAN (NOT RAISED),,STRAIGHT AND LEVEL,DRY,NO DEFECTS,ON SCENE,NO INJURY / DRIVE AWAY,Y,,,"$501 - $1,500",01/09/2025 04:02:00 PM,FOLLOWING TOO CLOSELY,NOT APPLICABLE,700,W,DIVISION ST,1822.0,,,,,,,2,NO INDICATION OF INJURY,0.0,0.0,0.0,0.0,0.0,2.0,0.0,16,5,1,41.903780865,-87.646024969,POINT (-87.646024968555 41.903780865271),2025-01-09 16:01:00
2bbc21fcb1553f2e4f37f86ddaf0e342f2fc42e8c483cb27757bdd811fb7080d1209695f677d6ec2af65e206d1237a3db083b46c2d2b38af5b4252dc53e41757,,01/09/2025 04:00:00 PM,30,NO CONTROLS,NO CONTROLS,CLEAR,DAWN,REAR END,NOT DIVIDED,,STRAIGHT AND LEVEL,DRY,NO DEFECTS,NOT ON SCENE (DESK REPORT),NO INJURY / DRIVE AWAY,,,Y,"$501 - $1,500",01/10/2025 03:25:00 PM,FOLLOWING TOO CLOSELY,FOLLOWING TOO CLOSELY,7557,W,BELMONT AVE,2511.0,,,,,,,2,NO INDICATION OF INJURY,0.0,0.0,0.0,0.0,0.0,2.0,0.0,16,5,1,41.937834838,-87.816365404,POINT (-87.816365403762 41.937834838289),2025-01-09 16:00:00
c2cbea236b362519448beded923a880b9c4374911e39bdf8005d95bb9ded28cf33510960f9ffa68392f5c6d33d53fe18c77069a33b34b43deb62f59c2f162f43,,01/09/2025 04:00:00 PM,30,TRAFFIC SIGNAL,FUNCTIONING PROPERLY,CLEAR,DAYLIGHT,TURNING,FOUR WAY,,STRAIGHT AND LEVEL,DRY,UNKNOWN,NOT ON SCENE (DESK REPORT),NO INJURY / DRIVE AWAY,Y,,Y,"$501 - $1,500",01/09/2025 04:45:00 PM,UNABLE TO DETERMINE,UNABLE TO DETERMINE,200,E,87TH ST,632.0,,,,,,,2,NO INDICATION OF INJURY,0.0,0.0,0.0,0.0,0.0,2.0,0.0,16,5,1,41.736541701,-87.619296247,POINT (-87.619296247246 41.736541700958),2025-01-09 16:00:00
d2ef922299ada9c0d9dbae7f0e965a62029951d3925008714da04715217bda4181e498629c2db1f11353d559a12ef2a2c4828d164ce5397a62b779eea2d4a0c3,,01/09/2025 04:00:00 PM,40,TRAFFIC SIGNAL,FUNCTIONING PROPERLY,CLEAR,"DARKNESS, LIGHTED ROAD",TURNING,FOUR WAY,,STRAIGHT AND LEVEL,UNKNOWN,NO DEFECTS,NOT ON SCENE (DESK REPORT),INJURY AND / OR TOW DUE TO CRASH,Y,,,"OVER $1,500",01/09/2025 07:00:00 PM,FAILING TO YIELD RIGHT-OF-WAY,NOT APPLICABLE,6300,S,CICERO AVE,813.0,,,,,,,2,NO INDICATION OF INJURY,0.0,0.0,0.0,0.0,0.0,2.0,0.0,16,5,1,41.77833539,-87.742436494,POINT (-87.74243649416 41.778335390453),2025-01-09 16:00:00
4cf43675f01618d8b3cf7df62c3787bad4582693d71cbc3a9b0192fdb9b28784b6815138af2d7ed1f1f25802084452d79169585dca3e5605b0c595283973111e,,01/09/2025 03:55:00 PM,30,NO CONTROLS,NO CONTROLS,CLEAR,DAYLIGHT,SIDESWIPE SAME DIRECTION,DIVIDED - W/MEDIAN BARRIER,,STRAIGHT AND LEVEL,DRY,NO DEFECTS,ON SCENE,NO INJURY / DRIVE AWAY,,,,"OVER $1,500",01/09/2025 03:58:00 PM,NOT APPLICABLE,NOT APPLICABLE,10000,W,OHARE ST,1651.0,,,,,,,2,NO INDICATION OF INJURY,0.0,0.0,0.0,0.0,0.0,2.0,0.0,15,5,1,41.976201139,-87.905309125,POINT (-87.905309125103 41.976201139024),2025-01-09 15:55:00
49306a687a93d7da85c92ee57686b9a85a270f5316b0706ee3b7e1624dea461b403851c110d9e99a995797275e2c40afa86f0f63ef920d278f04de9f4005a5c3,,01/09/2025 03:50:00 PM,25,NO CONTROLS,NO CONTROLS,CLEAR,DAYLIGHT,TURNING,DIVIDED - W/MEDIAN (NOT RAISED),,STRAIGHT AND LEVEL,DRY,UNKNOWN,NOT ON SCENE (DESK REPORT),NO INJURY / DRIVE AWAY,Y,,,"OVER $1,500",01/09/2025 05:00:00 PM,UNABLE TO DETERMINE,UNABLE TO DETERMINE,4814,W,ADDISON ST,1634.0,,,,,,,2,NO INDICATION OF INJURY,0.0,0.0,0.0,0.0,0.0,3.0,0.0,15,5,1,41.946222815,-87.747721934,POINT (-87.747721934459 41.946222815185),2025-01-09 15:50:00
7ec24f4b2cdc09fa6837f2e7732b074efd4baaee3b7ec6abb95130b0293dfe78c8cbff75e21666d0a4f8dffa78d54a95688fa99ff18268942691f8bdfe174ef1,,01/09/2025 03:45:00 PM,30,NO CONTROLS,NO CONTROLS,CLEAR,DAYLIGHT,REAR END,NOT DIVIDED,,STRAIGHT AND LEVEL,DRY,NO DEFECTS,NOT ON SCENE (DESK REPORT),NO INJURY / DRIVE AWAY,,,,"OVER $1,500",01/09/2025 05:22:00 PM,FOLLOWING TOO CLOSELY,NOT APPLICABLE,4100,W,63RD ST,813.0,,,,,,,2,NO INDICATION OF INJURY,0.0,0.0,0.0,0.0,0.0,2.0,0.0,15,5,1,41.778737748,-87.725266786,POINT (-87.725266785648 41.778737748083),2025-01-09 15:45:00
ba12557d3184bc8081d4ae9cce319ba2017d2213379fa53799cad48e85009057609497b9e45b78f1f14b607f90093343a2d155ef982d09651c2f35dfa705735c,,01/09/2025 03:45:00 PM,30,NO CONTROLS,NO CONTROLS,CLEAR,DAYLIGHT,SIDESWIPE SAME DIRECTION,DIVIDED - W/MEDIAN (NOT RAISED),,STRAIGHT AND LEVEL,DRY,NO DEFECTS,ON SCENE,NO INJURY / DRIVE AWAY,,,,"OVER $1,500",01/09/2025 03:48:00 PM,UNABLE TO DETERMINE,UNABLE TO DETERMINE,3940,W,CERMAK RD,1014.0,,,,,,,2,NO INDICATION OF INJURY,0.0,0.0,0.0,0.0,0.0,2.0,0.0,15,5,1,41.851670155,-87.723886701,POINT (-87.723886700516 41.851670155329),2025-01-09 15:45:00
c47677307e92d5a9993e86e70bad60cf8524c97c82b6f49b35f0f2bf31e754673e3e15d519050b39af751b3e9bfd3ae4d72cc0612f24b4d6a7972b258066b678,,01/09/2025 03:45:00 PM,30,STOP SIGN/FLASHER,UNKNOWN,UNKNOWN,DUSK,ANGLE,DIVIDED - W/MEDIAN (NOT RAISED),,STRAIGHT AND LEVEL,UNKNOWN,UNKNOWN,NOT ON SCENE (DESK REPORT),NO INJURY / DRIVE AWAY,Y,,,"OVER $1,500",01/09/2025 05:28:00 PM,UNABLE TO DETERMINE,NOT APPLICABLE,201,N,KOSTNER AVE,1114.0,,,,,,,2,NO INDICATION OF INJURY,0.0,0.0,0.0,0.0,0.0,2.0,0.0,15,5,1,41.883314883,-87.735415323,POINT (-87.735415323208 41.883314882502),2025-01-09 15:45:00
cabe52ba62f84984df5d0f84c2e40affc6f9a813cfb3eb7c4da44f69b5149f5211e61366f051f3b27891157c924383332ec7013e75a247c1a8a549ba2d1db8a8,,01/09/2025 03:45:00 PM,30,NO CONTROLS,NO CONTROLS,UNKNOWN,DAYLIGHT,SIDESWIPE SAME DIRECTION,NOT DIVIDED,,STRAIGHT AND LEVEL,UNKNOWN,UNKNOWN,NOT ON SCENE (DESK REPORT),NO INJURY / DRIVE AWAY,,,,"$501 - $1,500",01/15/2025 10:15:00 AM,UNABLE TO DETERMINE,UNABLE TO DETERMINE,301,S,COLUMBUS DR,114.0,,,,,,,2,NO INDICATION OF INJURY,0.0,0.0,0.0,0.0,0.0,2.0,0.0,15,5,1,41.878269919,-87.620528612,POINT (-87.620528612011 41.87826991907),2025-01-09 15:45:00
9ba3ace72ecd3fcab816b92a2e258167b405de7b6b5f65e4c9836298e06bd2a2cfde9b88f744f6316d4f244ef245ca70c8ccc472a459564949c1401b236385ca,,01/09/2025 03:42:00 PM,10,NO CONTROLS,NO CONTROLS,CLEAR,DAYLIGHT,ANGLE,PARKING LOT,,STRAIGHT AND LEVEL,ICE,NO DEFECTS,ON SCENE,INJURY AND / OR TOW DUE TO CRASH,,Y,,"OVER $1,500",01/09/2025 03:45:00 PM,UNABLE TO DETERMINE,UNABLE TO DETERMINE,10020,W,BALMORAL AVE,1654.0,,,,,,,2,NONINCAPACITATING INJURY,1.0,0.0,0.0,1.0,0.0,1.0,0.0,15,5,1,,,,2025-01-09 15:42:00
285da17c509be7b047230d7c5024cb5abbd46278fb582c79d5d414454e8c88deab31005be30d073333f671c6aa71dbc8a814a8e61c826968fb848b91a4cfa133,,01/09/2025 03:40:00 PM,5,NO CONTROLS,NO CONTROLS,CLEAR,DAYLIGHT,PARKED MOTOR VEHICLE,PARKING LOT,,STRAIGHT AND LEVEL,DRY,NO DEFECTS,ON SCENE,INJURY AND / OR TOW DUE TO CRASH,,Y,,"OVER $1,500",01/09/2025 03:45:00 PM,EQUIPMENT - VEHICLE CONDITION,DRIVING SKILLS/KNOWLEDGE/EXPERIENCE,2059,N,PULASKI RD,2525.0,,Y,,,,,6,INCAPACITATING INJURY,2.0,0.0,2.0,0.0,0.0,1.0,0.0,15,5,1,41.918950051,-87.726466858,POINT (-87.72646685774 41.918950050892),2025-01-09 15:40:00
b286ac7d28faa223e043326ca6b3032373ac3008427e13adbbdf0a2d7d1f32b7073561d0f7c6dcfdcce84db1310486e239ce4ffd9fa7f6bc5c3de6c3ff4e4e3d,,01/09/2025 03:40:00 PM,30,NO CONTROLS,NO CONTROLS,CLEAR,DAYLIGHT,PARKED MOTOR VEHICLE,NOT DIVIDED,,STRAIGHT AND LEVEL,UNKNOWN,UNKNOWN,NOT ON SCENE (DESK REPORT),NO INJURY / DRIVE AWAY,,,Y,"OVER $1,500",01/09/2025 04:45:00 PM,UNABLE TO DETERMINE,NOT APPLICABLE,2540,S,WABASH AVE,133.0,,,,,,,2,NO INDICATION OF INJURY,0.0,0.0,0.0,0.0,0.0,1.0,0.0,15,5,1,41.846199088,-87.625488447,POINT (-87.625488447343 41.846199088067),2025-01-09 15:40:00
c5573eadc51d8f4d69011ea8499c6d5743961a4fb0a06d254a11006f955b3a922c569bf5a9bf016bcec269c8a62223df9881cff36ca73851aeedabb64d40b08c,,01/09/2025 03:40:00 PM,30,TRAFFIC SIGNAL,FUNCTIONING PROPERLY,CLEAR,DAYLIGHT,TURNING,NOT DIVIDED,,STRAIGHT AND LEVEL,DRY,NO DEFECTS,NOT ON SCENE (DESK REPORT),NO INJURY / DRIVE AWAY,Y,,,"$501 - $1,500",01/09/2025 04:15:00 PM,UNABLE TO DETERMINE,UNABLE TO DETERMINE,527,W,IRVING PARK DR,1925.0,,,,,,,2,NO INDICATION OF INJURY,0.0,0.0,0.0,0.0,0.0,2.0,0.0,15,5,1,41.954550556,-87.644388171,POINT (-87.644388171209 41.954550555601),2025-01-09 15:40:00
704aea5c586b4368c35d04e0f2f7ccfd2c9b1ffbeebe3609ffa3fda24f9178835927719a0f854515128b7d8305a6fa3bc5d0e66a6c3681ed93a92223cfbecccd,,01/09/2025 03:35:00 PM,25,TRAFFIC SIGNAL,FUNCTIONING PROPERLY,UNKNOWN,UNKNOWN,SIDESWIPE SAME DIRECTION,NOT DIVIDED,,STRAIGHT AND LEVEL,UNKNOWN,UNKNOWN,ON SCENE,NO INJURY / DRIVE AWAY,,,Y,$500 OR LESS,01/09/2025 03:40:00 PM,FAILING TO REDUCE SPEED TO AVOID CRASH,FAILING TO REDUCE SPEED TO AVOID CRASH,4051,W,GRAND AVE,2534.0,,,,,,,2,NO INDICATION OF INJURY,0.0,0.0,0.0,0.0,0.0,2.0,0.0,15,5,1,41.906778002,-87.728297191,POINT (-87.728297191433 41.906778001758),2025-01-09 15:35:00
8e09a327e6718f5f2a09181cca35fc067c46121bfb32eea7e9fb2ac2b7bbfd21afd4bc3925c8a6f3000fc3e326ae33483b1f38aeb3e92373e6c2ce1b6e6e303f,,01/09/2025 03:35:00 PM,30,UNKNOWN,UNKNOWN,UNKNOWN,UNKNOWN,TURNING,FOUR WAY,,STRAIGHT AND LEVEL,UNKNOWN,UNKNOWN,NOT ON SCENE (DESK REPORT),NO INJURY / DRIVE AWAY,Y,,,"OVER $1,500",01/09/2025 03:45:00 PM,UNABLE TO DETERMINE,UNABLE TO DETERMINE,100,W,NORTH AVE,1814.0,,,,,,,2,NO INDICATION OF INJURY,0.0,0.0,0.0,0.0,0.0,4.0,0.0,15,5,1,41.911287703,-87.63173315,POINT (-87.631733150215 41.911287702774),2025-01-09 15:35:00
e8660ea4969eb54a278dcc5fcf67513fe69d73d78b8779ba591c76bed2f5fb29dab3c43e5c8649f7ebfa7efd1af7cc34da1d7f26664d2270a5bdf992d5295b8c,,01/09/2025 03:35:00 PM,30,TRAFFIC SIGNAL,FUNCTIONING PROPERLY,UNKNOWN,UNKNOWN,REAR END,T-INTERSECTION,,STRAIGHT AND LEVEL,UNKNOWN,UNKNOWN,NOT ON SCENE (DESK REPORT),NO INJURY / DRIVE AWAY,,,Y,"OVER $1,500",01/11/2025 04:45:00 PM,UNABLE TO DETERMINE,UNABLE TO DETERMINE,6900,S,STONY ISLAND AVE,332.0,,,,,,,2,NO INDICATION OF INJURY,0.0,0.0,0.0,0.0,0.0,2.0,0.0,15,5,1,41.769649815,-87.58638311,POINT (-87.586383110145 41.769649814616),2025-01-09 15:35:00
f1b74d0f5566f28d5191af406984f9d25a49ca176ca4c31c66268031ae64141ca9870977e2ccb1acf1bfd55f21068df8e65106cd33bc38bd9c8b544b21f61fbb,,01/09/2025 03:32:00 PM,30,NO CONTROLS,NO CONTROLS,CLEAR,DAYLIGHT,REAR END,NOT DIVIDED,,STRAIGHT AND LEVEL,DRY,NO DEFECTS,ON SCENE,NO INJURY / DRIVE AWAY,,,,"OVER $1,500",01/09/2025 03:38:00 PM,NOT APPLICABLE,NOT APPLICABLE,300,W,31ST ST,914.0,,,,,,,3,NO INDICATION OF INJURY,0.0,0.0,0.0,0.0,0.0,3.0,0.0,15,5,1,41.838314286,-87.634166827,POINT (-87.634166827254 41.838314285596),2025-01-09 15:32:00
12a98fb9c9500e76150d2507954b9eabfcb0439bfa659c9a5c1081f0393a418d75643eee17598baf7634fdff90fc5f67a1db967969bfc90c4d19cdf4bcb8435c,,01/09/2025 03:30:00 PM,30,NO CONTROLS,NO CONTROLS,UNKNOWN,UNKNOWN,REAR END,NOT DIVIDED,,STRAIGHT AND LEVEL,UNKNOWN,UNKNOWN,NOT ON SCENE (DESK REPORT),NO INJURY / DRIVE AWAY,,N,Y,"OVER $1,500",01/09/2025 06:35:00 PM,FOLLOWING TOO CLOSELY,NOT APPLICABLE,1045,E,75TH ST,624.0,,,,,,,2,NO INDICATION OF INJURY,0.0,0.0,0.0,0.0,0.0,2.0,0.0,15,5,1,41.758540299,-87.598802018,POINT (-87.598802018082 41.758540298757),2025-01-09 15:30:00
4c6b32f62f723406c2f816cd7a0341706404f2311723714a896e707c785cef42d2be1acb75f122c8ccb6a0676e9e8ba26e558811fd6f3fb5f58418a41b34f605,,01/09/2025 03:30:00 PM,30,UNKNOWN,UNKNOWN,UNKNOWN,"DARKNESS, LIGHTED ROAD",REAR END,UNKNOWN,,STRAIGHT AND LEVEL,UNKNOWN,UNKNOWN,NOT ON SCENE (DESK REPORT),NO INJURY / DRIVE AWAY,,,Y,"OVER $1,500",01/09/2025 04:20:00 PM,UNABLE TO DETERMINE,NOT APPLICABLE,5958,W,IRVING PARK RD,1624.0,,,,,,,2,NO INDICATION OF INJURY,0.0,0.0,0.0,0.0,0.0,2.0,0.0,15,5,1,41.953170249,-87.776647257,POINT (-87.776647257015 41.953170248681),2025-01-09 15:30:00
5c269624e3c42377f78d48903ca02332b16c95135e192750eab7cf0bb10d9478165579a979ce1f44951dc9e48fa3dc612bb7125b2a2b5a8191b9d25ca3bb9e38,,01/09/2025 03:23:00 PM,30,NO CONTROLS,NO CONTROLS,UNKNOWN,DAYLIGHT,PARKED MOTOR VEHICLE,T-INTERSECTION,,STRAIGHT AND LEVEL,DRY,UNKNOWN,NOT ON SCENE (DESK REPORT),NO INJURY / DRIVE AWAY,,,Y,"OVER $1,500",01/11/2025 09:20:00 AM,"OPERATING VEHICLE IN ERRATIC, RECKLESS, CARELESS, NEGLIGENT OR AGGRESSIVE MANNER",NOT APPLICABLE,4950,S,CHICAGO BEACH DR,222.0,,,,,,,2,NO INDICATION OF INJURY,0.0,0.0,0.0,0.0,0.0,2.0,0.0,15,5,1,41.804755784,-87.583863785,POINT (-87.583863784981 41.804755783943),2025-01-09 15:23:00
1410b370c1f74ee09026d6fd6eccada71f1153b14f315f41b15d6d0d78845a71a4ade492b89d8e9f7758a713bd39017e86dc2679b073f7c896fadb83e421b188,,01/09/2025 03:15:00 PM,20,NO CONTROLS,NO CONTROLS,CLEAR,DAYLIGHT,PEDESTRIAN,ALLEY,,STRAIGHT AND LEVEL,DRY,NO DEFECTS,ON SCENE,NO INJURY / DRIVE AWAY,,,,$500 OR LESS,01/09/2025 04:15:00 PM,FAILING TO YIELD RIGHT-OF-WAY,NOT APPLICABLE,3214,W,AINSLIE ST,1713.0,,,,,,,2,NO INDICATION OF INJURY,0.0,0.0,0.0,0.0,0.0,3.0,0.0,15,5,1,41.970374532,-87.709183431,POINT (-87.709183430964 41.97037453232),2025-01-09 15:15:00
7dbff8142bad62546930df8f3430d751c3983a02657d132446328d337800b65062ff378ed1be69ab92b339a1656ee0ac4e321ba084ddd992be159cb5a82590f3,,01/09/2025 03:15:00 PM,30,NO CONTROLS,NO CONTROLS,CLEAR,DAYLIGHT,SIDESWIPE SAME DIRECTION,NOT DIVIDED,,STRAIGHT AND LEVEL,DRY,NO DEFECTS,NOT ON SCENE (DESK REPORT),NO INJURY / DRIVE AWAY,,,Y,"OVER $1,500",01/09/2025 03:50:00 PM,IMPROPER OVERTAKING/PASSING,NOT APPLICABLE,1445,N,DEARBORN ST,1824.0,,,,,,,2,NO INDICATION OF INJURY,0.0,0.0,0.0,0.0,0.0,2.0,0.0,15,5,1,41.909103085,-87.629996276,POINT (-87.629996275714 41.909103085298),2025-01-09 15:15:00
ce6e07e2931ccc5a491ccbbda67544522985fc214e3afe52eaacfa1bc7a16ba32ce177eab3ab4ff7df86e669874d7f5eb409c34b98f7aa1fb6fc7edf7068230b,,01/09/2025 03:15:00 PM,30,STOP SIGN/FLASHER,FUNCTIONING PROPERLY,CLEAR,DAYLIGHT,PARKED MOTOR VEHICLE,ONE-WAY,,STRAIGHT AND LEVEL,UNKNOWN,UNKNOWN,NOT ON SCENE (DESK REPORT),NO INJURY / DRIVE AWAY,,,,"OVER $1,500",01/09/2025 04:18:00 PM,UNABLE TO DETERMINE,NOT APPLICABLE,4856,N,ALBANY AVE,1713.0,,,,,,,2,NO INDICATION OF INJURY,0.0,0.0,0.0,0.0,0.0,1.0,0.0,15,5,1,41.970186678,-87.706229727,POINT (-87.706229727441 41.970186678099),2025-01-09 15:15:00
c4fd8cc09fb82d0800d3f469020f1d9b356cdfa559ac5345561210ae12e910f571938bdf02d62b8ab3a5c6aa64540a1337361a3d25d71c87fe1cd816a44bd60f,,01/09/2025 03:13:00 PM,30,STOP SIGN/FLASHER,FUNCTIONING PROPERLY,CLEAR,DAYLIGHT,ANGLE,FOUR WAY,,STRAIGHT AND LEVEL,DRY,NO DEFECTS,ON SCENE,INJURY AND / OR TOW DUE TO CRASH,Y,,,"OVER $1,500",01/09/2025 03:13:00 PM,UNABLE TO DETERMINE,NOT APPLICABLE,4901,W,AUGUSTA BLVD,1531.0,,,,,,,2,"REPORTED, NOT EVIDENT",1.0,0.0,0.0,0.0,1.0,3.0,0.0,15,5,1,41.898544565,-87.74846193,POINT (-87.748461930424 41.898544565139),2025-01-09 15:13:00
30ec745c0bd52109068fdb32cbe02ff9eb23af44274c75d3573fcf269c06bc64549235be1123997a06b3fba8a36c3002655309cf189d63f77c610bde67a5c82a,,01/09/2025 03:10:00 PM,30,NO CONTROLS,NO CONTROLS,CLEAR,DAYLIGHT,REAR END,NOT DIVIDED,,STRAIGHT AND LEVEL,DRY,NO DEFECTS,NOT ON SCENE (DESK REPORT),NO INJURY / DRIVE AWAY,,,,"$501 - $1,500",01/09/2025 03:30:00 PM,FOLLOWING TOO CLOSELY,FOLLOWING TOO CLOSELY,5247,N,ELSTON AVE,1621.0,,,,,,,2,NO INDICATION OF INJURY,0.0,0.0,0.0,0.0,0.0,2.0,0.0,15,5,1,41.976309002,-87.753240289,POINT (-87.75324028898 41.976309002045),2025-01-09 15:10:00
096bdeff98928c0f6d7c6c35475def37648c20d1646fb6c79d7dc9dbbd6549d30fb28dc96509b8f8384d7cdbe2731f6d68709296b9fe407a694794cfc9f6c50b,,01/09/2025 03:00:00 PM,20,UNKNOWN,UNKNOWN,UNKNOWN,UNKNOWN,PARKED MOTOR VEHICLE,OTHER,,STRAIGHT AND LEVEL,UNKNOWN,UNKNOWN,NOT ON SCENE (DESK REPORT),NO INJURY / DRIVE AWAY,,,,"OVER $1,500",01/13/2025 11:50:00 AM,UNABLE TO DETERMINE,UNABLE TO DETERMINE,824,E,53RD ST,233.0,,,,,,,2,NO INDICATION OF INJURY,0.0,0.0,0.0,0.0,0.0,1.0,0.0,15,5,1,41.798740957,-87.605275293,POINT (-87.605275293321 41.798740957498),2025-01-09 15:00:00
39ee80da59f5bbde69ac3df8414ca1d06b670ffc2d39f67b4c29d9f2431e2309654a8aaab428837b58b3e9b8c38421faa2401a5623c10ee466c00a626934b55c,,01/09/2025 03:00:00 PM,30,STOP SIGN/FLASHER,NO CONTROLS,CLEAR,DAYLIGHT,SIDESWIPE SAME DIRECTION,NOT DIVIDED,,STRAIGHT AND LEVEL,DRY,NO DEFECTS,NOT ON SCENE (DESK REPORT),NO INJURY / DRIVE AWAY,,,,"OVER $1,500",01/10/2025 10:15:00 AM,UNABLE TO DETERMINE,UNABLE TO DETERMINE,7856,W,CORNELIA AVE,1631.0,,,,,,,2,NO INDICATION OF INJURY,0.0,0.0,0.0,0.0,0.0,4.0,0.0,15,5,1,41.943220963,-87.823927479,POINT (-87.823927478825 41.943220963208),2025-01-09 15:00:00
5771835d13dba3b40c203a33fdc3f6703f2bd6214e036800f7c0a0daeb82a467de74cde4bef1fc51122718b73bbbdffbf401f1c31fbbb85f1a4ceff5f486522b,,01/09/2025 03:00:00 PM,30,NO CONTROLS,NO CONTROLS,CLEAR,DAYLIGHT,REAR TO FRONT,NOT DIVIDED,,STRAIGHT AND LEVEL,DRY,NO DEFECTS,ON SCENE,NO INJURY / DRIVE AWAY,,,Y,"OVER $1,500",01/09/2025 03:01:00 PM,IMPROPER BACKING,NOT APPLICABLE,5035,S,WESTERN BLVD,931.0,,,,,,,2,NO INDICATION OF INJURY,0.0,0.0,0.0,0.0,0.0,2.0,0.0,15,5,1,41.801931574,-87.683534033,POINT (-87.683534032893 41.80193157372),2025-01-09 15:00:00
5c5f7440edda115ed04c1c02fab8922ade05c092b94b64b7619d3ab9a51560ed74fe2521409a612407a7240e6441b5448a28368262ae917503e03ca823c195e8,,01/09/2025 03:00:00 PM,30,STOP SIGN/FLASHER,NO CONTROLS,CLEAR,DAYLIGHT,ANGLE,NOT DIVIDED,,STRAIGHT AND LEVEL,DRY,NO DEFECTS,ON SCENE,INJURY AND / OR TOW DUE TO CRASH,N,,,"OVER $1,500",01/09/2025 03:21:00 PM,FAILING TO YIELD RIGHT-OF-WAY,FAILING TO YIELD RIGHT-OF-WAY,3735,N,CICERO AVE,1731.0,,,,,,,2,NONINCAPACITATING INJURY,2.0,0.0,0.0,2.0,0.0,1.0,0.0,15,5,1,41.949022987,-87.747021414,POINT (-87.747021414336 41.949022987478),2025-01-09 15:00:00
a23f420ec34750309ac87a48d82af4942ee40b7ebfcfe7d482ea192d56c2d6823532bed7392e1c14dbff255a5613a8aaac8f9d986f62e60bc257627addf783c3,,01/09/2025 03:00:00 PM,15,STOP SIGN/FLASHER,FUNCTIONING PROPERLY,CLEAR,DAYLIGHT,ANGLE,FOUR WAY,,STRAIGHT AND LEVEL,DRY,NO DEFECTS,ON SCENE,INJURY AND / OR TOW DUE TO CRASH,Y,,,"OVER $1,500",01/09/2025 03:06:00 PM,DISREGARDING STOP SIGN,NOT APPLICABLE,1701,E,95TH ST,431.0,,,,,,,2,NONINCAPACITATING INJURY,1.0,0.0,0.0,1.0,0.0,2.0,0.0,15,5,1,41.722267796,-87.582510194,POINT (-87.582510194343 41.722267795816),2025-01-09 15:00:00