CRASH_RECORD_ID,CRASH_DATE_EST_I,CRASH_DATE,POSTED_SPEED_LIMIT,TRAFFIC_CONTROL_DEVICE,DEVICE_CONDITION,WEATHER_CONDITION,LIGHTING_CONDITION,FIRST_CRASH_TYPE,TRAFFICWAY_TYPE,LANE_CNT,ALIGNMENT,ROADWAY_SURFACE_COND,ROAD_DEFECT,REPORT_TYPE,CRASH_TYPE,INTERSECTION_RELATED_I,NOT_RIGHT_OF_WAY_I,HIT_AND_RUN_I,DAMAGE,DATE_POLICE_NOTIFIED,PRIM_CONTRIBUTORY_CAUSE,SEC_CONTRIBUTORY_CAUSE,STREET_NO,STREET_DIRECTION,STREET_NAME,BEAT_OF_OCCURRENCE,PHOTOS_TAKEN_I,STATEMENTS_TAKEN_I,DOORING_I,WORK_ZONE_I,WORK_ZONE_TYPE,WORKERS_PRESENT_I,NUM_UNITS,MOST_SEVERE_INJURY,INJURIES_TOTAL,INJURIES_FATAL,INJURIES_INCAPACITATING,INJURIES_NON_INCAPACITATING,INJURIES_REPORTED_NOT_EVIDENT,INJURIES_NO_INDICATION,INJURIES_UNKNOWN,CRASH_HOUR,CRASH_DAY_OF_WEEK,CRASH_MONTH,LATITUDE,LONGITUDE,LOCATION,timestamp
e8f3014b7800d0f57434c4ac1d881e688b13e6e96229c5ed93fde580e2fe19b634ea434ed8313496149088887e293e88c90a255743cc5b45a03d75439e706a60,,01/09/2025 02:57:00 PM,30,NO CONTROLS,NO CONTROLS,CLEAR,DAYLIGHT,PARKED MOTOR VEHICLE,NOT DIVIDED,,STRAIGHT AND LEVEL,DRY,NO DEFECTS,ON SCENE,NO INJURY / DRIVE AWAY,,,Y,"OVER $1,500",01/09/2025 03:14:00 PM,UNABLE TO DETERMINE,UNABLE TO DETERMINE,6256,S,DORCHESTER AVE,314.0,,,,,,,2,NO INDICATION OF INJURY,0.0,0.0,0.0,0.0,0.0,1.0,0.0,14,5,1,41.780676903,-87.591673392,POINT (-87.591673392153 41.780676902759),2025-01-09 14:57:00
44a574cbb62232a1462e586ab9e54605580e35b915c34d33b695493840e1599997b00b5333e56853328085cdbdee7222221682aeba364d3875b88566f6c06052,,01/09/2025 02:55:00 PM,30,NO CONTROLS,NO CONTROLS,CLEAR,DAYLIGHT,REAR END,DIVIDED - W/MEDIAN (NOT RAISED),,STRAIGHT AND LEVEL,UNKNOWN,UNKNOWN,,NO INJURY / DRIVE AWAY,,,,"OVER $1,500",01/09/2025 06:45:00 PM,UNABLE TO DETERMINE,UNABLE TO DETERMINE,2815,N,AUSTIN AVE,2514.0,,,,,,,2,NO INDICATION OF INJURY,0.0,0.0,0.0,0.0,0.0,2.0,0.0,14,5,1,41.931629457,-87.775833254,POINT (-87.775833253753 41.93162945658),2025-01-09 14:55:00
7e802da6577bf99d07f68be00a0a3c37588791fa419977ff315330caa4acb66507bf89279c6d2920225e2eedbdd0a8b365e5ffb2c900fbc321fb9d3c0d4cf5ec,,01/09/2025 02:50:00 PM,30,TRAFFIC SIGNAL,FUNCTIONING PROPERLY,CLEAR,DAYLIGHT,REAR END,DIVIDED - W/MEDIAN (NOT RAISED),,STRAIGHT AND LEVEL,UNKNOWN,UNKNOWN,NOT ON SCENE (DESK REPORT),NO INJURY / DRIVE AWAY,,,Y,"OVER $1,500",01/09/2025 04:00:00 PM,UNABLE TO DETERMINE,NOT APPLICABLE,5582,W,ROOSEVELT RD,1522.0,,,,,,,2,NO INDICATION OF INJURY,0.0,0.0,0.0,0.0,0.0,2.0,0.0,14,5,1,41.865715039,-87.764182613,POINT (-87.764182613481 41.865715039264),2025-01-09 14:50:00
d0cb8903b6a9c4d9f92c0c4a2a16b689b3ab9ad49ef6e5a085b5c3ff5f8db28454cd8e5126b43666522071223bac2913904ff1dc19b2dd7815d94b95ec126f81,,01/09/2025 02:50:00 PM,30,TRAFFIC SIGNAL,FUNCTIONING PROPERLY,UNKNOWN,DAYLIGHT,TURNING,FOUR WAY,,STRAIGHT AND LEVEL,UNKNOWN,UNKNOWN,NOT ON SCENE (DESK REPORT),NO INJURY / DRIVE AWAY,Y,,Y,"$501 - $1,500",01/09/2025 03:30:00 PM,UNABLE TO DETERMINE,UNABLE TO DETERMINE,600,S,CICERO AVE,1533.0,,,,,,,2,NO INDICATION OF INJURY,0.0,0.0,0.0,0.0,0.0,2.0,0.0,14,5,1,41.873094833,-87.745143869,POINT (-87.745143868845 41.873094832519),2025-01-09 14:50:00
c27a9177468846247e6542b837da1290dd26b46756f6ebaba7a9b86b2473942973e79a36ffca294d02da928d644d353f6ff1933847c77dd63ae65cefac0cb50c,,01/09/2025 02:47:00 PM,30,NO CONTROLS,NO CONTROLS,CLEAR,DAYLIGHT,SIDESWIPE SAME DIRECTION,NOT DIVIDED,,STRAIGHT AND LEVEL,DRY,NO DEFECTS,ON SCENE,NO INJURY / DRIVE AWAY,,,Y,"$501 - $1,500",01/09/2025 02:47:00 PM,UNABLE TO DETERMINE,UNABLE TO DETERMINE,1933,W,43RD ST,924.0,,,,,,,2,NO INDICATION OF INJURY,0.0,0.0,0.0,0.0,0.0,2.0,0.0,14,5,1,41.815687814,-87.673788904,POINT (-87.673788904285 41.815687813565),2025-01-09 14:47:00
4cad89aa1f65dde73cfaa2f25bb20e8b973e8dd83cf42a6615811e902484b8052db0fdc7aeab1f9e2a3c2ab0fc94041408f8d2804a4bfdc4ee3c0eb1582a216a,,01/09/2025 02:45:00 PM,30,TRAFFIC SIGNAL,UNKNOWN,CLEAR,DAYLIGHT,PEDESTRIAN,NOT DIVIDED,,STRAIGHT AND LEVEL,DRY,UNKNOWN,NOT ON SCENE (DESK REPORT),INJURY AND / OR TOW DUE TO CRASH,,,Y,"OVER $1,500",01/09/2025 04:00:00 PM,FAILING TO YIELD RIGHT-OF-WAY,NOT APPLICABLE,4100,W,115TH ST,2211.0,,,,,,,2,NONINCAPACITATING INJURY,1.0,0.0,0.0,1.0,0.0,1.0,0.0,14,5,1,41.684036353,-87.722530679,POINT (-87.722530679137 41.684036353169),2025-01-09 14:45:00
69354027d7f967887758be591b86d6aec292e0d3c6e8236531206c486aad789e742232f356cff1e6b41164ae882f8afb87578b730b74bf8a0d3ed9bcab8c2064,,01/09/2025 02:43:00 PM,30,TRAFFIC SIGNAL,FUNCTIONING PROPERLY,CLEAR,DAYLIGHT,PEDESTRIAN,FOUR WAY,,STRAIGHT AND LEVEL,DRY,UNKNOWN,ON SCENE,INJURY AND / OR TOW DUE TO CRASH,Y,,,$500 OR LESS,01/09/2025 02:55:00 PM,UNABLE TO DETERMINE,UNABLE TO DETERMINE,2798,N,SAYRE AVE,2512.0,,,,,,,2,"REPORTED, NOT EVIDENT",1.0,0.0,0.0,0.0,1.0,1.0,0.0,14,5,1,41.930724783,-87.801121835,POINT (-87.801121834957 41.930724782541),2025-01-09 14:43:00
a7cffbf1586b960937db7807b8cb834437a14d23c7361831ea46302c33d584617ab78a1845d163757ef4236e00a3cf5fdee23c3f71fd01c8acfccdba443c2e6e,,01/09/2025 02:40:00 PM,30,NO CONTROLS,NO CONTROLS,CLEAR,DAYLIGHT,SIDESWIPE OPPOSITE DIRECTION,NOT DIVIDED,,STRAIGHT AND LEVEL,DRY,NO DEFECTS,NOT ON SCENE (DESK REPORT),NO INJURY / DRIVE AWAY,,,Y,"OVER $1,500",01/09/2025 04:32:00 PM,NOT APPLICABLE,NOT APPLICABLE,6084,S,ARCHER AVE,811.0,,,,,,,2,NO INDICATION OF INJURY,0.0,0.0,0.0,0.0,0.0,2.0,0.0,14,5,1,41.794713225,-87.769643168,POINT (-87.769643168361 41.794713224636),2025-01-09 14:40:00
361a51d839047033288b6dcecd5f042ab2729b955da882ef19834354e506b8023a035a4a48dd0a55d0747cbf9c6311f12262cf9d60bd00e8d9a290bbf5c7e0dd,,01/09/2025 02:36:00 PM,25,TRAFFIC SIGNAL,FUNCTIONING PROPERLY,CLEAR,DAYLIGHT,TURNING,FOUR WAY,,STRAIGHT AND LEVEL,DRY,NO DEFECTS,ON SCENE,NO INJURY / DRIVE AWAY,,,Y,"OVER $1,500",01/09/2025 03:01:00 PM,FAILING TO YIELD RIGHT-OF-WAY,UNABLE TO DETERMINE,3600,W,25TH ST,1013.0,,,,,,,2,NO INDICATION OF INJURY,0.0,0.0,0.0,0.0,0.0,4.0,0.0,14,5,1,41.846330727,-87.714901054,POINT (-87.714901053823 41.846330726579),2025-01-09 14:36:00
10b68f46d22cc5eb96adefa199997b1ffb321b534e029c95ccdb0ddbaccac2ecab72e049f4f2d6f5f2fd2c588ecd62a3640ddf7d051d5ba9c0f9a0cae0e6df5e,,01/09/2025 02:30:00 PM,30,NO CONTROLS,NO CONTROLS,CLEAR,DAYLIGHT,ANGLE,DIVIDED - W/MEDIAN (NOT RAISED),,STRAIGHT AND LEVEL,DRY,NO DEFECTS,NOT ON SCENE (DESK REPORT),NO INJURY / DRIVE AWAY,,,,"OVER $1,500",01/09/2025 03:45:00 PM,FAILING TO YIELD RIGHT-OF-WAY,UNABLE TO DETERMINE,2350,W,111TH ST,2212.0,,,,,,,2,NO INDICATION OF INJURY,0.0,0.0,0.0,0.0,0.0,2.0,0.0,14,5,1,41.691885559,-87.680760757,POINT (-87.680760756862 41.691885558555),2025-01-09 14:30:00
65480bfe146187ff1100df3fdee27c6ce34b4d7e3280991e12a2d2e922bd47680f176516e168d1405e2c0d5dca989cb9e894786436249b25781656f4687ba049,,01/09/2025 02:30:00 PM,30,NO CONTROLS,NO CONTROLS,CLEAR,DAYLIGHT,PARKED MOTOR VEHICLE,DIVIDED - W/MEDIAN BARRIER,,STRAIGHT AND LEVEL,DRY,NO DEFECTS,ON SCENE,NO INJURY / DRIVE AWAY,,,Y,$500 OR LESS,01/09/2025 02:48:00 PM,UNABLE TO DETERMINE,NOT APPLICABLE,12255,S,HALSTED ST,523.0,,,,,,,2,NO INDICATION OF INJURY,0.0,0.0,0.0,0.0,0.0,1.0,0.0,14,5,1,41.670746055,-87.641525497,POINT (-87.641525496619 41.670746055475),2025-01-09 14:30:00
d42c963da3978379576a7ffa70e50cb71016fefdb46fad3da8ce7c09a0205294c5879958a35b2fb418842c90a77e065f557298d660d6166c701cb32e97c5416b,,01/09/2025 02:30:00 PM,30,NO CONTROLS,NO CONTROLS,CLEAR,DAYLIGHT,PARKED MOTOR VEHICLE,NOT DIVIDED,,STRAIGHT AND LEVEL,UNKNOWN,UNKNOWN,NOT ON SCENE (DESK REPORT),NO INJURY / DRIVE AWAY,,,,"OVER $1,500",01/09/2025 03:40:00 PM,DRIVING SKILLS/KNOWLEDGE/EXPERIENCE,NOT APPLICABLE,3617,W,59TH PL,822.0,,,,,,,2,NO INDICATION OF INJURY,0.0,0.0,0.0,0.0,0.0,1.0,0.0,14,5,1,41.785057897,-87.714072032,POINT (-87.71407203232 41.785057896702),2025-01-09 14:30:00
e828dff20b463c951362b237631f1a8ebb07b882b005184b8d0e1be5645afb4adbf60af8ac54bc6068e577fb91ef4d57127bda11ea7fb6e38c9b23c5a3ad17f5,,01/09/2025 02:30:00 PM,20,TRAFFIC SIGNAL,FUNCTIONING PROPERLY,CLEAR,DAYLIGHT,TURNING,ONE-WAY,,STRAIGHT AND LEVEL,UNKNOWN,UNKNOWN,NOT ON SCENE (DESK REPORT),NO INJURY / DRIVE AWAY,,,,"OVER $1,500",01/09/2025 05:35:00 PM,UNABLE TO DETERMINE,NOT APPLICABLE,1700,W,DIVERSEY PKWY,1931.0,,,,,,,2,NO INDICATION OF INJURY,0.0,0.0,0.0,0.0,0.0,3.0,0.0,14,5,1,41.932482474,-87.670890134,POINT (-87.670890134496 41.932482473548),2025-01-09 14:30:00
12d4d57648ce6c092b4628c0a5aee4e8f2b79bf8f9da2aee399cf52b1d0d058e3e0e366ac8af8fac3e8b18e1bc063e95564598d17ab269746a44a7dba035f56c,,01/09/2025 02:26:00 PM,30,NO CONTROLS,NO CONTROLS,CLEAR,DAYLIGHT,TURNING,DIVIDED - W/MEDIAN (NOT RAISED),,STRAIGHT AND LEVEL,DRY,NO DEFECTS,ON SCENE,INJURY AND / OR TOW DUE TO CRASH,,,,"OVER $1,500",01/09/2025 04:00:00 PM,IMPROPER TURNING/NO SIGNAL,NOT APPLICABLE,2115,S,LOOMIS ST,1235.0,,,,,,,3,NO INDICATION OF INJURY,0.0,0.0,0.0,0.0,0.0,2.0,0.0,14,5,1,41.853760345,-87.661055471,POINT (-87.661055471049 41.853760345291),2025-01-09 14:26:00
1bfbf5a4f631801a6a0c67d60741626e26c68ec1293b2a827210c3229e3b2fc4e845dd666fa82349b7cea195ee2932ac6964798a5ba1813d471b4bd830246f9e,,01/09/2025 02:25:00 PM,30,NO CONTROLS,NO CONTROLS,CLEAR,DAYLIGHT,REAR END,NOT DIVIDED,,STRAIGHT AND LEVEL,DRY,NO DEFECTS,ON SCENE,INJURY AND / OR TOW DUE TO CRASH,Y,,,"OVER $1,500",01/09/2025 03:30:00 PM,FAILING TO REDUCE SPEED TO AVOID CRASH,FOLLOWING TOO CLOSELY,5061,S,ARCHER AVE,815.0,,,,,,,2,"REPORTED, NOT EVIDENT",1.0,0.0,0.0,0.0,1.0,3.0,0.0,14,5,1,41.80105321,-87.726850772,POINT (-87.726850771905 41.801053209739),2025-01-09 14:25:00
728c901a0bea5091bf9bb4794a628a17b3f9e3ed9337a6aea97954631112eebfb8d78c35af3009898fa15b9ac2a58c0d5e8214570a44b9cffe4a671f94bb4d9c,,01/09/2025 02:25:00 PM,30,STOP SIGN/FLASHER,FUNCTIONING PROPERLY,CLEAR,DAYLIGHT,SIDESWIPE OPPOSITE DIRECTION,NOT DIVIDED,,STRAIGHT AND LEVEL,DRY,NO DEFECTS,NOT ON SCENE (DESK REPORT),NO INJURY / DRIVE AWAY,Y,,,"OVER $1,500",01/09/2025 04:50:00 PM,FAILING TO YIELD RIGHT-OF-WAY,NOT APPLICABLE,5100,S,CICERO AVE,814.0,,,,,,,2,NO INDICATION OF INJURY,0.0,0.0,0.0,0.0,0.0,2.0,0.0,14,5,1,41.800242678,-87.743103892,POINT (-87.743103891831 41.800242677844),2025-01-09 14:25:00
e59611309341d5ed8d035b91d6183c242e293d51ae3ac4aa2656968c0a089e7d0b300e81d6288ec5a0eccbcf5c0984d3a252888fc7007fa4518f66f2056cf144,Y,01/09/2025 02:25:00 PM,25,TRAFFIC SIGNAL,FUNCTIONING PROPERLY,CLEAR,DAYLIGHT,TURNING,NOT DIVIDED,,STRAIGHT AND LEVEL,DRY,NO DEFECTS,NOT ON SCENE (DESK REPORT),NO INJURY / DRIVE AWAY,Y,,Y,"$501 - $1,500",01/09/2025 03:30:00 PM,UNABLE TO DETERMINE,UNABLE TO DETERMINE,5000,W,HARRISON ST,1533.0,,,,,,,2,NO INDICATION OF INJURY,0.0,0.0,0.0,0.0,0.0,2.0,0.0,14,5,1,41.873128475,-87.749359717,POINT (-87.749359716635 41.87312847476),2025-01-09 14:25:00
735125d894b00713de87465373510f625ad545469196d7fb7042692bd512a52f1d3b67ab40c1bb7996dd82782f2723c75cceb375f19fa78e7c64a7f22a11c79c,,01/09/2025 02:20:00 PM,30,TRAFFIC SIGNAL,FUNCTIONING PROPERLY,CLEAR,DAYLIGHT,REAR END,NOT DIVIDED,,STRAIGHT AND LEVEL,DRY,WORN SURFACE,ON SCENE,NO INJURY / DRIVE AWAY,,,,"OVER $1,500",01/09/2025 02:22:00 PM,FAILING TO REDUCE SPEED TO AVOID CRASH,FOLLOWING TOO CLOSELY,5500,S,ASHLAND AVE,715.0,,,,,,,2,NO INDICATION OF INJURY,0.0,0.0,0.0,0.0,0.0,2.0,0.0,14,5,1,41.793590116,-87.664720996,POINT (-87.664720995935 41.793590115883),2025-01-09 14:20:00
9a04ead621aa1ecaa0ae12f814f9558fc3209877df4c5b702b07fd41b804eba347faf9b21bebc1acc94d0236100afb98fc5b945d095f4b77a350947888b0d808,,01/09/2025 02:20:00 PM,30,UNKNOWN,UNKNOWN,CLEAR,DAYLIGHT,ANGLE,T-INTERSECTION,,STRAIGHT AND LEVEL,UNKNOWN,UNKNOWN,NOT ON SCENE (DESK REPORT),NO INJURY / DRIVE AWAY,Y,,,"OVER $1,500",01/09/2025 11:03:00 PM,FAILING TO YIELD RIGHT-OF-WAY,DRIVING SKILLS/KNOWLEDGE/EXPERIENCE,2300,N,MANGO AVE,2515.0,,,,,,,2,NO INDICATION OF INJURY,0.0,0.0,0.0,0.0,0.0,2.0,0.0,14,5,1,41.92218787,-87.769721667,POINT (-87.769721666906 41.922187869948),2025-01-09 14:20:00
dab9a62b85c119e1b2e3c8a9dabe05531604426bb6d3995a66da605729bd94f20143880bf4fadfb5571b10b3730161eb510c503ed524f554c177aacfd2dd64ca,,01/09/2025 02:15:00 PM,30,STOP SIGN/FLASHER,FUNCTIONING PROPERLY,CLEAR,DAYLIGHT,ANGLE,FOUR WAY,,STRAIGHT AND LEVEL,UNKNOWN,UNKNOWN,NOT ON SCENE (DESK REPORT),NO INJURY / DRIVE AWAY,Y,,,"OVER $1,500",01/09/2025 04:00:00 PM,FAILING TO YIELD RIGHT-OF-WAY,FAILING TO YIELD RIGHT-OF-WAY,3435,W,CHICAGO AVE,1121.0,,,,,,,2,NO INDICATION OF INJURY,0.0,0.0,0.0,0.0,0.0,2.0,0.0,14,5,1,41.895384606,-87.712714264,POINT (-87.712714263523 41.895384606044),2025-01-09 14:15:00
0bca207c2b8f5ccf8c8b32690cbca11b1b3d279b86e34327a70bb515754e151ce3a407bc4a347673a40284ac1b9be79dda82ffb9e8282ceb5e64d02c8c697ae7,,01/09/2025 02:05:00 PM,30,NO CONTROLS,NO CONTROLS,CLEAR,DAYLIGHT,REAR END,NOT DIVIDED,,STRAIGHT AND LEVEL,DRY,NO DEFECTS,NOT ON SCENE (DESK REPORT),NO INJURY / DRIVE AWAY,,,,"$501 - $1,500",01/09/2025 05:00:00 PM,FOLLOWING TOO CLOSELY,FOLLOWING TOO CLOSELY,4350,N,CENTRAL AVE,1624.0,,,,,,,2,NO INDICATION OF INJURY,0.0,0.0,0.0,0.0,0.0,2.0,0.0,14,5,1,41.960200755,-87.767381595,POINT (-87.767381595016 41.960200755289),2025-01-09 14:05:00
f05f250aaad08a6d0241feed42db649c02bd7671991f44fbac5738e5452e8df62f4d44d119fa1ea4a6e3b258b3a08db7c0995f8050b7e4198304ba5811fcead6,,01/09/2025 01:45:00 PM,30,NO CONTROLS,NO CONTROLS,CLEAR,DAYLIGHT,SIDESWIPE SAME DIRECTION,DIVIDED - W/MEDIAN (NOT RAISED),,STRAIGHT AND LEVEL,DRY,NO DEFECTS,NOT ON SCENE (DESK REPORT),NO INJURY / DRIVE AWAY,,,,"OVER $1,500",01/09/2025 02:50:00 PM,FAILING TO YIELD RIGHT-OF-WAY,NOT APPLICABLE,1440,N,WELLS ST,1821.0,,,,,,,2,NO INDICATION OF INJURY,0.0,0.0,0.0,0.0,0.0,2.0,0.0,13,5,1,41.908771051,-87.634783136,POINT (-87.634783135815 41.908771050767),2025-01-09 13:45:00
1995d012204904c07ee68ba4052eee35a483788109b09e0621e85e5e0f745665964d2d4db2438f3e19be9733e7eb606c775d7de1bb3fde0e7e75c2a7cd9ce59f,,01/09/2025 01:30:00 PM,30,STOP SIGN/FLASHER,NO CONTROLS,CLEAR,DAYLIGHT,ANGLE,DIVIDED - W/MEDIAN (NOT RAISED),,STRAIGHT AND LEVEL,UNKNOWN,UNKNOWN,NOT ON SCENE (DESK REPORT),NO INJURY / DRIVE AWAY,Y,,,"OVER $1,500",01/09/2025 01:50:00 PM,UNABLE TO DETERMINE,NOT APPLICABLE,5134,W,AUGUSTA BLVD,1531.0,,,,,,,2,NO INDICATION OF INJURY,0.0,0.0,0.0,0.0,0.0,2.0,0.0,13,5,1,41.898702047,-87.754683085,POINT (-87.754683084531 41.898702046593),2025-01-09 13:30:00
e78c8becfa6c9eba7b81baca1ee4db5d6a52bdee9b51506eea737e52e2ca8eff11fdebe4d4eddae07862752ebc692e7764763c659a0aa1465ae79a4029afc31b,,01/09/2025 01:20:00 PM,30,UNKNOWN,UNKNOWN,UNKNOWN,DAYLIGHT,SIDESWIPE SAME DIRECTION,DIVIDED - W/MEDIAN (NOT RAISED),,STRAIGHT AND LEVEL,UNKNOWN,UNKNOWN,NOT ON SCENE (DESK REPORT),NO INJURY / DRIVE AWAY,,,,"$501 - $1,500",01/09/2025 02:00:00 PM,UNABLE TO DETERMINE,NOT APPLICABLE,5746,N,SHERIDAN RD,2022.0,,,,,,,2,NO INDICATION OF INJURY,0.0,0.0,0.0,0.0,0.0,2.0,0.0,13,5,1,41.986927117,-87.65543537,POINT (-87.655435370451 41.986927117393),2025-01-09 13:20:00
e09a2954cd747613d006df561177430004f22f1918a0bd03fa416b57bbbf8b3621a880663519be72b576ce551f8f8ab036caabc4afb6d806a3be2a9e4138416b,,01/09/2025 01:18:00 PM,45,NO CONTROLS,NO CONTROLS,CLEAR,DAYLIGHT,REAR END,DIVIDED - W/MEDIAN BARRIER,,STRAIGHT AND LEVEL,DRY,NO DEFECTS,ON SCENE,INJURY AND / OR TOW DUE TO CRASH,,,Y,"OVER $1,500",01/09/2025 01:18:00 PM,UNABLE TO DETERMINE,NOT APPLICABLE,3871,S,LAKE SHORE DR NB,212.0,,,,,,,2,NONINCAPACITATING INJURY,1.0,0.0,0.0,1.0,0.0,1.0,0.0,13,5,1,41.826214969,-87.6006436,POINT (-87.600643599843 41.826214968765),2025-01-09 13:18:00
4151855488a851185c362a247f1056283bb1c02735fcbb2a55d95cbca977f0276d0661c80614e323914c005b06c777ea944cf7e47044b90fdf232ec688f3d650,,01/09/2025 01:15:00 PM,30,NO CONTROLS,NO CONTROLS,CLEAR,DAYLIGHT,SIDESWIPE SAME DIRECTION,PARKING LOT,,STRAIGHT AND LEVEL,DRY,UNKNOWN,NOT ON SCENE (DESK REPORT),NO INJURY / DRIVE AWAY,,,,"OVER $1,500",01/10/2025 09:50:00 AM,UNABLE TO DETERMINE,UNABLE TO DETERMINE,2555,S,BLUE ISLAND AVE,1034.0,,,,,,,2,NO INDICATION OF INJURY,0.0,0.0,0.0,0.0,0.0,2.0,0.0,13,5,1,41.845632908,-87.683012449,POINT (-87.683012449239 41.845632908315),2025-01-09 13:15:00
c2449c72bd7dc2c949ac107085f8ac610b1335bb2ab6adcca3cace91fcb834a6168ce2fc4deefda38ee96e33022626ba685164c31a51b3d2e5963051fa0be06d,,01/09/2025 01:15:00 PM,30,TRAFFIC SIGNAL,FUNCTIONING PROPERLY,CLEAR,DAYLIGHT,ANGLE,DIVIDED - W/MEDIAN (NOT RAISED),,STRAIGHT AND LEVEL,UNKNOWN,UNKNOWN,NOT ON SCENE (DESK REPORT),NO INJURY / DRIVE AWAY,,,Y,"OVER $1,500",01/09/2025 03:20:00 PM,UNABLE TO DETERMINE,NOT APPLICABLE,4531,W,NORTH AVE,2533.0,,,,,,,2,NO INDICATION OF INJURY,0.0,0.0,0.0,0.0,0.0,2.0,0.0,13,5,1,41.909591069,-87.740112111,POINT (-87.740112111382 41.909591068807),2025-01-09 13:15:00
1e2343b3231de0a7affbb77ae512538fe476742de460db5acaa259fbb1ed006f76ae949dc89912afd37ce835bacaf97df0b4074b686998d48f629671f16452d1,,01/09/2025 01:00:00 PM,30,NO CONTROLS,NO CONTROLS,CLEAR,DAYLIGHT,REAR END,NOT DIVIDED,,STRAIGHT AND LEVEL,DRY,NO DEFECTS,NOT ON SCENE (DESK REPORT),INJURY AND / OR TOW DUE TO CRASH,,,,"OVER $1,500",01/09/2025 03:10:00 PM,FOLLOWING TOO CLOSELY,NOT APPLICABLE,4301,S,PULASKI RD,821.0,,,,,,,3,NONINCAPACITATING INJURY,1.0,0.0,0.0,1.0,0.0,4.0,0.0,13,5,1,41.815107007,-87.72371188,POINT (-87.723711879533 41.815107007217),2025-01-09 13:00:00
525dd159fc8edfad73752146a4ae9fb7668ba6af22c05b54fdbef33baf03c03ae0f3834bed6e99b426e9f2043c5c53b41fdb8b4778fe22b36967aa4cd7a6475f,,01/09/2025 01:00:00 PM,10,NO CONTROLS,NO CONTROLS,CLEAR,DAYLIGHT,REAR TO SIDE,PARKING LOT,,STRAIGHT AND LEVEL,DRY,NO DEFECTS,ON SCENE,NO INJURY / DRIVE AWAY,,,,"OVER $1,500",01/09/2025 01:15:00 PM,FAILING TO YIELD RIGHT-OF-WAY,UNABLE TO DETERMINE,5645,S,ARCHER AVE,814.0,,,,,,,2,NO INDICATION OF INJURY,0.0,0.0,0.0,0.0,0.0,2.0,0.0,13,5,1,41.797225071,-87.751854283,POINT (-87.751854282695 41.797225071056),2025-01-09 13:00:00
4db7d6dfc77d66c63999acec89780752e724bec2e9b2c9a7ad31d13385663ea01324d03a24d84065e9b5e9c8be1b28092de04e688cdcaecfa233bfd54eae3cc9,,01/09/2025 12:59:00 PM,30,NO CONTROLS,NO CONTROLS,CLEAR,DAYLIGHT,REAR END,NOT DIVIDED,,STRAIGHT AND LEVEL,DRY,NO DEFECTS,ON SCENE,NO INJURY / DRIVE AWAY,,,,"OVER $1,500",01/09/2025 12:59:00 PM,UNABLE TO DETERMINE,NOT APPLICABLE,4200,S,ASHLAND AVE,924.0,,,,,,,2,NO INDICATION OF INJURY,0.0,0.0,0.0,0.0,0.0,2.0,0.0,12,5,1,41.817680117,-87.665333633,POINT (-87.665333633124 41.81768011732),2025-01-09 12:59:00
fd44b98ace46d8f8b617ab50de92fff03ba9c444254997f93d5f3f3f71c53824d44b6216ae1126f4ad19cd00675c92edb4022a48f362e111133334a223952cfb,,01/09/2025 12:59:00 PM,30,TRAFFIC SIGNAL,FUNCTIONING PROPERLY,CLEAR,DAYLIGHT,REAR END,NOT DIVIDED,,STRAIGHT AND LEVEL,DRY,NO DEFECTS,ON SCENE,NO INJURY / DRIVE AWAY,,,,"$501 - $1,500",01/09/2025 12:59:00 PM,FOLLOWING TOO CLOSELY,DRIVING SKILLS/KNOWLEDGE/EXPERIENCE,6200,N,MC CORMICK RD,1711.0,,,,,,,2,NO INDICATION OF INJURY,0.0,0.0,0.0,0.0,0.0,3.0,0.0,12,5,1,41.994628485,-87.714164321,POINT (-87.714164321434 41.994628484614),2025-01-09 12:59:00
adc7dc30fc0ad86ccb546a92240a0700b0dd4e170ef01151280f25cb5addb320b1f1ac8884c9a3e5e82436b07295460a61d3b1f3887b20ce38793626b95f73ca,,01/09/2025 12:50:00 PM,30,NO CONTROLS,NO CONTROLS,CLEAR,DAYLIGHT,REAR END,NOT DIVIDED,,STRAIGHT AND LEVEL,DRY,NO DEFECTS,ON SCENE,NO INJURY / DRIVE AWAY,,,Y,"OVER $1,500",01/09/2025 12:55:00 PM,FOLLOWING TOO CLOSELY,NOT APPLICABLE,7000,S,PULASKI RD,833.0,,,,,,,3,NO INDICATION OF INJURY,0.0,0.0,0.0,0.0,0.0,8.0,0.0,12,5,1,41.765881286,-87.722587158,POINT (-87.722587157729 41.76588128582),2025-01-09 12:50:00