CRASH_RECORD_ID,CRASH_DATE_EST_I,CRASH_DATE,POSTED_SPEED_LIMIT,TRAFFIC_CONTROL_DEVICE,DEVICE_CONDITION,WEATHER_CONDITION,LIGHTING_CONDITION,FIRST_CRASH_TYPE,TRAFFICWAY_TYPE,LANE_CNT,ALIGNMENT,ROADWAY_SURFACE_COND,ROAD_DEFECT,REPORT_TYPE,CRASH_TYPE,INTERSECTION_RELATED_I,NOT_RIGHT_OF_WAY_I,HIT_AND_RUN_I,DAMAGE,DATE_POLICE_NOTIFIED,PRIM_CONTRIBUTORY_CAUSE,SEC_CONTRIBUTORY_CAUSE,STREET_NO,STREET_DIRECTION,STREET_NAME,BEAT_OF_OCCURRENCE,PHOTOS_TAKEN_I,STATEMENTS_TAKEN_I,DOORING_I,WORK_ZONE_I,WORK_ZONE_TYPE,WORKERS_PRESENT_I,NUM_UNITS,MOST_SEVERE_INJURY,INJURIES_TOTAL,INJURIES_FATAL,INJURIES_INCAPACITATING,INJURIES_NON_INCAPACITATING,INJURIES_REPORTED_NOT_EVIDENT,INJURIES_NO_INDICATION,INJURIES_UNKNOWN,CRASH_HOUR,CRASH_DAY_OF_WEEK,CRASH_MONTH,LATITUDE,LONGITUDE,LOCATION,timestamp
36ec91ea295b9783283b0f8af862e69c621ff81c1b6baf08ccae8b806d5861b365f9817f0a265521008dce8feaa40c75bca49a47ed2114aa64f8436127f876c5,,01/09/2025 12:45:00 PM,30,UNKNOWN,UNKNOWN,CLEAR,DAYLIGHT,SIDESWIPE SAME DIRECTION,NOT DIVIDED,,STRAIGHT AND LEVEL,DRY,NO DEFECTS,ON SCENE,NO INJURY / DRIVE AWAY,,,,$500 OR LESS,01/09/2025 12:58:00 PM,FAILING TO YIELD RIGHT-OF-WAY,FAILING TO YIELD RIGHT-OF-WAY,2307,W,DEVON AVE,2413.0,,,,,,,2,NO INDICATION OF INJURY,0.0,0.0,0.0,0.0,0.0,3.0,0.0,12,5,1,41.997656902,-87.687756242,POINT (-87.687756241518 41.997656901877),2025-01-09 12:45:00
dc7cf33e3d9487359a4cfd1e424ffad3fc56e98aad53cc7e55fcfb44c82432820f898af0c4c4367c1a9c06e37952d1af103a265e62b396a312b140b47b40ba21,,01/09/2025 12:45:00 PM,30,TRAFFIC SIGNAL,FUNCTIONING PROPERLY,CLEAR,DAYLIGHT,REAR END,NOT DIVIDED,,STRAIGHT ON GRADE,DRY,WORN SURFACE,NOT ON SCENE (DESK REPORT),INJURY AND / OR TOW DUE TO CRASH,Y,,,"OVER $1,500",01/09/2025 12:45:00 PM,FAILING TO REDUCE SPEED TO AVOID CRASH,UNABLE TO DETERMINE,8709,S,COMMERCIAL AVE,424.0,,,,,,,2,NONINCAPACITATING INJURY,1.0,0.0,0.0,1.0,0.0,1.0,0.0,12,5,1,41.737063188,-87.551277143,POINT (-87.551277143379 41.737063187587),2025-01-09 12:45:00
44562cada17b49bb46351443be3073cb4873fb7d0f20f3e898f29ec892a750e878a24d7fc987e02605b30f1f8849758cbc13163f76f635f921e6267370ffd3c2,,01/09/2025 12:30:00 PM,30,STOP SIGN/FLASHER,FUNCTIONING PROPERLY,CLEAR,DAYLIGHT,ANGLE,NOT DIVIDED,,STRAIGHT AND LEVEL,DRY,NO DEFECTS,NOT ON SCENE (DESK REPORT),NO INJURY / DRIVE AWAY,,,,"OVER $1,500",01/09/2025 04:24:00 PM,FAILING TO YIELD RIGHT-OF-WAY,NOT APPLICABLE,7801,S,CICERO AVE,834.0,,,,,,,2,NO INDICATION OF INJURY,0.0,0.0,0.0,0.0,0.0,2.0,0.0,12,5,1,41.750898925,-87.741274818,POINT (-87.741274817684 41.750898924706),2025-01-09 12:30:00
ff40bbfcab9c34acac54df1b3fc5d427291734a5ec67bf4bb4c4d6d901f5b8e1776bec071e1eaaf3c59b23f3c8ef8d6282c9116751c3e4c728a0b1b83090f5de,,01/09/2025 12:30:00 PM,30,TRAFFIC SIGNAL,FUNCTIONING PROPERLY,CLEAR,DAYLIGHT,TURNING,FOUR WAY,,STRAIGHT AND LEVEL,DRY,UNKNOWN,NOT ON SCENE (DESK REPORT),NO INJURY / DRIVE AWAY,Y,,,"OVER $1,500",01/09/2025 01:20:00 PM,IMPROPER TURNING/NO SIGNAL,NOT APPLICABLE,500,W,MONROE ST,121.0,,,,,,,2,NO INDICATION OF INJURY,0.0,0.0,0.0,0.0,0.0,2.0,0.0,12,5,1,41.880699246,-87.639725027,POINT (-87.639725026639 41.880699246124),2025-01-09 12:30:00
d21ea2cfe8e2042a624c8ae92107e1677b3ffbdfdd24c96ae3f98a6b87fa7b9bc21e435ff15a861e56904ab39c4c09c7947e2e454c3c7418c628b67515b2bf95,,01/09/2025 12:27:00 PM,30,UNKNOWN,UNKNOWN,CLEAR,DAYLIGHT,REAR TO FRONT,NOT DIVIDED,,STRAIGHT AND LEVEL,UNKNOWN,UNKNOWN,NOT ON SCENE (DESK REPORT),NO INJURY / DRIVE AWAY,,,,"OVER $1,500",01/09/2025 01:15:00 PM,UNABLE TO DETERMINE,UNABLE TO DETERMINE,169,N,HALSTED ST,1224.0,,,,,,,2,NO INDICATION OF INJURY,0.0,0.0,0.0,0.0,0.0,2.0,0.0,12,5,1,41.885073992,-87.647307903,POINT (-87.647307903287 41.885073992176),2025-01-09 12:27:00
0126e5218d47ecd5275200f60d643b8889bc92e94c0dde480b55c2bede414a40a9743201c676cb9820abdf06b2ee8c5345321051072dc1ecb13e9a210c649a04,,01/09/2025 12:26:00 PM,35,UNKNOWN,UNKNOWN,CLEAR,DAYLIGHT,REAR TO FRONT,NOT DIVIDED,,STRAIGHT AND LEVEL,DRY,UNKNOWN,ON SCENE,NO INJURY / DRIVE AWAY,,,,$500 OR LESS,01/09/2025 12:28:00 PM,IMPROPER BACKING,NOT APPLICABLE,4799,N,LINDER AVE,1623.0,,,,,,,2,NO INDICATION OF INJURY,0.0,0.0,0.0,0.0,0.0,3.0,0.0,12,5,1,41.967740239,-87.764874021,POINT (-87.764874021241 41.967740238801),2025-01-09 12:26:00
90014387f547c048b3a8141394dbad8255c9014944a1b5dab0d533aed769f01bcc3b084a902d3e3571f7bde54bfeee3f16d4d8f0a5ce6d45a4354594deb68c84,,01/09/2025 12:25:00 PM,30,STOP SIGN/FLASHER,OTHER,CLEAR,DAYLIGHT,ANGLE,NOT DIVIDED,,STRAIGHT AND LEVEL,DRY,UNKNOWN,,NO INJURY / DRIVE AWAY,,,,"$501 - $1,500",01/09/2025 01:45:00 PM,DISREGARDING STOP SIGN,UNABLE TO DETERMINE,1000,W,18TH ST,1235.0,,,,,,,2,NO INDICATION OF INJURY,0.0,0.0,0.0,0.0,0.0,2.0,0.0,12,5,1,41.858131127,-87.651602631,POINT (-87.651602631127 41.858131126798),2025-01-09 12:25:00
989f49a482072daad0330fde3175daae9c0cf9f90d2b4e7db505d277880cfdbd35e39e5397f89716680aebada51b65e3321b69b837a4b56a3b8116dfa74242cf,,01/09/2025 12:12:00 PM,30,TRAFFIC SIGNAL,FUNCTIONING PROPERLY,CLEAR,DAYLIGHT,ANGLE,FOUR WAY,,STRAIGHT AND LEVEL,DRY,UNKNOWN,ON SCENE,INJURY AND / OR TOW DUE TO CRASH,,,Y,"OVER $1,500",01/09/2025 12:14:00 PM,DISREGARDING TRAFFIC SIGNALS,DISREGARDING TRAFFIC SIGNALS,3265,S,ARCHER AVE,912.0,,,,,,,3,NONINCAPACITATING INJURY,1.0,0.0,0.0,1.0,0.0,1.0,0.0,12,5,1,41.834745402,-87.670314677,POINT (-87.670314677237 41.834745401604),2025-01-09 12:12:00
f6997abf650238fdc9f9a9b38ffbc13362403ba08b37245caf0212283775eac61c8422f7154ac8a183701843e72a4173d3a128f99ebb0e81a4f76cbfc9aea9b6,,01/09/2025 12:06:00 PM,30,NO CONTROLS,NO CONTROLS,CLEAR,DAYLIGHT,PARKED MOTOR VEHICLE,NOT DIVIDED,,STRAIGHT AND LEVEL,DRY,NO DEFECTS,ON SCENE,NO INJURY / DRIVE AWAY,Y,,,"$501 - $1,500",01/09/2025 12:15:00 PM,UNABLE TO DETERMINE,NOT APPLICABLE,7500,S,ASHLAND AVE,611.0,,,,,,,2,NO INDICATION OF INJURY,0.0,0.0,0.0,0.0,0.0,1.0,0.0,12,5,1,41.757732552,-87.663754555,POINT (-87.663754554797 41.757732551539),2025-01-09 12:06:00
8f182434857847095fa31375c72214566fbeae788ec0f901aafd9db49c24e114f5fb7eaa893b731a1967fc9ab1737a34a3bd26c28168359f6d78d4a228313ecd,,01/09/2025 12:05:00 PM,30,TRAFFIC SIGNAL,FUNCTIONING PROPERLY,CLEAR,DAYLIGHT,ANGLE,NOT DIVIDED,,STRAIGHT AND LEVEL,DRY,NO DEFECTS,ON SCENE,INJURY AND / OR TOW DUE TO CRASH,Y,,,"OVER $1,500",01/09/2025 12:23:00 PM,DISREGARDING TRAFFIC SIGNALS,UNABLE TO DETERMINE,500,N,OGDEN AVE,1215.0,,,,,,,3,"REPORTED, NOT EVIDENT",2.0,0.0,0.0,0.0,2.0,3.0,0.0,12,5,1,41.891158095,-87.659117491,POINT (-87.659117491261 41.891158095417),2025-01-09 12:05:00
c9887f6e93bfcb1b3b3303df8fd0243bd9fc1e1e8dab4bb64c70108bac542284b85024e0eaab63f8cfc82faecf3f800cd88806194aeaf38c5b1cdb3166b22a4f,,01/09/2025 12:05:00 PM,30,NO CONTROLS,NO CONTROLS,CLEAR,DAYLIGHT,REAR END,NOT DIVIDED,,STRAIGHT AND LEVEL,DRY,NO DEFECTS,ON SCENE,INJURY AND / OR TOW DUE TO CRASH,,,Y,"OVER $1,500",01/09/2025 12:20:00 PM,UNABLE TO DETERMINE,UNABLE TO DETERMINE,3110,W,PETERSON AVE,2413.0,,,,,,,2,NONINCAPACITATING INJURY,1.0,0.0,0.0,1.0,0.0,1.0,0.0,12,5,1,41.990504959,-87.707362846,POINT (-87.707362846075 41.990504958626),2025-01-09 12:05:00
31ddee14d1231a886b2f14607d0f7322c9fe9587b3e9a9e7f74ac2bcf00da2d8f9e85766ebbb389d50cf1a5d1f4b434a21a45e6fbe0f403e3e67d09469969fac,,01/09/2025 12:00:00 PM,10,NO CONTROLS,NO CONTROLS,UNKNOWN,UNKNOWN,PARKED MOTOR VEHICLE,UNKNOWN,,STRAIGHT AND LEVEL,UNKNOWN,UNKNOWN,NOT ON SCENE (DESK REPORT),NO INJURY / DRIVE AWAY,,,Y,"OVER $1,500",01/09/2025 01:50:00 PM,UNABLE TO DETERMINE,NOT APPLICABLE,2021,N,KARLOV AVE,2525.0,,,,,,,2,NO INDICATION OF INJURY,0.0,0.0,0.0,0.0,0.0,1.0,0.0,12,5,1,41.917796891,-87.728873345,POINT (-87.728873345154 41.917796891121),2025-01-09 12:00:00
63fa567d57ffdd0f37923b8fa1d94667c0a98cd29c68d1aac763fef209b3a8f0b6728512590cbb944bc6f3656ca45112a5281948e95ae03122c8c80c002e5bf6,Y,01/09/2025 12:00:00 PM,20,TRAFFIC SIGNAL,FUNCTIONING PROPERLY,CLEAR,DAYLIGHT,REAR END,DIVIDED - W/MEDIAN (NOT RAISED),,STRAIGHT AND LEVEL,DRY,NO DEFECTS,NOT ON SCENE (DESK REPORT),NO INJURY / DRIVE AWAY,,,,"OVER $1,500",01/11/2025 12:00:00 PM,UNABLE TO DETERMINE,UNABLE TO DETERMINE,5990,N,RIDGE AVE,2012.0,,,,,,,2,NO INDICATION OF INJURY,0.0,0.0,0.0,0.0,0.0,2.0,0.0,12,5,1,41.990523338,-87.671912673,POINT (-87.671912673255 41.990523338073),2025-01-09 12:00:00
903d02af35bbca8cfb19632c4512436237e0157cca7efaf9b3776e99815b81ca40dd83d18e0c22b6564b1c9ab753185f7312fa0ddbced11bf4e13c563b43eb20,,01/09/2025 12:00:00 PM,30,UNKNOWN,OTHER,UNKNOWN,UNKNOWN,PARKED MOTOR VEHICLE,UNKNOWN,,STRAIGHT AND LEVEL,UNKNOWN,UNKNOWN,NOT ON SCENE (DESK REPORT),NO INJURY / DRIVE AWAY,,,Y,"OVER $1,500",01/09/2025 08:00:00 PM,UNABLE TO DETERMINE,NOT APPLICABLE,3004,W,SCHOOL ST,1733.0,,,,,,,2,NO INDICATION OF INJURY,0.0,0.0,0.0,0.0,0.0,1.0,0.0,12,5,1,41.941174043,-87.703005912,POINT (-87.703005911699 41.941174043407),2025-01-09 12:00:00
e252b2cacbd2ae8f9fce033ba623675e6617b34fea48072c9ab145f9cef0d3aef493792de43cdb6a4c91983193ad360ed70d6bf691ea24eafff6c75291498697,,01/09/2025 12:00:00 PM,30,TRAFFIC SIGNAL,FUNCTIONING PROPERLY,CLEAR,DAYLIGHT,REAR END,DIVIDED - W/MEDIAN (NOT RAISED),,STRAIGHT AND LEVEL,DRY,UNKNOWN,NOT ON SCENE (DESK REPORT),NO INJURY / DRIVE AWAY,Y,,,"OVER $1,500",01/09/2025 01:00:00 PM,UNABLE TO DETERMINE,UNABLE TO DETERMINE,3928,W,OGDEN AVE,1014.0,,,,,,,3,NO INDICATION OF INJURY,0.0,0.0,0.0,0.0,0.0,5.0,0.0,12,5,1,41.851686339,-87.723509186,POINT (-87.72350918638 41.851686339272),2025-01-09 12:00:00
f49b921bac86638c84ac79d4efc69ae2b5ddac52d61bf7de441633d9370898ae9d312c68ba8f16632cc0551f613a3ad62076b912b0f345107bbd463d53ff1542,,01/09/2025 12:00:00 PM,30,NO CONTROLS,NO CONTROLS,CLEAR,DAYLIGHT,ANGLE,NOT DIVIDED,,STRAIGHT AND LEVEL,DRY,NO DEFECTS,NOT ON SCENE (DESK REPORT),NO INJURY / DRIVE AWAY,,,,"OVER $1,500",01/09/2025 12:18:00 PM,FAILING TO YIELD RIGHT-OF-WAY,NOT APPLICABLE,1038,S,RACINE AVE,1231.0,,,,,,,2,NO INDICATION OF INJURY,0.0,0.0,0.0,0.0,0.0,4.0,0.0,12,5,1,41.868317174,-87.656868675,POINT (-87.656868675144 41.868317173662),2025-01-09 12:00:00
53be247dff1f67b1c73617a835b6439af087a902dd73fbe6c0ab2cf2275705d6ca752fe468e96221b8039bb3cee71886e01cff4a438820f2a6743b35f0e16f48,,01/09/2025 11:55:00 AM,30,OTHER,NO CONTROLS,CLEAR,DAYLIGHT,SIDESWIPE SAME DIRECTION,NOT DIVIDED,,STRAIGHT AND LEVEL,DRY,NO DEFECTS,ON SCENE,NO INJURY / DRIVE AWAY,,,,"$501 - $1,500",01/09/2025 12:29:00 PM,UNABLE TO DETERMINE,NOT APPLICABLE,100,N,GREEN ST,1224.0,,,,,,,2,NO INDICATION OF INJURY,0.0,0.0,0.0,0.0,0.0,2.0,0.0,11,5,1,41.883142452,-87.648714691,POINT (-87.648714691047 41.883142452068),2025-01-09 11:55:00
d88e9612e24765f0a8b81bd59f4a967f3c8700adac7fbb7f4ce049d2db86306053c090eb324698b8a101e0a51cc5d7ffcee642d6ddb31c8b133d113e40e2b0c9,,01/09/2025 11:52:00 AM,30,NO CONTROLS,NO CONTROLS,CLEAR,DAYLIGHT,TURNING,NOT DIVIDED,,STRAIGHT AND LEVEL,DRY,NO DEFECTS,ON SCENE,NO INJURY / DRIVE AWAY,,,Y,"$501 - $1,500",01/09/2025 11:55:00 AM,UNABLE TO DETERMINE,NOT APPLICABLE,7413,W,IRVING PARK RD,1631.0,,,,,,,2,NO INDICATION OF INJURY,0.0,0.0,0.0,0.0,0.0,2.0,0.0,11,5,1,41.952530292,-87.81278285,POINT (-87.812782850075 41.952530291787),2025-01-09 11:52:00
0162631e4a3fce75404335afba2288f3ab848e98c38aacf4d2a5d6682d5dc2e8c5464d140d95fb1676411aede00235417c09ed3144e3f7203f7ee13ce9b3d2dd,,01/09/2025 11:50:00 AM,30,TRAFFIC SIGNAL,FUNCTIONING PROPERLY,CLEAR,DAYLIGHT,REAR END,DIVIDED - W/MEDIAN BARRIER,,STRAIGHT AND LEVEL,DRY,NO DEFECTS,NOT ON SCENE (DESK REPORT),NO INJURY / DRIVE AWAY,Y,,,$500 OR LESS,01/09/2025 12:54:00 PM,UNABLE TO DETERMINE,UNABLE TO DETERMINE,4408,N,ASHLAND AVE,1912.0,,,,,,,2,NO INDICATION OF INJURY,0.0,0.0,0.0,0.0,0.0,2.0,0.0,11,5,1,41.961906874,-87.669416362,POINT (-87.669416361652 41.961906873577),2025-01-09 11:50:00
7da85f8ba21e09ed98907887254c401cdd90fb5d7bc7c161f43ce1f85688ea22d8c9031dbb3f2f81662a3c7a7b2ebe2c446f407f7b72520bd8e33e8d1c5ad45f,,01/09/2025 11:40:00 AM,25,NO CONTROLS,NO CONTROLS,CLEAR,DAYLIGHT,SIDESWIPE SAME DIRECTION,NOT DIVIDED,,STRAIGHT AND LEVEL,DRY,NO DEFECTS,NOT ON SCENE (DESK REPORT),NO INJURY / DRIVE AWAY,,,,"$501 - $1,500",01/09/2025 01:23:00 PM,UNABLE TO DETERMINE,NOT APPLICABLE,4447,N,ELSTON AVE,1722.0,,,,,,,2,NO INDICATION OF INJURY,0.0,0.0,0.0,0.0,0.0,2.0,0.0,11,5,1,41.961917266,-87.730914273,POINT (-87.730914272901 41.961917266304),2025-01-09 11:40:00
b470a3f138b08dc7dea628f595793cf59d5f21b794df71d84d270893b852f4a36c3deede57d3ef642a75d4bfa8be139bfb0c3dec6bed94ea1029977184df587a,,01/09/2025 11:40:00 AM,30,TRAFFIC SIGNAL,FUNCTIONING PROPERLY,CLEAR,DAYLIGHT,TURNING,CENTER TURN LANE,,STRAIGHT AND LEVEL,WET,NO DEFECTS,NOT ON SCENE (DESK REPORT),NO INJURY / DRIVE AWAY,,,,"OVER $1,500",01/09/2025 11:40:00 AM,UNABLE TO DETERMINE,UNABLE TO DETERMINE,4000,W,FOSTER AVE,1712.0,,,,,,,2,NO INDICATION OF INJURY,0.0,0.0,0.0,0.0,0.0,2.0,0.0,11,5,1,41.975640616,-87.728335469,POINT (-87.728335469266 41.975640616232),2025-01-09 11:40:00
30823523602a7ba25e6761cfb4e0bcbd912d16d4cda629adbb773d93715676989a94cc24f07cc5ff704872a88bfafc545575f1e68fe498d82382bb5a60fcc53b,Y,01/09/2025 11:30:00 AM,30,TRAFFIC SIGNAL,FUNCTIONING PROPERLY,CLEAR,DAYLIGHT,TURNING,NOT DIVIDED,,STRAIGHT AND LEVEL,UNKNOWN,UNKNOWN,NOT ON SCENE (DESK REPORT),NO INJURY / DRIVE AWAY,Y,,Y,"OVER $1,500",01/09/2025 03:00:00 PM,UNABLE TO DETERMINE,NOT APPLICABLE,3750,N,KEDZIE AVE,1733.0,,,,,,,2,NO INDICATION OF INJURY,0.0,0.0,0.0,0.0,0.0,2.0,0.0,11,5,1,41.949960268,-87.708056175,POINT (-87.708056175378 41.949960267764),2025-01-09 11:30:00
9ca2ee207a81e423e1af9eb50bc4e86a48e7c646f6c212fc9a0846fbde7e10ae4ab3e63acb52bce6d6b4fffeedcb95872c4525c1e301c635522b3864ad84524e,,01/09/2025 11:30:00 AM,30,NO CONTROLS,NO CONTROLS,CLEAR,DAYLIGHT,REAR END,NOT DIVIDED,,STRAIGHT AND LEVEL,DRY,NO DEFECTS,NOT ON SCENE (DESK REPORT),NO INJURY / DRIVE AWAY,,,,"OVER $1,500",01/09/2025 12:18:00 PM,FOLLOWING TOO CLOSELY,FOLLOWING TOO CLOSELY,7114,W,ARCHER AVE,811.0,,,,,,,2,NO INDICATION OF INJURY,0.0,0.0,0.0,0.0,0.0,2.0,0.0,11,5,1,41.792080927,-87.799674205,POINT (-87.799674205428 41.792080926768),2025-01-09 11:30:00
177684d54a11e81de44d8f80fb4781a1bea74b1573d335fad71cb122e2985194db23ba50512eb223b8e97f6e702c388124faea35a89abb96f8583b065e12ba92,,01/09/2025 11:24:00 AM,30,STOP SIGN/FLASHER,FUNCTIONING PROPERLY,CLEAR,DAYLIGHT,TURNING,"FIVE POINT, OR MORE",,STRAIGHT AND LEVEL,DRY,NO DEFECTS,ON SCENE,INJURY AND / OR TOW DUE TO CRASH,Y,,,"OVER $1,500",01/09/2025 11:24:00 AM,FAILING TO YIELD RIGHT-OF-WAY,UNABLE TO DETERMINE,3100,N,CLYBOURN AVE,1931.0,,,,,,,2,NONINCAPACITATING INJURY,1.0,0.0,0.0,1.0,0.0,1.0,0.0,11,5,1,41.937676853,-87.685801829,POINT (-87.685801829256 41.937676853392),2025-01-09 11:24:00
588c85af1d08b2de8a2cf92da03a09cfc0856dc82d1677c912d54e0f54aaecc6c52b7daccac4e0d58f583356c47cef98ef2878c8e17b0632e23292c6e5987675,,01/09/2025 11:20:00 AM,30,OTHER WARNING SIGN,OTHER,CLEAR,DAYLIGHT,REAR END,DIVIDED - W/MEDIAN (NOT RAISED),,STRAIGHT AND LEVEL,DRY,NO DEFECTS,ON SCENE,INJURY AND / OR TOW DUE TO CRASH,,,,"$501 - $1,500",01/09/2025 11:20:00 AM,FOLLOWING TOO CLOSELY,UNABLE TO DETERMINE,5455,S,CENTRAL AVE,814.0,,,,,,,2,"REPORTED, NOT EVIDENT",1.0,0.0,0.0,0.0,1.0,1.0,0.0,11,5,1,41.792939997,-87.762160169,POINT (-87.762160169301 41.792939997478),2025-01-09 11:20:00
36e995482347eda253ac2e78ed35926082dc6ef29526560be76822f10057ea9eca9d6e52c3347d6f811905f7c889a00281a838bf9217c104e45e8fef55ded29b,,01/09/2025 11:15:00 AM,15,NO CONTROLS,NO CONTROLS,CLEAR,DAYLIGHT,REAR END,PARKING LOT,,STRAIGHT AND LEVEL,DRY,NO DEFECTS,ON SCENE,INJURY AND / OR TOW DUE TO CRASH,,,,"OVER $1,500",01/09/2025 11:15:00 AM,FAILING TO YIELD RIGHT-OF-WAY,NOT APPLICABLE,7447,W,TALCOTT AVE,1612.0,,,,,,,3,NO INDICATION OF INJURY,0.0,0.0,0.0,0.0,0.0,2.0,0.0,11,5,1,41.988741562,-87.813309051,POINT (-87.813309051094 41.98874156174),2025-01-09 11:15:00
47eaa8aa04dabf12f184250f93f0465244e1ae9ccecc5578927a1b7f97d788e783627408fcbb33bce590f405e814189acd90deca813cd5e225fb449098afc27a,,01/09/2025 11:15:00 AM,30,TRAFFIC SIGNAL,FUNCTIONING PROPERLY,CLEAR,DAYLIGHT,TURNING,NOT DIVIDED,,STRAIGHT AND LEVEL,DRY,NO DEFECTS,NOT ON SCENE (DESK REPORT),NO INJURY / DRIVE AWAY,,,,"OVER $1,500",01/10/2025 11:25:00 AM,DRIVING SKILLS/KNOWLEDGE/EXPERIENCE,UNABLE TO DETERMINE,3000,E,92ND ST,424.0,,,,,,,2,NO INDICATION OF INJURY,0.0,0.0,0.0,0.0,0.0,2.0,0.0,11,5,1,41.728360077,-87.551147618,POINT (-87.551147618344 41.728360076926),2025-01-09 11:15:00
5644e5e013bb3b577c953327d9eb58eea15b11fcca2d09ff5b6204f66526e6724cc333c54df2b6e433ff1beb16a55cb9e4175c77b85f6994a6ee4ebb2018fb82,,01/09/2025 11:15:00 AM,40,NO CONTROLS,NO CONTROLS,CLEAR,DAYLIGHT,SIDESWIPE SAME DIRECTION,DIVIDED - W/MEDIAN BARRIER,,STRAIGHT AND LEVEL,DRY,NO DEFECTS,ON SCENE,INJURY AND / OR TOW DUE TO CRASH,,,,"OVER $1,500",01/09/2025 11:20:00 AM,"EVASIVE ACTION DUE TO ANIMAL, OBJECT, NONMOTORIST",IMPROPER LANE USAGE,3031,S,LAKE SHORE DR NB,133.0,,,,,,,2,NO INDICATION OF INJURY,0.0,0.0,0.0,0.0,0.0,2.0,0.0,11,5,1,41.83933549,-87.608513351,POINT (-87.60851335125 41.839335490072),2025-01-09 11:15:00
6ad00f3c75151859e270c73ccf23a6140ba8a6712264a0f379ef8742306f011475c6fee7f146bf99856eb0fcac7c0df2464ce4e9cc1304a9fc5c71259497977e,,01/09/2025 11:10:00 AM,30,TRAFFIC SIGNAL,FUNCTIONING PROPERLY,CLEAR,DAYLIGHT,REAR END,RAMP,,STRAIGHT AND LEVEL,DRY,UNKNOWN,NOT ON SCENE (DESK REPORT),NO INJURY / DRIVE AWAY,,,,"$501 - $1,500",01/09/2025 11:20:00 AM,FOLLOWING TOO CLOSELY,DRIVING SKILLS/KNOWLEDGE/EXPERIENCE,1989,S,CANALPORT AVE,1235.0,,,,,,,2,NO INDICATION OF INJURY,0.0,0.0,0.0,0.0,0.0,4.0,0.0,11,5,1,41.855656252,-87.644236064,POINT (-87.644236063819 41.855656252262),2025-01-09 11:10:00
ad26308be54675c8a2fa2c61bfbb2dfa2342b34016e0ea162cfa1ea2255300498f318efc88fdfd4d0daa3cf918cd857dd8defd1d83cbb66354cbc460163f8c60,,01/09/2025 11:10:00 AM,30,TRAFFIC SIGNAL,FUNCTIONING PROPERLY,CLEAR,DAYLIGHT,REAR TO FRONT,NOT DIVIDED,,STRAIGHT AND LEVEL,DRY,NO DEFECTS,ON SCENE,NO INJURY / DRIVE AWAY,Y,,,$500 OR LESS,01/09/2025 11:21:00 AM,IMPROPER BACKING,NOT APPLICABLE,2158,S,CALIFORNIA AVE,1023.0,,,,,,,2,NO INDICATION OF INJURY,0.0,0.0,0.0,0.0,0.0,2.0,0.0,11,5,1,41.851945685,-87.695593444,POINT (-87.695593443937 41.85194568497),2025-01-09 11:10:00
a4ac8f453b524f988aeeb769c8986ee6b1f8278dbbe743833af07e2fc8c764a08604243394c40d14ab4a187e512c6e39b0ab1a611842551ec9f0b6685ed9a936,,01/09/2025 11:05:00 AM,20,UNKNOWN,UNKNOWN,UNKNOWN,UNKNOWN,PARKED MOTOR VEHICLE,UNKNOWN,,STRAIGHT AND LEVEL,UNKNOWN,UNKNOWN,NOT ON SCENE (DESK REPORT),NO INJURY / DRIVE AWAY,,,,"$501 - $1,500",01/14/2025 12:00:00 PM,UNABLE TO DETERMINE,NOT APPLICABLE,3301,E,106TH ST,432.0,,,,,,,2,NO INDICATION OF INJURY,0.0,0.0,0.0,0.0,0.0,1.0,0.0,11,5,1,41.702652466,-87.543707495,POINT (-87.543707494885 41.702652466452),2025-01-09 11:05:00
4eb073b764756a73edee4935f057f66b3848657e691bbc60817db3d8c780ea341baf2aba33b4b7f3f85fb79a47390d4a4041d46b4968834c90f4abd1628f41c1,,01/09/2025 11:00:00 AM,30,TRAFFIC SIGNAL,FUNCTIONING PROPERLY,CLEAR,DAYLIGHT,REAR END,T-INTERSECTION,,STRAIGHT AND LEVEL,DRY,NO DEFECTS,NOT ON SCENE (DESK REPORT),NO INJURY / DRIVE AWAY,Y,,,"OVER $1,500",01/09/2025 11:15:00 AM,FAILING TO REDUCE SPEED TO AVOID CRASH,DISTRACTION - FROM INSIDE VEHICLE,555,N,LARAMIE AVE,1532.0,,,,,,,2,NO INDICATION OF INJURY,0.0,0.0,0.0,0.0,0.0,2.0,0.0,11,5,1,41.890925619,-87.755305569,POINT (-87.755305569255 41.890925618871),2025-01-09 11:00:00
d2f51a02e519daecd37eac2dfd1b3138ffaec2949c975997dc5d76763f34187332f3627bbaae2939ba6220c080d1bdaf0cf5902f00af2e9e9737ce57d04a44ae,,01/09/2025 11:00:00 AM,35,STOP SIGN/FLASHER,FUNCTIONING PROPERLY,CLEAR,DAYLIGHT,ANGLE,NOT DIVIDED,,STRAIGHT AND LEVEL,DRY,NO DEFECTS,NOT ON SCENE (DESK REPORT),NO INJURY / DRIVE AWAY,Y,,,"OVER $1,500",01/09/2025 12:35:00 PM,DISREGARDING STOP SIGN,FAILING TO YIELD RIGHT-OF-WAY,7762,W,HIGGINS AVE,1612.0,,,,,,,2,NO INDICATION OF INJURY,0.0,0.0,0.0,0.0,0.0,2.0,0.0,11,5,1,41.984342311,-87.821238096,POINT (-87.821238095748 41.984342311249),2025-01-09 11:00:00