CRASH_RECORD_ID,CRASH_DATE_EST_I,CRASH_DATE,POSTED_SPEED_LIMIT,TRAFFIC_CONTROL_DEVICE,DEVICE_CONDITION,WEATHER_CONDITION,LIGHTING_CONDITION,FIRST_CRASH_TYPE,TRAFFICWAY_TYPE,LANE_CNT,ALIGNMENT,ROADWAY_SURFACE_COND,ROAD_DEFECT,REPORT_TYPE,CRASH_TYPE,INTERSECTION_RELATED_I,NOT_RIGHT_OF_WAY_I,HIT_AND_RUN_I,DAMAGE,DATE_POLICE_NOTIFIED,PRIM_CONTRIBUTORY_CAUSE,SEC_CONTRIBUTORY_CAUSE,STREET_NO,STREET_DIRECTION,STREET_NAME,BEAT_OF_OCCURRENCE,PHOTOS_TAKEN_I,STATEMENTS_TAKEN_I,DOORING_I,WORK_ZONE_I,WORK_ZONE_TYPE,WORKERS_PRESENT_I,NUM_UNITS,MOST_SEVERE_INJURY,INJURIES_TOTAL,INJURIES_FATAL,INJURIES_INCAPACITATING,INJURIES_NON_INCAPACITATING,INJURIES_REPORTED_NOT_EVIDENT,INJURIES_NO_INDICATION,INJURIES_UNKNOWN,CRASH_HOUR,CRASH_DAY_OF_WEEK,CRASH_MONTH,LATITUDE,LONGITUDE,LOCATION,timestamp
401dbddf1d4407cfcf8b6bb0147018db0299754cdc8d7d441355da59dfb8c490722b26d868eedc2634fee81682f863493784f0cdc07bd1f0ae2cfd5eccb9c028,,01/09/2025 06:38:00 AM,30,TRAFFIC SIGNAL,FUNCTIONING PROPERLY,CLEAR,DAYLIGHT,REAR END,NOT DIVIDED,,STRAIGHT AND LEVEL,DRY,NO DEFECTS,NOT ON SCENE (DESK REPORT),NO INJURY / DRIVE AWAY,,,,"$501 - $1,500",01/09/2025 06:59:00 AM,UNABLE TO DETERMINE,UNABLE TO DETERMINE,2032,E,MARQUETTE DR,331.0,,,,,,,2,NO INDICATION OF INJURY,0.0,0.0,0.0,0.0,0.0,2.0,0.0,6,5,1,41.775492419,-87.575054772,POINT (-87.57505477154 41.775492418976),2025-01-09 06:38:00
5465dbc99ae5c4599934c3f8d375caa74e7b544dc6380a0d2d45b5d0acf103ea80421a977990c55a9c57ec0372c5becfb667229e4aa9f348470a6e6cd1e74e8d,,01/09/2025 06:35:00 AM,30,NO CONTROLS,NO CONTROLS,CLEAR,DAYLIGHT,PARKED MOTOR VEHICLE,ONE-WAY,,STRAIGHT AND LEVEL,DRY,NO DEFECTS,ON SCENE,INJURY AND / OR TOW DUE TO CRASH,,,,"OVER $1,500",01/09/2025 07:01:00 AM,UNABLE TO DETERMINE,UNABLE TO DETERMINE,5110,S,MULLIGAN AVE,811.0,,,,,,,4,"REPORTED, NOT EVIDENT",1.0,0.0,0.0,0.0,1.0,0.0,0.0,6,5,1,41.799314503,-87.780948114,POINT (-87.780948113602 41.799314503164),2025-01-09 06:35:00
dbc22ec1d644d32739b1cd9b89422caed4c94ed488a46ac7ed25032443b148c7861a34d522e03aff3351f7daf86ca50951d109d12fdce0fec45aa8c52c90863e,,01/09/2025 06:30:00 AM,30,TRAFFIC SIGNAL,FUNCTIONING PROPERLY,CLEAR,DAYLIGHT,REAR END,NOT DIVIDED,,STRAIGHT AND LEVEL,DRY,NO DEFECTS,NOT ON SCENE (DESK REPORT),NO INJURY / DRIVE AWAY,,,,"OVER $1,500",01/09/2025 07:25:00 AM,FOLLOWING TOO CLOSELY,FOLLOWING TOO CLOSELY,1600,W,59TH ST,715.0,,,,,,,2,NO INDICATION OF INJURY,0.0,0.0,0.0,0.0,0.0,2.0,0.0,6,5,1,41.786856011,-87.664429121,POINT (-87.664429120895 41.786856011187),2025-01-09 06:30:00
e97ea83ddb436a452fe2e0fc4a6181753c1e4cf681c3f526268f2d84377c7a8e8ebb0442252b3f5b483ff4b70a4c52530c96a3875426d735b80b9d5e5d920bf5,,01/09/2025 06:25:00 AM,30,TRAFFIC SIGNAL,FUNCTIONING PROPERLY,CLEAR,"DARKNESS, LIGHTED ROAD",PEDESTRIAN,NOT DIVIDED,,STRAIGHT AND LEVEL,UNKNOWN,NO DEFECTS,ON SCENE,INJURY AND / OR TOW DUE TO CRASH,Y,,,$500 OR LESS,01/09/2025 06:44:00 AM,UNABLE TO DETERMINE,UNABLE TO DETERMINE,4000,W,CONGRESS PKWY,1132.0,,,,,,,2,"REPORTED, NOT EVIDENT",1.0,0.0,0.0,0.0,1.0,2.0,0.0,6,5,1,41.874467007,-87.725568395,POINT (-87.725568395397 41.874467006872),2025-01-09 06:25:00
279d4cffffacfaa65c66648c7c85b6506c0fe87fafddeac38bbce3ebb6e28534d0afca80184302438a743127bc19428e85f627ed1db409a50ed831747107b10c,N,01/09/2025 06:20:00 AM,30,NO CONTROLS,NO CONTROLS,CLEAR,DAWN,TURNING,NOT DIVIDED,,STRAIGHT AND LEVEL,DRY,NO DEFECTS,ON SCENE,INJURY AND / OR TOW DUE TO CRASH,,,,"OVER $1,500",01/09/2025 06:28:00 AM,FAILING TO YIELD RIGHT-OF-WAY,IMPROPER TURNING/NO SIGNAL,161,W,47TH ST,224.0,Y,Y,,,,,2,INCAPACITATING INJURY,1.0,0.0,1.0,0.0,0.0,1.0,0.0,6,5,1,41.809056715,-87.630423572,POINT (-87.630423571759 41.809056714539),2025-01-09 06:20:00
389d4af9031871bec42d08867d2a74d215dd7233c7913b9d048457f87d8ad97fbe6e3c6bb80bc58d604732b21b715944d3e2b6548975761864191b4c1ca50677,,01/09/2025 06:20:00 AM,30,NO CONTROLS,NO CONTROLS,UNKNOWN,DAYLIGHT,FIXED OBJECT,OTHER,,STRAIGHT AND LEVEL,DRY,NO DEFECTS,NOT ON SCENE (DESK REPORT),NO INJURY / DRIVE AWAY,,,Y,"OVER $1,500",01/10/2025 03:20:00 PM,IMPROPER BACKING,FAILING TO REDUCE SPEED TO AVOID CRASH,1600,N,ELSTON AVE,1433.0,,,,,,,1,NO INDICATION OF INJURY,0.0,0.0,0.0,0.0,0.0,1.0,0.0,6,5,1,41.910706997,-87.662327245,POINT (-87.662327244597 41.910706996881),2025-01-09 06:20:00
d3efe94005da334ce549768c8f0d2bd244433b1530d2c85bf3683e388bdbac5ce9ed8e4286d3cf65323333d0229f7af24a8efe6e0afdfc0368b727125a58e68e,,01/09/2025 06:15:00 AM,30,NO CONTROLS,NO CONTROLS,CLEAR,DAYLIGHT,PARKED MOTOR VEHICLE,DIVIDED - W/MEDIAN (NOT RAISED),,STRAIGHT AND LEVEL,DRY,UNKNOWN,NOT ON SCENE (DESK REPORT),NO INJURY / DRIVE AWAY,,,Y,"OVER $1,500",01/09/2025 04:15:00 PM,UNABLE TO DETERMINE,NOT APPLICABLE,1313,N,WESTERN AVE,1424.0,,,,,,,2,NO INDICATION OF INJURY,0.0,0.0,0.0,0.0,0.0,1.0,0.0,6,5,1,41.905275323,-87.686940353,POINT (-87.686940352729 41.90527532274),2025-01-09 06:15:00
fe3472e9d38512d6be09fec157e01306dd1115e83c7434c9e3c4e54a2526da12bbbd516c00e4b2f800e1c89e879fee9feb994e56eff60dda672e8ced118437ad,,01/09/2025 05:53:00 AM,30,TRAFFIC SIGNAL,FUNCTIONING PROPERLY,CLEAR,DARKNESS,ANGLE,FOUR WAY,,STRAIGHT AND LEVEL,DRY,NO DEFECTS,ON SCENE,NO INJURY / DRIVE AWAY,Y,,Y,"OVER $1,500",01/09/2025 05:53:00 AM,UNABLE TO DETERMINE,NOT APPLICABLE,1400,W,63RD ST,713.0,,,,,,,2,NO INDICATION OF INJURY,0.0,0.0,0.0,0.0,0.0,3.0,0.0,5,5,1,41.779652092,-87.659424229,POINT (-87.659424229248 41.77965209155),2025-01-09 05:53:00
4b17dfd04e337195a096442cc1d369b78a2ba3189c9792fe331c6e50c19967857eae81cc5b749a56f8fc33ded4bf1286786fb99a29b7284414249cb27520c04d,,01/09/2025 05:00:00 AM,30,NO CONTROLS,NO CONTROLS,CLEAR,DAYLIGHT,PARKED MOTOR VEHICLE,ONE-WAY,,STRAIGHT AND LEVEL,UNKNOWN,UNKNOWN,NOT ON SCENE (DESK REPORT),NO INJURY / DRIVE AWAY,,,,"$501 - $1,500",01/09/2025 01:49:00 PM,UNABLE TO DETERMINE,NOT APPLICABLE,7125,S,BENNETT AVE,333.0,,,,,,,2,NO INDICATION OF INJURY,0.0,0.0,0.0,0.0,0.0,1.0,0.0,5,5,1,41.765311203,-87.579206418,POINT (-87.579206417756 41.765311203252),2025-01-09 05:00:00
ebab695868acd7c6cfa6b664c5e84551485176bbb9d5a74291ed40e4d7c3a4f2594f268733c0594df52c51a708ff8a342e79fa49bd9f4390d02ab2e2d41d9ade,,01/09/2025 02:00:00 AM,30,NO CONTROLS,NO CONTROLS,CLEAR,DARKNESS,SIDESWIPE SAME DIRECTION,NOT DIVIDED,,STRAIGHT AND LEVEL,DRY,NO DEFECTS,NOT ON SCENE (DESK REPORT),NO INJURY / DRIVE AWAY,,,,"$501 - $1,500",01/09/2025 08:18:00 PM,IMPROPER OVERTAKING/PASSING,IMPROPER OVERTAKING/PASSING,10000,W,BALMORAL AVE,1654.0,,,,,,,2,NO INDICATION OF INJURY,0.0,0.0,0.0,0.0,0.0,2.0,0.0,2,5,1,,,,2025-01-09 02:00:00
ae85c727681521242075eaf02d7cf98a45854d5aa1d688418afd684ed30012cd285b8f41a28fc8da88c4bf22e68e24aa01befffc1b708e615b404ce00dab247b,,01/09/2025 01:54:00 AM,30,TRAFFIC SIGNAL,NO CONTROLS,CLEAR,"DARKNESS, LIGHTED ROAD",PARKED MOTOR VEHICLE,NOT DIVIDED,,STRAIGHT AND LEVEL,DRY,NO DEFECTS,ON SCENE,INJURY AND / OR TOW DUE TO CRASH,,,,"OVER $1,500",01/09/2025 01:54:00 AM,UNABLE TO DETERMINE,UNABLE TO DETERMINE,3012,W,BELMONT AVE,1733.0,,,,,,,2,NO INDICATION OF INJURY,0.0,0.0,0.0,0.0,0.0,1.0,0.0,1,5,1,41.93947064,-87.703259496,POINT (-87.70325949623 41.939470640223),2025-01-09 01:54:00
d09ae4d58743751236cd749d47799015fbdc6dace58fc3a66636cd0797db1645f3cd1a9deafd6f72192e62cfb0ca6ad6c3ba0d708d907dcf81d59196701f0362,,01/09/2025 01:13:00 AM,20,NO CONTROLS,NO CONTROLS,UNKNOWN,UNKNOWN,PARKED MOTOR VEHICLE,ONE-WAY,,STRAIGHT AND LEVEL,UNKNOWN,UNKNOWN,NOT ON SCENE (DESK REPORT),NO INJURY / DRIVE AWAY,,,Y,"OVER $1,500",01/09/2025 08:40:00 PM,UNABLE TO DETERMINE,UNABLE TO DETERMINE,173,N,LAPORTE AVE,1532.0,,,,,,,2,NO INDICATION OF INJURY,0.0,0.0,0.0,0.0,0.0,1.0,0.0,1,5,1,41.883964382,-87.748930977,POINT (-87.748930976846 41.883964382458),2025-01-09 01:13:00
774bfa29d66f17c0fc6fdf0324006aad23c26292f188297c00e74aac455dc7069db9747ddd0c4a4ebb5f83794169e2359c6cc40fd0f2a49c3a25eb56fa9f5c63,Y,01/09/2025 01:10:00 AM,30,TRAFFIC SIGNAL,OTHER,CLEAR,DARKNESS,FIXED OBJECT,FOUR WAY,,STRAIGHT AND LEVEL,DRY,NO DEFECTS,ON SCENE,INJURY AND / OR TOW DUE TO CRASH,,,,"OVER $1,500",01/09/2025 01:20:00 AM,FAILING TO REDUCE SPEED TO AVOID CRASH,"OPERATING VEHICLE IN ERRATIC, RECKLESS, CARELESS, NEGLIGENT OR AGGRESSIVE MANNER",9953,S,AVENUE L,432.0,,,,,,,1,NONINCAPACITATING INJURY,1.0,0.0,0.0,1.0,0.0,0.0,0.0,1,5,1,41.714305893,-87.53633975,POINT (-87.536339749766 41.714305892837),2025-01-09 01:10:00
2b51901142f80c8cd7bc6e78f88a2800c08c3938a585e3c2274739b67556b5e0dd6d7b4ec8893d2cf137a7871d31161ffe10068c7993afc077e4ed2660d71718,Y,01/09/2025 01:00:00 AM,25,NO CONTROLS,NO CONTROLS,CLEAR,UNKNOWN,PARKED MOTOR VEHICLE,ONE-WAY,,STRAIGHT AND LEVEL,UNKNOWN,UNKNOWN,,NO INJURY / DRIVE AWAY,,,Y,"OVER $1,500",01/09/2025 03:45:00 PM,UNABLE TO DETERMINE,UNABLE TO DETERMINE,4236,N,RIDGEWAY AVE,1723.0,,,,,,,2,NO INDICATION OF INJURY,0.0,0.0,0.0,0.0,0.0,1.0,0.0,1,5,1,41.958486961,-87.721776301,POINT (-87.721776300876 41.958486961341),2025-01-09 01:00:00
1969abe2900f8c429b68f54e395b63c100f317d8823d124001d4c3ef9cea6f43a0f2b51dc4a37f17c3b4de1ec341f217ef8624f09f70e23d1b5f25b400f30660,,01/09/2025 12:56:00 AM,25,TRAFFIC SIGNAL,FUNCTIONING PROPERLY,CLEAR,"DARKNESS, LIGHTED ROAD",ANGLE,FOUR WAY,,STRAIGHT AND LEVEL,DRY,NO DEFECTS,NOT ON SCENE (DESK REPORT),INJURY AND / OR TOW DUE TO CRASH,Y,,Y,"OVER $1,500",01/09/2025 12:56:00 AM,FAILING TO YIELD RIGHT-OF-WAY,NOT APPLICABLE,4360,S,ARCHER AVE,821.0,,,,,,,2,NO INDICATION OF INJURY,0.0,0.0,0.0,0.0,0.0,2.0,0.0,0,5,1,41.814224081,-87.704261899,POINT (-87.704261899341 41.814224080998),2025-01-09 00:56:00
da1a42a7d19f96c959202d4189fdef63685435b8ae21ef0f98fdfe1c2b847511d476779a70a6514fbfeb3d8f05170917ae03aeadc4845dbb8233de4e1ea1c0f3,,01/09/2025 12:47:00 AM,30,NO CONTROLS,NO CONTROLS,CLEAR,"DARKNESS, LIGHTED ROAD",FIXED OBJECT,NOT DIVIDED,,STRAIGHT AND LEVEL,DRY,NO DEFECTS,ON SCENE,INJURY AND / OR TOW DUE TO CRASH,,,,"$501 - $1,500",01/09/2025 12:49:00 AM,UNABLE TO DETERMINE,NOT APPLICABLE,901,S,LOOMIS ST,1231.0,,,,,,,1,NO INDICATION OF INJURY,0.0,0.0,0.0,0.0,0.0,3.0,0.0,0,5,1,41.870242167,-87.661521643,POINT (-87.661521643279 41.870242167256),2025-01-09 00:47:00
1cb3b3a9615812143ce8718767fa6d0fac4e17cee76528b3ae1665d2787da769f1f503383e730d60c17edcda1356b3f63b00d0b95f55bbb49fda1c14800231d9,,01/09/2025 12:41:00 AM,35,TRAFFIC SIGNAL,FUNCTIONING PROPERLY,CLEAR,"DARKNESS, LIGHTED ROAD",ANGLE,FOUR WAY,,STRAIGHT AND LEVEL,DRY,UNKNOWN,ON SCENE,INJURY AND / OR TOW DUE TO CRASH,Y,,,"OVER $1,500",01/09/2025 12:44:00 AM,DISREGARDING TRAFFIC SIGNALS,UNABLE TO DETERMINE,2753,W,26TH ST,1034.0,,Y,,,,,2,NO INDICATION OF INJURY,0.0,0.0,0.0,0.0,0.0,4.0,0.0,0,5,1,41.844589248,-87.694900573,POINT (-87.694900572713 41.844589247532),2025-01-09 00:41:00
10b9acb609e324ab71f5abd51e725d612302d8912b3e02de92add16ea73244278ae3424ea2742683347a41d9bcfb8d9dd456e7c3318113b37feda10e6e34bc19,Y,01/09/2025 12:39:00 AM,25,NO CONTROLS,NO CONTROLS,CLEAR,DARKNESS,PARKED MOTOR VEHICLE,ONE-WAY,,STRAIGHT AND LEVEL,DRY,NO DEFECTS,NOT ON SCENE (DESK REPORT),NO INJURY / DRIVE AWAY,,,Y,$500 OR LESS,01/09/2025 12:39:00 AM,UNABLE TO DETERMINE,UNABLE TO DETERMINE,4368,W,25TH ST,1013.0,N,N,,,,,3,NO INDICATION OF INJURY,0.0,0.0,0.0,0.0,0.0,1.0,0.0,0,5,1,41.846061799,-87.733816305,POINT (-87.733816305378 41.846061798699),2025-01-09 00:39:00
40e0782f16c86ae4b20de077bdf97123f892a6ace826b423d18db1b0c564483cc47534e62b7dbea51236ed448cfc9bdffddbfa95f63d92907251b0af0914d145,,01/09/2025 12:15:00 AM,30,TRAFFIC SIGNAL,FUNCTIONING PROPERLY,CLEAR,"DARKNESS, LIGHTED ROAD",REAR END,NOT DIVIDED,,STRAIGHT AND LEVEL,DRY,NO DEFECTS,ON SCENE,NO INJURY / DRIVE AWAY,,,,"OVER $1,500",01/09/2025 12:17:00 AM,UNABLE TO DETERMINE,NOT APPLICABLE,5501,W,MONTROSE AVE,1624.0,,,,,,,2,NO INDICATION OF INJURY,0.0,0.0,0.0,0.0,0.0,5.0,0.0,0,5,1,41.960400058,-87.764898533,POINT (-87.764898532867 41.960400057563),2025-01-09 00:15:00
7e26ce2cb5a244f275909458e47ab4d131dfbf611caf3e5bf7d2956af5838f64ee8894ce3b782cb48e881e090726c68cfffe4ea8160b5576bf3753759bba9952,Y,01/09/2025 12:00:00 AM,30,NO CONTROLS,NO CONTROLS,UNKNOWN,DARKNESS,PARKED MOTOR VEHICLE,OTHER,,STRAIGHT AND LEVEL,UNKNOWN,UNKNOWN,NOT ON SCENE (DESK REPORT),INJURY AND / OR TOW DUE TO CRASH,,,Y,"OVER $1,500",01/10/2025 01:15:00 PM,UNABLE TO DETERMINE,UNABLE TO DETERMINE,5505,W,OHIO ST,1523.0,,,,,,,2,NO INDICATION OF INJURY,0.0,0.0,0.0,0.0,0.0,1.0,0.0,0,5,1,41.890999184,-87.763672427,POINT (-87.763672427024 41.890999184387),2025-01-09 00:00:00
81e4defff932eace243f33e173adee8db4713a2713931d18947a67d36c1d21e7d598327b8b0292a4e58681f494e7c93632833a0807a0daddbf409a14b2b2f77c,Y,01/09/2025 12:00:00 AM,20,NO CONTROLS,NO CONTROLS,CLEAR,UNKNOWN,PARKED MOTOR VEHICLE,NOT DIVIDED,,STRAIGHT AND LEVEL,DRY,NO DEFECTS,ON SCENE,NO INJURY / DRIVE AWAY,,,Y,"$501 - $1,500",01/09/2025 07:31:00 AM,UNABLE TO DETERMINE,NOT APPLICABLE,2101,W,HOOD AVE,2413.0,,,,,,,2,NO INDICATION OF INJURY,0.0,0.0,0.0,0.0,0.0,1.0,0.0,0,5,1,41.992932893,-87.682410699,POINT (-87.682410699248 41.992932893413),2025-01-09 00:00:00
f5b3a34d7b3961d0be5c7df780f0e0cda66074818ad4ea026a07f30ec0ee39cd984d42b04326687194ae7bfe06260426182764803c2c726a811933af9b2ac0b7,,01/08/2025 11:35:00 PM,30,TRAFFIC SIGNAL,FUNCTIONING PROPERLY,CLEAR,"DARKNESS, LIGHTED ROAD",TURNING,FOUR WAY,,STRAIGHT AND LEVEL,DRY,NO DEFECTS,ON SCENE,NO INJURY / DRIVE AWAY,Y,,Y,"OVER $1,500",01/08/2025 11:50:00 PM,FAILING TO YIELD RIGHT-OF-WAY,IMPROPER TURNING/NO SIGNAL,2402,W,IRVING PARK RD,1911.0,,,,,,,2,NO INDICATION OF INJURY,0.0,0.0,0.0,0.0,0.0,2.0,0.0,23,4,1,41.954119586,-87.688664325,POINT (-87.688664324512 41.954119586419),2025-01-08 23:35:00
cf44532ab9ddb1ade498c6448d8b5c25e2f2409c56a4a720151137d62f858a4f965bb7ec267680e2ef37e6544c77c0ecd6348222b10d98fb8e8e40ae9b4b2be7,Y,01/08/2025 11:30:00 PM,5,NO CONTROLS,NO CONTROLS,CLEAR,"DARKNESS, LIGHTED ROAD",PARKED MOTOR VEHICLE,PARKING LOT,,STRAIGHT AND LEVEL,DRY,NO DEFECTS,ON SCENE,NO INJURY / DRIVE AWAY,,,Y,"OVER $1,500",01/09/2025 12:00:00 AM,UNABLE TO DETERMINE,NOT APPLICABLE,355,E,ERIE ST,1834.0,,,,,,,2,NO INDICATION OF INJURY,0.0,0.0,0.0,0.0,0.0,1.0,0.0,23,4,1,41.8941336,-87.61817915,POINT (-87.61817914958 41.894133600184),2025-01-08 23:30:00
00df612c8c44256648a93df3d367c8cc316fa24f6d12cb1b65e590e91188cb5419929a773a09fc57b5bed71cbaf753dc95458f7b11b270fe06feb5c01b0102b7,,01/08/2025 11:20:00 PM,30,STOP SIGN/FLASHER,FUNCTIONING PROPERLY,CLEAR,"DARKNESS, LIGHTED ROAD",FIXED OBJECT,DIVIDED - W/MEDIAN BARRIER,,STRAIGHT AND LEVEL,DRY,NO DEFECTS,ON SCENE,INJURY AND / OR TOW DUE TO CRASH,,,N,"OVER $1,500",01/08/2025 11:30:00 PM,"OPERATING VEHICLE IN ERRATIC, RECKLESS, CARELESS, NEGLIGENT OR AGGRESSIVE MANNER",UNDER THE INFLUENCE OF ALCOHOL/DRUGS (USE WHEN ARREST IS EFFECTED),2401,W,VAN BUREN ST,1135.0,,,,,,,1,NO INDICATION OF INJURY,0.0,0.0,0.0,0.0,0.0,2.0,0.0,23,4,1,41.875972531,-87.686329488,POINT (-87.686329487776 41.875972530571),2025-01-08 23:20:00
ce0623f34dc01b6a8584fe313a668b28663c3390d3c74a1346d43703c2f6eea39d48a0cc11f489a64f4acb26f0ed127647e1b360446cf3cc57251aef9ef7d313,,01/08/2025 11:20:00 PM,30,TRAFFIC SIGNAL,FUNCTIONING PROPERLY,CLEAR,"DARKNESS, LIGHTED ROAD",ANGLE,FOUR WAY,,STRAIGHT AND LEVEL,DRY,NO DEFECTS,ON SCENE,INJURY AND / OR TOW DUE TO CRASH,Y,,,"OVER $1,500",01/08/2025 11:21:00 PM,DISREGARDING TRAFFIC SIGNALS,FAILING TO REDUCE SPEED TO AVOID CRASH,8700,S,LOOMIS ST,2222.0,,,,,,,2,NONINCAPACITATING INJURY,1.0,0.0,0.0,1.0,0.0,1.0,0.0,23,4,1,41.735768653,-87.658349273,POINT (-87.658349273218 41.735768653272),2025-01-08 23:20:00
a7e92330ed0d714fe32b443e66c51528728b205349fc17b49cf22fbd963db0a8fa744f8f654f69c08681518b74e7169db7048d23311cbf116751290f5b983b0f,,01/08/2025 11:14:00 PM,30,NO CONTROLS,UNKNOWN,UNKNOWN,UNKNOWN,PARKED MOTOR VEHICLE,PARKING LOT,,STRAIGHT AND LEVEL,UNKNOWN,UNKNOWN,ON SCENE,INJURY AND / OR TOW DUE TO CRASH,,,Y,"OVER $1,500",01/09/2025 12:16:00 AM,UNABLE TO DETERMINE,UNABLE TO DETERMINE,326,W,64TH ST,722.0,,,,,,,2,NO INDICATION OF INJURY,0.0,0.0,0.0,0.0,0.0,1.0,0.0,23,4,1,41.778215156,-87.633464426,POINT (-87.633464426037 41.778215156109),2025-01-08 23:14:00
12a994aecd3795a40107493fe3a722c3b3659b7d154e0eb8ceb6451f14d94b04a787a579a1bea4616d1b3f319f4e5eac976932704ca5afd3fe15fa377292d6e3,,01/08/2025 11:00:00 PM,10,NO CONTROLS,NO CONTROLS,UNKNOWN,"DARKNESS, LIGHTED ROAD",PARKED MOTOR VEHICLE,OTHER,,STRAIGHT AND LEVEL,UNKNOWN,UNKNOWN,NOT ON SCENE (DESK REPORT),NO INJURY / DRIVE AWAY,,,Y,"OVER $1,500",01/08/2025 11:20:00 PM,UNABLE TO DETERMINE,UNABLE TO DETERMINE,2160,S,ARCHER AVE,914.0,,,,,,,2,NO INDICATION OF INJURY,0.0,0.0,0.0,0.0,0.0,1.0,0.0,23,4,1,41.853304512,-87.634176883,POINT (-87.634176883447 41.853304512107),2025-01-08 23:00:00
5e17b79d9eb633c8938ecad3a9ca5aa32ff68fe49e39b29b2397116c0c79194ca633329323ac7dc698667b959d1ce56312c438d572406b6b0f0eb764f6535da7,,01/08/2025 11:00:00 PM,20,NO CONTROLS,NO CONTROLS,CLEAR,"DARKNESS, LIGHTED ROAD",PARKED MOTOR VEHICLE,DIVIDED - W/MEDIAN (NOT RAISED),,STRAIGHT AND LEVEL,UNKNOWN,UNKNOWN,NOT ON SCENE (DESK REPORT),INJURY AND / OR TOW DUE TO CRASH,,,Y,"$501 - $1,500",01/09/2025 12:05:00 AM,UNABLE TO DETERMINE,NOT APPLICABLE,1837,N,MERRIMAC AVE,2513.0,,,,,,,2,NO INDICATION OF INJURY,0.0,0.0,0.0,0.0,0.0,1.0,0.0,23,4,1,41.913941788,-87.781046144,POINT (-87.781046144336 41.913941788267),2025-01-08 23:00:00
8e183615cf20aaf3fb978a7432abd7e75df39f1ffe5f8defc937c1cce7f605705da48c53eb283f7b52f36a64ffe41c6f02b490ed64584240e573ae19f4ab458a,,01/08/2025 10:51:00 PM,30,NO CONTROLS,NO CONTROLS,UNKNOWN,"DARKNESS, LIGHTED ROAD",TURNING,DIVIDED - W/MEDIAN (NOT RAISED),,STRAIGHT AND LEVEL,UNKNOWN,NO DEFECTS,NOT ON SCENE (DESK REPORT),NO INJURY / DRIVE AWAY,,,,"OVER $1,500",01/11/2025 06:45:00 PM,UNABLE TO DETERMINE,UNABLE TO DETERMINE,7200,S,KEDZIE AVE,831.0,,,,,,,2,NO INDICATION OF INJURY,0.0,0.0,0.0,0.0,0.0,2.0,0.0,22,4,1,41.762463724,-87.702904514,POINT (-87.702904513708 41.76246372415),2025-01-08 22:51:00
3e8d5a79da8df9f3424ff5d5e6db9b5cf8a2810c961744a4abf7fee805c24b9139f9cb1592e8805a5d2ddee19e9c9326fb47e3e515ee4798e3219c23e5e80003,,01/08/2025 10:45:00 PM,30,NO CONTROLS,NO CONTROLS,CLEAR,"DARKNESS, LIGHTED ROAD",TURNING,NOT DIVIDED,,STRAIGHT AND LEVEL,DRY,NO DEFECTS,NOT ON SCENE (DESK REPORT),NO INJURY / DRIVE AWAY,,,,"OVER $1,500",01/09/2025 10:00:00 AM,IMPROPER TURNING/NO SIGNAL,UNABLE TO DETERMINE,7159,S,KEDZIE AVE,831.0,,,,,,,2,NO INDICATION OF INJURY,0.0,0.0,0.0,0.0,0.0,2.0,0.0,22,4,1,41.762649613,-87.702616052,POINT (-87.702616051767 41.762649612784),2025-01-08 22:45:00
fd68ebf9951c4114f7213adc999596330711aae1e0f57a432773e6ec7918e8348ded3e85d2e39584d6f5089f10dcf8e344361bd7b72f3fe41a6bf760b28f7b78,,01/08/2025 10:40:00 PM,30,TRAFFIC SIGNAL,FUNCTIONING PROPERLY,UNKNOWN,"DARKNESS, LIGHTED ROAD",SIDESWIPE OPPOSITE DIRECTION,DIVIDED - W/MEDIAN (NOT RAISED),,STRAIGHT AND LEVEL,UNKNOWN,UNKNOWN,NOT ON SCENE (DESK REPORT),NO INJURY / DRIVE AWAY,,,Y,"OVER $1,500",01/09/2025 12:10:00 AM,UNABLE TO DETERMINE,DRIVING SKILLS/KNOWLEDGE/EXPERIENCE,163,W,CERMAK RD,914.0,,,,,,,2,NO INDICATION OF INJURY,0.0,0.0,0.0,0.0,0.0,2.0,0.0,22,4,1,41.852745643,-87.631786301,POINT (-87.631786300613 41.852745642713),2025-01-08 22:40:00