CRASH_RECORD_ID,CRASH_DATE_EST_I,CRASH_DATE,POSTED_SPEED_LIMIT,TRAFFIC_CONTROL_DEVICE,DEVICE_CONDITION,WEATHER_CONDITION,LIGHTING_CONDITION,FIRST_CRASH_TYPE,TRAFFICWAY_TYPE,LANE_CNT,ALIGNMENT,ROADWAY_SURFACE_COND,ROAD_DEFECT,REPORT_TYPE,CRASH_TYPE,INTERSECTION_RELATED_I,NOT_RIGHT_OF_WAY_I,HIT_AND_RUN_I,DAMAGE,DATE_POLICE_NOTIFIED,PRIM_CONTRIBUTORY_CAUSE,SEC_CONTRIBUTORY_CAUSE,STREET_NO,STREET_DIRECTION,STREET_NAME,BEAT_OF_OCCURRENCE,PHOTOS_TAKEN_I,STATEMENTS_TAKEN_I,DOORING_I,WORK_ZONE_I,WORK_ZONE_TYPE,WORKERS_PRESENT_I,NUM_UNITS,MOST_SEVERE_INJURY,INJURIES_TOTAL,INJURIES_FATAL,INJURIES_INCAPACITATING,INJURIES_NON_INCAPACITATING,INJURIES_REPORTED_NOT_EVIDENT,INJURIES_NO_INDICATION,INJURIES_UNKNOWN,CRASH_HOUR,CRASH_DAY_OF_WEEK,CRASH_MONTH,LATITUDE,LONGITUDE,LOCATION,timestamp
17611fee5689c499bc88284a53003edfdf2ccd6781391709d349ea6e6b9d678edcc8311bfaa1f1850cbaff4743d5ea6f35fe79ab8a33470a3528849f7afbd7b6,,01/08/2025 10:36:00 PM,30,TRAFFIC SIGNAL,FUNCTIONING PROPERLY,CLEAR,"DARKNESS, LIGHTED ROAD",REAR END,FOUR WAY,,STRAIGHT AND LEVEL,DRY,NO DEFECTS,NOT ON SCENE (DESK REPORT),NO INJURY / DRIVE AWAY,,,Y,"OVER $1,500",01/08/2025 10:45:00 PM,FAILING TO REDUCE SPEED TO AVOID CRASH,UNABLE TO DETERMINE,230,S,ASHLAND AVE,1231.0,,,,,,,2,NO INDICATION OF INJURY,0.0,0.0,0.0,0.0,0.0,5.0,0.0,22,4,1,41.877924584,-87.666849361,POINT (-87.666849361146 41.877924583885),2025-01-08 22:36:00
800e31552b6d9ee8f3a4d0d9a03ab1d9d9dedc1e7edb175b710762c6d097abb62f9bb7217358ebac04e4b0c26ac952d45b424e97d4b2342c7c05d82d25854870,,01/08/2025 10:06:00 PM,35,TRAFFIC SIGNAL,FUNCTIONING PROPERLY,CLEAR,"DARKNESS, LIGHTED ROAD",TURNING,FOUR WAY,,STRAIGHT AND LEVEL,WET,NO DEFECTS,ON SCENE,INJURY AND / OR TOW DUE TO CRASH,Y,,Y,"OVER $1,500",01/08/2025 10:16:00 PM,FAILING TO YIELD RIGHT-OF-WAY,IMPROPER TURNING/NO SIGNAL,2200,S,KOSTNER AVE,1013.0,,,,,,,2,NO INDICATION OF INJURY,0.0,0.0,0.0,0.0,0.0,3.0,0.0,22,4,1,41.851303852,-87.734645138,POINT (-87.734645137918 41.851303852482),2025-01-08 22:06:00
bae843c4b2c39c5711920e41cd8cbcc44ea306aa4f3f57e8c29385b32d2eb12ffc0173b289775590fd2c304770ab385e9f51c36f6a2e3387935a81ecf403e5f2,Y,01/08/2025 10:00:00 PM,30,NO CONTROLS,NO CONTROLS,CLEAR,"DARKNESS, LIGHTED ROAD",PARKED MOTOR VEHICLE,DIVIDED - W/MEDIAN (NOT RAISED),,STRAIGHT AND LEVEL,DRY,NO DEFECTS,ON SCENE,NO INJURY / DRIVE AWAY,,,Y,"OVER $1,500",01/09/2025 09:18:00 AM,UNABLE TO DETERMINE,UNABLE TO DETERMINE,2257,W,34TH ST,912.0,,,,,,,2,NO INDICATION OF INJURY,0.0,0.0,0.0,0.0,0.0,1.0,0.0,22,4,1,41.832016209,-87.682511329,POINT (-87.682511329163 41.832016208664),2025-01-08 22:00:00
3e5217965c43fe016a77c32dbbd7b9fabbe29c80f096c767c33cf8ff4a3866f5c0d9ff042dad1fff56318e233d5cc0804fd38bc3f1773ad815fbb8e9e28043d5,,01/08/2025 09:40:00 PM,30,TRAFFIC SIGNAL,NO CONTROLS,CLEAR,"DARKNESS, LIGHTED ROAD",REAR END,DIVIDED - W/MEDIAN (NOT RAISED),,STRAIGHT AND LEVEL,DRY,NO DEFECTS,NOT ON SCENE (DESK REPORT),NO INJURY / DRIVE AWAY,,,Y,"OVER $1,500",01/08/2025 10:10:00 PM,UNABLE TO DETERMINE,NOT APPLICABLE,5030,S,PULASKI RD,815.0,,,,,,,2,NO INDICATION OF INJURY,0.0,0.0,0.0,0.0,0.0,3.0,0.0,21,4,1,41.801401913,-87.723544598,POINT (-87.723544598036 41.801401912995),2025-01-08 21:40:00
20e4bdcd15086abaa184800fa4eeeacaaff6931795e9ffe1210eff69668df1580db53cab2bd553ffde6dd01b3e5bb84eaddb7ed2b825446742179ea158eddbd6,Y,01/08/2025 09:30:00 PM,30,NO CONTROLS,NO CONTROLS,CLEAR,"DARKNESS, LIGHTED ROAD",PARKED MOTOR VEHICLE,ONE-WAY,,STRAIGHT AND LEVEL,DRY,NO DEFECTS,NOT ON SCENE (DESK REPORT),INJURY AND / OR TOW DUE TO CRASH,,,Y,"OVER $1,500",01/09/2025 03:49:00 PM,UNABLE TO DETERMINE,NOT APPLICABLE,2079,W,MOFFAT ST,1434.0,,,,,,,2,NO INDICATION OF INJURY,0.0,0.0,0.0,0.0,0.0,1.0,0.0,21,4,1,41.915319559,-87.679904451,POINT (-87.67990445147 41.915319558564),2025-01-08 21:30:00
9c7c950b5c31b4bc4efe644d26e1fe03511c1e5478025a6bbbe78aa0e2dc61a21c586270c18e58135c1bb246476f973c501482c3d835afac5ec3f62f119e0722,,01/08/2025 09:19:00 PM,20,NO CONTROLS,NO CONTROLS,CLEAR,"DARKNESS, LIGHTED ROAD",FIXED OBJECT,OTHER,,"CURVE, LEVEL",WET,NO DEFECTS,NOT ON SCENE (DESK REPORT),NO INJURY / DRIVE AWAY,,,,"OVER $1,500",01/08/2025 10:10:00 PM,UNABLE TO DETERMINE,UNABLE TO DETERMINE,401,W,123RD ST,523.0,,,,,,,1,NO INDICATION OF INJURY,0.0,0.0,0.0,0.0,0.0,2.0,0.0,21,4,1,41.670525497,-87.63211402,POINT (-87.632114020199 41.670525496631),2025-01-08 21:19:00
340124effb55ff648707bde3b0323d78bddfea7a53b8a550912ec90e6b9d898c2953255e965f9f6c032fbd84084a0c0305e3a5de12d413ac952c3d4fd7ab543d,,01/08/2025 09:10:00 PM,30,NO CONTROLS,NO CONTROLS,CLEAR,"DARKNESS, LIGHTED ROAD",FIXED OBJECT,DIVIDED - W/MEDIAN (NOT RAISED),,STRAIGHT AND LEVEL,DRY,NO DEFECTS,NOT ON SCENE (DESK REPORT),INJURY AND / OR TOW DUE TO CRASH,Y,,,"OVER $1,500",01/08/2025 09:41:00 PM,FAILING TO YIELD RIGHT-OF-WAY,FAILING TO YIELD RIGHT-OF-WAY,1901,W,MADISON ST,1223.0,,,,,,,2,"REPORTED, NOT EVIDENT",1.0,0.0,0.0,0.0,1.0,3.0,0.0,21,4,1,41.881241457,-87.674282534,POINT (-87.674282533953 41.881241456803),2025-01-08 21:10:00
8b1535b30686c14f29dc8d727ddb6183c633c692a2f22c024a98b2512f862e3fdb902c5a5cd173f0f64e5f9ae22c3f77b975da97e964932a005e2e7b64ba8df2,,01/08/2025 09:10:00 PM,30,UNKNOWN,UNKNOWN,CLEAR,"DARKNESS, LIGHTED ROAD",ANGLE,DIVIDED - W/MEDIAN (NOT RAISED),,STRAIGHT AND LEVEL,DRY,UNKNOWN,NOT ON SCENE (DESK REPORT),NO INJURY / DRIVE AWAY,Y,,,"$501 - $1,500",01/08/2025 10:00:00 PM,IMPROPER LANE USAGE,IMPROPER LANE USAGE,1899,W,WARREN BLVD,1223.0,,,,,,,2,NO INDICATION OF INJURY,0.0,0.0,0.0,0.0,0.0,3.0,0.0,21,4,1,41.882163677,-87.674085624,POINT (-87.674085624338 41.882163676906),2025-01-08 21:10:00
51f7381e6b0ce83baadd9305b3f1f3643afc6701a3e063a4acfee60dc5c18cc46b78ec8cb34deac3d3f1e8384bec4535f3798f4c8f6f7350a6961bee4efe14bd,,01/08/2025 09:00:00 PM,25,NO CONTROLS,NO CONTROLS,UNKNOWN,"DARKNESS, LIGHTED ROAD",PARKED MOTOR VEHICLE,ONE-WAY,,STRAIGHT AND LEVEL,UNKNOWN,UNKNOWN,NOT ON SCENE (DESK REPORT),NO INJURY / DRIVE AWAY,,,Y,"OVER $1,500",01/09/2025 02:50:00 PM,UNABLE TO DETERMINE,UNABLE TO DETERMINE,1625,N,LATROBE AVE,2532.0,,,,,,,2,NO INDICATION OF INJURY,0.0,0.0,0.0,0.0,0.0,1.0,0.0,21,4,1,41.910265495,-87.756763093,POINT (-87.756763092894 41.910265495298),2025-01-08 21:00:00
9faffd442b5169de7476284ac1643696df8681096f5aac45760841e1d0c708ddf55c9cdf4aa12bd76852bfa624475b7bcd8ff8b6afd634b8134d1b7a9eca942c,,01/08/2025 09:00:00 PM,10,NO CONTROLS,NO CONTROLS,UNKNOWN,"DARKNESS, LIGHTED ROAD",PARKED MOTOR VEHICLE,PARKING LOT,,STRAIGHT AND LEVEL,DRY,NO DEFECTS,NOT ON SCENE (DESK REPORT),NO INJURY / DRIVE AWAY,,,,"OVER $1,500",01/09/2025 04:30:00 PM,UNABLE TO DETERMINE,UNABLE TO DETERMINE,1901,W,MADISON ST,1223.0,,,,,,,2,NO INDICATION OF INJURY,0.0,0.0,0.0,0.0,0.0,1.0,0.0,21,4,1,41.881241457,-87.674282534,POINT (-87.674282533953 41.881241456803),2025-01-08 21:00:00
96a371be4f4f22dc7cde6366b025aa26f1badbe1a7ce8c6891c3450eb46d3e3bb8e6679e2fb3f47afad60cf6bc774df71c29637d0bb978a7860c8dedcad9253a,,01/08/2025 08:46:00 PM,10,NO CONTROLS,NO CONTROLS,CLEAR,"DARKNESS, LIGHTED ROAD",PARKED MOTOR VEHICLE,PARKING LOT,,STRAIGHT AND LEVEL,DRY,NO DEFECTS,NOT ON SCENE (DESK REPORT),NO INJURY / DRIVE AWAY,,,,$500 OR LESS,01/08/2025 08:49:00 PM,UNABLE TO DETERMINE,NOT APPLICABLE,1718,S,STATE ST,131.0,,Y,,,,,2,NO INDICATION OF INJURY,0.0,0.0,0.0,0.0,0.0,2.0,0.0,20,4,1,41.858372593,-87.627356171,POINT (-87.62735617097 41.858372592889),2025-01-08 20:46:00
94c9831f2e8e456e434e09f00e043dee03ce0e00e2da16638583a22118803d8859ed033e4c4e1198a8593138a17ee28b1813f8f539c3ff0d24e6ff2d591e6df2,,01/08/2025 08:45:00 PM,30,UNKNOWN,UNKNOWN,UNKNOWN,UNKNOWN,ANGLE,NOT DIVIDED,,STRAIGHT AND LEVEL,UNKNOWN,UNKNOWN,NOT ON SCENE (DESK REPORT),NO INJURY / DRIVE AWAY,,,Y,"OVER $1,500",01/09/2025 02:30:00 PM,UNABLE TO DETERMINE,UNABLE TO DETERMINE,5449,W,CHICAGO AVE,1524.0,,,,,,,2,NO INDICATION OF INJURY,0.0,0.0,0.0,0.0,0.0,2.0,0.0,20,4,1,41.894766099,-87.762549192,POINT (-87.762549191793 41.894766099084),2025-01-08 20:45:00
2bcd590b91ba3ef427eb5461d561830be1f755e11843eb668a092b32f8bf7632fd5da1967b3310bfe25c717b67d0cdd453ee789e71629b1217cc3733745a336a,,01/08/2025 08:34:00 PM,30,NO CONTROLS,NO CONTROLS,CLEAR,"DARKNESS, LIGHTED ROAD",PARKED MOTOR VEHICLE,NOT DIVIDED,,STRAIGHT AND LEVEL,DRY,NO DEFECTS,,INJURY AND / OR TOW DUE TO CRASH,,,Y,"$501 - $1,500",01/08/2025 08:34:00 PM,UNABLE TO DETERMINE,UNABLE TO DETERMINE,5331,W,BELMONT AVE,2514.0,,,,,,,2,NO INDICATION OF INJURY,0.0,0.0,0.0,0.0,0.0,1.0,0.0,20,4,1,41.938542467,-87.760401851,POINT (-87.760401851467 41.938542467465),2025-01-08 20:34:00
60acab7075ce28887bec474241f3597df35c9c029db8c3bcc00bdf5dc790d2953c21dfdab0f404b8203573845c6f22fd266a7bf35c5443b80132a793adf268f5,,01/08/2025 08:30:00 PM,30,TRAFFIC SIGNAL,FUNCTIONING PROPERLY,CLEAR,"DARKNESS, LIGHTED ROAD",PEDESTRIAN,"FIVE POINT, OR MORE",,STRAIGHT AND LEVEL,DRY,NO DEFECTS,NOT ON SCENE (DESK REPORT),INJURY AND / OR TOW DUE TO CRASH,Y,,,"OVER $1,500",01/10/2025 03:05:00 PM,FAILING TO YIELD RIGHT-OF-WAY,IMPROPER TURNING/NO SIGNAL,2799,N,DAMEN AVE,1931.0,,,,,,,2,INCAPACITATING INJURY,1.0,0.0,1.0,0.0,0.0,1.0,0.0,20,4,1,41.932160048,-87.677987087,POINT (-87.677987087117 41.932160047854),2025-01-08 20:30:00
7c2e7b83493386d90ba50fbed8f99f8abec9523a1b36d8e4885065fd8c8660218ecb7cd0b2ecde5c379706377dfeb86e8d0469470bc0c66849402c3542a2802b,,01/08/2025 08:12:00 PM,30,NO CONTROLS,NO CONTROLS,CLEAR,"DARKNESS, LIGHTED ROAD",TURNING,NOT DIVIDED,,STRAIGHT AND LEVEL,UNKNOWN,UNKNOWN,NOT ON SCENE (DESK REPORT),NO INJURY / DRIVE AWAY,,,,"OVER $1,500",01/09/2025 04:40:00 PM,DRIVING SKILLS/KNOWLEDGE/EXPERIENCE,NOT APPLICABLE,4117,W,47TH ST,815.0,,,,,,,2,NO INDICATION OF INJURY,0.0,0.0,0.0,0.0,0.0,2.0,0.0,20,4,1,41.807721115,-87.726825174,POINT (-87.726825173663 41.807721114996),2025-01-08 20:12:00
97615f5c4beb299374f69e6c7485380547859eec26dd5a598f7098ae300470cffd8a6a2aec16f528887c029aa7cc8f49e55cd20b182ca2ed2555b8f28be12ed5,,01/08/2025 08:11:00 PM,20,NO CONTROLS,NO CONTROLS,CLEAR,"DARKNESS, LIGHTED ROAD",REAR TO FRONT,NOT DIVIDED,,STRAIGHT AND LEVEL,DRY,NO DEFECTS,NOT ON SCENE (DESK REPORT),NO INJURY / DRIVE AWAY,,,,$500 OR LESS,01/08/2025 09:00:00 PM,UNABLE TO DETERMINE,UNABLE TO DETERMINE,4047,N,FRANCISCO AVE,1724.0,,,,,,,2,NO INDICATION OF INJURY,0.0,0.0,0.0,0.0,0.0,2.0,0.0,20,4,1,41.955348467,-87.700578911,POINT (-87.700578910886 41.955348466793),2025-01-08 20:11:00
2437c0ae86524b89568e3d49fc8c90a16fa2405a644d22e7fcf586b97973cefeecc22ea1cf9ee9ecd596870548d2aaacbc37af745a172d574bc7568bfd9fc175,,01/08/2025 08:05:00 PM,30,UNKNOWN,UNKNOWN,UNKNOWN,"DARKNESS, LIGHTED ROAD",ANGLE,ALLEY,,STRAIGHT AND LEVEL,UNKNOWN,UNKNOWN,NOT ON SCENE (DESK REPORT),NO INJURY / DRIVE AWAY,,,,"OVER $1,500",01/08/2025 08:40:00 PM,UNABLE TO DETERMINE,UNABLE TO DETERMINE,4342,N,ST LOUIS AVE,1723.0,,,,,,,2,NO INDICATION OF INJURY,0.0,0.0,0.0,0.0,0.0,2.0,0.0,20,4,1,41.960554216,-87.715716913,POINT (-87.715716913488 41.960554216191),2025-01-08 20:05:00
ee8497a9a0724c50a3255472d48eca459b0289c7c4a840fb79ac912668d9995a534ed92358709a58624acb8d9bda766c087c904670dbfa2b6932e2c7c9965104,,01/08/2025 07:56:00 PM,30,NO CONTROLS,NO CONTROLS,CLEAR,"DARKNESS, LIGHTED ROAD",REAR END,NOT DIVIDED,,STRAIGHT AND LEVEL,DRY,NO DEFECTS,ON SCENE,INJURY AND / OR TOW DUE TO CRASH,,,,"$501 - $1,500",01/08/2025 07:58:00 PM,UNABLE TO DETERMINE,NOT APPLICABLE,3947,N,LINCOLN AVE,1922.0,,,,,,,2,NONINCAPACITATING INJURY,1.0,0.0,0.0,1.0,0.0,1.0,0.0,19,4,1,41.953686472,-87.678263556,POINT (-87.678263555566 41.953686471869),2025-01-08 19:56:00
dd8b1e0d446eeb9a50ff847010f0090c8d4776e792fbb53bc42980c7869386242554ddd1e669383a58dc2b75ae91c7c9dac60849c488a4cd6d4f95f931d3a875,,01/08/2025 07:46:00 PM,15,UNKNOWN,NO CONTROLS,CLEAR,DARKNESS,ANGLE,ALLEY,,STRAIGHT AND LEVEL,DRY,UNKNOWN,ON SCENE,NO INJURY / DRIVE AWAY,,,Y,"$501 - $1,500",01/08/2025 08:43:00 PM,UNABLE TO DETERMINE,UNABLE TO DETERMINE,2563,W,MONTROSE AVE,1911.0,,,,,,,2,NO INDICATION OF INJURY,0.0,0.0,0.0,0.0,0.0,2.0,0.0,19,4,1,41.961170983,-87.693627697,POINT (-87.693627696639 41.961170983361),2025-01-08 19:46:00
2451ab54f067cbb3bcdd46a7ef67fb1dabad2f6ccdd66750cfff4e654cf1223785484633dda2211b1381100e777078a6d8253876f93796851aadf93d4962ab67,,01/08/2025 07:30:00 PM,30,STOP SIGN/FLASHER,FUNCTIONING PROPERLY,CLEAR,DARKNESS,SIDESWIPE SAME DIRECTION,DIVIDED - W/MEDIAN BARRIER,,STRAIGHT AND LEVEL,DRY,NO DEFECTS,NOT ON SCENE (DESK REPORT),NO INJURY / DRIVE AWAY,,,Y,$500 OR LESS,01/10/2025 11:00:00 AM,UNABLE TO DETERMINE,NOT APPLICABLE,733,S,ASHLAND AVE,1231.0,,,,,,,2,NO INDICATION OF INJURY,0.0,0.0,0.0,0.0,0.0,2.0,0.0,19,4,1,41.871923407,-87.666393953,POINT (-87.666393952679 41.87192340661),2025-01-08 19:30:00
132ee5dd559836779989821dbb4d40e8cbde7fbf7316a894710779ff48926593172890700caeaff8b4190148d5ae1c911d9b85797cf9789bfeb4a3acb2f5600d,Y,01/08/2025 07:10:00 PM,30,NO CONTROLS,NO CONTROLS,CLEAR,"DARKNESS, LIGHTED ROAD",PEDALCYCLIST,T-INTERSECTION,,"CURVE, LEVEL",DRY,NO DEFECTS,NOT ON SCENE (DESK REPORT),INJURY AND / OR TOW DUE TO CRASH,Y,,Y,"$501 - $1,500",01/09/2025 04:56:00 PM,IMPROPER LANE USAGE,UNABLE TO DETERMINE,1850,S,SACRAMENTO DR,1022.0,,,,,,,2,NONINCAPACITATING INJURY,1.0,0.0,0.0,1.0,0.0,1.0,0.0,19,4,1,41.856226205,-87.700249276,POINT (-87.700249276243 41.856226204933),2025-01-08 19:10:00
787126535797ca67a5f7a268d3674870175f3adfa15d6f97de51022e6531af15ce26cfef06ee782732bd607f395cdd680ec4d1efa4b16d420e83d3feb04c3108,,01/08/2025 07:09:00 PM,30,NO CONTROLS,NO CONTROLS,CLEAR,"DARKNESS, LIGHTED ROAD",SIDESWIPE SAME DIRECTION,NOT DIVIDED,,STRAIGHT AND LEVEL,DRY,NO DEFECTS,NOT ON SCENE (DESK REPORT),NO INJURY / DRIVE AWAY,,,Y,"OVER $1,500",01/08/2025 07:50:00 PM,IMPROPER OVERTAKING/PASSING,UNABLE TO DETERMINE,5340,S,KEDZIE AVE,822.0,,,,,,,2,NO INDICATION OF INJURY,0.0,0.0,0.0,0.0,0.0,4.0,0.0,19,4,1,41.795911941,-87.703771904,POINT (-87.703771904237 41.795911940619),2025-01-08 19:09:00
2b5f2e23a759f3453b02ff40a9a5821076b8512ab33a43298534be6ecec1119e350e31f6e368233631a6ca075f6dd6138e4f67516c925c8af61200a5336fc7cc,,01/08/2025 07:00:00 PM,25,NO CONTROLS,NO CONTROLS,CLEAR,"DARKNESS, LIGHTED ROAD",PARKED MOTOR VEHICLE,UNKNOWN,,STRAIGHT AND LEVEL,DRY,NO DEFECTS,ON SCENE,NO INJURY / DRIVE AWAY,,,,"OVER $1,500",01/08/2025 07:05:00 PM,UNABLE TO DETERMINE,UNABLE TO DETERMINE,660,E,51ST ST,223.0,,,,,,,2,NO INDICATION OF INJURY,0.0,0.0,0.0,0.0,0.0,1.0,0.0,19,4,1,41.80231581,-87.608964853,POINT (-87.608964852554 41.802315810274),2025-01-08 19:00:00
9c07505d6cec754093a0606069230fffef52cadf40f97f4eadec56ec489a53f37ac7dcbef9c8d831cdb2e27f39fd956a0248b9319ded273f6d6247cd557c200d,,01/08/2025 07:00:00 PM,25,NO CONTROLS,NO CONTROLS,CLEAR,"DARKNESS, LIGHTED ROAD",PARKED MOTOR VEHICLE,ALLEY,,STRAIGHT AND LEVEL,DRY,NO DEFECTS,NOT ON SCENE (DESK REPORT),NO INJURY / DRIVE AWAY,,,Y,"OVER $1,500",01/08/2025 08:00:00 PM,NOT APPLICABLE,NOT APPLICABLE,4700,W,RACE AVE,1111.0,,,,,,,2,NO INDICATION OF INJURY,0.0,0.0,0.0,0.0,0.0,1.0,0.0,19,4,1,41.890621761,-87.743315149,POINT (-87.743315149371 41.890621760596),2025-01-08 19:00:00
faaabb2c2fabf4d8de31817c1ecb06dd67914f59c92edce915f3b0db32d1a7833456616b3c219790741faff958032f15b84c95f888249ea9f829aacfeaf4caee,,01/08/2025 06:54:00 PM,25,NO CONTROLS,NO CONTROLS,CLEAR,"DARKNESS, LIGHTED ROAD",REAR END,PARKING LOT,,STRAIGHT AND LEVEL,DRY,NO DEFECTS,ON SCENE,NO INJURY / DRIVE AWAY,,,,$500 OR LESS,01/08/2025 06:55:00 PM,UNABLE TO DETERMINE,NOT APPLICABLE,10900,S,DOTY AVE E,513.0,,,,,,,2,NO INDICATION OF INJURY,0.0,0.0,0.0,0.0,0.0,2.0,0.0,18,4,1,41.696232528,-87.595806197,POINT (-87.59580619714 41.696232527674),2025-01-08 18:54:00
fef5c48b807bbf0da39ed00ff738fe1cedbba6cd67e1c42d755bba5745a98bd9efe8e85e616c7a665d138f82281d3658a25676ec5a1ba87a34122465582880d8,,01/08/2025 06:49:00 PM,30,NO CONTROLS,NO CONTROLS,CLEAR,DARKNESS,TURNING,NOT DIVIDED,,STRAIGHT AND LEVEL,DRY,UNKNOWN,ON SCENE,INJURY AND / OR TOW DUE TO CRASH,,,,"OVER $1,500",01/08/2025 07:21:00 PM,UNABLE TO DETERMINE,NOT APPLICABLE,3720,W,55TH ST,822.0,,,,,,,2,NONINCAPACITATING INJURY,1.0,0.0,0.0,1.0,0.0,2.0,0.0,18,4,1,41.79340814,-87.716720673,POINT (-87.716720672919 41.79340813983),2025-01-08 18:49:00
4ba0588963ec89d9ebca837b67e0b0367c7968988b831fbb3893e8ff4bf50d83659aded537a9b1bb6ea8f707b3206c4a1b5d37398fada8ab312f550f651723d8,,01/08/2025 06:30:00 PM,30,TRAFFIC SIGNAL,UNKNOWN,UNKNOWN,DARKNESS,SIDESWIPE SAME DIRECTION,DIVIDED - W/MEDIAN BARRIER,,STRAIGHT AND LEVEL,UNKNOWN,UNKNOWN,NOT ON SCENE (DESK REPORT),NO INJURY / DRIVE AWAY,,,Y,"OVER $1,500",01/08/2025 07:10:00 PM,UNABLE TO DETERMINE,NOT APPLICABLE,830,W,87TH ST,613.0,,,,,,,3,NO INDICATION OF INJURY,0.0,0.0,0.0,0.0,0.0,3.0,0.0,18,4,1,41.736163542,-87.645022767,POINT (-87.645022766818 41.736163541769),2025-01-08 18:30:00
cd0715897c8892e35a46bdc5f91e5fe483a024e9179d4d31a706a19b24fd11beae4ca3769dd2feb07c648f47953aca297aa83fa99a9f3aeaea1bf19cef9b8477,Y,01/08/2025 06:30:00 PM,30,NO CONTROLS,NO CONTROLS,CLEAR,"DARKNESS, LIGHTED ROAD",TURNING,NOT DIVIDED,,STRAIGHT AND LEVEL,DRY,NO DEFECTS,NOT ON SCENE (DESK REPORT),NO INJURY / DRIVE AWAY,,,,"OVER $1,500",01/09/2025 11:00:00 AM,UNABLE TO DETERMINE,UNABLE TO DETERMINE,9505,S,STONY ISLAND AVE,431.0,Y,Y,,,,,2,NO INDICATION OF INJURY,0.0,0.0,0.0,0.0,0.0,2.0,0.0,18,4,1,41.722114144,-87.584954525,POINT (-87.584954524679 41.722114144277),2025-01-08 18:30:00
f400a8b98cd3b3a89f2ce840986de5335853b1dcb3b4efbd8d5bf3587d23681d9e72271c5be0852843dcd24c2de9899175b6bd1dd223a7e255cfdaae29173be6,,01/08/2025 06:15:00 PM,30,NO CONTROLS,NO CONTROLS,CLEAR,"DARKNESS, LIGHTED ROAD",PARKED MOTOR VEHICLE,NOT DIVIDED,,STRAIGHT AND LEVEL,ICE,NO DEFECTS,NOT ON SCENE (DESK REPORT),NO INJURY / DRIVE AWAY,,,,"OVER $1,500",01/08/2025 07:15:00 PM,WEATHER,NOT APPLICABLE,7355,S,MOZART ST,835.0,,,,,,,2,NO INDICATION OF INJURY,0.0,0.0,0.0,0.0,0.0,1.0,0.0,18,4,1,41.759291626,-87.693961326,POINT (-87.693961325651 41.759291626342),2025-01-08 18:15:00
f49b0ab3724e95e2644e067f77b25fbdb356b34ffc4a6d016ee8864192a1750dfd6ee7544316f6eaacc27b5f09e3243c00e17e80790a0a76ddd381d7ed7f75e8,,01/08/2025 06:15:00 PM,30,NO CONTROLS,NO CONTROLS,CLOUDY/OVERCAST,"DARKNESS, LIGHTED ROAD",REAR END,DIVIDED - W/MEDIAN (NOT RAISED),,STRAIGHT AND LEVEL,DRY,NO DEFECTS,NOT ON SCENE (DESK REPORT),INJURY AND / OR TOW DUE TO CRASH,,,,"OVER $1,500",01/08/2025 06:55:00 PM,FOLLOWING TOO CLOSELY,UNABLE TO DETERMINE,1550,E,79TH ST,411.0,,,,,,,2,"REPORTED, NOT EVIDENT",1.0,0.0,0.0,0.0,1.0,1.0,0.0,18,4,1,41.751603226,-87.586565425,POINT (-87.58656542529 41.751603225932),2025-01-08 18:15:00
53d6691c3fd728197dfcd51fda5532bae4a236fd500af6d6f822c307426899a6de1c74d0605f57c23033e1c6e20a95e7c7728bd5f470f7d4e1aadb492e75f79f,,01/08/2025 06:10:00 PM,30,TRAFFIC SIGNAL,FUNCTIONING PROPERLY,CLEAR,DARKNESS,SIDESWIPE SAME DIRECTION,DIVIDED - W/MEDIAN (NOT RAISED),,STRAIGHT AND LEVEL,DRY,NO DEFECTS,NOT ON SCENE (DESK REPORT),NO INJURY / DRIVE AWAY,,,Y,"OVER $1,500",01/08/2025 06:30:00 PM,IMPROPER OVERTAKING/PASSING,NOT APPLICABLE,2200,S,ASHLAND AVE,1034.0,,,,,,,2,NO INDICATION OF INJURY,0.0,0.0,0.0,0.0,0.0,2.0,0.0,18,4,1,41.852217997,-87.666170162,POINT (-87.666170161509 41.852217996528),2025-01-08 18:10:00
465f0aee7eb4e022399acf1ec8b7659c0b0499cd6dc6c7481d174fc0aec42c6e4be75568423939dc858d576ab276237d2861f7147d27443879c1c5ce2af4f884,,01/08/2025 06:06:00 PM,35,NO CONTROLS,NO CONTROLS,CLEAR,DARKNESS,SIDESWIPE SAME DIRECTION,NOT DIVIDED,,STRAIGHT AND LEVEL,DRY,NO DEFECTS,ON SCENE,INJURY AND / OR TOW DUE TO CRASH,,,Y,"OVER $1,500",01/08/2025 06:21:00 PM,UNABLE TO DETERMINE,UNABLE TO DETERMINE,2343,W,ROOSEVELT RD,1233.0,,,,,,,3,NO INDICATION OF INJURY,0.0,0.0,0.0,0.0,0.0,2.0,0.0,18,4,1,41.866512075,-87.685361918,POINT (-87.685361917975 41.866512074573),2025-01-08 18:06:00