CRASH_RECORD_ID,CRASH_DATE_EST_I,CRASH_DATE,POSTED_SPEED_LIMIT,TRAFFIC_CONTROL_DEVICE,DEVICE_CONDITION,WEATHER_CONDITION,LIGHTING_CONDITION,FIRST_CRASH_TYPE,TRAFFICWAY_TYPE,LANE_CNT,ALIGNMENT,ROADWAY_SURFACE_COND,ROAD_DEFECT,REPORT_TYPE,CRASH_TYPE,INTERSECTION_RELATED_I,NOT_RIGHT_OF_WAY_I,HIT_AND_RUN_I,DAMAGE,DATE_POLICE_NOTIFIED,PRIM_CONTRIBUTORY_CAUSE,SEC_CONTRIBUTORY_CAUSE,STREET_NO,STREET_DIRECTION,STREET_NAME,BEAT_OF_OCCURRENCE,PHOTOS_TAKEN_I,STATEMENTS_TAKEN_I,DOORING_I,WORK_ZONE_I,WORK_ZONE_TYPE,WORKERS_PRESENT_I,NUM_UNITS,MOST_SEVERE_INJURY,INJURIES_TOTAL,INJURIES_FATAL,INJURIES_INCAPACITATING,INJURIES_NON_INCAPACITATING,INJURIES_REPORTED_NOT_EVIDENT,INJURIES_NO_INDICATION,INJURIES_UNKNOWN,CRASH_HOUR,CRASH_DAY_OF_WEEK,CRASH_MONTH,LATITUDE,LONGITUDE,LOCATION,timestamp
ff2017cc33b7debc0c64faa475ee2525f1fad5fd3f13495bb7f7a83437d33fb3d1d4a1202236e1bb69effb2523245fc1c64333ac93155c4e19314a7208b25cd4,,01/08/2025 06:06:00 PM,30,NO CONTROLS,NO CONTROLS,CLEAR,"DARKNESS, LIGHTED ROAD",TURNING,NOT DIVIDED,,STRAIGHT AND LEVEL,WET,NO DEFECTS,ON SCENE,INJURY AND / OR TOW DUE TO CRASH,,,,"OVER $1,500",01/08/2025 06:06:00 PM,IMPROPER TURNING/NO SIGNAL,NOT APPLICABLE,5136,N,ELSTON AVE,1623.0,,,,,,,2,NONINCAPACITATING INJURY,2.0,0.0,0.0,1.0,1.0,1.0,0.0,18,4,1,41.974305485,-87.750446202,POINT (-87.750446202124 41.974305485413),2025-01-08 18:06:00
7e50b9c16083b9bcb6e47ccad09c9fc95abc7694f68998f935b0f78967819f0984ac8e4cd54ed29b17949ff21678fb0822cc024e2bdf0b5bdcfb83e720015eb8,,01/08/2025 06:02:00 PM,30,NO CONTROLS,NO CONTROLS,CLEAR,DARKNESS,SIDESWIPE SAME DIRECTION,DIVIDED - W/MEDIAN (NOT RAISED),,STRAIGHT AND LEVEL,DRY,UNKNOWN,NOT ON SCENE (DESK REPORT),NO INJURY / DRIVE AWAY,,,Y,"OVER $1,500",01/08/2025 06:50:00 PM,UNABLE TO DETERMINE,UNABLE TO DETERMINE,346,S,PULASKI RD,1132.0,,,,,,,2,NO INDICATION OF INJURY,0.0,0.0,0.0,0.0,0.0,2.0,0.0,18,4,1,41.875688749,-87.725645861,POINT (-87.725645860655 41.875688749341),2025-01-08 18:02:00
1265cf88a92ac35c39b7607c6cc983dbf88dbabc8123c8ae72b8910292c6c0dc13bf910a1ff340db0e087d1b2a7443bbb65bc3aaf2d66537f49bc5f0ea884df5,,01/08/2025 06:01:00 PM,30,STOP SIGN/FLASHER,FUNCTIONING PROPERLY,CLEAR,"DARKNESS, LIGHTED ROAD",ANGLE,FOUR WAY,,STRAIGHT AND LEVEL,DRY,NO DEFECTS,ON SCENE,INJURY AND / OR TOW DUE TO CRASH,Y,,,"OVER $1,500",01/08/2025 06:03:00 PM,FAILING TO YIELD RIGHT-OF-WAY,FAILING TO YIELD RIGHT-OF-WAY,6256,W,BELMONT AVE,1633.0,,,,,,,2,NONINCAPACITATING INJURY,1.0,0.0,0.0,1.0,0.0,2.0,0.0,18,4,1,41.938466408,-87.78331099,POINT (-87.783310990113 41.938466408088),2025-01-08 18:01:00
05f4a4ee398099aee6fd47a78e2c590084ff629f48a6a39422fc9d2b8fbfb57f90c4a2599df33c7e3adc5e4f5d5a518a1eeb0833f11839cdea258772022a03d4,,01/08/2025 06:00:00 PM,30,STOP SIGN/FLASHER,FUNCTIONING PROPERLY,CLEAR,"DARKNESS, LIGHTED ROAD",REAR TO FRONT,NOT DIVIDED,,STRAIGHT AND LEVEL,DRY,NO DEFECTS,NOT ON SCENE (DESK REPORT),NO INJURY / DRIVE AWAY,,,Y,"OVER $1,500",01/08/2025 07:25:00 PM,IMPROPER BACKING,NOT APPLICABLE,5307,S,BLACKSTONE AVE,234.0,,,,,,,2,NO INDICATION OF INJURY,0.0,0.0,0.0,0.0,0.0,2.0,0.0,18,4,1,41.799275588,-87.590282688,POINT (-87.590282687935 41.799275588273),2025-01-08 18:00:00
648d2771f5ab3495a3d2609e918706e5afa35cf3ddb18b858ac01bd306f368cfeb53cf0b58bf2f8b4cb71f3701425f02dcf18b180842a98db4c9beccb118d262,,01/08/2025 05:59:00 PM,30,NO CONTROLS,NO CONTROLS,CLEAR,"DARKNESS, LIGHTED ROAD",PARKED MOTOR VEHICLE,NOT DIVIDED,,STRAIGHT AND LEVEL,DRY,NO DEFECTS,ON SCENE,NO INJURY / DRIVE AWAY,,,Y,"OVER $1,500",01/08/2025 06:36:00 PM,DRIVING SKILLS/KNOWLEDGE/EXPERIENCE,NOT APPLICABLE,6220,N,CALIFORNIA AVE,2413.0,,,,,,,2,NO INDICATION OF INJURY,0.0,0.0,0.0,0.0,0.0,1.0,0.0,17,4,1,41.994620959,-87.699686862,POINT (-87.699686862371 41.994620958775),2025-01-08 17:59:00
dd8ebe26aea18cc10e0fefcddb15dd7f3dd4caa02af4d0f964ad6505f6cb479b2f33b83a76f50ed8ceb81a7e1076e7d72fd6a0805de92bc24e807d446b85ab02,,01/08/2025 05:58:00 PM,30,TRAFFIC SIGNAL,FUNCTIONING PROPERLY,CLEAR,"DARKNESS, LIGHTED ROAD",REAR END,FOUR WAY,,STRAIGHT AND LEVEL,DRY,NO DEFECTS,ON SCENE,INJURY AND / OR TOW DUE TO CRASH,Y,,,"OVER $1,500",01/08/2025 05:58:00 PM,FOLLOWING TOO CLOSELY,FOLLOWING TOO CLOSELY,3518,W,DIVISION ST,1422.0,N,,,,,,2,"REPORTED, NOT EVIDENT",1.0,0.0,0.0,0.0,1.0,2.0,0.0,17,4,1,41.902878854,-87.714691521,POINT (-87.714691520947 41.902878854349),2025-01-08 17:58:00
9863816fb40011f56e4dee45a32bc0466ab5e60179027e0fa3f2368f4a77a3d18edf1f86a389ea5eaebb7aa1d0e779cba1f11b85c18b883fc87a800e916c8d98,,01/08/2025 05:57:00 PM,30,TRAFFIC SIGNAL,FUNCTIONING PROPERLY,CLEAR,"DARKNESS, LIGHTED ROAD",REAR END,NOT DIVIDED,,STRAIGHT AND LEVEL,UNKNOWN,UNKNOWN,NOT ON SCENE (DESK REPORT),NO INJURY / DRIVE AWAY,,,,"OVER $1,500",01/08/2025 10:04:00 PM,UNABLE TO DETERMINE,UNABLE TO DETERMINE,3533,N,WESTERN AVE,1921.0,,,,,,,2,NO INDICATION OF INJURY,0.0,0.0,0.0,0.0,0.0,2.0,0.0,17,4,1,41.945912105,-87.688088033,POINT (-87.688088033175 41.945912105463),2025-01-08 17:57:00
d743496e49077c7b40ddaedc99061989b512cd6d88ad7fa124a8f96db43a8f68539b984360840cbc872684017b7e1db1ee94f52fe3d3eb9bac9f0e8fc1dc4361,,01/08/2025 05:50:00 PM,30,NO CONTROLS,NO CONTROLS,CLEAR,"DARKNESS, LIGHTED ROAD",REAR END,DIVIDED - W/MEDIAN (NOT RAISED),,STRAIGHT AND LEVEL,DRY,NO DEFECTS,NOT ON SCENE (DESK REPORT),NO INJURY / DRIVE AWAY,,,,"OVER $1,500",01/08/2025 06:00:00 PM,FOLLOWING TOO CLOSELY,NOT APPLICABLE,7000,S,COTTAGE GROVE AVE,321.0,,,,,,,2,NO INDICATION OF INJURY,0.0,0.0,0.0,0.0,0.0,2.0,0.0,17,4,1,41.767494463,-87.605785547,POINT (-87.60578554696 41.767494463388),2025-01-08 17:50:00
db8d0a49d40ac2b0970409cf9d2b8e0ecb45dd1e8c54a3ef0454209221dffd04d2e25e5a2e045bd5b93ab0847c0dc4ea4bad516ebd7fcc70bd787cdea0c9b25b,,01/08/2025 05:50:00 PM,30,TRAFFIC SIGNAL,FUNCTIONING PROPERLY,CLEAR,"DARKNESS, LIGHTED ROAD",TURNING,FOUR WAY,,STRAIGHT AND LEVEL,DRY,NO DEFECTS,ON SCENE,NO INJURY / DRIVE AWAY,Y,,,"$501 - $1,500",01/08/2025 05:51:00 PM,FOLLOWING TOO CLOSELY,NOT APPLICABLE,13000,S,TORRENCE AVE,434.0,,Y,,,,,2,NO INDICATION OF INJURY,0.0,0.0,0.0,0.0,0.0,2.0,0.0,17,4,1,41.65912619,-87.559432742,POINT (-87.559432741943 41.659126189932),2025-01-08 17:50:00
b143b89cac5f57c2ecb006f55fad3f4bd665ff693f8538c67f01499da64df06f3f33dff04d65e90f4579b00967fd755ae051e6392fb16b43efb0798c778ca000,,01/08/2025 05:48:00 PM,30,NO CONTROLS,NO CONTROLS,CLEAR,DUSK,ANGLE,FOUR WAY,,STRAIGHT AND LEVEL,DRY,NO DEFECTS,ON SCENE,INJURY AND / OR TOW DUE TO CRASH,Y,N,,"OVER $1,500",01/08/2025 05:48:00 PM,FAILING TO YIELD RIGHT-OF-WAY,NOT APPLICABLE,7301,W,DEVON AVE,1612.0,,Y,,,,,3,NONINCAPACITATING INJURY,1.0,0.0,0.0,1.0,0.0,2.0,0.0,17,4,1,41.997014586,-87.810413482,POINT (-87.810413481578 41.997014586114),2025-01-08 17:48:00
bedfcdbb02c107d1b21029365bbebd7186d716970b50aa16e590be701f19b0c75a58503ca41c5f8b667906b52ef86211ae4f357758b2b0fff3353b3a8191621a,,01/08/2025 05:45:00 PM,25,TRAFFIC SIGNAL,NOT FUNCTIONING,UNKNOWN,UNKNOWN,TURNING,FOUR WAY,,STRAIGHT AND LEVEL,UNKNOWN,UNKNOWN,NOT ON SCENE (DESK REPORT),NO INJURY / DRIVE AWAY,Y,,,"OVER $1,500",01/08/2025 06:30:00 PM,UNABLE TO DETERMINE,UNABLE TO DETERMINE,5405,W,ADDISON ST,1633.0,,,,,,,2,NO INDICATION OF INJURY,0.0,0.0,0.0,0.0,0.0,3.0,0.0,17,4,1,41.945827047,-87.762051905,POINT (-87.762051905388 41.94582704749),2025-01-08 17:45:00
57002acfb8b8edaf497d15d2a5ac6b7e1e1f472a6a09cbe7068c3f4b953c046d61d3f0a6739257713c4a440359e2f6d79de175e05c16ab4540964dcb46e8e501,,01/08/2025 05:41:00 PM,25,NO CONTROLS,NO CONTROLS,CLOUDY/OVERCAST,DAWN,SIDESWIPE OPPOSITE DIRECTION,CENTER TURN LANE,,STRAIGHT AND LEVEL,UNKNOWN,UNKNOWN,,NO INJURY / DRIVE AWAY,,,,"OVER $1,500",01/08/2025 05:43:00 PM,UNABLE TO DETERMINE,NOT APPLICABLE,2800,N,GREENVIEW AVE,1932.0,,,,,,,2,NO INDICATION OF INJURY,0.0,0.0,0.0,0.0,0.0,2.0,0.0,17,4,1,41.932484185,-87.666133285,POINT (-87.666133285135 41.932484185081),2025-01-08 17:41:00
a56d440baef9c6fff3ea0ee11ae9dfc39576908ab2e4ba030d3a8d6640cab98548144e2a61a50786d0c65e9bbd5d9c84bf62d8fbf84ec58a9d2c64d3f2c75d8b,,01/08/2025 05:32:00 PM,45,NO CONTROLS,NO CONTROLS,UNKNOWN,DARKNESS,REAR END,DIVIDED - W/MEDIAN BARRIER,,STRAIGHT AND LEVEL,UNKNOWN,UNKNOWN,NOT ON SCENE (DESK REPORT),NO INJURY / DRIVE AWAY,,,,"OVER $1,500",01/08/2025 07:00:00 PM,UNABLE TO DETERMINE,UNABLE TO DETERMINE,1603,N,LAKE SHORE DR NB,1814.0,,,,,,,2,NO INDICATION OF INJURY,0.0,0.0,0.0,0.0,0.0,2.0,0.0,17,4,1,41.911363896,-87.625585105,POINT (-87.625585104709 41.911363895701),2025-01-08 17:32:00
0d711e82a84cbb90fdfe8be75122e07ffdc282bcb92e9dbd5d3a043dd0d53985c18fb0d4ff6bf071b4d535cfd59151f4b875fdf49b41b712f5246475a1f0aa12,,01/08/2025 05:30:00 PM,25,STOP SIGN/FLASHER,FUNCTIONING PROPERLY,CLEAR,DUSK,ANGLE,NOT DIVIDED,,STRAIGHT AND LEVEL,DRY,NO DEFECTS,NOT ON SCENE (DESK REPORT),NO INJURY / DRIVE AWAY,,,,"OVER $1,500",01/08/2025 06:00:00 PM,FAILING TO YIELD RIGHT-OF-WAY,UNABLE TO DETERMINE,1900,S,CALIFORNIA AVE,1022.0,,,,,,,2,NO INDICATION OF INJURY,0.0,0.0,0.0,0.0,0.0,4.0,0.0,17,4,1,41.855533524,-87.695714955,POINT (-87.695714954669 41.855533523924),2025-01-08 17:30:00
243ea39ac814a429fd67905675149c0c54d48258a87c04990ad37f788f8647a4413424e8a6a9a4f57f9325053f310c462f8a6edd809907e0df1598391f866278,,01/08/2025 05:30:00 PM,30,TRAFFIC SIGNAL,FUNCTIONING PROPERLY,CLEAR,"DARKNESS, LIGHTED ROAD",REAR END,FOUR WAY,,STRAIGHT AND LEVEL,DRY,NO DEFECTS,ON SCENE,NO INJURY / DRIVE AWAY,,,,"OVER $1,500",01/09/2025 04:00:00 PM,UNABLE TO DETERMINE,UNABLE TO DETERMINE,11900,S,HALSTED ST,524.0,,,,,,,2,NO INDICATION OF INJURY,0.0,0.0,0.0,0.0,0.0,2.0,0.0,17,4,1,41.677720829,-87.642051845,POINT (-87.642051844982 41.677720829248),2025-01-08 17:30:00
2da930b5b9402530dab0a0e998665a0482877c5971f1b7b4f954ab8c6d45d99d3f8eba218635e2ce7d194cc3e6fb7b4d5903b61fbc67159db15d20f40a0f4e45,Y,01/08/2025 05:30:00 PM,15,NO CONTROLS,NO CONTROLS,UNKNOWN,UNKNOWN,PARKED MOTOR VEHICLE,ONE-WAY,,STRAIGHT AND LEVEL,UNKNOWN,NO DEFECTS,NOT ON SCENE (DESK REPORT),NO INJURY / DRIVE AWAY,,,Y,"OVER $1,500",01/08/2025 05:31:00 PM,UNABLE TO DETERMINE,NOT APPLICABLE,5502,S,KEELER AVE,813.0,,,,,,,2,NO INDICATION OF INJURY,0.0,0.0,0.0,0.0,0.0,1.0,0.0,17,4,1,41.793009961,-87.728203411,POINT (-87.728203411034 41.793009961453),2025-01-08 17:30:00
8a66374727a7cc23b4adb0e1b155af633aa22b32b7f03118c150e70687e297d03ce7e5352d8d969f75f3823e7e9c23e7f2d252f81ac5f6bb83e5216f362aba35,,01/08/2025 05:30:00 PM,30,STOP SIGN/FLASHER,FUNCTIONING PROPERLY,CLEAR,"DARKNESS, LIGHTED ROAD",ANGLE,FOUR WAY,,STRAIGHT AND LEVEL,UNKNOWN,NO DEFECTS,NOT ON SCENE (DESK REPORT),INJURY AND / OR TOW DUE TO CRASH,Y,,,"OVER $1,500",01/08/2025 06:08:00 PM,FAILING TO YIELD RIGHT-OF-WAY,NOT APPLICABLE,3758,W,55TH ST,822.0,,,,,,,2,NO INDICATION OF INJURY,0.0,0.0,0.0,0.0,0.0,2.0,0.0,17,4,1,41.79338625,-87.718201173,POINT (-87.718201172876 41.793386250325),2025-01-08 17:30:00
b3a8db5e5625c0ea165d96d85f64883acea5eead255e5d710f649dc834bec5f74651dd837f39210eea321b94af8f56bf8317aee14d3f82e0771302a2fb0a4c9b,,01/08/2025 05:30:00 PM,30,NO CONTROLS,NO CONTROLS,CLEAR,"DARKNESS, LIGHTED ROAD",PEDALCYCLIST,NOT DIVIDED,,STRAIGHT AND LEVEL,DRY,UNKNOWN,ON SCENE,INJURY AND / OR TOW DUE TO CRASH,,,Y,$500 OR LESS,01/08/2025 05:30:00 PM,UNABLE TO DETERMINE,NOT APPLICABLE,2004,W,LELAND AVE,1911.0,,,,,,,2,NONINCAPACITATING INJURY,1.0,0.0,0.0,1.0,0.0,1.0,0.0,17,4,1,41.967025267,-87.679378247,POINT (-87.679378246966 41.96702526668),2025-01-08 17:30:00
63ff12169a73899c73165503992053b21fc3632e474df0f08974c7f0c02d3a4758b300b88b24e6c3568979e776deefa7c44626ad1d4136d6418098af8d2f288f,,01/08/2025 05:28:00 PM,30,TRAFFIC SIGNAL,FUNCTIONING PROPERLY,CLEAR,"DARKNESS, LIGHTED ROAD",PARKED MOTOR VEHICLE,OTHER,,STRAIGHT AND LEVEL,UNKNOWN,UNKNOWN,ON SCENE,NO INJURY / DRIVE AWAY,,,,"OVER $1,500",01/08/2025 05:47:00 PM,EQUIPMENT - VEHICLE CONDITION,FOLLOWING TOO CLOSELY,752,W,69TH ST,723.0,,,,,,,2,NO INDICATION OF INJURY,0.0,0.0,0.0,0.0,0.0,1.0,0.0,17,4,1,41.768958969,-87.643811858,POINT (-87.643811857935 41.768958968665),2025-01-08 17:28:00
783e94aefdfbabe8c8e53068e8f6cfe8fc9b2fa73db32f87bc18d875f2e7401ea45a503959f4d1f1d03a76c220f0e2a881412a18f04e34aeda2896a6f90ba2a6,,01/08/2025 05:25:00 PM,30,TRAFFIC SIGNAL,FUNCTIONING PROPERLY,CLEAR,DAYLIGHT,TURNING,OTHER,,STRAIGHT AND LEVEL,DRY,NO DEFECTS,NOT ON SCENE (DESK REPORT),NO INJURY / DRIVE AWAY,Y,,,"OVER $1,500",01/08/2025 06:20:00 PM,UNABLE TO DETERMINE,NOT APPLICABLE,248,W,GARFIELD BLVD,935.0,,,,,,,2,NO INDICATION OF INJURY,0.0,0.0,0.0,0.0,0.0,2.0,0.0,17,4,1,41.794634587,-87.632519766,POINT (-87.632519766344 41.79463458744),2025-01-08 17:25:00
61708a2cb377b9bbe572c3245ca717f39b712d3c0b20fce6dd155926eea628f683d0e173b4b0a2e21dd364b913e0531fcd6622bb2d5eb4c2b58f8ee86f501be8,,01/08/2025 05:20:00 PM,30,NO CONTROLS,NO CONTROLS,CLEAR,"DARKNESS, LIGHTED ROAD",REAR END,NOT DIVIDED,,STRAIGHT AND LEVEL,DRY,NO DEFECTS,ON SCENE,INJURY AND / OR TOW DUE TO CRASH,,,,"OVER $1,500",01/08/2025 05:20:00 PM,FAILING TO REDUCE SPEED TO AVOID CRASH,CELL PHONE USE OTHER THAN TEXTING,2300,W,83RD ST,614.0,,Y,,,,,2,NO INDICATION OF INJURY,0.0,0.0,0.0,0.0,0.0,3.0,0.0,17,4,1,41.742958369,-87.68028622,POINT (-87.680286219575 41.742958369118),2025-01-08 17:20:00
abf3c4dc1aa068c722bcc4367d50b019bb71ed0048a45281ff1e509c2b0c0d40f643b1ccd84408d2a1fb3df96468bba4dca02e02b664d59e949bfdf924443283,,01/08/2025 05:20:00 PM,30,TRAFFIC SIGNAL,FUNCTIONING PROPERLY,CLEAR,DAYLIGHT,ANIMAL,NOT DIVIDED,,STRAIGHT AND LEVEL,DRY,NO DEFECTS,NOT ON SCENE (DESK REPORT),NO INJURY / DRIVE AWAY,Y,,,"OVER $1,500",01/08/2025 05:50:00 PM,UNABLE TO DETERMINE,NOT APPLICABLE,6239,N,MC CLELLAN AVE,1621.0,,,,,,,1,NO INDICATION OF INJURY,0.0,0.0,0.0,0.0,0.0,1.0,0.0,17,4,1,41.995357837,-87.770717006,POINT (-87.770717005635 41.9953578372),2025-01-08 17:20:00
bb810ffc2363d3758a66f3e0a27658ea290344145a877275858b769d253a45cf8a498baee50c17ac0464b74996f68db5e47a05ad5263c9fea51970e0c39e1d71,,01/08/2025 05:20:00 PM,30,NO CONTROLS,NO CONTROLS,CLEAR,DARKNESS,ANGLE,OTHER,,STRAIGHT AND LEVEL,DRY,NO DEFECTS,NOT ON SCENE (DESK REPORT),NO INJURY / DRIVE AWAY,,,Y,"OVER $1,500",01/08/2025 06:20:00 PM,NOT APPLICABLE,NOT APPLICABLE,7100,S,STATE ST,323.0,,,,,,,2,NO INDICATION OF INJURY,0.0,0.0,0.0,0.0,0.0,3.0,0.0,17,4,1,41.765393608,-87.625050475,POINT (-87.625050475006 41.765393607783),2025-01-08 17:20:00
e04cfcebfac1cd39c8e1d077f20781461812b52c107cf89327c62a5b5487b92aedc0a4e0fd0c7d8ee5656a1414127592fe8f3cd518688233ea97250c972da9dc,,01/08/2025 05:20:00 PM,30,NO CONTROLS,NO CONTROLS,CLEAR,"DARKNESS, LIGHTED ROAD",REAR TO FRONT,ONE-WAY,,STRAIGHT AND LEVEL,DRY,UNKNOWN,ON SCENE,NO INJURY / DRIVE AWAY,,,Y,"OVER $1,500",01/08/2025 05:24:00 PM,FAILING TO REDUCE SPEED TO AVOID CRASH,NOT APPLICABLE,433,W,VAN BUREN ST,121.0,,,,,,,2,NO INDICATION OF INJURY,0.0,0.0,0.0,0.0,0.0,2.0,0.0,17,4,1,41.876667432,-87.639177664,POINT (-87.639177664114 41.876667432354),2025-01-08 17:20:00
2135fc958dde2caef31b85c619facd26f6e7a6d2239e5d4939d72a897296dbc47243c56e169959d6a8a43fcbf97f9f3a350eb7f18f0419af86548c296302eb2c,,01/08/2025 05:13:00 PM,30,NO CONTROLS,NO CONTROLS,CLEAR,"DARKNESS, LIGHTED ROAD",REAR END,DIVIDED - W/MEDIAN BARRIER,,STRAIGHT AND LEVEL,DRY,NO DEFECTS,ON SCENE,NO INJURY / DRIVE AWAY,,,,"OVER $1,500",01/08/2025 05:14:00 PM,UNABLE TO DETERMINE,NOT APPLICABLE,1703,W,IRVING PARK RD,1922.0,,,,,,,3,NO INDICATION OF INJURY,0.0,0.0,0.0,0.0,0.0,3.0,0.0,17,4,1,41.954144772,-87.671565237,POINT (-87.671565237158 41.954144771598),2025-01-08 17:13:00
114859aa707efac10125ba4f40df26e736f22590f6abd5facf6e4a7121d56981ee34a3e335541f7f4f40cb9eb65d51fc740ac144d0b54e8f0dda8396370739ba,,01/08/2025 05:10:00 PM,30,STOP SIGN/FLASHER,FUNCTIONING PROPERLY,CLEAR,DAYLIGHT,REAR END,DIVIDED - W/MEDIAN (NOT RAISED),,STRAIGHT AND LEVEL,DRY,NO DEFECTS,NOT ON SCENE (DESK REPORT),NO INJURY / DRIVE AWAY,Y,,,"OVER $1,500",01/09/2025 06:15:00 AM,FOLLOWING TOO CLOSELY,FOLLOWING TOO CLOSELY,10901,S,KEDZIE AVE,2211.0,,,,,,,2,NO INDICATION OF INJURY,0.0,0.0,0.0,0.0,0.0,2.0,0.0,17,4,1,41.695130902,-87.700801115,POINT (-87.70080111497 41.695130901831),2025-01-08 17:10:00
1733d35c08968cc161e722d813a7cf6dfb346a3a7f7dbb31fc0ac4e4a1cc0685dacf52f46bee4b13fda8f4cdbf42aef7091179a2ffc5ba10df38b050ca355554,,01/08/2025 05:10:00 PM,30,NO CONTROLS,NO CONTROLS,CLEAR,DARKNESS,TURNING,DIVIDED - W/MEDIAN (NOT RAISED),,STRAIGHT AND LEVEL,DRY,UNKNOWN,ON SCENE,NO INJURY / DRIVE AWAY,,,,"OVER $1,500",01/08/2025 05:12:00 PM,UNABLE TO DETERMINE,UNABLE TO DETERMINE,2839,N,NARRAGANSETT AVE,2511.0,,,,,,,2,NO INDICATION OF INJURY,0.0,0.0,0.0,0.0,0.0,4.0,0.0,17,4,1,41.932175002,-87.785582098,POINT (-87.785582097947 41.93217500182),2025-01-08 17:10:00
88eea5c09a4f5257d92c204b6e32a6facd32ea186178685440ed994fe68a31a67a1dd046e8c61ff54c69dff5388088f913733c8616b0067fcce7c63574f754b3,,01/08/2025 05:10:00 PM,30,NO CONTROLS,NO CONTROLS,CLEAR,DARKNESS,PARKED MOTOR VEHICLE,NOT DIVIDED,,STRAIGHT AND LEVEL,WET,NO DEFECTS,ON SCENE,NO INJURY / DRIVE AWAY,,,,"OVER $1,500",01/08/2025 05:27:00 PM,UNABLE TO DETERMINE,UNABLE TO DETERMINE,6333,N,RIDGE AVE,2433.0,,,N,,,,2,NO INDICATION OF INJURY,0.0,0.0,0.0,0.0,0.0,4.0,0.0,17,4,1,41.996536397,-87.676015593,POINT (-87.676015592718 41.996536396935),2025-01-08 17:10:00
50b762a36f01638ca1792bc86deb44edfb9f8c0797fd005a4fb706526f42f8273857ad42a8c16e8fe6908139d256dee44fbae61128e76c18961367adf17f3f66,,01/08/2025 05:05:00 PM,30,NO CONTROLS,NO CONTROLS,CLEAR,DAYLIGHT,SIDESWIPE SAME DIRECTION,NOT DIVIDED,,STRAIGHT AND LEVEL,DRY,NO DEFECTS,,NO INJURY / DRIVE AWAY,,,,"OVER $1,500",01/09/2025 05:50:00 PM,FAILING TO YIELD RIGHT-OF-WAY,NOT APPLICABLE,3240,N,ASHLAND AVE,1922.0,,,,,,,2,NO INDICATION OF INJURY,0.0,0.0,0.0,0.0,0.0,2.0,0.0,17,4,1,41.940944642,-87.668841447,POINT (-87.668841447233 41.940944642486),2025-01-08 17:05:00
c5496b48e6baf56326d3e92eb6fb52cbed77bc8f0007d11e4d3b25b38998ea40687a71c6b9bb9b33323849b81fb1f9bce79291e75979442d1ba4ddab4bea7d83,,01/08/2025 05:05:00 PM,30,NO CONTROLS,NO CONTROLS,CLEAR,"DARKNESS, LIGHTED ROAD",TURNING,FOUR WAY,,STRAIGHT AND LEVEL,DRY,UNKNOWN,NOT ON SCENE (DESK REPORT),NO INJURY / DRIVE AWAY,,,,"OVER $1,500",01/08/2025 06:00:00 PM,FAILING TO YIELD RIGHT-OF-WAY,FOLLOWING TOO CLOSELY,667,W,LAKE ST,1224.0,,,,,,,2,NO INDICATION OF INJURY,0.0,0.0,0.0,0.0,0.0,2.0,0.0,17,4,1,41.885580744,-87.645393282,POINT (-87.645393281999 41.885580743748),2025-01-08 17:05:00
dbecb9cde949fe76aa876814d6f9de4a51e0a17d1f4a72a23c4bb98e83d92085a30c93938387be9626a172f321289ac74afee929aa4edb9faaa219a52b7b3a19,,01/08/2025 05:00:00 PM,30,TRAFFIC SIGNAL,UNKNOWN,CLEAR,"DARKNESS, LIGHTED ROAD",TURNING,FOUR WAY,,STRAIGHT AND LEVEL,UNKNOWN,UNKNOWN,NOT ON SCENE (DESK REPORT),NO INJURY / DRIVE AWAY,,,,"$501 - $1,500",01/08/2025 06:30:00 PM,IMPROPER LANE USAGE,NOT APPLICABLE,1200,S,COLUMBUS DR,132.0,,,,,,,2,NO INDICATION OF INJURY,0.0,0.0,0.0,0.0,0.0,4.0,0.0,17,4,1,41.867387914,-87.620491034,POINT (-87.620491034097 41.867387913926),2025-01-08 17:00:00
f705f1f2fc1ade6f7e340962117c20509b83a6f752421ba714cfaf24e7846ca3accc4d4c849e015026a295d1630d243c5378a39d8e959a801ddbaa7b0ecc4d5c,,01/08/2025 04:50:00 PM,30,NO CONTROLS,NO CONTROLS,UNKNOWN,DUSK,PARKED MOTOR VEHICLE,DIVIDED - W/MEDIAN (NOT RAISED),,STRAIGHT AND LEVEL,UNKNOWN,UNKNOWN,NOT ON SCENE (DESK REPORT),NO INJURY / DRIVE AWAY,,,Y,"OVER $1,500",01/13/2025 05:20:00 PM,UNABLE TO DETERMINE,UNABLE TO DETERMINE,5119,W,DIVERSEY AVE,2521.0,,,,,,,2,NO INDICATION OF INJURY,0.0,0.0,0.0,0.0,0.0,2.0,0.0,16,4,1,41.931312782,-87.754767829,POINT (-87.754767828973 41.931312782385),2025-01-08 16:50:00