CRASH_RECORD_ID,CRASH_DATE_EST_I,CRASH_DATE,POSTED_SPEED_LIMIT,TRAFFIC_CONTROL_DEVICE,DEVICE_CONDITION,WEATHER_CONDITION,LIGHTING_CONDITION,FIRST_CRASH_TYPE,TRAFFICWAY_TYPE,LANE_CNT,ALIGNMENT,ROADWAY_SURFACE_COND,ROAD_DEFECT,REPORT_TYPE,CRASH_TYPE,INTERSECTION_RELATED_I,NOT_RIGHT_OF_WAY_I,HIT_AND_RUN_I,DAMAGE,DATE_POLICE_NOTIFIED,PRIM_CONTRIBUTORY_CAUSE,SEC_CONTRIBUTORY_CAUSE,STREET_NO,STREET_DIRECTION,STREET_NAME,BEAT_OF_OCCURRENCE,PHOTOS_TAKEN_I,STATEMENTS_TAKEN_I,DOORING_I,WORK_ZONE_I,WORK_ZONE_TYPE,WORKERS_PRESENT_I,NUM_UNITS,MOST_SEVERE_INJURY,INJURIES_TOTAL,INJURIES_FATAL,INJURIES_INCAPACITATING,INJURIES_NON_INCAPACITATING,INJURIES_REPORTED_NOT_EVIDENT,INJURIES_NO_INDICATION,INJURIES_UNKNOWN,CRASH_HOUR,CRASH_DAY_OF_WEEK,CRASH_MONTH,LATITUDE,LONGITUDE,LOCATION,timestamp
552fb09a7fc8fa3a4230f15d5f1b08166c9cfd387fb7275b81e06b7a49dc5adcbcb9d4050485ce04f8e7b6b5ed5d67acde2b8732801b3e6775a5985f0663d285,,01/08/2025 04:45:00 PM,30,UNKNOWN,UNKNOWN,CLEAR,"DARKNESS, LIGHTED ROAD",SIDESWIPE SAME DIRECTION,FOUR WAY,,STRAIGHT AND LEVEL,UNKNOWN,UNKNOWN,ON SCENE,NO INJURY / DRIVE AWAY,Y,,,"OVER $1,500",01/08/2025 04:45:00 PM,IMPROPER TURNING/NO SIGNAL,NOT APPLICABLE,6801,N,CALIFORNIA AVE,2411.0,,,,,,,2,NO INDICATION OF INJURY,0.0,0.0,0.0,0.0,0.0,4.0,0.0,16,4,1,42.00489635,-87.699682324,POINT (-87.699682324441 42.004896350012),2025-01-08 16:45:00
6c2309939b473180d51ca6dd5f736b2db8d06ba8161f17c464ef02f630f44b22f728e2cab56d0c72d155217e154dfc64d13d4871ced15007daca24a78ca1acea,,01/08/2025 04:45:00 PM,25,NO CONTROLS,NO CONTROLS,CLEAR,DUSK,ANGLE,NOT DIVIDED,,STRAIGHT AND LEVEL,DRY,NO DEFECTS,NOT ON SCENE (DESK REPORT),NO INJURY / DRIVE AWAY,,,,"OVER $1,500",01/08/2025 05:26:00 PM,FAILING TO YIELD RIGHT-OF-WAY,DRIVING SKILLS/KNOWLEDGE/EXPERIENCE,2000,N,KINGSBURY ST,1811.0,,,,,,,2,NO INDICATION OF INJURY,0.0,0.0,0.0,0.0,0.0,2.0,0.0,16,4,1,41.917782404,-87.661170636,POINT (-87.661170635747 41.917782404161),2025-01-08 16:45:00
1f7ac3429c2747af805dc3ea3e085d278858d78e39420e763f959cf648cd26bcd827cb55075f042a045fd1cd389d026199a1d513aa0f580eab6deb2cd73cc50c,,01/08/2025 04:37:00 PM,35,STOP SIGN/FLASHER,FUNCTIONING PROPERLY,CLEAR,DUSK,REAR TO FRONT,ONE-WAY,,STRAIGHT AND LEVEL,DRY,NO DEFECTS,ON SCENE,NO INJURY / DRIVE AWAY,,,Y,$500 OR LESS,01/08/2025 04:53:00 PM,IMPROPER BACKING,NOT APPLICABLE,4035,S,MONTGOMERY AVE,921.0,,,,,,,2,NO INDICATION OF INJURY,0.0,0.0,0.0,0.0,0.0,2.0,0.0,16,4,1,41.819958035,-87.692438155,POINT (-87.692438154502 41.819958035049),2025-01-08 16:37:00
07bf8ede90d544d5d2e613c8f62ed6f7a6861374b3f77b26ba399c372fe5c16a11e57ffd5a6dd3d918a5a0d031495172eba74cceca72dd0f61792f4587c0ce9a,,01/08/2025 04:31:00 PM,30,TRAFFIC SIGNAL,FUNCTIONING PROPERLY,CLEAR,DAYLIGHT,ANGLE,FOUR WAY,,STRAIGHT AND LEVEL,DRY,NO DEFECTS,ON SCENE,INJURY AND / OR TOW DUE TO CRASH,Y,,,"OVER $1,500",01/08/2025 04:31:00 PM,FAILING TO YIELD RIGHT-OF-WAY,NOT APPLICABLE,100,S,HALSTED ST,1232.0,,N,,,,,3,NONINCAPACITATING INJURY,4.0,0.0,0.0,2.0,2.0,2.0,0.0,16,4,1,41.880426198,-87.647466848,POINT (-87.647466848115 41.880426197831),2025-01-08 16:31:00
12d7b36700712c3df775eb61bf6fa9b5b973f71ec0d0b8f8ad752811c3eba96f352ff16f2f0d1a20d0213e3921e6e1a4d1ded6443e0366bf346c3f68b07cfb04,,01/08/2025 04:30:00 PM,30,NO CONTROLS,NO CONTROLS,CLEAR,DUSK,REAR END,DIVIDED - W/MEDIAN (NOT RAISED),,STRAIGHT AND LEVEL,DRY,NO DEFECTS,ON SCENE,NO INJURY / DRIVE AWAY,,,Y,"$501 - $1,500",01/08/2025 04:34:00 PM,FOLLOWING TOO CLOSELY,NOT APPLICABLE,1803,W,95TH ST,2213.0,,,,,,,2,NO INDICATION OF INJURY,0.0,0.0,0.0,0.0,0.0,2.0,0.0,16,4,1,41.721034977,-87.667628564,POINT (-87.667628563795 41.72103497668),2025-01-08 16:30:00
349cbaa9f377362e3c03adb573b010aae8d6887c68cd763e486ddaa6dbdc701aac9325da59805180a1e69f64b1d7d7023629686af94feb6975f47e7416534439,,01/08/2025 04:30:00 PM,25,STOP SIGN/FLASHER,FUNCTIONING PROPERLY,UNKNOWN,UNKNOWN,PARKED MOTOR VEHICLE,ONE-WAY,,STRAIGHT AND LEVEL,UNKNOWN,UNKNOWN,NOT ON SCENE (DESK REPORT),NO INJURY / DRIVE AWAY,,,,$500 OR LESS,01/08/2025 05:05:00 PM,UNABLE TO DETERMINE,UNABLE TO DETERMINE,6201,W,BERENICE AVE,1633.0,,,,,,,2,NO INDICATION OF INJURY,0.0,0.0,0.0,0.0,0.0,2.0,0.0,16,4,1,41.950146248,-87.7816824,POINT (-87.781682399811 41.950146247796),2025-01-08 16:30:00
fc9c11e1939140d587cbb511f17c722ea344f4199d2016e38e61bba8631d2e3fa97869cfa0557a671e152aba3687759ee39baf485e822077f242793835757607,Y,01/08/2025 04:30:00 PM,25,NO CONTROLS,NO CONTROLS,CLEAR,DAYLIGHT,REAR TO FRONT,NOT DIVIDED,,STRAIGHT AND LEVEL,DRY,NO DEFECTS,ON SCENE,NO INJURY / DRIVE AWAY,,,,"$501 - $1,500",01/08/2025 04:41:00 PM,IMPROPER BACKING,NOT APPLICABLE,3138,E,131ST ST,433.0,,N,,,,,2,NO INDICATION OF INJURY,0.0,0.0,0.0,0.0,0.0,6.0,0.0,16,4,1,41.657441941,-87.546816954,POINT (-87.546816953925 41.657441941138),2025-01-08 16:30:00
367a6ee43878900d4a4721b316401953d6eb8627d88ed39774bd96f8df63ca23f9700eae6c60957e9ee282728cd0b1303f861c3c98cd5ab2ae6fa1b5f87ee9b1,,01/08/2025 04:20:00 PM,40,NO CONTROLS,NO CONTROLS,CLEAR,DAYLIGHT,SIDESWIPE SAME DIRECTION,DIVIDED - W/MEDIAN BARRIER,,STRAIGHT AND LEVEL,UNKNOWN,UNKNOWN,NOT ON SCENE (DESK REPORT),NO INJURY / DRIVE AWAY,,,,"$501 - $1,500",01/08/2025 05:50:00 PM,UNABLE TO DETERMINE,UNABLE TO DETERMINE,3200,N,LAKE SHORE DR NB,1925.0,,,,,,,2,NO INDICATION OF INJURY,0.0,0.0,0.0,0.0,0.0,2.0,0.0,16,4,1,41.940442903,-87.638633539,POINT (-87.638633539238 41.940442902597),2025-01-08 16:20:00
5832d2a3c46bd4c00c2a05523d758d9f0f67cfe6669f8623e1cf6347a3b962fe96d2e169c8e8ebe6db64dd7f18872a5cd890fecda902e56845b9c6b174b3f15c,,01/08/2025 04:15:00 PM,25,NO CONTROLS,NO CONTROLS,CLEAR,DAYLIGHT,PARKED MOTOR VEHICLE,ONE-WAY,,STRAIGHT AND LEVEL,DRY,NO DEFECTS,NOT ON SCENE (DESK REPORT),NO INJURY / DRIVE AWAY,,,Y,"$501 - $1,500",01/09/2025 11:50:00 AM,UNABLE TO DETERMINE,UNABLE TO DETERMINE,7904,S,CHAMPLAIN AVE,624.0,,,,,,,2,NO INDICATION OF INJURY,0.0,0.0,0.0,0.0,0.0,1.0,0.0,16,4,1,41.751013235,-87.609012152,POINT (-87.609012151719 41.751013235459),2025-01-08 16:15:00
22e69ce133e7b6f6fe3e0c3d2a836cef8dfa3cebda76f541401d93e3b6083b4e4d02abb853c8ba3f001b88ceca5c1ee6ea73efd3691dfeabacc8d94fd0fedf23,,01/08/2025 04:09:00 PM,30,TRAFFIC SIGNAL,FUNCTIONING PROPERLY,CLEAR,DAYLIGHT,SIDESWIPE SAME DIRECTION,NOT REPORTED,,STRAIGHT AND LEVEL,DRY,NO DEFECTS,ON SCENE,INJURY AND / OR TOW DUE TO CRASH,Y,,,"OVER $1,500",01/08/2025 04:23:00 PM,"OPERATING VEHICLE IN ERRATIC, RECKLESS, CARELESS, NEGLIGENT OR AGGRESSIVE MANNER",NOT APPLICABLE,104,E,49TH ST,224.0,,,,,,,3,NONINCAPACITATING INJURY,4.0,0.0,0.0,4.0,0.0,0.0,0.0,16,4,1,41.805759309,-87.622481989,POINT (-87.622481988638 41.805759309415),2025-01-08 16:09:00
13edc549c78e742c255a92710e747ef40faa5018fbcac87dad75c185081bfedd3f11bc263b1139c6ed4a82e09996b01bac20ec5952e37dc57a54dd6b0365d86e,,01/08/2025 04:00:00 PM,35,NO CONTROLS,NO CONTROLS,CLEAR,DAYLIGHT,ANIMAL,NOT DIVIDED,,STRAIGHT AND LEVEL,DRY,NO DEFECTS,NOT ON SCENE (DESK REPORT),NO INJURY / DRIVE AWAY,,,,"OVER $1,500",01/09/2025 11:25:00 AM,DRIVING SKILLS/KNOWLEDGE/EXPERIENCE,UNABLE TO DETERMINE,10400,S,TORRENCE AVE,434.0,,,,,,,1,NO INDICATION OF INJURY,0.0,0.0,0.0,0.0,0.0,1.0,0.0,16,4,1,41.706307722,-87.559790918,POINT (-87.559790917563 41.706307721812),2025-01-08 16:00:00
7da043c94a3a56a921c284d1d4444b06fd9a247faa5793939a71e5b4ca0627f614aa677bd1666b34063e06012a616edbf5db29664bb85b37df09cd52ee1b9e58,,01/08/2025 04:00:00 PM,35,STOP SIGN/FLASHER,UNKNOWN,CLEAR,DAYLIGHT,SIDESWIPE OPPOSITE DIRECTION,FOUR WAY,,STRAIGHT AND LEVEL,OTHER,NO DEFECTS,NOT ON SCENE (DESK REPORT),NO INJURY / DRIVE AWAY,Y,,,"OVER $1,500",01/08/2025 05:00:00 PM,UNABLE TO DETERMINE,NOT APPLICABLE,8100,S,ANTHONY AVE,414.0,,,,,,,2,NO INDICATION OF INJURY,0.0,0.0,0.0,0.0,0.0,3.0,0.0,16,4,1,41.747574086,-87.583621808,POINT (-87.583621807868 41.747574086185),2025-01-08 16:00:00
f179ba573b5738f6f6b79b541bdad53897153dcdbea50bf025194ff376e62c48b8ce35b3d4725f7e154c0071b4ab78ad0561ebc0ab4d2df6b8b96cf66be73b19,,01/08/2025 04:00:00 PM,25,UNKNOWN,UNKNOWN,UNKNOWN,UNKNOWN,PARKED MOTOR VEHICLE,PARKING LOT,,STRAIGHT AND LEVEL,UNKNOWN,UNKNOWN,NOT ON SCENE (DESK REPORT),NO INJURY / DRIVE AWAY,,,Y,"OVER $1,500",01/08/2025 06:00:00 PM,UNABLE TO DETERMINE,NOT APPLICABLE,4315,S,CAMPBELL AVE,922.0,,,,,,,2,NO INDICATION OF INJURY,0.0,0.0,0.0,0.0,0.0,1.0,0.0,16,4,1,41.815173778,-87.686954779,POINT (-87.686954778982 41.815173778373),2025-01-08 16:00:00
a87aa6d168a118493c2552d7fdbc60f19141fb6f1aa203dc4f1fb1ef30cd5fe9433189808bf1586b384a7ed7c836892ab900b579aab215878acc938dcf320852,,01/08/2025 03:50:00 PM,35,NO CONTROLS,NO CONTROLS,UNKNOWN,DAWN,SIDESWIPE SAME DIRECTION,DIVIDED - W/MEDIAN (NOT RAISED),,STRAIGHT AND LEVEL,DRY,NO DEFECTS,,NO INJURY / DRIVE AWAY,,,,"OVER $1,500",01/08/2025 07:00:00 PM,FAILING TO YIELD RIGHT-OF-WAY,FAILING TO YIELD RIGHT-OF-WAY,2718,W,59TH ST,824.0,,,,,,,2,NO INDICATION OF INJURY,0.0,0.0,0.0,0.0,0.0,2.0,0.0,15,4,1,41.786542942,-87.692043962,POINT (-87.692043961875 41.78654294207),2025-01-08 15:50:00
3813ef4d4e67245fe98ca5377b95892c72397eaf53905f93991ad43dc90c8fd583198d0accbd79cbf6399e19d6278bb6090b1c2d4eab9b5b906fcdb02abff4f5,Y,01/08/2025 03:46:00 PM,30,UNKNOWN,UNKNOWN,UNKNOWN,UNKNOWN,REAR END,NOT DIVIDED,,STRAIGHT AND LEVEL,UNKNOWN,UNKNOWN,NOT ON SCENE (DESK REPORT),INJURY AND / OR TOW DUE TO CRASH,,,,"OVER $1,500",01/08/2025 04:10:00 PM,UNABLE TO DETERMINE,NOT APPLICABLE,1300,E,75TH ST,324.0,,,,,,,3,NO INDICATION OF INJURY,0.0,0.0,0.0,0.0,0.0,2.0,0.0,15,4,1,41.758811165,-87.59317053,POINT (-87.593170529702 41.758811164965),2025-01-08 15:46:00
6e67210b665c1dd32fa7522a661703e83af99e5548808653cd5eca630893e1d39bc5e0fefc225a5e48250e4b721638adde03e26d14cd117f808ef9fa5e046cee,,01/08/2025 03:45:00 PM,30,NO CONTROLS,NO CONTROLS,CLEAR,DAYLIGHT,PARKED MOTOR VEHICLE,ONE-WAY,,STRAIGHT AND LEVEL,DRY,NO DEFECTS,NOT ON SCENE (DESK REPORT),NO INJURY / DRIVE AWAY,,,,"OVER $1,500",01/08/2025 03:55:00 PM,UNABLE TO DETERMINE,UNABLE TO DETERMINE,3230,S,CARPENTER ST,913.0,,,,,,,2,NO INDICATION OF INJURY,0.0,0.0,0.0,0.0,0.0,1.0,0.0,15,4,1,41.834726015,-87.652424889,POINT (-87.652424889074 41.83472601507),2025-01-08 15:45:00
a87ae73b2f3bf2e034dc7f43ef86d1de2394163194b174ad5dba38bd5df771371062240bdee2e72244dbac9e0ffbb7864ed57e1aea15103b196639eaeeea63e9,,01/08/2025 03:40:00 PM,25,NO CONTROLS,NO CONTROLS,CLOUDY/OVERCAST,DUSK,PARKED MOTOR VEHICLE,ONE-WAY,,STRAIGHT AND LEVEL,OTHER,NO DEFECTS,ON SCENE,NO INJURY / DRIVE AWAY,,,Y,"OVER $1,500",01/08/2025 04:40:00 PM,UNABLE TO DETERMINE,UNABLE TO DETERMINE,8931,S,MUSKEGON AVE,423.0,,,,,,,2,NO INDICATION OF INJURY,0.0,0.0,0.0,0.0,0.0,1.0,0.0,15,4,1,41.732738473,-87.555321748,POINT (-87.555321747763 41.732738473341),2025-01-08 15:40:00
6818b8bf324f8b7dc625725c3d52f84719832904530cf88a8aa5303d2d276aee86484d9e59af966e859193ff2a41e3d02f8ed2013865130cec60a4d047316222,,01/08/2025 03:39:00 PM,30,TRAFFIC SIGNAL,FUNCTIONING PROPERLY,CLOUDY/OVERCAST,DAYLIGHT,REAR END,DIVIDED - W/MEDIAN (NOT RAISED),,STRAIGHT AND LEVEL,DRY,NO DEFECTS,ON SCENE,NO INJURY / DRIVE AWAY,Y,,,"OVER $1,500",01/08/2025 03:39:00 PM,FAILING TO REDUCE SPEED TO AVOID CRASH,NOT APPLICABLE,802,N,CALIFORNIA AVE,1211.0,,,,,,,2,NO INDICATION OF INJURY,0.0,0.0,0.0,0.0,0.0,2.0,0.0,15,4,1,41.89579358,-87.696854086,POINT (-87.696854085551 41.895793580073),2025-01-08 15:39:00
f23c7da2a9441cf2d2ae7b46730961de0a824a238728fb0c9f6aeb1f6c6b60a652a78107ee82864f5d4762fdd6750d8e80599c21660579bf884d36e7887ce837,,01/08/2025 03:35:00 PM,30,STOP SIGN/FLASHER,FUNCTIONING PROPERLY,CLEAR,DAYLIGHT,TURNING,FOUR WAY,,STRAIGHT AND LEVEL,DRY,UNKNOWN,ON SCENE,INJURY AND / OR TOW DUE TO CRASH,Y,,,"OVER $1,500",01/08/2025 03:40:00 PM,FAILING TO YIELD RIGHT-OF-WAY,FAILING TO YIELD RIGHT-OF-WAY,3301,N,NARRAGANSETT AVE,1633.0,,,,,,,2,NO INDICATION OF INJURY,0.0,0.0,0.0,0.0,0.0,3.0,0.0,15,4,1,41.94020203,-87.785987751,POINT (-87.785987750817 41.94020202971),2025-01-08 15:35:00
56a31601c2e62fa52772044301ddfa3ab20a36cfec36185f924230c58f2fc5ae5d1b97056f26c27907228caa539233aa71da8672d159b85dc16402b07020f72e,,01/08/2025 03:33:00 PM,15,NO CONTROLS,NO CONTROLS,CLEAR,DUSK,FIXED OBJECT,ALLEY,,STRAIGHT AND LEVEL,SNOW OR SLUSH,NO DEFECTS,ON SCENE,NO INJURY / DRIVE AWAY,,,Y,"$501 - $1,500",01/08/2025 03:47:00 PM,UNABLE TO DETERMINE,UNABLE TO DETERMINE,1050,W,DAKIN ST,1923.0,,,,,,,1,NO INDICATION OF INJURY,0.0,0.0,0.0,0.0,0.0,1.0,0.0,15,4,1,41.953593801,-87.656432496,POINT (-87.656432495823 41.953593800973),2025-01-08 15:33:00
995d1457adcdf51f0ee2eb622ea922b61c744a4f94fac9dd64f6ef2dd0f40cbe4d2b5e91189b743d3f99aba1f275223fcea4cfe537d0f6ad04eec8edddb61fda,,01/08/2025 03:30:00 PM,30,TRAFFIC SIGNAL,UNKNOWN,UNKNOWN,DAYLIGHT,SIDESWIPE SAME DIRECTION,NOT DIVIDED,,STRAIGHT AND LEVEL,UNKNOWN,UNKNOWN,NOT ON SCENE (DESK REPORT),NO INJURY / DRIVE AWAY,,,,"OVER $1,500",01/08/2025 04:00:00 PM,UNABLE TO DETERMINE,UNABLE TO DETERMINE,105,N,MICHIGAN AVE,114.0,,,,,,,2,NO INDICATION OF INJURY,0.0,0.0,0.0,0.0,0.0,2.0,0.0,15,4,1,41.883389659,-87.624260035,POINT (-87.624260034579 41.883389658543),2025-01-08 15:30:00
cda70d626fd31878f8f6848a2df1155f2249453b55835985dc8eeb0f77d2a3c6afe78eb09dcdbe8e0e5e280a0d45c89a2f2d32f92df09adac8ddc4c7b7053a27,,01/08/2025 03:30:00 PM,30,TRAFFIC SIGNAL,FUNCTIONING PROPERLY,CLOUDY/OVERCAST,DAWN,REAR END,NOT DIVIDED,,STRAIGHT AND LEVEL,ICE,NO DEFECTS,NOT ON SCENE (DESK REPORT),NO INJURY / DRIVE AWAY,,,,"OVER $1,500",01/08/2025 04:10:00 PM,WEATHER,NOT APPLICABLE,3459,W,55TH ST,822.0,,,,,,,2,NO INDICATION OF INJURY,0.0,0.0,0.0,0.0,0.0,2.0,0.0,15,4,1,41.793296079,-87.710837587,POINT (-87.710837587238 41.793296078714),2025-01-08 15:30:00
3d3c429823676ec1ba3549d66d6c14fe53d53c2bcc0cba251585f64b43adcc6a89f9c933aa19ce2b4fc8d729047c125c366ceee96ffa3fe9de71b2e4bd839ed0,Y,01/08/2025 03:26:00 PM,25,NO CONTROLS,NO CONTROLS,CLEAR,DAYLIGHT,PARKED MOTOR VEHICLE,NOT DIVIDED,,STRAIGHT AND LEVEL,DRY,NO DEFECTS,NOT ON SCENE (DESK REPORT),NO INJURY / DRIVE AWAY,,,,"OVER $1,500",01/10/2025 01:00:00 PM,UNABLE TO DETERMINE,UNABLE TO DETERMINE,4917,W,MONTROSE AVE,1624.0,,,,,,,2,NO INDICATION OF INJURY,0.0,0.0,0.0,0.0,0.0,1.0,0.0,15,4,1,41.960576677,-87.750625514,POINT (-87.75062551409 41.96057667674),2025-01-08 15:26:00
c6eeb9dfb6af862a5d726fda79b51378ad81ef8d4cb1f72a83629b9cb63d9e35929e2d7b2bc717f867262d31e34c779b84d4fd7878849451d83aa0480f4d4c87,,01/08/2025 03:23:00 PM,30,TRAFFIC SIGNAL,FUNCTIONING PROPERLY,CLOUDY/OVERCAST,DAYLIGHT,TURNING,Y-INTERSECTION,,STRAIGHT AND LEVEL,DRY,WORN SURFACE,ON SCENE,NO INJURY / DRIVE AWAY,,,Y,"OVER $1,500",01/08/2025 03:37:00 PM,IMPROPER BACKING,NOT APPLICABLE,2180,S,CANALPORT AVE,1235.0,,,,,,,2,NO INDICATION OF INJURY,0.0,0.0,0.0,0.0,0.0,2.0,0.0,15,4,1,41.85285528,-87.650940704,POINT (-87.650940704459 41.852855280249),2025-01-08 15:23:00
69dae0a1f852d4957e61ea477e98d2267d7fd26c5d48dfbf39349eeaf07075f87ebebc8a2ae2d1ebb3a48b623306cde58a24224a29f43a41cc51fae7c4dad308,,01/08/2025 03:19:00 PM,30,NO CONTROLS,NO CONTROLS,CLEAR,DAYLIGHT,ANGLE,FOUR WAY,,STRAIGHT AND LEVEL,DRY,NO DEFECTS,ON SCENE,INJURY AND / OR TOW DUE TO CRASH,Y,,,"OVER $1,500",01/08/2025 03:33:00 PM,DRIVING ON WRONG SIDE/WRONG WAY,FAILING TO YIELD RIGHT-OF-WAY,699,W,61ST ST,711.0,,,,,,,2,NONINCAPACITATING INJURY,1.0,0.0,0.0,1.0,0.0,2.0,0.0,15,4,1,41.78331726,-87.64234644,POINT (-87.642346439803 41.783317260352),2025-01-08 15:19:00
3ee46b677376c33fc7dcc4b2f6d6e36c57a1b61613efb1590f20510fc2f6d1e51501d2320c77f5e57cc43148a1371770e06dc1345d7eabb38f97840e5a7011e1,,01/08/2025 03:15:00 PM,30,STOP SIGN/FLASHER,NO CONTROLS,OTHER,"DARKNESS, LIGHTED ROAD",TURNING,NOT DIVIDED,,STRAIGHT AND LEVEL,DRY,NO DEFECTS,NOT ON SCENE (DESK REPORT),NO INJURY / DRIVE AWAY,,,,"OVER $1,500",01/08/2025 03:18:00 PM,FAILING TO YIELD RIGHT-OF-WAY,UNABLE TO DETERMINE,1401,N,CENTRAL PARK AVE,1422.0,,,,,,,2,NO INDICATION OF INJURY,0.0,0.0,0.0,0.0,0.0,4.0,0.0,15,4,1,41.906421639,-87.716536799,POINT (-87.716536798869 41.906421638696),2025-01-08 15:15:00
87a48e242d757d1d922de4db4c7cca37b77d41434b1628928b3870386abba2866d4e018f98239b9a1441e0e5415971ecf2cba1d48c42dcc0bdbff6ac7ab7ce73,,01/08/2025 03:15:00 PM,30,STOP SIGN/FLASHER,FUNCTIONING PROPERLY,CLOUDY/OVERCAST,DAYLIGHT,TURNING,FOUR WAY,,STRAIGHT AND LEVEL,DRY,NO DEFECTS,NOT ON SCENE (DESK REPORT),NO INJURY / DRIVE AWAY,Y,,,"OVER $1,500",01/08/2025 04:30:00 PM,UNABLE TO DETERMINE,NOT APPLICABLE,7241,N,CALIFORNIA AVE,2411.0,,,,,,,2,NO INDICATION OF INJURY,0.0,0.0,0.0,0.0,0.0,2.0,0.0,15,4,1,42.0132711,-87.699552337,POINT (-87.699552336512 42.013271099643),2025-01-08 15:15:00
e01e2a3e0bc45d73b8f21f2b0f7c9302524cd94dbaece70e2f0f0bea70777a3450ed4bc1d6a77b14d5cf78d0c741ee315e5abddbf6d82d825e457ac46ed8dc68,,01/08/2025 03:12:00 PM,30,NO CONTROLS,NO CONTROLS,CLEAR,DAYLIGHT,SIDESWIPE SAME DIRECTION,DIVIDED - W/MEDIAN (NOT RAISED),,STRAIGHT AND LEVEL,DRY,NO DEFECTS,ON SCENE,NO INJURY / DRIVE AWAY,,,Y,"$501 - $1,500",01/08/2025 03:45:00 PM,UNABLE TO DETERMINE,NOT APPLICABLE,6655,W,GRAND AVE,2512.0,,,,,,,2,NO INDICATION OF INJURY,0.0,0.0,0.0,0.0,0.0,2.0,0.0,15,4,1,41.92351181,-87.792360509,POINT (-87.792360508567 41.923511810185),2025-01-08 15:12:00
2334efe0bc516c383505f4c9bda2694a5264a623d12a89c0a6133430a40687a32cd78c3832aeeec3d49c3d3efd92ee6d5f23899826b31cbd71c00688b7c0ce81,,01/08/2025 03:00:00 PM,30,STOP SIGN/FLASHER,FUNCTIONING PROPERLY,CLEAR,DAYLIGHT,TURNING,FOUR WAY,,STRAIGHT AND LEVEL,DRY,NO DEFECTS,NOT ON SCENE (DESK REPORT),NO INJURY / DRIVE AWAY,,,,"$501 - $1,500",01/09/2025 03:45:00 PM,UNABLE TO DETERMINE,UNABLE TO DETERMINE,3800,S,ARCHER AVE,911.0,,,,,,,2,NO INDICATION OF INJURY,0.0,0.0,0.0,0.0,0.0,2.0,0.0,15,4,1,41.82445623,-87.687551507,POINT (-87.687551506694 41.824456229628),2025-01-08 15:00:00
8ca3e27eb14a6feb63a7bed29a63960b495baa9120616bc6f504c42945bd81d06021469830cab0ea743be64cbdb29d5ab4ba326f8261a2bcfbf35bb2ca8792f5,,01/08/2025 03:00:00 PM,30,UNKNOWN,UNKNOWN,UNKNOWN,UNKNOWN,REAR END,DIVIDED - W/MEDIAN (NOT RAISED),,STRAIGHT AND LEVEL,UNKNOWN,UNKNOWN,NOT ON SCENE (DESK REPORT),NO INJURY / DRIVE AWAY,,,,"OVER $1,500",01/08/2025 04:00:00 PM,FOLLOWING TOO CLOSELY,UNABLE TO DETERMINE,3030,W,DEVON AVE,2412.0,,,,,,,2,NO INDICATION OF INJURY,0.0,0.0,0.0,0.0,0.0,2.0,0.0,15,4,1,41.997563624,-87.70567477,POINT (-87.705674770147 41.997563623597),2025-01-08 15:00:00
921911e434a1366e695200c5b1afc902043354e57152dc1eb1f499a2503188807e1d019a8c125cb5034d219d8bb167e1988df232c55fdc9139c36bb74c432cd7,,01/08/2025 03:00:00 PM,30,NO CONTROLS,NO CONTROLS,CLEAR,DAYLIGHT,TURNING,NOT DIVIDED,,STRAIGHT AND LEVEL,DRY,NO DEFECTS,NOT ON SCENE (DESK REPORT),NO INJURY / DRIVE AWAY,,,,"OVER $1,500",01/08/2025 05:55:00 PM,FAILING TO YIELD RIGHT-OF-WAY,FAILING TO YIELD RIGHT-OF-WAY,3001,N,OLCOTT AVE,2511.0,,,,,,,2,NO INDICATION OF INJURY,0.0,0.0,0.0,0.0,0.0,2.0,0.0,15,4,1,41.934457659,-87.813807487,POINT (-87.813807486879 41.934457658944),2025-01-08 15:00:00
b35a0f37bbcecdb0289eb34e1228e87dec2cce77a3896ee9c45330d3c32e6563186863f46ddfcdbdee2d4af69e5cf7509376f3e4cb1d3df62d3f5e9645cbb46c,,01/08/2025 03:00:00 PM,30,NO CONTROLS,NO CONTROLS,CLOUDY/OVERCAST,DAYLIGHT,ANGLE,DIVIDED - W/MEDIAN (NOT RAISED),,STRAIGHT AND LEVEL,DRY,NO DEFECTS,NOT ON SCENE (DESK REPORT),NO INJURY / DRIVE AWAY,,,,"OVER $1,500",01/08/2025 04:08:00 PM,UNABLE TO DETERMINE,NOT APPLICABLE,120,E,RANDOLPH ST,114.0,,,,,,,2,NO INDICATION OF INJURY,0.0,0.0,0.0,0.0,0.0,2.0,0.0,15,4,1,41.884547946,-87.623588344,POINT (-87.623588343598 41.884547945768),2025-01-08 15:00:00
c38c0cf2235f577e97390dddb0aee02ff3147161edc414e1c6135d33c800265261e6cfc9160abf1451069c49cae716210e67a978cd8982bba0b8c035d0fa617b,,01/08/2025 03:00:00 PM,10,OTHER REG. SIGN,FUNCTIONING PROPERLY,CLEAR,DAYLIGHT,REAR END,OTHER,,STRAIGHT AND LEVEL,WET,UNKNOWN,NOT ON SCENE (DESK REPORT),NO INJURY / DRIVE AWAY,,,,"$501 - $1,500",01/09/2025 09:40:00 AM,FOLLOWING TOO CLOSELY,FAILING TO YIELD RIGHT-OF-WAY,6948,W,GRAND AVE,2512.0,,,,,,,2,NO INDICATION OF INJURY,0.0,0.0,0.0,0.0,0.0,3.0,0.0,15,4,1,41.923673257,-87.799626646,POINT (-87.799626645945 41.923673256513),2025-01-08 15:00:00