CRASH_RECORD_ID,CRASH_DATE_EST_I,CRASH_DATE,POSTED_SPEED_LIMIT,TRAFFIC_CONTROL_DEVICE,DEVICE_CONDITION,WEATHER_CONDITION,LIGHTING_CONDITION,FIRST_CRASH_TYPE,TRAFFICWAY_TYPE,LANE_CNT,ALIGNMENT,ROADWAY_SURFACE_COND,ROAD_DEFECT,REPORT_TYPE,CRASH_TYPE,INTERSECTION_RELATED_I,NOT_RIGHT_OF_WAY_I,HIT_AND_RUN_I,DAMAGE,DATE_POLICE_NOTIFIED,PRIM_CONTRIBUTORY_CAUSE,SEC_CONTRIBUTORY_CAUSE,STREET_NO,STREET_DIRECTION,STREET_NAME,BEAT_OF_OCCURRENCE,PHOTOS_TAKEN_I,STATEMENTS_TAKEN_I,DOORING_I,WORK_ZONE_I,WORK_ZONE_TYPE,WORKERS_PRESENT_I,NUM_UNITS,MOST_SEVERE_INJURY,INJURIES_TOTAL,INJURIES_FATAL,INJURIES_INCAPACITATING,INJURIES_NON_INCAPACITATING,INJURIES_REPORTED_NOT_EVIDENT,INJURIES_NO_INDICATION,INJURIES_UNKNOWN,CRASH_HOUR,CRASH_DAY_OF_WEEK,CRASH_MONTH,LATITUDE,LONGITUDE,LOCATION,timestamp
f6a823f0386dcf8c76d0ba0554b436e05704c6fda87c5968dd85555d91348f88dbe3e5b75ff96df7e03f31c66f6494994768d8574066dc5abdf821fcd646cf77,,01/08/2025 02:57:00 PM,35,TRAFFIC SIGNAL,FUNCTIONING PROPERLY,CLEAR,DAYLIGHT,HEAD ON,FOUR WAY,,STRAIGHT AND LEVEL,DRY,NO DEFECTS,ON SCENE,INJURY AND / OR TOW DUE TO CRASH,Y,,,"OVER $1,500",01/08/2025 02:59:00 PM,UNABLE TO DETERMINE,UNABLE TO DETERMINE,1327,W,103RD ST,2212.0,,,,,,,2,NONINCAPACITATING INJURY,3.0,0.0,0.0,1.0,2.0,1.0,0.0,14,4,1,41.706676155,-87.655997902,POINT (-87.655997901526 41.706676154843),2025-01-08 14:57:00
dcde18a63cabbb885f7279a66b27a7daec9da5eb71163e50778bab2c346ce67722949986b82ad003db474c8f096b68d346ae909db9f4d4c84b0eeb2977db54aa,,01/08/2025 02:55:00 PM,30,TRAFFIC SIGNAL,FUNCTIONING PROPERLY,CLEAR,DAYLIGHT,TURNING,TRAFFIC ROUTE,,STRAIGHT AND LEVEL,"SAND, MUD, DIRT",UNKNOWN,ON SCENE,INJURY AND / OR TOW DUE TO CRASH,Y,,,"OVER $1,500",01/08/2025 03:48:00 PM,IMPROPER TURNING/NO SIGNAL,IMPROPER TURNING/NO SIGNAL,1653,W,CONGRESS PKWY,1231.0,,,,,,,2,"REPORTED, NOT EVIDENT",1.0,0.0,0.0,0.0,1.0,1.0,0.0,14,4,1,41.875033341,-87.668753001,POINT (-87.668753001303 41.875033341441),2025-01-08 14:55:00
e25c5ab930e4ae21da2bb98aae163684054f4196fdfd1d2c325db070ac44b7d3db22f5a3afd0c44fb6cc1b9bf63d02ad45d435206b1d1078c862df2408f09e4c,,01/08/2025 02:50:00 PM,35,TRAFFIC SIGNAL,FUNCTIONING PROPERLY,CLEAR,DAYLIGHT,REAR END,OTHER,,STRAIGHT AND LEVEL,DRY,NO DEFECTS,ON SCENE,NO INJURY / DRIVE AWAY,,,,"OVER $1,500",01/08/2025 03:00:00 PM,FOLLOWING TOO CLOSELY,NOT APPLICABLE,10000,W,OHARE ST,1651.0,,,,,,,2,NO INDICATION OF INJURY,0.0,0.0,0.0,0.0,0.0,2.0,0.0,14,4,1,41.976201139,-87.905309125,POINT (-87.905309125103 41.976201139024),2025-01-08 14:50:00
e422579a5431ff82d34125ac1ab77b343ab7e90f0064d34dd1ca113dd8936ca0019c4a9582de02baab36bbf640c0d5d9ffe9d5d423e4988aaa3e596f1f766a0a,,01/08/2025 02:50:00 PM,31,TRAFFIC SIGNAL,FUNCTIONING PROPERLY,CLEAR,DAYLIGHT,TURNING,NOT DIVIDED,,STRAIGHT AND LEVEL,DRY,NO DEFECTS,ON SCENE,INJURY AND / OR TOW DUE TO CRASH,Y,,,"OVER $1,500",01/08/2025 03:54:00 PM,UNABLE TO DETERMINE,NOT APPLICABLE,3900,S,WESTERN AVE,921.0,,,,,,,2,"REPORTED, NOT EVIDENT",1.0,0.0,0.0,0.0,1.0,3.0,0.0,14,4,1,41.822954294,-87.685012986,POINT (-87.685012986006 41.822954294114),2025-01-08 14:50:00
3054a0c79f32ede6a2dc7c50ab7f67d9e5d596dfa563e81102a1c6769c5e8eda4d8e5decac37d401d3936af8af420d937358d2b65961a3d3edc24ce491fc4c76,,01/08/2025 02:49:00 PM,30,TRAFFIC SIGNAL,FUNCTIONING PROPERLY,CLEAR,DAYLIGHT,REAR END,FOUR WAY,,STRAIGHT AND LEVEL,DRY,NO DEFECTS,NOT ON SCENE (DESK REPORT),NO INJURY / DRIVE AWAY,,,,"OVER $1,500",01/08/2025 05:49:00 PM,FOLLOWING TOO CLOSELY,FOLLOWING TOO CLOSELY,6300,S,YALE AVE,722.0,,,,,,,2,NO INDICATION OF INJURY,0.0,0.0,0.0,0.0,0.0,2.0,0.0,14,4,1,41.779926518,-87.631979326,POINT (-87.631979325574 41.779926517686),2025-01-08 14:49:00
61e561d07959f6d7832c4491cb43486e43fb9e1daa30b7ad192583274938e76cff8246edc790deb71e48fe91a29546f434f451cb40340a6c329c46a3ef452fbb,,01/08/2025 02:45:00 PM,30,TRAFFIC SIGNAL,FUNCTIONING PROPERLY,CLOUDY/OVERCAST,DAYLIGHT,TURNING,DIVIDED - W/MEDIAN (NOT RAISED),,STRAIGHT AND LEVEL,DRY,NO DEFECTS,NOT ON SCENE (DESK REPORT),NO INJURY / DRIVE AWAY,Y,,,"OVER $1,500",01/08/2025 03:45:00 PM,UNABLE TO DETERMINE,UNABLE TO DETERMINE,700,S,LARAMIE AVE,1522.0,,,,,,,2,NO INDICATION OF INJURY,0.0,0.0,0.0,0.0,0.0,2.0,0.0,14,4,1,41.871938985,-87.75491455,POINT (-87.754914549958 41.871938985166),2025-01-08 14:45:00
d4e3633123bc918b0fb3d75efc6d05f686ca91e05721a685540999d1e03a943dad4dc0afc4a288c41005ccc11fc591bc58fd0f75f1513aa7800e73b6b48524c1,,01/08/2025 02:45:00 PM,30,STOP SIGN/FLASHER,FUNCTIONING PROPERLY,CLEAR,DAYLIGHT,TURNING,T-INTERSECTION,,STRAIGHT AND LEVEL,DRY,NO DEFECTS,NOT ON SCENE (DESK REPORT),NO INJURY / DRIVE AWAY,Y,,,"OVER $1,500",01/15/2025 01:30:00 PM,UNABLE TO DETERMINE,NOT APPLICABLE,3800,N,CALIFORNIA AVE,1733.0,,,,,,,2,NO INDICATION OF INJURY,0.0,0.0,0.0,0.0,0.0,2.0,0.0,14,4,1,41.950414996,-87.698286621,POINT (-87.698286620863 41.950414996405),2025-01-08 14:45:00
d9fbdebacbae1c5625354bccd8e00100af106af31fe2588f5f856148946c50445b43c741b76e837c4a3919149f16a8214c62ee66d0536fb6782e527dc82feab9,,01/08/2025 02:45:00 PM,30,NO CONTROLS,NO CONTROLS,CLEAR,DAYLIGHT,SIDESWIPE SAME DIRECTION,NOT DIVIDED,,STRAIGHT AND LEVEL,DRY,NO DEFECTS,NOT ON SCENE (DESK REPORT),NO INJURY / DRIVE AWAY,,,,"$501 - $1,500",01/09/2025 11:40:00 AM,IMPROPER LANE USAGE,UNABLE TO DETERMINE,3450,W,77TH ST,835.0,,,,,,,2,NO INDICATION OF INJURY,0.0,0.0,0.0,0.0,0.0,2.0,0.0,14,4,1,41.753470138,-87.709438047,POINT (-87.70943804668 41.753470137859),2025-01-08 14:45:00
1f5b8c14cd5e33698c4ef5e3b4a85225228e054bce24520891971a08ef21c654c51dbc5ab65948d3dbfa684efe99dee960624f00086f99b248a3e349d6c6c13a,,01/08/2025 02:43:00 PM,30,STOP SIGN/FLASHER,FUNCTIONING PROPERLY,CLEAR,DAYLIGHT,PEDESTRIAN,FOUR WAY,,STRAIGHT AND LEVEL,DRY,NO DEFECTS,ON SCENE,INJURY AND / OR TOW DUE TO CRASH,Y,,,$500 OR LESS,01/08/2025 02:44:00 PM,FAILING TO YIELD RIGHT-OF-WAY,FAILING TO YIELD RIGHT-OF-WAY,4500,N,AVERS AVE,1723.0,,,,,,,2,"REPORTED, NOT EVIDENT",1.0,0.0,0.0,0.0,1.0,1.0,0.0,14,4,1,41.962945869,-87.724362004,POINT (-87.724362004392 41.962945868798),2025-01-08 14:43:00
47d2e482bac569a239d34dbccba14746c0f4065dca39de27bef824c55411be115a891badbdb57ee5245eb98a731662704940d6d71e5789326403e86457b04c93,,01/08/2025 02:41:00 PM,30,TRAFFIC SIGNAL,NO CONTROLS,CLEAR,DAYLIGHT,ANGLE,FOUR WAY,,STRAIGHT AND LEVEL,DRY,NO DEFECTS,ON SCENE,INJURY AND / OR TOW DUE TO CRASH,Y,,Y,"OVER $1,500",01/08/2025 03:40:00 PM,DISREGARDING TRAFFIC SIGNALS,NOT APPLICABLE,699,S,LARAMIE AVE,1533.0,,,,,,,2,NONINCAPACITATING INJURY,1.0,0.0,0.0,1.0,0.0,2.0,0.0,14,4,1,41.872009761,-87.754623938,POINT (-87.75462393769 41.872009761189),2025-01-08 14:41:00
c804655ee9dbfc181ae6aa187f272e1ff03631e5e6b50e9cc3ed1c5444810f55727967ed6d35faf88283b82ae0352440eb256df425969f674e31fa709a75340a,,01/08/2025 02:40:00 PM,25,TRAFFIC SIGNAL,FUNCTIONING IMPROPERLY,CLEAR,DAYLIGHT,ANGLE,NOT DIVIDED,,STRAIGHT AND LEVEL,DRY,NO DEFECTS,NOT ON SCENE (DESK REPORT),NO INJURY / DRIVE AWAY,Y,,Y,"OVER $1,500",01/08/2025 04:07:00 PM,FAILING TO YIELD RIGHT-OF-WAY,UNABLE TO DETERMINE,4800,W,FLOURNOY ST,1533.0,,,,,,,2,NO INDICATION OF INJURY,0.0,0.0,0.0,0.0,0.0,2.0,0.0,14,4,1,41.872180929,-87.744984428,POINT (-87.744984427653 41.87218092888),2025-01-08 14:40:00
d8e1d4f24a14d7b18013e16cd3c19d03255207df2c47eaa1050d7397ee24d686d275b4b187c9e1045e72325c344aee38c75bb722915cbc1c61a0eff40867b91f,,01/08/2025 02:30:00 PM,30,NO CONTROLS,NO CONTROLS,CLEAR,DAYLIGHT,REAR END,PARKING LOT,,STRAIGHT AND LEVEL,DRY,NO DEFECTS,NOT ON SCENE (DESK REPORT),NO INJURY / DRIVE AWAY,,,Y,"$501 - $1,500",01/08/2025 03:00:00 PM,IMPROPER BACKING,NOT APPLICABLE,4700,S,KEDZIE AVE,821.0,,,,,,,2,NO INDICATION OF INJURY,0.0,0.0,0.0,0.0,0.0,2.0,0.0,14,4,1,41.808047272,-87.704118822,POINT (-87.704118822299 41.80804727165),2025-01-08 14:30:00
78c35b60210b305c50ce2cd890ed50e58f2ca28be53cdda1d2f70adae828f263d7c06dee5d6ca20ae4055fb2aed4d5bd22b539255b9b7db6393abb12cf59e81d,,01/08/2025 02:25:00 PM,30,UNKNOWN,UNKNOWN,UNKNOWN,DUSK,ANGLE,UNKNOWN,,STRAIGHT AND LEVEL,UNKNOWN,UNKNOWN,NOT ON SCENE (DESK REPORT),NO INJURY / DRIVE AWAY,,,,"OVER $1,500",01/08/2025 03:30:00 PM,UNABLE TO DETERMINE,UNABLE TO DETERMINE,536,N,SPAULDING AVE,1121.0,,,,,,,2,NO INDICATION OF INJURY,0.0,0.0,0.0,0.0,0.0,2.0,0.0,14,4,1,41.891387243,-87.709018767,POINT (-87.709018766896 41.891387242815),2025-01-08 14:25:00
e44671374cf135d9e031fa5bbb5e011d7b3554c70d3a67eb4d76a2bb4c7bb9f7e1c9a5af406f68d9e6802f2b9bfd17f51eb2ad30bfd202c84882df968c5f1a5f,,01/08/2025 02:15:00 PM,30,NO CONTROLS,NO CONTROLS,UNKNOWN,DAYLIGHT,PARKED MOTOR VEHICLE,UNKNOWN,,STRAIGHT AND LEVEL,UNKNOWN,UNKNOWN,NOT ON SCENE (DESK REPORT),NO INJURY / DRIVE AWAY,,,,$500 OR LESS,01/08/2025 06:35:00 PM,NOT APPLICABLE,NOT APPLICABLE,801,W,NORTH AVE,1822.0,,,,,,,2,NO INDICATION OF INJURY,0.0,0.0,0.0,0.0,0.0,2.0,0.0,14,4,1,41.910809017,-87.648330325,POINT (-87.648330325234 41.910809016625),2025-01-08 14:15:00
25d1e60988968798711c843a90b93c2bd1711a8c9a85178d59e42be40727c581fd7b5a2437404afc912d22615ce4d3a7f04a31fe7c1f5088f557dccbcbead410,,01/08/2025 02:10:00 PM,30,NO CONTROLS,NO CONTROLS,CLEAR,DAYLIGHT,REAR TO REAR,OTHER,,STRAIGHT AND LEVEL,DRY,NO DEFECTS,NOT ON SCENE (DESK REPORT),NO INJURY / DRIVE AWAY,,,,"OVER $1,500",01/08/2025 03:40:00 PM,UNABLE TO DETERMINE,UNABLE TO DETERMINE,11400,S,GREEN BAY AVE,433.0,,,,,,,2,NO INDICATION OF INJURY,0.0,0.0,0.0,0.0,0.0,2.0,0.0,14,4,1,41.688135528,-87.541459329,POINT (-87.541459329335 41.688135528193),2025-01-08 14:10:00
094517597b9bbd9a17e299ca3ba005efa12f51862b16054dc10b443c73acd41aefd1fb6d4047d03a75fe45897f62eed8c2f2211129b487a9fa7f6d44de381620,,01/08/2025 02:00:00 PM,30,UNKNOWN,UNKNOWN,UNKNOWN,UNKNOWN,REAR END,UNKNOWN,,STRAIGHT AND LEVEL,UNKNOWN,UNKNOWN,NOT ON SCENE (DESK REPORT),NO INJURY / DRIVE AWAY,,,,"OVER $1,500",01/09/2025 01:35:00 PM,UNABLE TO DETERMINE,NOT APPLICABLE,7758,W,DEVON AVE,1612.0,,,,,,,2,NO INDICATION OF INJURY,0.0,0.0,0.0,0.0,0.0,3.0,0.0,14,4,1,41.996964919,-87.821303809,POINT (-87.821303808666 41.996964918589),2025-01-08 14:00:00
7a400412de4cbdf9befcbf0bc86c6f547739f712f0e31c4ae56196ba1df240b95786c0ac20975fb67580b5286089378d5bd5ca64b5adfa2ed93e55dc02a557fe,,01/08/2025 02:00:00 PM,30,NO CONTROLS,NO CONTROLS,UNKNOWN,UNKNOWN,PARKED MOTOR VEHICLE,ONE-WAY,,STRAIGHT AND LEVEL,UNKNOWN,UNKNOWN,NOT ON SCENE (DESK REPORT),NO INJURY / DRIVE AWAY,,,Y,"OVER $1,500",01/13/2025 04:00:00 PM,UNABLE TO DETERMINE,UNABLE TO DETERMINE,1225,S,LAWNDALE AVE,1011.0,,,,,,,2,NO INDICATION OF INJURY,0.0,0.0,0.0,0.0,0.0,1.0,0.0,14,4,1,41.865472678,-87.717685239,POINT (-87.71768523871 41.865472678254),2025-01-08 14:00:00
7b22912030de0b0644c86cf0b2b33c88650a24090b73664cf0c098dd86ba33f0910e3843c1e27ef1201ca8d1ae5d9c8e1a0bb6bb7df8792d1db229fcfd2cd305,,01/08/2025 02:00:00 PM,25,STOP SIGN/FLASHER,FUNCTIONING PROPERLY,UNKNOWN,UNKNOWN,TURNING,ONE-WAY,,STRAIGHT AND LEVEL,UNKNOWN,UNKNOWN,,NO INJURY / DRIVE AWAY,,,,"OVER $1,500",01/08/2025 02:40:00 PM,UNABLE TO DETERMINE,UNABLE TO DETERMINE,2725,N,LINDER AVE,2514.0,,,,,,,2,NO INDICATION OF INJURY,0.0,0.0,0.0,0.0,0.0,3.0,0.0,14,4,1,41.930291978,-87.763606788,POINT (-87.763606788104 41.930291978097),2025-01-08 14:00:00
d2e356a4cc739711fa0699a3a4e6fe06a041be7dcbfaa19c733f3a6fe608649c47e72e99ad4adae6613bd0bbb8c2c7a7199b5740bee35cf9174f6d4a0ba6a63a,,01/08/2025 01:54:00 PM,30,YIELD,FUNCTIONING PROPERLY,CLEAR,DAYLIGHT,PEDESTRIAN,FOUR WAY,,STRAIGHT AND LEVEL,DRY,NO DEFECTS,ON SCENE,INJURY AND / OR TOW DUE TO CRASH,Y,,Y,"OVER $1,500",01/08/2025 01:54:00 PM,FAILING TO REDUCE SPEED TO AVOID CRASH,NOT APPLICABLE,3200,W,87TH ST,834.0,,,,,,,2,NONINCAPACITATING INJURY,1.0,0.0,0.0,1.0,0.0,1.0,0.0,13,4,1,41.73529567,-87.702219019,POINT (-87.702219018846 41.735295669627),2025-01-08 13:54:00
2d9c5a7b8218c6d2c7aeac0f9bc612dea563a000196b6703f0122341e8b049f25d14991396112f1e8a3b52591fcdf5af746471301ab4e57a3b73ddbc0d667023,Y,01/08/2025 01:35:00 PM,30,TRAFFIC SIGNAL,FUNCTIONING PROPERLY,CLEAR,DAYLIGHT,ANGLE,CENTER TURN LANE,,STRAIGHT AND LEVEL,DRY,UNKNOWN,NOT ON SCENE (DESK REPORT),NO INJURY / DRIVE AWAY,,,Y,"OVER $1,500",01/08/2025 02:30:00 PM,FAILING TO YIELD RIGHT-OF-WAY,NOT APPLICABLE,3610,N,WESTERN AVE,1921.0,,,,,,,2,NO INDICATION OF INJURY,0.0,0.0,0.0,0.0,0.0,2.0,0.0,13,4,1,41.947100687,-87.688413719,POINT (-87.688413719427 41.947100686508),2025-01-08 13:35:00
4a1709b6661e3fea6a8c4361897f2c302a45ee03e9649ad6a9553f542bf66562cf56ff631398b4db951b359aa6e8773e770ad0bbd68d51d6ede6e48c2f2ecdfb,,01/08/2025 01:30:00 PM,30,UNKNOWN,UNKNOWN,CLEAR,DAYLIGHT,OTHER OBJECT,UNKNOWN,,STRAIGHT AND LEVEL,UNKNOWN,UNKNOWN,ON SCENE,NO INJURY / DRIVE AWAY,,,,"OVER $1,500",01/08/2025 01:49:00 PM,FOLLOWING TOO CLOSELY,NOT APPLICABLE,300,N,LA SALLE DR,1831.0,,,,,,,1,NO INDICATION OF INJURY,0.0,0.0,0.0,0.0,0.0,1.0,0.0,13,4,1,41.88752864,-87.632646837,POINT (-87.632646836524 41.887528639657),2025-01-08 13:30:00
569e90131879b77dc305fbd77ff204847bd08f5e7aeb280fa3ff456d27b08e146717e7094ad5806d51c95eb75df2ed6d029b0a4516e076d8c2b4d4f4d597e345,,01/08/2025 01:30:00 PM,30,UNKNOWN,UNKNOWN,CLOUDY/OVERCAST,DAWN,REAR END,UNKNOWN,,STRAIGHT AND LEVEL,UNKNOWN,UNKNOWN,,NO INJURY / DRIVE AWAY,,,,"OVER $1,500",01/08/2025 02:30:00 PM,UNABLE TO DETERMINE,UNABLE TO DETERMINE,3940,W,LAWRENCE AVE,1712.0,,,,,,,2,NO INDICATION OF INJURY,0.0,0.0,0.0,0.0,0.0,2.0,0.0,13,4,1,41.968359543,-87.727266537,POINT (-87.727266536608 41.968359543199),2025-01-08 13:30:00
ae79a8de29c81d4693bf112db290e374922f38d38b7a57a840a05cc6e7260783fdf6338614c5704ad24e06141787649a256e18267b7f65bb776a176f565113b3,,01/08/2025 01:30:00 PM,30,NO CONTROLS,NO CONTROLS,CLEAR,DAYLIGHT,PARKED MOTOR VEHICLE,NOT DIVIDED,,STRAIGHT AND LEVEL,DRY,NO DEFECTS,NOT ON SCENE (DESK REPORT),NO INJURY / DRIVE AWAY,,,,"$501 - $1,500",01/09/2025 02:00:00 PM,UNABLE TO DETERMINE,UNABLE TO DETERMINE,9046,S,COMMERCIAL AVE,423.0,,,,,,,2,NO INDICATION OF INJURY,0.0,0.0,0.0,0.0,0.0,2.0,0.0,13,4,1,41.730505195,-87.551413706,POINT (-87.551413705836 41.730505195068),2025-01-08 13:30:00
f2bb8e2cc317458d910889dca484c757e1272f1454879d8866c7daaf9fd68d8e0cc295507d4a29af897c053c70d21c8645f9d31a3f22b60bd4c91f2f91e805fe,,01/08/2025 01:30:00 PM,10,UNKNOWN,UNKNOWN,UNKNOWN,DAYLIGHT,REAR TO SIDE,NOT DIVIDED,,STRAIGHT AND LEVEL,UNKNOWN,UNKNOWN,NOT ON SCENE (DESK REPORT),NO INJURY / DRIVE AWAY,,,,"OVER $1,500",01/10/2025 01:20:00 PM,UNABLE TO DETERMINE,NOT APPLICABLE,3260,W,BELMONT AVE,1733.0,,,,,,,2,NO INDICATION OF INJURY,0.0,0.0,0.0,0.0,0.0,2.0,0.0,13,4,1,41.939417382,-87.709925116,POINT (-87.709925116462 41.939417381759),2025-01-08 13:30:00
ab5d3c3e31f666fe9a62ad7e2273d061f9e0aa9977edb5031ddd6cbff6135e93b92bd501df12253798ea1a69c40a106a175155f00ef8a3c1139aff03a1f7708c,,01/08/2025 01:27:00 PM,30,STOP SIGN/FLASHER,OTHER,CLEAR,DAYLIGHT,REAR END,NOT DIVIDED,,STRAIGHT AND LEVEL,DRY,NO DEFECTS,NOT ON SCENE (DESK REPORT),NO INJURY / DRIVE AWAY,,,,"$501 - $1,500",01/08/2025 03:14:00 PM,NOT APPLICABLE,NOT APPLICABLE,1456,S,WABASH AVE,131.0,,,,,,,2,NO INDICATION OF INJURY,0.0,0.0,0.0,0.0,0.0,2.0,0.0,13,4,1,41.862510106,-87.625865619,POINT (-87.625865619213 41.862510106012),2025-01-08 13:27:00
b085d319df51bd9656d76be1bc3df6a58529f8a99344a923416d75ced50d5eb98272271ab5a08eee67caa26fd7196c13d32be7cac44302e2aab2e430ac1d2702,,01/08/2025 01:26:00 PM,30,STOP SIGN/FLASHER,FUNCTIONING PROPERLY,CLEAR,DAYLIGHT,TURNING,DIVIDED - W/MEDIAN BARRIER,,STRAIGHT AND LEVEL,DRY,UNKNOWN,ON SCENE,NO INJURY / DRIVE AWAY,,,,"OVER $1,500",01/08/2025 01:27:00 PM,UNABLE TO DETERMINE,UNABLE TO DETERMINE,7158,S,STONY ISLAND AVE,324.0,,Y,,,,,2,NO INDICATION OF INJURY,0.0,0.0,0.0,0.0,0.0,3.0,0.0,13,4,1,41.764276868,-87.586428542,POINT (-87.586428541523 41.764276868225),2025-01-08 13:26:00
66304dd7b048e0edf21d761a851a245bea5a3fa9733399c3b5b3196183371de10797a707bab387213356bc9700cac22e30a1cb65569288fc8fdde222353ed5c4,Y,01/08/2025 01:24:00 PM,30,NO CONTROLS,NO CONTROLS,CLEAR,DAYLIGHT,SIDESWIPE SAME DIRECTION,NOT DIVIDED,,STRAIGHT AND LEVEL,UNKNOWN,NO DEFECTS,ON SCENE,NO INJURY / DRIVE AWAY,,,,"OVER $1,500",01/08/2025 01:25:00 PM,FAILING TO YIELD RIGHT-OF-WAY,UNABLE TO DETERMINE,3918,N,HARLEM AVE,1631.0,,,,,,,2,NO INDICATION OF INJURY,0.0,0.0,0.0,0.0,0.0,3.0,0.0,13,4,1,41.95133363,-87.807362656,POINT (-87.807362656353 41.951333630339),2025-01-08 13:24:00
5e2ef400d4e4ce1a690ce9598a678748d5425c05c7af823ad68b9384e0249c2306deb3cc22025deb3d852520e677f8a691d855ad16a2aff428ddf5ec349a83b4,,01/08/2025 01:23:00 PM,25,UNKNOWN,UNKNOWN,CLEAR,DAYLIGHT,TURNING,UNKNOWN,,STRAIGHT AND LEVEL,DRY,UNKNOWN,NOT ON SCENE (DESK REPORT),NO INJURY / DRIVE AWAY,Y,,Y,$500 OR LESS,01/08/2025 02:00:00 PM,UNABLE TO DETERMINE,NOT APPLICABLE,6200,S,UNION AVE,711.0,,,,,,,2,NO INDICATION OF INJURY,0.0,0.0,0.0,0.0,0.0,2.0,0.0,13,4,1,41.781557315,-87.642812767,POINT (-87.642812767062 41.781557315072),2025-01-08 13:23:00
e25864dfdfc71922b0ee4e5341fdebc36412071b288bbbd71a141ec8f483016f8baadc536383bfcd55460145ebea12a6fe68670b6cf1bab2fc9d17d14f375d1a,,01/08/2025 01:20:00 PM,30,TRAFFIC SIGNAL,FUNCTIONING PROPERLY,CLEAR,DAYLIGHT,REAR END,FOUR WAY,,STRAIGHT AND LEVEL,DRY,NO DEFECTS,NOT ON SCENE (DESK REPORT),NO INJURY / DRIVE AWAY,Y,,,"OVER $1,500",01/08/2025 01:45:00 PM,UNABLE TO DETERMINE,UNABLE TO DETERMINE,3532,W,PETERSON AVE,1711.0,,,,,,,2,NO INDICATION OF INJURY,0.0,0.0,0.0,0.0,0.0,2.0,0.0,13,4,1,41.990385874,-87.717790252,POINT (-87.717790251745 41.990385873578),2025-01-08 13:20:00
c5197f8599429746a0ec2fff406ea6d57d498ce83c433c64dcf5d2ab8b60aa139ecd3af453b030ecc0ebdcb1b28e810da95ac5e2a7c972038f867791d9aa4f2b,,01/08/2025 01:18:00 PM,30,NO CONTROLS,NO CONTROLS,CLEAR,DAYLIGHT,PARKED MOTOR VEHICLE,DIVIDED - W/MEDIAN (NOT RAISED),,STRAIGHT AND LEVEL,DRY,NO DEFECTS,ON SCENE,NO INJURY / DRIVE AWAY,,,,"OVER $1,500",01/08/2025 01:20:00 PM,IMPROPER BACKING,NOT APPLICABLE,2358,N,LEAVITT ST,1432.0,,,,,,,2,NO INDICATION OF INJURY,0.0,0.0,0.0,0.0,0.0,1.0,0.0,13,4,1,41.924375062,-87.682884108,POINT (-87.682884108402 41.924375061672),2025-01-08 13:18:00
2621247dffd45c82aaaefdc76664c7478f2b4cc09f6b23f91dc7d380d58084d38995882dbf40e973b84b9d7ce59a2f24cfa4346563ee5056b63f42045fbc5bb5,,01/08/2025 01:15:00 PM,30,NO CONTROLS,NO CONTROLS,CLEAR,DAYLIGHT,PARKED MOTOR VEHICLE,NOT DIVIDED,,STRAIGHT AND LEVEL,DRY,NO DEFECTS,NOT ON SCENE (DESK REPORT),NO INJURY / DRIVE AWAY,,,Y,"OVER $1,500",01/14/2025 08:30:00 AM,UNABLE TO DETERMINE,NOT APPLICABLE,1846,W,47TH ST,924.0,,,,,,,2,NO INDICATION OF INJURY,0.0,0.0,0.0,0.0,0.0,1.0,0.0,13,4,1,41.808647756,-87.671693588,POINT (-87.67169358754 41.808647755594),2025-01-08 13:15:00
4a9bae6f64b97f45dd4861e3474c870c230e7e57cfdcd2a9f1b7e6b51bd5cd494f79f6e64c8b73609569ad2d929d81d001d339453e857dd1d43c8988c3ae8775,,01/08/2025 01:15:00 PM,25,NO CONTROLS,NO CONTROLS,CLEAR,DAYLIGHT,FIXED OBJECT,ALLEY,,STRAIGHT AND LEVEL,DRY,NO DEFECTS,ON SCENE,NO INJURY / DRIVE AWAY,,,,"$501 - $1,500",01/08/2025 02:00:00 PM,UNABLE TO DETERMINE,UNABLE TO DETERMINE,3438,S,GILES AVE,211.0,,,,,,,1,NO INDICATION OF INJURY,0.0,0.0,0.0,0.0,0.0,1.0,0.0,13,4,1,41.831722842,-87.619488013,POINT (-87.619488013349 41.831722841782),2025-01-08 13:15:00
87e2c366527db04a02bb9bb3d8b9ff09275893846ff68362c078c4e5987ff209b504a4e673f04e4bf9f7a7de7070794c0156fae069f993420acc3d752ce91e50,,01/08/2025 01:15:00 PM,35,NO CONTROLS,NO CONTROLS,CLEAR,DAYLIGHT,SIDESWIPE SAME DIRECTION,DIVIDED - W/MEDIAN (NOT RAISED),,STRAIGHT AND LEVEL,DRY,NO DEFECTS,ON SCENE,NO INJURY / DRIVE AWAY,,,,"OVER $1,500",01/08/2025 01:56:00 PM,IMPROPER LANE USAGE,UNABLE TO DETERMINE,9920,S,WESTERN AVE,2211.0,,,,,,,2,NO INDICATION OF INJURY,0.0,0.0,0.0,0.0,0.0,2.0,0.0,13,4,1,41.713013336,-87.68196971,POINT (-87.681969710446 41.713013336358),2025-01-08 13:15:00