CRASH_RECORD_ID,CRASH_DATE_EST_I,CRASH_DATE,POSTED_SPEED_LIMIT,TRAFFIC_CONTROL_DEVICE,DEVICE_CONDITION,WEATHER_CONDITION,LIGHTING_CONDITION,FIRST_CRASH_TYPE,TRAFFICWAY_TYPE,LANE_CNT,ALIGNMENT,ROADWAY_SURFACE_COND,ROAD_DEFECT,REPORT_TYPE,CRASH_TYPE,INTERSECTION_RELATED_I,NOT_RIGHT_OF_WAY_I,HIT_AND_RUN_I,DAMAGE,DATE_POLICE_NOTIFIED,PRIM_CONTRIBUTORY_CAUSE,SEC_CONTRIBUTORY_CAUSE,STREET_NO,STREET_DIRECTION,STREET_NAME,BEAT_OF_OCCURRENCE,PHOTOS_TAKEN_I,STATEMENTS_TAKEN_I,DOORING_I,WORK_ZONE_I,WORK_ZONE_TYPE,WORKERS_PRESENT_I,NUM_UNITS,MOST_SEVERE_INJURY,INJURIES_TOTAL,INJURIES_FATAL,INJURIES_INCAPACITATING,INJURIES_NON_INCAPACITATING,INJURIES_REPORTED_NOT_EVIDENT,INJURIES_NO_INDICATION,INJURIES_UNKNOWN,CRASH_HOUR,CRASH_DAY_OF_WEEK,CRASH_MONTH,LATITUDE,LONGITUDE,LOCATION,timestamp
ac02c10050e1abeb89519932a922c715c2cca58e5e3bd0b20621a1085a7f89976fbb01ee4192f5be519d2c0933750939c8b5ff3d7f8925156f1ed5ecd3fce2f8,,01/08/2025 01:15:00 PM,30,NO CONTROLS,NO CONTROLS,UNKNOWN,UNKNOWN,SIDESWIPE SAME DIRECTION,ONE-WAY,,STRAIGHT AND LEVEL,UNKNOWN,UNKNOWN,NOT ON SCENE (DESK REPORT),NO INJURY / DRIVE AWAY,,,Y,$500 OR LESS,01/08/2025 04:49:00 PM,IMPROPER OVERTAKING/PASSING,IMPROPER OVERTAKING/PASSING,1501,S,FAIRFIELD AVE,1023.0,,,,,,,2,NO INDICATION OF INJURY,0.0,0.0,0.0,0.0,0.0,4.0,0.0,13,4,1,41.861057946,-87.694265985,POINT (-87.69426598461 41.86105794562),2025-01-08 13:15:00
bdb2597e119c05cbcfe8f879818b80148eb8060eb3706da5611d65bda621db2e4bf130f480b2b653c8e8217cffe6e2ba14ab891a0ccafa34fcb8bc33ef19e63c,,01/08/2025 01:15:00 PM,30,STOP SIGN/FLASHER,NO CONTROLS,CLOUDY/OVERCAST,DAYLIGHT,TURNING,DIVIDED - W/MEDIAN (NOT RAISED),,STRAIGHT AND LEVEL,DRY,NO DEFECTS,NOT ON SCENE (DESK REPORT),NO INJURY / DRIVE AWAY,Y,,Y,"OVER $1,500",01/08/2025 03:50:00 PM,FAILING TO YIELD RIGHT-OF-WAY,UNABLE TO DETERMINE,6600,S,DAMEN AVE,726.0,,,,,,,2,NO INDICATION OF INJURY,0.0,0.0,0.0,0.0,0.0,2.0,0.0,13,4,1,41.773798799,-87.673901174,POINT (-87.67390117362 41.773798799455),2025-01-08 13:15:00
fc41b088629c0a658e751317a1afb7ee88244d9024bd491fa6cc2eece14e83c6531f9a7d0d1aa571ca3c7d8e4c71a8e082539cd204ad7e62db77a9a3f5910c08,,01/08/2025 01:13:00 PM,30,TRAFFIC SIGNAL,FUNCTIONING PROPERLY,CLEAR,DAYLIGHT,TURNING,DIVIDED - W/MEDIAN (NOT RAISED),,STRAIGHT AND LEVEL,DRY,UNKNOWN,ON SCENE,NO INJURY / DRIVE AWAY,Y,,,"OVER $1,500",01/08/2025 01:13:00 PM,FAILING TO YIELD RIGHT-OF-WAY,NOT APPLICABLE,5900,S,CICERO AVE,813.0,,,,,,,2,NO INDICATION OF INJURY,0.0,0.0,0.0,0.0,0.0,2.0,0.0,13,4,1,41.785643324,-87.741485778,POINT (-87.741485778405 41.785643323876),2025-01-08 13:13:00
4448aa80364ea3efc5af93adfc776f7df42bc546298cf3ef28f4ce772af813764710a25b2029515a393f653b10dd827491db3d03bf8448f3ffed3f45d974f7ff,,01/08/2025 01:11:00 PM,30,STOP SIGN/FLASHER,OTHER,CLEAR,DAYLIGHT,TURNING,DIVIDED - W/MEDIAN (NOT RAISED),,STRAIGHT AND LEVEL,DRY,NO DEFECTS,NOT ON SCENE (DESK REPORT),NO INJURY / DRIVE AWAY,,,,"$501 - $1,500",01/08/2025 02:00:00 PM,UNABLE TO DETERMINE,FAILING TO YIELD RIGHT-OF-WAY,6814,S,ASHLAND AVE,725.0,,,,,,,2,NO INDICATION OF INJURY,0.0,0.0,0.0,0.0,0.0,3.0,0.0,13,4,1,41.769883177,-87.664101565,POINT (-87.664101564582 41.769883177233),2025-01-08 13:11:00
a0227023f8853c7e750baf75fb96273005d519cbdf06e41398c17647d2a1d74306e139464f5c15682c875cd638b5ee2fb29108d13ddb1d41574aa6b3c4cb0c13,,01/08/2025 01:10:00 PM,30,TRAFFIC SIGNAL,FUNCTIONING PROPERLY,CLEAR,DAYLIGHT,ANGLE,FOUR WAY,,STRAIGHT AND LEVEL,DRY,NO DEFECTS,NOT ON SCENE (DESK REPORT),INJURY AND / OR TOW DUE TO CRASH,Y,,,"OVER $1,500",01/08/2025 01:45:00 PM,UNABLE TO DETERMINE,UNABLE TO DETERMINE,4300,S,RACINE AVE,924.0,,,,,,,2,NO INDICATION OF INJURY,0.0,0.0,0.0,0.0,0.0,2.0,0.0,13,4,1,41.815938831,-87.655478869,POINT (-87.655478868506 41.81593883068),2025-01-08 13:10:00
ed0a6e94649074f7b2a32bfdd75b6982eda299f29683d18739478b98382a00c1168ff21bb4a716f694a358fc9350d923b1d4b44bd176290c2980643b2ab69deb,,01/08/2025 01:05:00 PM,30,NO CONTROLS,NO CONTROLS,CLEAR,DAYLIGHT,TURNING,NOT DIVIDED,,STRAIGHT AND LEVEL,DRY,NO DEFECTS,NOT ON SCENE (DESK REPORT),NO INJURY / DRIVE AWAY,,,,"$501 - $1,500",01/08/2025 01:20:00 PM,UNABLE TO DETERMINE,NOT APPLICABLE,2732,N,CLARK ST,1935.0,,,,,,,2,NO INDICATION OF INJURY,0.0,0.0,0.0,0.0,0.0,2.0,0.0,13,4,1,41.932150931,-87.644887373,POINT (-87.644887373006 41.932150931423),2025-01-08 13:05:00
7ea376c185f006acd357d36abf458e9c50f4a02470d793cecd3f4c3435dcf0213ed289bc27ebd1dae2f0874c370cb1e3fb9f20503ec05545262d20c5f85147d9,,01/08/2025 01:04:00 PM,30,NO CONTROLS,NO CONTROLS,CLEAR,DAYLIGHT,PARKED MOTOR VEHICLE,ONE-WAY,,STRAIGHT AND LEVEL,DRY,NO DEFECTS,ON SCENE,NO INJURY / DRIVE AWAY,,,Y,"OVER $1,500",01/08/2025 01:30:00 PM,NOT APPLICABLE,NOT APPLICABLE,9101,S,BALTIMORE AVE,424.0,,,,,,,2,NO INDICATION OF INJURY,0.0,0.0,0.0,0.0,0.0,1.0,0.0,13,4,1,41.730015395,-87.548349699,POINT (-87.548349699487 41.730015394818),2025-01-08 13:04:00
0816ad07de273ff5f674fc84830d8fecf1b74950da8db0a5a9dc7a4d078cf2a6cdfa6f24856d66bbcf834fecc044442245a979a3bf0519a1bd73005725f9f043,,01/08/2025 12:50:00 PM,20,NO CONTROLS,NO CONTROLS,CLEAR,DAYLIGHT,SIDESWIPE SAME DIRECTION,ONE-WAY,,STRAIGHT AND LEVEL,DRY,NO DEFECTS,ON SCENE,NO INJURY / DRIVE AWAY,,,,"$501 - $1,500",01/08/2025 12:56:00 PM,FAILING TO YIELD RIGHT-OF-WAY,NOT APPLICABLE,1044,N,FRANCISCO AVE,1211.0,,,,,,,2,NO INDICATION OF INJURY,0.0,0.0,0.0,0.0,0.0,3.0,0.0,12,4,1,41.900524957,-87.699432954,POINT (-87.699432953625 41.900524957171),2025-01-08 12:50:00
2cd118519224aac6297c6eab1b2e34cccdce1a8d644e9089e5ccdf1b1a125fd63c96fe9d90c095e4db3925421bd2e2165fcc40ff4ca3166e8b4c5cc3c8352a67,,01/08/2025 12:50:00 PM,15,NO CONTROLS,NO CONTROLS,CLEAR,DAYLIGHT,REAR TO SIDE,ONE-WAY,,STRAIGHT AND LEVEL,DRY,NO DEFECTS,ON SCENE,NO INJURY / DRIVE AWAY,,Y,,"OVER $1,500",01/08/2025 12:54:00 PM,DISREGARDING ROAD MARKINGS,NOT APPLICABLE,2006,E,95TH ST,413.0,,,,,,,3,NO INDICATION OF INJURY,0.0,0.0,0.0,0.0,0.0,3.0,0.0,12,4,1,41.722582057,-87.575041988,POINT (-87.575041988021 41.722582056747),2025-01-08 12:50:00
d1da5ecf6b601712b68326273406809dd8c70b5fbc620ad2353c9e13ddbaf01b8aef727263e0c963b0c63e8ae779e4b117df7371513bbb195e93a706580404fe,,01/08/2025 12:50:00 PM,30,NO CONTROLS,NO CONTROLS,CLEAR,DAYLIGHT,REAR TO SIDE,FOUR WAY,,STRAIGHT AND LEVEL,DRY,UNKNOWN,NOT ON SCENE (DESK REPORT),NO INJURY / DRIVE AWAY,,,,"OVER $1,500",01/08/2025 01:24:00 PM,IMPROPER BACKING,IMPROPER BACKING,10800,S,KEDZIE AVE,2211.0,,,,,,,2,NO INDICATION OF INJURY,0.0,0.0,0.0,0.0,0.0,2.0,0.0,12,4,1,41.69699196,-87.701162802,POINT (-87.701162802265 41.696991960429),2025-01-08 12:50:00
3c61c91b762846b65807d2d1d31aebc37fc616e5696e64cd45f0c6fa3df00758367283750acbc5a48b001a71783c528a72101975fce0d38a798ea0f3893ad63f,,01/08/2025 12:35:00 PM,30,NO CONTROLS,NO CONTROLS,CLEAR,DAYLIGHT,PARKED MOTOR VEHICLE,PARKING LOT,,STRAIGHT AND LEVEL,DRY,UNKNOWN,NOT ON SCENE (DESK REPORT),NO INJURY / DRIVE AWAY,,,,$500 OR LESS,01/08/2025 03:20:00 PM,IMPROPER BACKING,IMPROPER BACKING,251,E,HURON ST,1834.0,,,,,,,2,NO INDICATION OF INJURY,0.0,0.0,0.0,0.0,0.0,1.0,0.0,12,4,1,41.894903302,-87.620743726,POINT (-87.62074372624 41.894903302355),2025-01-08 12:35:00
96321fc300a1b8e4ec5d3c1a04bc9aee79281cb3d20081970d119cec89054c034c60c9ba559425258aad0dad4d0be390f53ff6ebb86e9816651346deb982eec6,,01/08/2025 12:34:00 PM,30,STOP SIGN/FLASHER,OTHER,CLEAR,DAYLIGHT,HEAD ON,ONE-WAY,,STRAIGHT AND LEVEL,DRY,NO DEFECTS,NOT ON SCENE (DESK REPORT),NO INJURY / DRIVE AWAY,,,,"OVER $1,500",01/08/2025 12:34:00 PM,UNABLE TO DETERMINE,IMPROPER BACKING,7346,S,EMERALD AVE,732.0,,,,,,,2,NO INDICATION OF INJURY,0.0,0.0,0.0,0.0,0.0,3.0,0.0,12,4,1,41.76019014,-87.643210577,POINT (-87.64321057667 41.760190139676),2025-01-08 12:34:00
0026ac08dc0809d2537a0c64c2a5019de1253a49dcc96454a6a1ba425e7490d0f225d3052bfbe015ab99f9f31f9dea3ad64a03b5cf1afe0170d343bd00a8faf0,,01/08/2025 12:25:00 PM,30,TRAFFIC SIGNAL,FUNCTIONING PROPERLY,CLEAR,DAYLIGHT,TURNING,NOT DIVIDED,,STRAIGHT AND LEVEL,DRY,NO DEFECTS,NOT ON SCENE (DESK REPORT),NO INJURY / DRIVE AWAY,,,,"OVER $1,500",01/08/2025 12:40:00 PM,FAILING TO YIELD RIGHT-OF-WAY,FAILING TO YIELD RIGHT-OF-WAY,2518,W,CATALPA AVE,2011.0,,,,,,,2,NO INDICATION OF INJURY,0.0,0.0,0.0,0.0,0.0,2.0,0.0,12,4,1,41.981458676,-87.692705174,POINT (-87.69270517369 41.981458675715),2025-01-08 12:25:00
537ad289b1bde9e50c2f0a71f2d2847852df72fe88cc0859d947063a939d5914c68203fe36f897d32e1983caf07740dac01241229769dea20b6790a3fe02b050,,01/08/2025 12:00:00 PM,30,NO CONTROLS,NO CONTROLS,CLEAR,DAYLIGHT,SIDESWIPE SAME DIRECTION,DIVIDED - W/MEDIAN (NOT RAISED),,STRAIGHT AND LEVEL,DRY,NO DEFECTS,ON SCENE,INJURY AND / OR TOW DUE TO CRASH,,,,"OVER $1,500",01/08/2025 12:04:00 PM,IMPROPER TURNING/NO SIGNAL,FAILING TO YIELD RIGHT-OF-WAY,1011,W,DIVISION ST,1822.0,,,,,,,2,NO INDICATION OF INJURY,0.0,0.0,0.0,0.0,0.0,3.0,0.0,12,4,1,41.903459596,-87.653035834,POINT (-87.653035833619 41.903459595962),2025-01-08 12:00:00
929d87a379464dc65b0baad9f411868d95602b18dcfc2de5ee743ae20b7a0c7c6c20b5a3dedac9e85093f0062c5a9a93b2ae3a463ee13951caec97b1ed009241,,01/08/2025 12:00:00 PM,30,NO CONTROLS,NO CONTROLS,CLEAR,DAYLIGHT,TURNING,NOT DIVIDED,,STRAIGHT AND LEVEL,DRY,NO DEFECTS,ON SCENE,INJURY AND / OR TOW DUE TO CRASH,Y,,,"OVER $1,500",01/08/2025 12:30:00 PM,IMPROPER TURNING/NO SIGNAL,NOT APPLICABLE,2300,W,BROSS AVE,912.0,,,,,,,2,NO INDICATION OF INJURY,0.0,0.0,0.0,0.0,0.0,2.0,0.0,12,4,1,41.834966719,-87.683106241,POINT (-87.683106241356 41.834966718615),2025-01-08 12:00:00
622745e8c7172419941fcabc9311ad045be2a1126aca6382176d62b27805c892815e26cfede06cd955c15abc266c55ea89c7f07700988770d1113eb430818f6c,,01/08/2025 11:50:00 AM,30,NO CONTROLS,NO CONTROLS,CLEAR,DAYLIGHT,PARKED MOTOR VEHICLE,NOT DIVIDED,,STRAIGHT AND LEVEL,DRY,NO DEFECTS,NOT ON SCENE (DESK REPORT),NO INJURY / DRIVE AWAY,,,Y,"OVER $1,500",01/09/2025 07:10:00 AM,IMPROPER TURNING/NO SIGNAL,UNABLE TO DETERMINE,3145,N,KNOX AVE,2521.0,,,,,,,2,NO INDICATION OF INJURY,0.0,0.0,0.0,0.0,0.0,1.0,0.0,11,4,1,41.938392184,-87.743067878,POINT (-87.743067877776 41.938392184403),2025-01-08 11:50:00
a76d03482b870db077d4b61add007cd4583e337126ccb8d0175aec0743859549228ae34af5af213873767c65c7f4148e2196ffd36fcebd014ee3e0f4f5bddc6e,,01/08/2025 11:45:00 AM,30,NO CONTROLS,NO CONTROLS,SNOW,DAYLIGHT,PARKED MOTOR VEHICLE,NOT DIVIDED,,STRAIGHT AND LEVEL,SNOW OR SLUSH,UNKNOWN,ON SCENE,NO INJURY / DRIVE AWAY,,,,"OVER $1,500",01/08/2025 11:56:00 AM,IMPROPER TURNING/NO SIGNAL,IMPROPER TURNING/NO SIGNAL,2923,S,VERNON AVE,133.0,,,,,,,2,NO INDICATION OF INJURY,0.0,0.0,0.0,0.0,0.0,1.0,0.0,11,4,1,41.841322871,-87.615509308,POINT (-87.615509307826 41.841322871175),2025-01-08 11:45:00
17685dc4c8b23c8bdf9dbd0fffce3237181725f19ca8d15bb40b61ec2f00001bd6d5803b53cb1bf149e2c14d9a74b8b3f37ff4cedb531531274681b8eb8d149c,,01/08/2025 11:36:00 AM,30,TRAFFIC SIGNAL,FUNCTIONING PROPERLY,CLEAR,DAYLIGHT,SIDESWIPE SAME DIRECTION,ONE-WAY,,STRAIGHT AND LEVEL,DRY,NO DEFECTS,ON SCENE,NO INJURY / DRIVE AWAY,,,Y,"$501 - $1,500",01/08/2025 12:00:00 PM,NOT APPLICABLE,NOT APPLICABLE,443,N,DEARBORN ST,1831.0,,,,,,,2,NO INDICATION OF INJURY,0.0,0.0,0.0,0.0,0.0,2.0,0.0,11,4,1,41.890509729,-87.6294732,POINT (-87.629473200172 41.890509728805),2025-01-08 11:36:00
2b373ac55150d952a6fddbd2287f707ff2e47a72e4d01e0bb8c6172d0402b527314bcade78b0f04ded488f4bce1e7b8dadbadc58749603955bdb020506d51e53,,01/08/2025 11:31:00 AM,10,NO CONTROLS,NO CONTROLS,CLEAR,DAYLIGHT,PARKED MOTOR VEHICLE,PARKING LOT,,STRAIGHT AND LEVEL,WET,NO DEFECTS,ON SCENE,NO INJURY / DRIVE AWAY,,,Y,"OVER $1,500",01/08/2025 11:31:00 AM,IMPROPER BACKING,NOT APPLICABLE,2013,N,LARAMIE AVE,2522.0,,,,,,,2,NO INDICATION OF INJURY,0.0,0.0,0.0,0.0,0.0,1.0,0.0,11,4,1,41.917342756,-87.755804311,POINT (-87.755804310955 41.917342755921),2025-01-08 11:31:00
4500a3166751c492162dcf456b01ed9c38510959d798af725d472fd6f8599aa260780ead56cc79e86fea836652710ad1563767bb8ea85fb16d472315f9b46c44,,01/08/2025 11:30:00 AM,30,NO CONTROLS,NO CONTROLS,CLEAR,DAYLIGHT,ANGLE,NOT DIVIDED,,STRAIGHT AND LEVEL,DRY,NO DEFECTS,ON SCENE,NO INJURY / DRIVE AWAY,,,,"OVER $1,500",01/08/2025 11:31:00 AM,"VISION OBSCURED (SIGNS, TREE LIMBS, BUILDINGS, ETC.)",NOT APPLICABLE,939,W,IRVING PARK RD,1923.0,,,,,,,2,NO INDICATION OF INJURY,0.0,0.0,0.0,0.0,0.0,2.0,0.0,11,4,1,41.954391762,-87.653669313,POINT (-87.653669312895 41.954391761621),2025-01-08 11:30:00
5730b2ed897b11af3435154647ff53870bc5ce19a3b4c7738051164a8a8731e38385309827ceca1460065394039e7da0792a388b749f63e8176a387a4796f2b6,,01/08/2025 11:30:00 AM,30,TRAFFIC SIGNAL,FUNCTIONING PROPERLY,CLEAR,DAYLIGHT,REAR END,DIVIDED - W/MEDIAN (NOT RAISED),,STRAIGHT AND LEVEL,DRY,NO DEFECTS,ON SCENE,NO INJURY / DRIVE AWAY,,,,"OVER $1,500",01/08/2025 11:34:00 AM,UNABLE TO DETERMINE,UNABLE TO DETERMINE,6836,S,WESTERN AVE,832.0,,,,,,,2,NO INDICATION OF INJURY,0.0,0.0,0.0,0.0,0.0,2.0,0.0,11,4,1,41.769041306,-87.683510158,POINT (-87.683510158006 41.769041306438),2025-01-08 11:30:00
93c4aa3d8e412f63af0a80173be5fc9f5f7916c26f79148d2e308761fe37f2160daca3300afaa2946c0d1f4d28ab50ad015c2cbe36b4b8f8a2c0bf159caa6581,,01/08/2025 11:30:00 AM,25,STOP SIGN/FLASHER,FUNCTIONING PROPERLY,CLEAR,DAYLIGHT,REAR END,NOT DIVIDED,,STRAIGHT AND LEVEL,DRY,NO DEFECTS,NOT ON SCENE (DESK REPORT),NO INJURY / DRIVE AWAY,,,,"OVER $1,500",01/09/2025 10:08:00 AM,FOLLOWING TOO CLOSELY,FAILING TO REDUCE SPEED TO AVOID CRASH,4810,W,WINNEMAC AVE,1623.0,,,,,,,2,NO INDICATION OF INJURY,0.0,0.0,0.0,0.0,0.0,2.0,0.0,11,4,1,41.972691718,-87.748415333,POINT (-87.748415332628 41.972691717813),2025-01-08 11:30:00
d23ceb6ad35ce58bfc091287e24d8819bb3558f9131b4bbc3ef0b769933e8ad4fe1629a9966ad712c7951ef7c4e6866d2886ae26c2455f96b25f1978f29f4d83,,01/08/2025 11:30:00 AM,30,NO CONTROLS,NO CONTROLS,CLEAR,DAYLIGHT,REAR TO FRONT,NOT DIVIDED,,STRAIGHT AND LEVEL,DRY,NO DEFECTS,NOT ON SCENE (DESK REPORT),NO INJURY / DRIVE AWAY,,,,"$501 - $1,500",01/08/2025 12:00:00 PM,UNABLE TO DETERMINE,UNABLE TO DETERMINE,3127,S,LAWNDALE AVE,1032.0,,,,,,,2,NO INDICATION OF INJURY,0.0,0.0,0.0,0.0,0.0,3.0,0.0,11,4,1,41.836187363,-87.716860636,POINT (-87.716860635556 41.836187362769),2025-01-08 11:30:00
d2b28e0fd24a5d87da7417c54666cad34c1f4c0279c294a3dbac07148e1e40c54f4f7da6f384114dd72562307f8c6d8f7bb02ec13e55077f71af5a68c31b216e,,01/08/2025 11:25:00 AM,30,TRAFFIC SIGNAL,FUNCTIONING PROPERLY,CLEAR,DAYLIGHT,SIDESWIPE SAME DIRECTION,OTHER,,STRAIGHT AND LEVEL,DRY,UNKNOWN,ON SCENE,NO INJURY / DRIVE AWAY,Y,,,"$501 - $1,500",01/08/2025 11:28:00 AM,DRIVING SKILLS/KNOWLEDGE/EXPERIENCE,UNABLE TO DETERMINE,1820,S,WESTERN AVE,1023.0,,,,,,,2,NO INDICATION OF INJURY,0.0,0.0,0.0,0.0,0.0,2.0,0.0,11,4,1,41.856844443,-87.685911659,POINT (-87.685911659309 41.856844443115),2025-01-08 11:25:00
f2b05a2f98ec19440882de02f22c979f86629cbd1179e359fecf0a5d353c028c58399150af9a5777f8d710b60ecfaf201bfa5111e6527851501f0ff53f51c336,,01/08/2025 11:25:00 AM,30,STOP SIGN/FLASHER,FUNCTIONING PROPERLY,CLEAR,DAYLIGHT,HEAD ON,NOT DIVIDED,,STRAIGHT AND LEVEL,DRY,NO DEFECTS,ON SCENE,INJURY AND / OR TOW DUE TO CRASH,Y,,,"OVER $1,500",01/08/2025 11:25:00 AM,FAILING TO YIELD RIGHT-OF-WAY,UNABLE TO DETERMINE,2618,W,PETERSON AVE,2413.0,,,,,,,5,NO INDICATION OF INJURY,0.0,0.0,0.0,0.0,0.0,3.0,0.0,11,4,1,41.990575718,-87.695416648,POINT (-87.695416647518 41.990575718225),2025-01-08 11:25:00
8e9f9a23656adf903542c3bfe45f8a0c557d61af748131d47b2ef11672e1b2674e2ed662889367cf2f4d369035287d5db62a29771da1f593671192c4a7f948c8,,01/08/2025 11:22:00 AM,20,NO CONTROLS,NO CONTROLS,CLEAR,DAYLIGHT,SIDESWIPE OPPOSITE DIRECTION,ONE-WAY,,STRAIGHT AND LEVEL,DRY,OTHER,ON SCENE,NO INJURY / DRIVE AWAY,,,,"OVER $1,500",01/08/2025 12:08:00 PM,DRIVING ON WRONG SIDE/WRONG WAY,NOT APPLICABLE,899,N,PINE AVE,1524.0,,Y,,Y,CONSTRUCTION,Y,2,NO INDICATION OF INJURY,0.0,0.0,0.0,0.0,0.0,2.0,0.0,11,4,1,41.896647136,-87.76348198,POINT (-87.763481979991 41.896647135592),2025-01-08 11:22:00
5393029e1bef7311b663477501a31a6aec313072e37ad51ba3fe568fbc46b2218451696f1a7ca30af7ff4428ad68ce81e3371f8ec3d002f9d2999b775a8504cf,,01/08/2025 11:21:00 AM,30,NO CONTROLS,NO CONTROLS,CLEAR,DAYLIGHT,SIDESWIPE SAME DIRECTION,NOT DIVIDED,,STRAIGHT AND LEVEL,DRY,NO DEFECTS,ON SCENE,NO INJURY / DRIVE AWAY,,,Y,"$501 - $1,500",01/08/2025 11:43:00 AM,UNABLE TO DETERMINE,NOT APPLICABLE,6500,N,WESTERN AVE,2412.0,,,,,,,2,NO INDICATION OF INJURY,0.0,0.0,0.0,0.0,0.0,2.0,0.0,11,4,1,41.999632438,-87.690080925,POINT (-87.690080925006 41.999632438278),2025-01-08 11:21:00
578d50592f9cd66b6abe72349b46160d87395f468c77c3ea5040320e923c1cb4607d5a2d9b14dd204d1ab2979394722f4e70f9cc3d53b1288eb51deeebc6e770,Y,01/08/2025 11:20:00 AM,30,TRAFFIC SIGNAL,FUNCTIONING PROPERLY,CLEAR,DAYLIGHT,REAR END,DIVIDED - W/MEDIAN BARRIER,,STRAIGHT AND LEVEL,DRY,NO DEFECTS,ON SCENE,NO INJURY / DRIVE AWAY,,,,"$501 - $1,500",01/08/2025 11:27:00 AM,UNABLE TO DETERMINE,UNABLE TO DETERMINE,1156,S,HALSTED ST,1232.0,,,,,,,2,NO INDICATION OF INJURY,0.0,0.0,0.0,0.0,0.0,3.0,0.0,11,4,1,41.867239973,-87.647065496,POINT (-87.647065496446 41.86723997334),2025-01-08 11:20:00
db946440bcabe42b45c66adede6743ac3616d118db8762c5e3827a1135b4f6138f9174a777b0a3c71203f407d80ef0c95827e84916c653feea314339acb4dbd1,,01/08/2025 11:15:00 AM,10,UNKNOWN,UNKNOWN,CLEAR,DAYLIGHT,REAR TO REAR,PARKING LOT,,STRAIGHT AND LEVEL,UNKNOWN,UNKNOWN,NOT ON SCENE (DESK REPORT),NO INJURY / DRIVE AWAY,,Y,,"OVER $1,500",01/08/2025 12:15:00 PM,DRIVING SKILLS/KNOWLEDGE/EXPERIENCE,DRIVING SKILLS/KNOWLEDGE/EXPERIENCE,3930,N,KILPATRICK AVE,1731.0,,,,,,,2,NO INDICATION OF INJURY,0.0,0.0,0.0,0.0,0.0,2.0,0.0,11,4,1,41.952553795,-87.744731805,POINT (-87.744731804809 41.952553795013),2025-01-08 11:15:00
919adf0e18886f8a0f8ebf5a6758fe383ba520029afc82501bc7de15dda30903ec908e76082141e0e4b8d68b89a46e5e5902cd057e41cae392ae97dac578ad75,,01/08/2025 11:10:00 AM,30,NO CONTROLS,NO CONTROLS,CLEAR,DAYLIGHT,PARKED MOTOR VEHICLE,NOT DIVIDED,,STRAIGHT AND LEVEL,DRY,NO DEFECTS,ON SCENE,INJURY AND / OR TOW DUE TO CRASH,,,,"$501 - $1,500",01/08/2025 11:16:00 AM,IMPROPER LANE USAGE,UNABLE TO DETERMINE,740,N,PULASKI RD,1111.0,,,,,,,2,NONINCAPACITATING INJURY,1.0,0.0,0.0,1.0,0.0,1.0,0.0,11,4,1,41.894723673,-87.726210278,POINT (-87.726210278297 41.894723672769),2025-01-08 11:10:00
c583ce1417c2df4cf76f6c8ecebb08b4d111f0c9282d4344e4b4b8d40c894a5a0860ed61f3b3d2d4cd6ba4e647c9fff75e262de2324369a901e93954a3bd16ec,,01/08/2025 11:03:00 AM,20,NO CONTROLS,NO CONTROLS,CLEAR,DAYLIGHT,TURNING,NOT DIVIDED,,STRAIGHT AND LEVEL,DRY,NO DEFECTS,ON SCENE,NO INJURY / DRIVE AWAY,,,,"$501 - $1,500",01/08/2025 11:12:00 AM,IMPROPER OVERTAKING/PASSING,IMPROPER OVERTAKING/PASSING,2420,S,WOOD ST,1034.0,Y,Y,,,,,2,NO INDICATION OF INJURY,0.0,0.0,0.0,0.0,0.0,2.0,0.0,11,4,1,41.84787201,-87.670948545,POINT (-87.670948544776 41.847872009603),2025-01-08 11:03:00
0dd81e92dee296678854e031286ac8227c95d3e8aacde9badbe84d4fec027a8d3576ecb31a427be02da57ccc65afe9e5e7b5d2049ba618301b17ba57db1975f8,,01/08/2025 11:00:00 AM,30,NO CONTROLS,NO CONTROLS,UNKNOWN,UNKNOWN,PARKED MOTOR VEHICLE,NOT DIVIDED,,STRAIGHT AND LEVEL,UNKNOWN,NO DEFECTS,NOT ON SCENE (DESK REPORT),NO INJURY / DRIVE AWAY,,,Y,"OVER $1,500",01/08/2025 06:45:00 PM,UNABLE TO DETERMINE,UNABLE TO DETERMINE,3630,W,POLK ST,1133.0,,,,,,,2,NO INDICATION OF INJURY,0.0,0.0,0.0,0.0,0.0,1.0,0.0,11,4,1,41.87093503,-87.716822,POINT (-87.71682199997 41.870935029574),2025-01-08 11:00:00