CRASH_RECORD_ID,CRASH_DATE_EST_I,CRASH_DATE,POSTED_SPEED_LIMIT,TRAFFIC_CONTROL_DEVICE,DEVICE_CONDITION,WEATHER_CONDITION,LIGHTING_CONDITION,FIRST_CRASH_TYPE,TRAFFICWAY_TYPE,LANE_CNT,ALIGNMENT,ROADWAY_SURFACE_COND,ROAD_DEFECT,REPORT_TYPE,CRASH_TYPE,INTERSECTION_RELATED_I,NOT_RIGHT_OF_WAY_I,HIT_AND_RUN_I,DAMAGE,DATE_POLICE_NOTIFIED,PRIM_CONTRIBUTORY_CAUSE,SEC_CONTRIBUTORY_CAUSE,STREET_NO,STREET_DIRECTION,STREET_NAME,BEAT_OF_OCCURRENCE,PHOTOS_TAKEN_I,STATEMENTS_TAKEN_I,DOORING_I,WORK_ZONE_I,WORK_ZONE_TYPE,WORKERS_PRESENT_I,NUM_UNITS,MOST_SEVERE_INJURY,INJURIES_TOTAL,INJURIES_FATAL,INJURIES_INCAPACITATING,INJURIES_NON_INCAPACITATING,INJURIES_REPORTED_NOT_EVIDENT,INJURIES_NO_INDICATION,INJURIES_UNKNOWN,CRASH_HOUR,CRASH_DAY_OF_WEEK,CRASH_MONTH,LATITUDE,LONGITUDE,LOCATION,timestamp
22eb0e9130d247d75eff14dffe560718dd15bcb4185553fcd5a12dd40aa674c7f1fbd74ef36b2c7a458c46994bdf8b69c2c4f704029412205abc6f2d2a71d298,,01/08/2025 11:00:00 AM,30,NO CONTROLS,NO CONTROLS,CLEAR,DAYLIGHT,FIXED OBJECT,NOT DIVIDED,,STRAIGHT AND LEVEL,DRY,NO DEFECTS,ON SCENE,NO INJURY / DRIVE AWAY,,,,"OVER $1,500",01/08/2025 11:07:00 AM,EQUIPMENT - VEHICLE CONDITION,EQUIPMENT - VEHICLE CONDITION,2105,N,NARRAGANSETT AVE,2512.0,,,,,,,1,NO INDICATION OF INJURY,0.0,0.0,0.0,0.0,0.0,1.0,0.0,11,4,1,41.918433615,-87.785134316,POINT (-87.785134316069 41.918433615008),2025-01-08 11:00:00
e08076875fc6847c8a08217f2bd41aa04da282924560ad18c0b0dddd5a27271a954197b8e97507111f7578a48345779ac6f2d4b99bf67bedd034b89d75eb2383,,01/08/2025 10:57:00 AM,30,UNKNOWN,UNKNOWN,CLEAR,DAYLIGHT,SIDESWIPE SAME DIRECTION,NOT DIVIDED,,STRAIGHT AND LEVEL,DRY,NO DEFECTS,NOT ON SCENE (DESK REPORT),NO INJURY / DRIVE AWAY,,,,"OVER $1,500",01/08/2025 11:40:00 AM,FAILING TO YIELD RIGHT-OF-WAY,DRIVING SKILLS/KNOWLEDGE/EXPERIENCE,5100,S,COTTAGE GROVE AVE,233.0,,,,,,,2,NO INDICATION OF INJURY,0.0,0.0,0.0,0.0,0.0,2.0,0.0,10,4,1,41.802220633,-87.60655293,POINT (-87.606552929969 41.802220633425),2025-01-08 10:57:00
53641567438641f6b7efa60c6474bc487a4d34ad9a1c0ad3adf3fbfa14f290314098bf2fc288c1e68c73542be222722a09eb53a7d18df43f7523e2f0761019e1,,01/08/2025 10:39:00 AM,35,UNKNOWN,UNKNOWN,CLEAR,DAYLIGHT,TURNING,FOUR WAY,,STRAIGHT AND LEVEL,ICE,UNKNOWN,ON SCENE,INJURY AND / OR TOW DUE TO CRASH,,,,"OVER $1,500",01/08/2025 10:42:00 AM,FAILING TO YIELD RIGHT-OF-WAY,UNABLE TO DETERMINE,5600,W,BRYN MAWR AVE,1622.0,Y,Y,,,,,2,NO INDICATION OF INJURY,0.0,0.0,0.0,0.0,0.0,2.0,0.0,10,4,1,41.983049033,-87.768406291,POINT (-87.768406291011 41.983049032609),2025-01-08 10:39:00
437c9d2fb53b317aa3095f289743a86f07d61765240049b5572deb0d46f909bcfecca379aabb61131a2bcd4a282da89c8964ff513de3cf97ee9d9117c4cc27da,,01/08/2025 10:37:00 AM,30,TRAFFIC SIGNAL,FUNCTIONING PROPERLY,CLEAR,DAYLIGHT,REAR END,FOUR WAY,,STRAIGHT AND LEVEL,DRY,NO DEFECTS,ON SCENE,NO INJURY / DRIVE AWAY,Y,N,Y,"$501 - $1,500",01/08/2025 10:38:00 AM,UNABLE TO DETERMINE,NOT APPLICABLE,1202,S,HALSTED ST,1232.0,,,,,,,2,NO INDICATION OF INJURY,0.0,0.0,0.0,0.0,0.0,2.0,0.0,10,4,1,41.867062884,-87.647063948,POINT (-87.647063947621 41.867062883998),2025-01-08 10:37:00
01ffd68ed1bfe002043f1eba3853ec785f4f46bc005483f0a5a9c0f669300ca6cd87e3ce35e152565fc13cba535d316bf67b8cd7ba4871cf1d20d5519b798716,,01/08/2025 10:25:00 AM,25,NO CONTROLS,NO CONTROLS,CLEAR,DAYLIGHT,SIDESWIPE SAME DIRECTION,NOT DIVIDED,,STRAIGHT AND LEVEL,DRY,NO DEFECTS,ON SCENE,INJURY AND / OR TOW DUE TO CRASH,,,,"OVER $1,500",01/08/2025 10:28:00 AM,IMPROPER LANE USAGE,ROAD CONSTRUCTION/MAINTENANCE,352,S,CICERO AVE,1533.0,,,,,,,2,NO INDICATION OF INJURY,0.0,0.0,0.0,0.0,0.0,3.0,0.0,10,4,1,41.875178277,-87.745219034,POINT (-87.745219034005 41.87517827731),2025-01-08 10:25:00
60b5904c67d342e62c1367cb2a3ea95f01aa5b055f3283f9094434250e5257ec43aff8afab63a271ef850db7797aeb0f8649d3c8d28fa4c992f4c51317ce726a,,01/08/2025 10:15:00 AM,25,NO CONTROLS,NO CONTROLS,CLEAR,DAYLIGHT,PARKED MOTOR VEHICLE,ONE-WAY,,STRAIGHT AND LEVEL,DRY,NO DEFECTS,ON SCENE,NO INJURY / DRIVE AWAY,,,,"OVER $1,500",01/08/2025 10:20:00 AM,IMPROPER LANE USAGE,NOT APPLICABLE,1019,N,WILLARD CT,1213.0,,,,,,,2,NO INDICATION OF INJURY,0.0,0.0,0.0,0.0,0.0,1.0,0.0,10,4,1,41.900352941,-87.658855167,POINT (-87.658855167229 41.90035294066),2025-01-08 10:15:00
97511c45e8cf45ac9aa10b428cf20dad4d46de2ae77a0bb5663bb6454ca857e619580b6ecbca4ece15a307cadb419050d3166e5a7a29c67fe8afec1338626c1e,,01/08/2025 10:15:00 AM,30,STOP SIGN/FLASHER,FUNCTIONING PROPERLY,CLEAR,DAYLIGHT,ANGLE,NOT DIVIDED,,STRAIGHT AND LEVEL,DRY,NO DEFECTS,NOT ON SCENE (DESK REPORT),NO INJURY / DRIVE AWAY,,,,"$501 - $1,500",01/08/2025 11:00:00 AM,DRIVING SKILLS/KNOWLEDGE/EXPERIENCE,UNABLE TO DETERMINE,2000,E,90TH ST,413.0,,,,,,,2,NO INDICATION OF INJURY,0.0,0.0,0.0,0.0,0.0,2.0,0.0,10,4,1,41.731694747,-87.575527479,POINT (-87.575527479122 41.731694747393),2025-01-08 10:15:00
6a3f43e84b7c12fdc24ea777c3ef00dfba787a9a260f78a9b8552770414d81d69f56ab59c89ff3a4b263fef1faf548841c03994699513889751505972bf84929,,01/08/2025 10:08:00 AM,15,NO CONTROLS,NO CONTROLS,CLEAR,DAYLIGHT,PARKED MOTOR VEHICLE,ALLEY,,STRAIGHT AND LEVEL,SNOW OR SLUSH,NO DEFECTS,ON SCENE,NO INJURY / DRIVE AWAY,,,N,"$501 - $1,500",01/08/2025 10:14:00 AM,FAILING TO REDUCE SPEED TO AVOID CRASH,NOT APPLICABLE,2847,N,SOUTHPORT AVE,1932.0,,,,,,,2,NO INDICATION OF INJURY,0.0,0.0,0.0,0.0,0.0,1.0,0.0,10,4,1,41.933875665,-87.663462361,POINT (-87.663462361136 41.933875665147),2025-01-08 10:08:00
ce4019b02088f1b00b535277b0e952901fe70ea73ae31c65fb1457043c5f30ae7e5bc8d2bdbbfcc2dde081ae0ecc02b9796b010c656ab01cf3db1b91a76078d3,,01/08/2025 10:00:00 AM,15,NO CONTROLS,NO CONTROLS,UNKNOWN,"DARKNESS, LIGHTED ROAD",OTHER OBJECT,ALLEY,,STRAIGHT AND LEVEL,DRY,NO DEFECTS,ON SCENE,NO INJURY / DRIVE AWAY,N,Y,Y,"OVER $1,500",01/09/2025 08:44:00 AM,UNABLE TO DETERMINE,UNABLE TO DETERMINE,1800,S,LAWNDALE AVE,1014.0,,,,,,,1,NO INDICATION OF INJURY,0.0,0.0,0.0,0.0,0.0,1.0,0.0,10,4,1,41.857015917,-87.717769852,POINT (-87.717769852248 41.857015916508),2025-01-08 10:00:00
cfa14e17a8269b1948c6b1c2fb6e0d81585f5b1528cb6363e01f8f2c1e00b0b3d3971d4a7b8803dae8ae7a87f929fde3765d11911dc103bd1be2b4a29b83f959,,01/08/2025 09:59:00 AM,30,STOP SIGN/FLASHER,NO CONTROLS,CLEAR,DAYLIGHT,ANGLE,FOUR WAY,,STRAIGHT AND LEVEL,DRY,NO DEFECTS,ON SCENE,NO INJURY / DRIVE AWAY,Y,,,"$501 - $1,500",01/08/2025 09:59:00 AM,"VISION OBSCURED (SIGNS, TREE LIMBS, BUILDINGS, ETC.)",FAILING TO YIELD RIGHT-OF-WAY,1500,N,CENTRAL AVE,2531.0,,,,,,,3,NO INDICATION OF INJURY,0.0,0.0,0.0,0.0,0.0,2.0,0.0,9,4,1,41.907654375,-87.765997959,POINT (-87.765997959166 41.90765437542),2025-01-08 09:59:00
fbae4f7ca787fb0d187f475ffc4f419a8f6af5ba2de091900b3f6182219ab7121f7d169d06087fd0eaa13d10fc537ee8665d179d7d92fdfc786e99c1a3fc8738,,01/08/2025 09:47:00 AM,30,TRAFFIC SIGNAL,FUNCTIONING PROPERLY,CLEAR,DAYLIGHT,ANGLE,FOUR WAY,,STRAIGHT ON GRADE,DRY,NO DEFECTS,ON SCENE,INJURY AND / OR TOW DUE TO CRASH,Y,,Y,"OVER $1,500",01/08/2025 09:57:00 AM,DISREGARDING TRAFFIC SIGNALS,NOT APPLICABLE,4700,S,CALIFORNIA AVE,922.0,,,,,,,2,NO INDICATION OF INJURY,0.0,0.0,0.0,0.0,0.0,2.0,0.0,9,4,1,41.808217051,-87.694350035,POINT (-87.694350034906 41.808217051245),2025-01-08 09:47:00
b2efb70386f505b7f50abc6dcc125208cc1fa9a87a048b2f60335debd19d7a32f18949a14799878dc67e1b654bc74d722f32b826c4ebeadfc42dea93d4862338,,01/08/2025 09:45:00 AM,35,TRAFFIC SIGNAL,FUNCTIONING PROPERLY,CLEAR,DAYLIGHT,ANGLE,FOUR WAY,,STRAIGHT AND LEVEL,DRY,UNKNOWN,ON SCENE,INJURY AND / OR TOW DUE TO CRASH,Y,,,"OVER $1,500",01/08/2025 09:57:00 AM,DISREGARDING TRAFFIC SIGNALS,NOT APPLICABLE,100,E,IDA B WELLS DR,114.0,,,,,,,2,NO INDICATION OF INJURY,0.0,0.0,0.0,0.0,0.0,4.0,0.0,9,4,1,41.875835082,-87.624212886,POINT (-87.624212886292 41.875835081627),2025-01-08 09:45:00
21e9a7c967df26f853e81aa29ecff9f5ed7cd9d0f5c2c7d3ddcdf9a599710fc694ebe359d29b61e9ca22bc2a55c11c157e8efa81efc6dc47885aac8ed2d7c342,,01/08/2025 09:42:00 AM,30,TRAFFIC SIGNAL,FUNCTIONING PROPERLY,CLEAR,DAYLIGHT,PEDESTRIAN,NOT DIVIDED,,STRAIGHT AND LEVEL,DRY,NO DEFECTS,ON SCENE,INJURY AND / OR TOW DUE TO CRASH,Y,,,$500 OR LESS,01/08/2025 09:42:00 AM,DISTRACTION - FROM INSIDE VEHICLE,NOT APPLICABLE,3201,N,CICERO AVE,1731.0,,,,,,,2,"REPORTED, NOT EVIDENT",1.0,0.0,0.0,0.0,1.0,2.0,0.0,9,4,1,41.938871861,-87.746726537,POINT (-87.746726536548 41.938871861177),2025-01-08 09:42:00
12a7babd0f9c4a877f22c0c51f05d3adc920aa80852dcb00570b42bf68ba08f6f1f33e4c69266a32a0b12ff9281b6d8231b12383cf38c5d2fc4f51eea04ec32a,,01/08/2025 09:40:00 AM,15,NO CONTROLS,NO CONTROLS,CLEAR,DAYLIGHT,PARKED MOTOR VEHICLE,PARKING LOT,,STRAIGHT AND LEVEL,DRY,UNKNOWN,ON SCENE,NO INJURY / DRIVE AWAY,,,N,"OVER $1,500",01/08/2025 09:44:00 AM,IMPROPER BACKING,IMPROPER BACKING,1411,S,MICHIGAN AVE,132.0,,,,,,,2,NO INDICATION OF INJURY,0.0,0.0,0.0,0.0,0.0,2.0,0.0,9,4,1,41.863739195,-87.623924134,POINT (-87.623924133706 41.863739194782),2025-01-08 09:40:00
4ff0a3bebc3735dd80fdc78ac0f2a0ff633c203331855080813b6d49a4b25e71b15fe30ea18855833f712d24eee2b8fff5dde14aa03969244def25b583f5134e,,01/08/2025 09:40:00 AM,30,NO CONTROLS,NO CONTROLS,CLEAR,DAYLIGHT,PARKED MOTOR VEHICLE,DIVIDED - W/MEDIAN BARRIER,,STRAIGHT AND LEVEL,DRY,NO DEFECTS,ON SCENE,INJURY AND / OR TOW DUE TO CRASH,,,,"OVER $1,500",01/08/2025 10:14:00 AM,NOT APPLICABLE,NOT APPLICABLE,5430,S,ASHLAND AVE,932.0,,,,,,,2,NO INDICATION OF INJURY,0.0,0.0,0.0,0.0,0.0,2.0,0.0,9,4,1,41.79490717,-87.664754995,POINT (-87.664754994727 41.794907169692),2025-01-08 09:40:00
be80a5377b552f58700c4800677200eb29067f4c1faa53951863d76eb68af431f353b21f368a7efd1514fb593a2933fb05fc6817b21ba282a32ed7f2d5b9ccea,N,01/08/2025 09:30:00 AM,30,NO CONTROLS,NO CONTROLS,CLEAR,DAYLIGHT,SIDESWIPE SAME DIRECTION,DIVIDED - W/MEDIAN BARRIER,,STRAIGHT AND LEVEL,DRY,NO DEFECTS,NOT ON SCENE (DESK REPORT),NO INJURY / DRIVE AWAY,,,Y,$500 OR LESS,01/08/2025 09:38:00 AM,IMPROPER OVERTAKING/PASSING,NOT APPLICABLE,3247,S,KEDZIE AVE,1033.0,,,,,,,2,NO INDICATION OF INJURY,0.0,0.0,0.0,0.0,0.0,3.0,0.0,9,4,1,41.833908291,-87.704581125,POINT (-87.704581124975 41.833908290573),2025-01-08 09:30:00
ff635daee4da0d49ae6d097a957506fc8362a5f9d357817a798a88d33347cb43045e31dfb2873cba7317892283ebc3b91ff0f7f838be04464202a7c831c5d545,,01/08/2025 09:30:00 AM,25,NO CONTROLS,NO CONTROLS,UNKNOWN,"DARKNESS, LIGHTED ROAD",PARKED MOTOR VEHICLE,ONE-WAY,,STRAIGHT AND LEVEL,DRY,NO DEFECTS,ON SCENE,NO INJURY / DRIVE AWAY,Y,,Y,"OVER $1,500",01/09/2025 07:13:00 AM,UNABLE TO DETERMINE,UNABLE TO DETERMINE,3459,W,18TH ST,1021.0,,,,,,,2,NO INDICATION OF INJURY,0.0,0.0,0.0,0.0,0.0,1.0,0.0,9,4,1,41.857063401,-87.712658921,POINT (-87.712658921271 41.857063400795),2025-01-08 09:30:00
e458052f374750bf9db1da1001bfddcf9b6e830c2117e7df6c531dda79e90b3b7a68369df95bbbb29e186485b9ad1609607781d039f44e86f6bb30801309a99f,,01/08/2025 09:25:00 AM,30,TRAFFIC SIGNAL,FUNCTIONING PROPERLY,CLEAR,DAYLIGHT,TURNING,NOT DIVIDED,,STRAIGHT AND LEVEL,DRY,NO DEFECTS,ON SCENE,INJURY AND / OR TOW DUE TO CRASH,Y,,Y,"OVER $1,500",01/08/2025 09:30:00 AM,FAILING TO YIELD RIGHT-OF-WAY,DISREGARDING TRAFFIC SIGNALS,6900,S,LOOMIS BLVD,734.0,,,,,,,2,NONINCAPACITATING INJURY,4.0,0.0,0.0,2.0,2.0,0.0,0.0,9,4,1,41.768528739,-87.659209534,POINT (-87.65920953384 41.768528738834),2025-01-08 09:25:00
f91c8e5aec313346b0abb5e823f2e3d589c2a780c7ee4f5745969644f089f047ace5c9ed7e2f2b9f40fd721e64637ad24d2f48a1e9c5a84689bb046b8010dbc9,,01/08/2025 09:16:00 AM,30,NO CONTROLS,NO CONTROLS,CLEAR,DAYLIGHT,PEDESTRIAN,ONE-WAY,,STRAIGHT AND LEVEL,DRY,NO DEFECTS,ON SCENE,INJURY AND / OR TOW DUE TO CRASH,,,,"OVER $1,500",01/08/2025 09:27:00 AM,DRIVING SKILLS/KNOWLEDGE/EXPERIENCE,NOT APPLICABLE,118,N,CLARK ST,122.0,,,,,,,2,NONINCAPACITATING INJURY,1.0,0.0,0.0,1.0,0.0,1.0,0.0,9,4,1,41.883700173,-87.631065123,POINT (-87.631065123099 41.883700172548),2025-01-08 09:16:00
584f97008170d06fc6bea333d24c48dd48eade29883c31feb980d4e23bdaf89f625490f16da47530c4b881d03312f2cf75c329530edf6b1ddcc42a9219c11636,,01/08/2025 09:15:00 AM,25,NO CONTROLS,NO CONTROLS,CLEAR,DAYLIGHT,TURNING,NOT DIVIDED,,STRAIGHT AND LEVEL,DRY,NO DEFECTS,ON SCENE,INJURY AND / OR TOW DUE TO CRASH,,,,"$501 - $1,500",01/08/2025 09:20:00 AM,UNABLE TO DETERMINE,UNABLE TO DETERMINE,10,E,33RD ST,211.0,,,,,,,2,NONINCAPACITATING INJURY,1.0,0.0,0.0,1.0,0.0,1.0,0.0,9,4,1,41.834771482,-87.626107444,POINT (-87.626107443896 41.834771481706),2025-01-08 09:15:00
4f639b91cda0bedd74ed36664246976db63e8468f33795343e1714ad3090e0a2cf7b791457b7f773ce74c50f4508ac9db782467bca946fa1632a0852441edd6d,,01/08/2025 09:14:00 AM,30,NO CONTROLS,NO CONTROLS,CLEAR,DAYLIGHT,REAR END,NOT DIVIDED,,STRAIGHT AND LEVEL,UNKNOWN,UNKNOWN,ON SCENE,NO INJURY / DRIVE AWAY,,,,"OVER $1,500",01/08/2025 09:14:00 AM,UNABLE TO DETERMINE,NOT APPLICABLE,3601,W,GRAND AVE,1112.0,,,,,,,3,NO INDICATION OF INJURY,0.0,0.0,0.0,0.0,0.0,4.0,0.0,9,4,1,41.902168575,-87.716676296,POINT (-87.716676295771 41.902168574993),2025-01-08 09:14:00
9a72a09f67189b86b3bffa99105be147669b0fead20d36e886baa5fec31f5b0f78fbaaa1d14026ab2bcb1a0008a241ded9af87784d32f1e923d2945897336bdd,,01/08/2025 09:04:00 AM,30,TRAFFIC SIGNAL,FUNCTIONING PROPERLY,CLEAR,DAYLIGHT,SIDESWIPE SAME DIRECTION,NOT DIVIDED,,STRAIGHT AND LEVEL,DRY,NO DEFECTS,NOT ON SCENE (DESK REPORT),NO INJURY / DRIVE AWAY,,,,"OVER $1,500",01/08/2025 09:47:00 AM,IMPROPER LANE USAGE,NOT APPLICABLE,722,W,GRAND AVE,1214.0,,,,,,,2,NO INDICATION OF INJURY,0.0,0.0,0.0,0.0,0.0,2.0,0.0,9,4,1,41.891305558,-87.646806628,POINT (-87.646806628471 41.891305557856),2025-01-08 09:04:00
f3d7b1340f41d33330b47e821d7fdc269041708d13c620f4fd71931fa90f83f49e662af8c692e5eab1c95a007924f2dd4bb8d0446f63ebebc41a0bbdde5b8590,,01/08/2025 09:04:00 AM,30,NO CONTROLS,NO CONTROLS,CLEAR,DAYLIGHT,SIDESWIPE OPPOSITE DIRECTION,NOT DIVIDED,,STRAIGHT AND LEVEL,DRY,NO DEFECTS,NOT ON SCENE (DESK REPORT),NO INJURY / DRIVE AWAY,,,,"OVER $1,500",01/08/2025 12:06:00 PM,UNABLE TO DETERMINE,NOT APPLICABLE,530,S,CAMPBELL AVE,1135.0,,,,,,,2,NO INDICATION OF INJURY,0.0,0.0,0.0,0.0,0.0,2.0,0.0,9,4,1,41.873980591,-87.688812643,POINT (-87.688812642906 41.873980590958),2025-01-08 09:04:00
0faae9460c557fe11526c6f3d3c00e3819ba5b54e5663ce162a93d9a58af83c41aa2f5d7ce93c87ce24442ec890bdbabf5c1910ad8ac8c2e00a7d2ff84fc263c,,01/08/2025 09:00:00 AM,30,NO CONTROLS,NO CONTROLS,CLEAR,DAYLIGHT,TURNING,NOT DIVIDED,,STRAIGHT AND LEVEL,DRY,NO DEFECTS,NOT ON SCENE (DESK REPORT),NO INJURY / DRIVE AWAY,,,,"$501 - $1,500",01/08/2025 10:30:00 AM,IMPROPER TURNING/NO SIGNAL,FAILING TO YIELD RIGHT-OF-WAY,2719,N,CALIFORNIA AVE,1411.0,,,,,,,2,NO INDICATION OF INJURY,0.0,0.0,0.0,0.0,0.0,2.0,0.0,9,4,1,41.930878417,-87.697439658,POINT (-87.697439657518 41.930878417182),2025-01-08 09:00:00
7530d53e230a022709f341ebab2201de79a6b8fa21d0d38b1e8bf1f4cf34ba1f5f52b6d3823395711ab44673a77a31851e94b39cd85f3a7a46ced492f2e24aad,,01/08/2025 09:00:00 AM,30,STOP SIGN/FLASHER,FUNCTIONING PROPERLY,CLEAR,DAYLIGHT,PARKED MOTOR VEHICLE,NOT DIVIDED,,STRAIGHT AND LEVEL,DRY,NO DEFECTS,ON SCENE,INJURY AND / OR TOW DUE TO CRASH,,,,"OVER $1,500",01/08/2025 09:02:00 AM,DRIVING SKILLS/KNOWLEDGE/EXPERIENCE,NOT APPLICABLE,7159,N,ODELL AVE,1611.0,,,,,,,2,NO INDICATION OF INJURY,0.0,0.0,0.0,0.0,0.0,1.0,0.0,9,4,1,42.011556207,-87.810787587,POINT (-87.810787587269 42.011556207389),2025-01-08 09:00:00
83733442843dc828e4ecddeb9f6fb4b39284326845c24c5d91592f51fd2534a6b83b166311f4e2fd7bff768caec36e8d83f5a1992841a931eb86615466e02da7,,01/08/2025 09:00:00 AM,30,NO CONTROLS,NO CONTROLS,CLEAR,DAYLIGHT,SIDESWIPE SAME DIRECTION,NOT DIVIDED,,STRAIGHT AND LEVEL,DRY,NO DEFECTS,,NO INJURY / DRIVE AWAY,,,,"OVER $1,500",01/08/2025 03:35:00 PM,IMPROPER LANE USAGE,NOT APPLICABLE,4750,W,79TH ST,834.0,,,,,,,2,NO INDICATION OF INJURY,0.0,0.0,0.0,0.0,0.0,2.0,0.0,9,4,1,41.749269959,-87.740971697,POINT (-87.740971697311 41.749269959164),2025-01-08 09:00:00
90e5fcac2dfa689939671729b0b88183c26fd5c121dd9b8e81a264cd23fb6fec138555137f3d207cabb330d68e3de908c633ffe5b8cfcadb17dd0ba7ced70a57,,01/08/2025 09:00:00 AM,30,UNKNOWN,UNKNOWN,UNKNOWN,UNKNOWN,PARKED MOTOR VEHICLE,UNKNOWN,,STRAIGHT AND LEVEL,UNKNOWN,UNKNOWN,NOT ON SCENE (DESK REPORT),INJURY AND / OR TOW DUE TO CRASH,,,Y,"OVER $1,500",01/08/2025 06:00:00 PM,UNABLE TO DETERMINE,UNABLE TO DETERMINE,4647,N,KENNICOTT AVE,1722.0,,,,,,,2,NO INDICATION OF INJURY,0.0,0.0,0.0,0.0,0.0,1.0,0.0,9,4,1,41.965178321,-87.731504117,POINT (-87.731504117028 41.965178320835),2025-01-08 09:00:00
cb2580744c9476be08b720e632dd8026f37f6764ef6e5bb6e0fd30e2a3970b990827db5917232a4297ece351acc3a294009589ebf0db1c6013995cd300dfda49,,01/08/2025 09:00:00 AM,30,TRAFFIC SIGNAL,FUNCTIONING PROPERLY,CLEAR,DAYLIGHT,PEDALCYCLIST,NOT DIVIDED,,STRAIGHT AND LEVEL,DRY,NO DEFECTS,NOT ON SCENE (DESK REPORT),NO INJURY / DRIVE AWAY,Y,,,"OVER $1,500",01/08/2025 09:57:00 AM,IMPROPER OVERTAKING/PASSING,NOT APPLICABLE,2022,S,HALSTED ST,1235.0,,,,,,,2,NO INDICATION OF INJURY,0.0,0.0,0.0,0.0,0.0,2.0,0.0,9,4,1,41.854757788,-87.646701176,POINT (-87.646701175506 41.854757788062),2025-01-08 09:00:00
587556cae019eda0be970c19d7ff7b8d8badbfe4c1649a32fa5c18175bc697af80c5444fdefceccaea9d3af0a5c3a80275f2e715d018f3ba8b30c753892e870b,,01/08/2025 08:55:00 AM,30,TRAFFIC SIGNAL,FUNCTIONING PROPERLY,CLEAR,DAYLIGHT,SIDESWIPE SAME DIRECTION,NOT DIVIDED,,STRAIGHT AND LEVEL,DRY,NO DEFECTS,ON SCENE,NO INJURY / DRIVE AWAY,,,Y,"OVER $1,500",01/08/2025 09:02:00 AM,IMPROPER OVERTAKING/PASSING,UNABLE TO DETERMINE,399,N,CENTRAL AVE,1523.0,,,,,,,2,NO INDICATION OF INJURY,0.0,0.0,0.0,0.0,0.0,2.0,0.0,8,4,1,41.887721728,-87.764972282,POINT (-87.764972281551 41.887721727886),2025-01-08 08:55:00
028752031c06fe56e213d82a5335abb8e154be36058816b2c95003fd4856b52c8c6517fa4ad6b34381eb50a72e79477c0824d05c40345ef7f2de9c63a84965e6,N,01/08/2025 08:50:00 AM,30,NO CONTROLS,NO CONTROLS,CLEAR,DAYLIGHT,SIDESWIPE SAME DIRECTION,ONE-WAY,,STRAIGHT AND LEVEL,DRY,NO DEFECTS,ON SCENE,NO INJURY / DRIVE AWAY,,,,"$501 - $1,500",01/08/2025 08:51:00 AM,FAILING TO YIELD RIGHT-OF-WAY,DRIVING SKILLS/KNOWLEDGE/EXPERIENCE,1711,W,CONGRESS PKWY,1231.0,,,,,,,2,NO INDICATION OF INJURY,0.0,0.0,0.0,0.0,0.0,5.0,0.0,8,4,1,41.875023978,-87.669680013,POINT (-87.669680012532 41.875023978394),2025-01-08 08:50:00
ce35151ecf0d53864e497466db1df8a35d85531fde4bff65ae9cc9f85cea49c3a3de749b60e30f438e45b33afc28c522f120361e0335ea1a4818290288a44b94,,01/08/2025 08:47:00 AM,35,NO CONTROLS,NO CONTROLS,CLEAR,DAYLIGHT,REAR END,DIVIDED - W/MEDIAN BARRIER,,STRAIGHT AND LEVEL,DRY,NO DEFECTS,ON SCENE,INJURY AND / OR TOW DUE TO CRASH,,,,"OVER $1,500",01/08/2025 08:48:00 AM,FOLLOWING TOO CLOSELY,FAILING TO REDUCE SPEED TO AVOID CRASH,10255,S,HALSTED ST,2232.0,,,,,,,4,"REPORTED, NOT EVIDENT",1.0,0.0,0.0,0.0,1.0,3.0,0.0,8,4,1,41.707123691,-87.642694112,POINT (-87.642694111942 41.707123691291),2025-01-08 08:47:00
b3559bc59a5cace3b0930c9ef85f1352ffa177845de1547e5e604a9ad4becb5340242eb2a0c391e67e5be25fc5dc216e2c4ba5d09a06827fe0fddd761a377cb0,,01/08/2025 08:40:00 AM,30,UNKNOWN,FUNCTIONING PROPERLY,CLEAR,DAYLIGHT,REAR END,OTHER,,STRAIGHT AND LEVEL,UNKNOWN,UNKNOWN,ON SCENE,NO INJURY / DRIVE AWAY,,,,"OVER $1,500",01/08/2025 08:50:00 AM,UNABLE TO DETERMINE,NOT APPLICABLE,1257,W,103RD ST,2232.0,,,,,,,2,NO INDICATION OF INJURY,0.0,0.0,0.0,0.0,0.0,3.0,0.0,8,4,1,41.706689884,-87.654915218,POINT (-87.654915218316 41.706689883695),2025-01-08 08:40:00
7323969e31e947b192e5b37b64bff73a94e599be57ecb8c224907837bf9e25231846c9c748b71365f7029cc6a840053a7f6cc972332e79ee362dc7c8db05c8f0,,01/08/2025 08:34:00 AM,30,TRAFFIC SIGNAL,FUNCTIONING PROPERLY,CLEAR,DAYLIGHT,REAR END,NOT DIVIDED,,STRAIGHT AND LEVEL,DRY,NO DEFECTS,NOT ON SCENE (DESK REPORT),NO INJURY / DRIVE AWAY,,,,"OVER $1,500",01/09/2025 11:30:00 AM,UNABLE TO DETERMINE,UNABLE TO DETERMINE,6401,S,PULASKI RD,823.0,,,,,,,2,NO INDICATION OF INJURY,0.0,0.0,0.0,0.0,0.0,2.0,0.0,8,4,1,41.776783363,-87.722565512,POINT (-87.722565512035 41.776783362512),2025-01-08 08:34:00