CRASH_RECORD_ID,CRASH_DATE_EST_I,CRASH_DATE,POSTED_SPEED_LIMIT,TRAFFIC_CONTROL_DEVICE,DEVICE_CONDITION,WEATHER_CONDITION,LIGHTING_CONDITION,FIRST_CRASH_TYPE,TRAFFICWAY_TYPE,LANE_CNT,ALIGNMENT,ROADWAY_SURFACE_COND,ROAD_DEFECT,REPORT_TYPE,CRASH_TYPE,INTERSECTION_RELATED_I,NOT_RIGHT_OF_WAY_I,HIT_AND_RUN_I,DAMAGE,DATE_POLICE_NOTIFIED,PRIM_CONTRIBUTORY_CAUSE,SEC_CONTRIBUTORY_CAUSE,STREET_NO,STREET_DIRECTION,STREET_NAME,BEAT_OF_OCCURRENCE,PHOTOS_TAKEN_I,STATEMENTS_TAKEN_I,DOORING_I,WORK_ZONE_I,WORK_ZONE_TYPE,WORKERS_PRESENT_I,NUM_UNITS,MOST_SEVERE_INJURY,INJURIES_TOTAL,INJURIES_FATAL,INJURIES_INCAPACITATING,INJURIES_NON_INCAPACITATING,INJURIES_REPORTED_NOT_EVIDENT,INJURIES_NO_INDICATION,INJURIES_UNKNOWN,CRASH_HOUR,CRASH_DAY_OF_WEEK,CRASH_MONTH,LATITUDE,LONGITUDE,LOCATION,timestamp
41869d2c22273549421e34ebef3cadb142d88dfea95cdde295c1f43ec7bed5191c3b2a26d121ad409a9713e2d4cac34fce8fb7f5ae8720418f564155cb7b7104,,01/08/2025 08:30:00 AM,15,NO CONTROLS,NO CONTROLS,CLEAR,DAYLIGHT,PARKED MOTOR VEHICLE,PARKING LOT,,STRAIGHT AND LEVEL,DRY,UNKNOWN,NOT ON SCENE (DESK REPORT),NO INJURY / DRIVE AWAY,,,,"OVER $1,500",01/08/2025 01:00:00 PM,UNABLE TO DETERMINE,UNABLE TO DETERMINE,7051,S,WESTERN AVE,832.0,,,,,,,2,NO INDICATION OF INJURY,0.0,0.0,0.0,0.0,0.0,1.0,0.0,8,4,1,41.765020527,-87.683104155,POINT (-87.683104154519 41.765020527459),2025-01-08 08:30:00
56c1573ded3d501696ce35ccaa08529e208fb04c1c8d6e124bd197abfa5ed88dc91a2ff876175ea85cbfbf5d96df651eaada3fc50ca255cb74abb77dca4f891b,,01/08/2025 08:30:00 AM,30,NO CONTROLS,NO CONTROLS,CLEAR,DAYLIGHT,PARKED MOTOR VEHICLE,NOT DIVIDED,,STRAIGHT AND LEVEL,DRY,NO DEFECTS,NOT ON SCENE (DESK REPORT),NO INJURY / DRIVE AWAY,,,,"OVER $1,500",01/08/2025 10:10:00 AM,UNABLE TO DETERMINE,UNABLE TO DETERMINE,3053,N,CALIFORNIA AVE,1411.0,,,,,,,2,NO INDICATION OF INJURY,0.0,0.0,0.0,0.0,0.0,1.0,0.0,8,4,1,41.937349685,-87.697619919,POINT (-87.697619919312 41.937349685352),2025-01-08 08:30:00
c0679dd66264898c4d4b2e2a3605faf02919b6ec2aef220493ae2156015298460f3e5aa004e4e49d0da4798b6e2588bad036ea4bffa13645cd94a5c5cec301f6,,01/08/2025 08:30:00 AM,30,TRAFFIC SIGNAL,FUNCTIONING PROPERLY,CLEAR,DAYLIGHT,TURNING,NOT DIVIDED,,STRAIGHT AND LEVEL,DRY,NO DEFECTS,NOT ON SCENE (DESK REPORT),NO INJURY / DRIVE AWAY,Y,,,"OVER $1,500",01/08/2025 09:15:00 AM,UNABLE TO DETERMINE,NOT APPLICABLE,1982,N,CLYBOURN AVE,1811.0,,,,,,,2,NO INDICATION OF INJURY,0.0,0.0,0.0,0.0,0.0,2.0,0.0,8,4,1,41.917167001,-87.658453226,POINT (-87.65845322644 41.917167000959),2025-01-08 08:30:00
3b9263ab5d5b118865da2a3917c355404b70ee4560ced538903906277816731684988b3f77be9399a140890978429abb3ca2a35ca54c27c85cecee143cf4b943,,01/08/2025 08:21:00 AM,30,TRAFFIC SIGNAL,FUNCTIONING PROPERLY,CLEAR,DAYLIGHT,PEDESTRIAN,FOUR WAY,,STRAIGHT AND LEVEL,DRY,UNKNOWN,ON SCENE,INJURY AND / OR TOW DUE TO CRASH,,,,"$501 - $1,500",01/08/2025 08:30:00 AM,FAILING TO YIELD RIGHT-OF-WAY,"VISION OBSCURED (SIGNS, TREE LIMBS, BUILDINGS, ETC.)",3300,S,WENTWORTH AVE,915.0,,,,,,,2,NONINCAPACITATING INJURY,1.0,0.0,0.0,1.0,0.0,1.0,0.0,8,4,1,41.834498022,-87.631745801,POINT (-87.631745801426 41.834498021652),2025-01-08 08:21:00
68f654f78c49ef0ce7c3e30dd4ccecbd25dc8f85f6adee1e431607e82f1ad77c7a3c3613120b4a0e87395fef75b472ec12175afeb852b3e2195710f0d7a15be9,,01/08/2025 08:21:00 AM,30,STOP SIGN/FLASHER,FUNCTIONING PROPERLY,CLEAR,DAYLIGHT,PARKED MOTOR VEHICLE,FOUR WAY,,STRAIGHT AND LEVEL,DRY,NO DEFECTS,ON SCENE,NO INJURY / DRIVE AWAY,Y,,,"OVER $1,500",01/08/2025 08:23:00 AM,"VISION OBSCURED (SIGNS, TREE LIMBS, BUILDINGS, ETC.)",WEATHER,10500,S,COTTAGE GROVE AVE,512.0,,Y,,,,,2,NO INDICATION OF INJURY,0.0,0.0,0.0,0.0,0.0,2.0,0.0,8,4,1,41.703729088,-87.607508312,POINT (-87.607508312154 41.703729088417),2025-01-08 08:21:00
7a05ab6ae9f275392726797deb4faf29789dc89a7fa5cdd1237d790430ba785b139e56924cffede8b6978a8cf30b4ec651508c193a0c088d7fdb502cb12ab0e5,,01/08/2025 08:20:00 AM,30,NO CONTROLS,NO CONTROLS,CLEAR,DAYLIGHT,REAR END,ONE-WAY,,STRAIGHT AND LEVEL,UNKNOWN,UNKNOWN,NOT ON SCENE (DESK REPORT),NO INJURY / DRIVE AWAY,,,,"OVER $1,500",01/08/2025 01:20:00 PM,UNABLE TO DETERMINE,UNABLE TO DETERMINE,3183,S,DR MARTIN LUTHER KING JR DR,211.0,,,,,,,2,NO INDICATION OF INJURY,0.0,0.0,0.0,0.0,0.0,4.0,0.0,8,4,1,41.836689067,-87.616924926,POINT (-87.616924925984 41.836689066691),2025-01-08 08:20:00
9041ce12382680e23dfbe740250bb62e40e21b8da37fbee5dc33af9d71cb8f4cc4daef07d93917eece165ca2a4c885ae5cb99e32b7809fcdc6436eef7d660b1c,,01/08/2025 08:20:00 AM,30,NO CONTROLS,NO CONTROLS,CLEAR,DAYLIGHT,TURNING,DIVIDED - W/MEDIAN (NOT RAISED),,STRAIGHT AND LEVEL,UNKNOWN,UNKNOWN,NOT ON SCENE (DESK REPORT),NO INJURY / DRIVE AWAY,,,,"OVER $1,500",01/08/2025 08:56:00 AM,FAILING TO YIELD RIGHT-OF-WAY,UNABLE TO DETERMINE,1820,W,WEBSTER AVE,1432.0,,,,,,,2,NO INDICATION OF INJURY,0.0,0.0,0.0,0.0,0.0,2.0,0.0,8,4,1,41.921572982,-87.673624362,POINT (-87.673624362024 41.921572982169),2025-01-08 08:20:00
beb0c1716f7922a4fcd405dfc5764f200feb002d778c3f05faafcf3a7b59286f898734c24d8c894bbc94744c732cccdd5a33f881c4d15a37da8bcbe86ca17aa3,,01/08/2025 08:20:00 AM,30,NO CONTROLS,NO CONTROLS,CLEAR,DAYLIGHT,REAR END,NOT DIVIDED,,STRAIGHT AND LEVEL,DRY,NO DEFECTS,NOT ON SCENE (DESK REPORT),NO INJURY / DRIVE AWAY,Y,,,"$501 - $1,500",01/08/2025 09:27:00 AM,UNABLE TO DETERMINE,NOT APPLICABLE,1094,E,111TH ST,513.0,,,,,,,2,NO INDICATION OF INJURY,0.0,0.0,0.0,0.0,0.0,2.0,0.0,8,4,1,41.69230074,-87.597682321,POINT (-87.597682321382 41.692300740223),2025-01-08 08:20:00
8cc7fe12ee935c4c00f1b4786252beb91e6f66053b9a6171ea45fed6b0121008199a2fa9cfdcc7113cdbacfa9788a0b8c86f9b1a57c9da4699a6f2d45fa7d8c8,,01/08/2025 08:01:00 AM,30,TRAFFIC SIGNAL,FUNCTIONING PROPERLY,CLEAR,DAYLIGHT,REAR END,OTHER,,STRAIGHT AND LEVEL,DRY,NO DEFECTS,ON SCENE,INJURY AND / OR TOW DUE TO CRASH,Y,,Y,"OVER $1,500",01/08/2025 08:18:00 AM,FOLLOWING TOO CLOSELY,NOT APPLICABLE,199,E,PERSHING RD,213.0,,,,,,,2,NONINCAPACITATING INJURY,1.0,0.0,0.0,1.0,0.0,1.0,0.0,8,4,1,41.823664547,-87.621676753,POINT (-87.621676752689 41.823664546517),2025-01-08 08:01:00
4609691616bec1e417b205dd5e07e50b9665e5ba14019344ba3d9d7d6cc04a7b08aefc2d014d838d9e30b3bb965c2e82188e686789662bd623b6db0e751853d2,,01/08/2025 08:00:00 AM,15,OTHER,FUNCTIONING PROPERLY,CLEAR,DAYLIGHT,REAR END,ONE-WAY,,STRAIGHT AND LEVEL,SNOW OR SLUSH,NO DEFECTS,ON SCENE,NO INJURY / DRIVE AWAY,,,Y,"$501 - $1,500",01/08/2025 08:10:00 AM,FOLLOWING TOO CLOSELY,UNABLE TO DETERMINE,1923,N,ORCHARD ST,1813.0,,,,,,,2,NO INDICATION OF INJURY,0.0,0.0,0.0,0.0,0.0,2.0,0.0,8,4,1,41.91677059,-87.645907107,POINT (-87.645907107127 41.916770590212),2025-01-08 08:00:00
46e467b648c59bc7273fb02113d46fd9c5956b848875bf72ef3a43ecdcf0f6f653d344afafa4d1b2653f280d90b1ff683ed477def0830285c120784e367884e8,,01/08/2025 08:00:00 AM,30,TRAFFIC SIGNAL,FUNCTIONING PROPERLY,CLEAR,DAYLIGHT,REAR END,DIVIDED - W/MEDIAN (NOT RAISED),,STRAIGHT AND LEVEL,UNKNOWN,UNKNOWN,NOT ON SCENE (DESK REPORT),NO INJURY / DRIVE AWAY,,,,"OVER $1,500",01/08/2025 08:40:00 AM,FOLLOWING TOO CLOSELY,UNABLE TO DETERMINE,4354,N,ELSTON AVE,1722.0,,,,,,,2,NO INDICATION OF INJURY,0.0,0.0,0.0,0.0,0.0,2.0,0.0,8,4,1,41.959871302,-87.728380348,POINT (-87.728380347763 41.959871302086),2025-01-08 08:00:00
5267034791a5b8b80e5d447237205bbe0b8578f8d81f4da820d04e3f37e98c3dc70720cbeffd1180cc76f8a2f8974e38ccbba5631d4a7470a53f27a33e84bea2,,01/08/2025 08:00:00 AM,30,NO CONTROLS,NO CONTROLS,CLEAR,DAYLIGHT,TURNING,DIVIDED - W/MEDIAN (NOT RAISED),,STRAIGHT AND LEVEL,DRY,NO DEFECTS,NOT ON SCENE (DESK REPORT),NO INJURY / DRIVE AWAY,,,,"OVER $1,500",01/08/2025 08:19:00 PM,UNABLE TO DETERMINE,NOT APPLICABLE,1611,W,42ND ST,924.0,,,,,,,2,NO INDICATION OF INJURY,0.0,0.0,0.0,0.0,0.0,2.0,0.0,8,4,1,41.817590769,-87.665738844,POINT (-87.665738843577 41.817590769468),2025-01-08 08:00:00
7bc6c146144962352adbe40c8a004fcd0b5ac05e1dabe946976ce14277f005b8026e5fff7143fe63e0a9952a42780e62b960efddeef602ffb9ef3ac3d2903765,,01/08/2025 08:00:00 AM,30,NO CONTROLS,NO CONTROLS,CLEAR,DAYLIGHT,PARKED MOTOR VEHICLE,NOT DIVIDED,,STRAIGHT AND LEVEL,DRY,NO DEFECTS,ON SCENE,NO INJURY / DRIVE AWAY,,,,"$501 - $1,500",01/08/2025 08:05:00 AM,NOT APPLICABLE,UNABLE TO DETERMINE,10035,S,AVENUE N,432.0,,,,,,,2,NO INDICATION OF INJURY,0.0,0.0,0.0,0.0,0.0,1.0,0.0,8,4,1,41.712846531,-87.538753413,POINT (-87.538753412675 41.712846531453),2025-01-08 08:00:00
86e36dddb097cfb4eb102ec69a897cca4a59f5df36650ae4fa69517a0564f45485efa7125c3f40ef131481f4b7c53c9593eec471cafa2ab7f309e1dcd9663018,,01/08/2025 08:00:00 AM,20,NO CONTROLS,NO CONTROLS,UNKNOWN,DAYLIGHT,PARKED MOTOR VEHICLE,ONE-WAY,,STRAIGHT AND LEVEL,UNKNOWN,UNKNOWN,NOT ON SCENE (DESK REPORT),NO INJURY / DRIVE AWAY,,,,"OVER $1,500",01/08/2025 04:00:00 PM,UNABLE TO DETERMINE,NOT APPLICABLE,8440,S,WINCHESTER AVE,614.0,,,,,,,2,NO INDICATION OF INJURY,0.0,0.0,0.0,0.0,0.0,1.0,0.0,8,4,1,41.73991544,-87.671822442,POINT (-87.671822442301 41.739915440217),2025-01-08 08:00:00
b649a21466626f40c818d6947c5c375d0471e3b0c4515488afa39c57d699c47ef150a00ac8dcb9c276bbd43f50a505cec5ceb4a81307881c2de8afcaa88ae762,,01/08/2025 08:00:00 AM,30,NO CONTROLS,NO CONTROLS,CLEAR,DAYLIGHT,PARKED MOTOR VEHICLE,NOT DIVIDED,,STRAIGHT AND LEVEL,DRY,NO DEFECTS,NOT ON SCENE (DESK REPORT),NO INJURY / DRIVE AWAY,,,Y,"OVER $1,500",01/08/2025 08:25:00 AM,DRIVING SKILLS/KNOWLEDGE/EXPERIENCE,UNABLE TO DETERMINE,4549,S,WOODLAWN AVE,222.0,,,,,,,2,NO INDICATION OF INJURY,0.0,0.0,0.0,0.0,0.0,2.0,0.0,8,4,1,41.811838322,-87.596730517,POINT (-87.596730517392 41.811838322379),2025-01-08 08:00:00
f15f96468cf1961f8d84ac36b7940fd46f236e7ea61b3fc1612e011d754e8de0d4b8bc47c6e7c711918966f81a7010b61bf9c2f284cfdbc08f5f782ddd505481,,01/08/2025 08:00:00 AM,30,NO CONTROLS,NO CONTROLS,UNKNOWN,DAYLIGHT,PARKED MOTOR VEHICLE,ONE-WAY,,STRAIGHT AND LEVEL,UNKNOWN,UNKNOWN,NOT ON SCENE (DESK REPORT),INJURY AND / OR TOW DUE TO CRASH,,,,"OVER $1,500",01/08/2025 04:00:00 PM,UNABLE TO DETERMINE,NOT APPLICABLE,7451,S,INGLESIDE AVE,323.0,,,,,,,2,NO INDICATION OF INJURY,0.0,0.0,0.0,0.0,0.0,1.0,0.0,8,4,1,41.758941375,-87.60158619,POINT (-87.601586189777 41.758941375205),2025-01-08 08:00:00
84fe07ec045d8cbf1e19d387903852d16847d4b71d3d5495a4ff08f4d012d41d3e3a228440e8b5db73fccde21969ae3df3ab14d7255c9694c5d8644f02a2e810,,01/08/2025 07:56:00 AM,30,NO CONTROLS,NO CONTROLS,CLEAR,DAYLIGHT,REAR END,NOT DIVIDED,,STRAIGHT AND LEVEL,DRY,UNKNOWN,NOT ON SCENE (DESK REPORT),NO INJURY / DRIVE AWAY,,,,"OVER $1,500",01/08/2025 08:36:00 AM,DISTRACTION - FROM INSIDE VEHICLE,DISTRACTION - FROM INSIDE VEHICLE,610,N,DAMEN AVE,1221.0,,,,,,,2,NO INDICATION OF INJURY,0.0,0.0,0.0,0.0,0.0,2.0,0.0,7,4,1,41.892651216,-87.677106588,POINT (-87.677106587578 41.892651216444),2025-01-08 07:56:00
b5b56bd94497363e6999fef0d05a3e9fe015e109d3bc5cf4782fee7fd26c3e59a443f083617ab6549eb3cfad6367763be5b6755c1aa32ac066820fe9aa27dd27,,01/08/2025 07:55:00 AM,30,TRAFFIC SIGNAL,FUNCTIONING PROPERLY,CLEAR,DAYLIGHT,TURNING,NOT DIVIDED,,STRAIGHT AND LEVEL,DRY,NO DEFECTS,ON SCENE,NO INJURY / DRIVE AWAY,Y,,,"$501 - $1,500",01/08/2025 07:59:00 AM,DISREGARDING TRAFFIC SIGNALS,NOT APPLICABLE,2,E,103RD ST,511.0,,,,,,,2,NO INDICATION OF INJURY,0.0,0.0,0.0,0.0,0.0,2.0,0.0,7,4,1,41.707275322,-87.623466172,POINT (-87.623466171882 41.707275321599),2025-01-08 07:55:00
0bb1349b30e3acf899807a50d294add81f0698121a1074abbb26c0646c4064e3a2ea993f5e47f17845502b1766db5d5a9fd8df123c9a94a8969b8a181d0e0e51,,01/08/2025 07:54:00 AM,30,UNKNOWN,UNKNOWN,CLEAR,DAYLIGHT,REAR END,NOT DIVIDED,,STRAIGHT AND LEVEL,DRY,UNKNOWN,ON SCENE,NO INJURY / DRIVE AWAY,,,,"OVER $1,500",01/08/2025 07:55:00 AM,UNABLE TO DETERMINE,UNABLE TO DETERMINE,4549,N,CICERO AVE,1722.0,,,,,,,2,NO INDICATION OF INJURY,0.0,0.0,0.0,0.0,0.0,2.0,0.0,7,4,1,41.963979429,-87.747323356,POINT (-87.747323356454 41.963979428881),2025-01-08 07:54:00
7ca8baabad18b7140a39cea92430329d268906893f183baaa5e56c6aee17f3e9f419e02f567861d7a8cb75d7cdb2e55b83e979694a7a6b4daf193e4833fa4413,,01/08/2025 07:45:00 AM,30,NO CONTROLS,NO CONTROLS,CLEAR,DAYLIGHT,SIDESWIPE SAME DIRECTION,NOT DIVIDED,,STRAIGHT AND LEVEL,DRY,NO DEFECTS,NOT ON SCENE (DESK REPORT),NO INJURY / DRIVE AWAY,,,,"OVER $1,500",01/08/2025 08:43:00 AM,UNABLE TO DETERMINE,UNABLE TO DETERMINE,7900,S,PERRY AVE,623.0,,,,,,,2,NO INDICATION OF INJURY,0.0,0.0,0.0,0.0,0.0,2.0,0.0,7,4,1,41.750816108,-87.627177543,POINT (-87.62717754304 41.75081610788),2025-01-08 07:45:00
dc2c797656e891d5dbfe01fec2990132fceef64c5e312aad7201c1cddb044ed63584373421a4d4bfdf96cd54a71f46a36a38805a6f3d630de07bdf2f320c3b85,,01/08/2025 07:45:00 AM,35,TRAFFIC SIGNAL,FUNCTIONING PROPERLY,UNKNOWN,UNKNOWN,SIDESWIPE SAME DIRECTION,ONE-WAY,,STRAIGHT AND LEVEL,UNKNOWN,UNKNOWN,NOT ON SCENE (DESK REPORT),NO INJURY / DRIVE AWAY,,,,"OVER $1,500",01/09/2025 04:20:00 PM,FAILING TO YIELD RIGHT-OF-WAY,NOT APPLICABLE,5500,S,PRINCETON AVE,711.0,,,,,,,2,NO INDICATION OF INJURY,0.0,0.0,0.0,0.0,0.0,3.0,0.0,7,4,1,41.794081881,-87.633134703,POINT (-87.633134703265 41.794081881074),2025-01-08 07:45:00
ef8c56e6565e2f5f25f3093e841d9d78f6f626cb3654c88c198b6b4056b213364556cefc4d4666bee2bc7defaf250705017da0192134a55a808ba7af7828619d,,01/08/2025 07:45:00 AM,30,STOP SIGN/FLASHER,FUNCTIONING PROPERLY,CLEAR,DAYLIGHT,TURNING,NOT DIVIDED,,STRAIGHT AND LEVEL,DRY,NO DEFECTS,,NO INJURY / DRIVE AWAY,Y,,,"$501 - $1,500",01/08/2025 08:00:00 AM,IMPROPER TURNING/NO SIGNAL,FAILING TO YIELD RIGHT-OF-WAY,1599,W,ROSEMONT AVE,2433.0,,,,,,,2,NO INDICATION OF INJURY,0.0,0.0,0.0,0.0,0.0,2.0,0.0,7,4,1,41.996280078,-87.670099396,POINT (-87.670099395638 41.996280077533),2025-01-08 07:45:00
daf05fa86087abacf733157c4b9a7c0db4ea968f79a7ed1eb857a2e83bb456fb5c913bdd77d1742706bc3d65f1736b001a3d72550f294fe04dedab67204a40f2,,01/08/2025 07:44:00 AM,25,UNKNOWN,UNKNOWN,CLEAR,DAWN,PARKED MOTOR VEHICLE,ONE-WAY,,STRAIGHT AND LEVEL,DRY,NO DEFECTS,ON SCENE,NO INJURY / DRIVE AWAY,,,,$500 OR LESS,01/08/2025 07:44:00 AM,IMPROPER OVERTAKING/PASSING,FOLLOWING TOO CLOSELY,63,E,VAN BUREN ST,113.0,,N,,,,,2,NO INDICATION OF INJURY,0.0,0.0,0.0,0.0,0.0,1.0,0.0,7,4,1,41.876882344,-87.625272765,POINT (-87.625272764658 41.876882343625),2025-01-08 07:44:00
be91e86c389f9b71b0ded8ccd8869d1e98c1898311c134d93f4b9d369d029860b20cedb715f63e0b4afac99262eeb42bc53591edfe602d7e571645868288efc8,,01/08/2025 07:43:00 AM,30,NO CONTROLS,NO CONTROLS,CLEAR,DAYLIGHT,REAR END,DIVIDED - W/MEDIAN (NOT RAISED),,STRAIGHT AND LEVEL,DRY,NO DEFECTS,ON SCENE,NO INJURY / DRIVE AWAY,,,,"OVER $1,500",01/08/2025 07:48:00 AM,FAILING TO REDUCE SPEED TO AVOID CRASH,FAILING TO REDUCE SPEED TO AVOID CRASH,6645,N,WESTERN AVE,2412.0,,,,,,,2,NO INDICATION OF INJURY,0.0,0.0,0.0,0.0,0.0,2.0,0.0,7,4,1,42.002587724,-87.689861301,POINT (-87.68986130094 42.002587723672),2025-01-08 07:43:00
1147c60869c9e70494091c76bccc3ce10f77d92d91036bb1ac58520563a1d8d78b73bb9364337bdd12a6d469f296e64f427aeceae6d3fd108927d7d2f19eefc1,,01/08/2025 07:40:00 AM,30,NO CONTROLS,NO CONTROLS,CLEAR,DAYLIGHT,TURNING,DIVIDED - W/MEDIAN BARRIER,,STRAIGHT AND LEVEL,DRY,NO DEFECTS,NOT ON SCENE (DESK REPORT),NO INJURY / DRIVE AWAY,,,,"$501 - $1,500",01/09/2025 05:33:00 PM,UNABLE TO DETERMINE,UNABLE TO DETERMINE,9445,S,STONY ISLAND AVE,413.0,,,,,,,2,NO INDICATION OF INJURY,0.0,0.0,0.0,0.0,0.0,2.0,0.0,7,4,1,41.722753774,-87.58499751,POINT (-87.584997510076 41.722753774099),2025-01-08 07:40:00
3533893ef83768f52c8780981c6eacb39e8f9a82bcc6b5824fa77db55c74695587cc0934f9f0bb60f25cf6bfdb58c590418de01e629b35ed429aebf7b0b4cf8d,,01/08/2025 07:40:00 AM,30,TRAFFIC SIGNAL,FUNCTIONING PROPERLY,CLEAR,DAYLIGHT,ANGLE,FOUR WAY,,STRAIGHT AND LEVEL,DRY,NO DEFECTS,ON SCENE,INJURY AND / OR TOW DUE TO CRASH,Y,,,"OVER $1,500",01/08/2025 07:42:00 AM,FAILING TO YIELD RIGHT-OF-WAY,UNABLE TO DETERMINE,4700,W,FULLERTON AVE,2521.0,,,,,,,2,"REPORTED, NOT EVIDENT",4.0,0.0,0.0,0.0,4.0,1.0,0.0,7,4,1,41.924379006,-87.743930115,POINT (-87.74393011487 41.924379005726),2025-01-08 07:40:00
b560ec4543a93de6c1a60f54eefed9bb87adfc8669e36d46893442a241be52e62b907097a3f15607972ab1fc9b386cc3c4ca8118ae01f123a331fd6bf95ca48f,Y,01/08/2025 07:30:00 AM,30,UNKNOWN,UNKNOWN,UNKNOWN,UNKNOWN,SIDESWIPE SAME DIRECTION,NOT DIVIDED,,STRAIGHT AND LEVEL,UNKNOWN,UNKNOWN,,NO INJURY / DRIVE AWAY,,,,"$501 - $1,500",01/08/2025 08:50:00 AM,UNABLE TO DETERMINE,NOT APPLICABLE,4959,S,ARCHER AVE,821.0,,,,,,,2,NO INDICATION OF INJURY,0.0,0.0,0.0,0.0,0.0,2.0,0.0,7,4,1,41.803046146,-87.722006734,POINT (-87.722006733579 41.803046146366),2025-01-08 07:30:00
e1ef4aa6576743530d9d64a86c1b118f7eeb318d379706458467f3100b17b998809d189a1c3f60174b40b3a6b0793f15a1d60badce36e59d2d51e429f3e56ba2,,01/08/2025 07:30:00 AM,30,NO CONTROLS,NO CONTROLS,OTHER,DAYLIGHT,TURNING,NOT DIVIDED,,STRAIGHT AND LEVEL,ICE,NO DEFECTS,NOT ON SCENE (DESK REPORT),NO INJURY / DRIVE AWAY,,,,"OVER $1,500",01/09/2025 07:00:00 AM,IMPROPER TURNING/NO SIGNAL,IMPROPER OVERTAKING/PASSING,8127,S,HALSTED ST,622.0,,,,,,,2,NO INDICATION OF INJURY,0.0,0.0,0.0,0.0,0.0,2.0,0.0,7,4,1,41.746180116,-87.643764499,POINT (-87.643764498592 41.746180116346),2025-01-08 07:30:00
7ee0027b4218c4ca2c3419fcbba9e42a5449167f299921051a3b6194bd561a43d0fb66fb79247fcf9930b7f190c5b95ba937362f4f9b4901ac9b4b5c1821dc2a,,01/08/2025 07:15:00 AM,30,NO CONTROLS,NO CONTROLS,CLEAR,DAYLIGHT,SIDESWIPE SAME DIRECTION,FOUR WAY,,STRAIGHT AND LEVEL,DRY,NO DEFECTS,ON SCENE,NO INJURY / DRIVE AWAY,,,Y,$500 OR LESS,01/08/2025 07:27:00 AM,IMPROPER LANE USAGE,FOLLOWING TOO CLOSELY,2590,S,BLUE ISLAND AVE,1034.0,Y,Y,,,,,2,NO INDICATION OF INJURY,0.0,0.0,0.0,0.0,0.0,2.0,0.0,7,4,1,41.845098034,-87.685048433,POINT (-87.68504843337 41.845098033807),2025-01-08 07:15:00
556b4f517022c40b331a2d07d860b51910dfa2934959cedf032c6e0c6767eab29a3a5fd61668ef75b69c5131393a2465872c860a6c0c6e9c9b0e00abed7d4f1e,,01/08/2025 07:09:00 AM,30,TRAFFIC SIGNAL,UNKNOWN,CLEAR,DAYLIGHT,REAR END,NOT DIVIDED,,STRAIGHT AND LEVEL,DRY,UNKNOWN,NOT ON SCENE (DESK REPORT),NO INJURY / DRIVE AWAY,,,Y,"$501 - $1,500",01/08/2025 09:50:00 AM,UNABLE TO DETERMINE,UNABLE TO DETERMINE,5759,W,AUGUSTA BLVD,1511.0,,,,,,,2,NO INDICATION OF INJURY,0.0,0.0,0.0,0.0,0.0,2.0,0.0,7,4,1,41.898317192,-87.770320268,POINT (-87.770320268309 41.898317191516),2025-01-08 07:09:00
20825746bd01f2de3a643622d0983703a740a50b77026a914b4d3353b2a2e0a289c036dd210435bf6c54cb2c129e6637949daf0f2ff1538a514311099f3d3ea8,,01/08/2025 07:00:00 AM,30,NO CONTROLS,NO CONTROLS,CLEAR,DAYLIGHT,PEDESTRIAN,NOT DIVIDED,,STRAIGHT AND LEVEL,DRY,NO DEFECTS,ON SCENE,INJURY AND / OR TOW DUE TO CRASH,,,,"$501 - $1,500",01/08/2025 07:01:00 AM,NOT APPLICABLE,NOT APPLICABLE,5716,W,MONTROSE AVE,1622.0,,,,,,,2,INCAPACITATING INJURY,1.0,0.0,1.0,0.0,0.0,2.0,0.0,7,4,1,41.960551997,-87.770378644,POINT (-87.770378644023 41.960551997191),2025-01-08 07:00:00
6667096a03f19e83efa35df03ebfbea75f6ee2fd4975836efb03d1422ca80cb2ba6d6c3d6d3a7f10e4beb6947da385c6e38fc74078f663db45fd04893d3ca3fb,,01/08/2025 07:00:00 AM,35,TRAFFIC SIGNAL,FUNCTIONING PROPERLY,CLEAR,DAYLIGHT,TURNING,T-INTERSECTION,,STRAIGHT AND LEVEL,DRY,NO DEFECTS,,NO INJURY / DRIVE AWAY,,,,"$501 - $1,500",01/08/2025 09:00:00 AM,FAILING TO YIELD RIGHT-OF-WAY,UNABLE TO DETERMINE,698,S,ASHLAND AVE,1231.0,,,,,,,2,NO INDICATION OF INJURY,0.0,0.0,0.0,0.0,0.0,2.0,0.0,7,4,1,41.87296317,-87.666718507,POINT (-87.666718507308 41.872963170346),2025-01-08 07:00:00