CRASH_RECORD_ID,CRASH_DATE_EST_I,CRASH_DATE,POSTED_SPEED_LIMIT,TRAFFIC_CONTROL_DEVICE,DEVICE_CONDITION,WEATHER_CONDITION,LIGHTING_CONDITION,FIRST_CRASH_TYPE,TRAFFICWAY_TYPE,LANE_CNT,ALIGNMENT,ROADWAY_SURFACE_COND,ROAD_DEFECT,REPORT_TYPE,CRASH_TYPE,INTERSECTION_RELATED_I,NOT_RIGHT_OF_WAY_I,HIT_AND_RUN_I,DAMAGE,DATE_POLICE_NOTIFIED,PRIM_CONTRIBUTORY_CAUSE,SEC_CONTRIBUTORY_CAUSE,STREET_NO,STREET_DIRECTION,STREET_NAME,BEAT_OF_OCCURRENCE,PHOTOS_TAKEN_I,STATEMENTS_TAKEN_I,DOORING_I,WORK_ZONE_I,WORK_ZONE_TYPE,WORKERS_PRESENT_I,NUM_UNITS,MOST_SEVERE_INJURY,INJURIES_TOTAL,INJURIES_FATAL,INJURIES_INCAPACITATING,INJURIES_NON_INCAPACITATING,INJURIES_REPORTED_NOT_EVIDENT,INJURIES_NO_INDICATION,INJURIES_UNKNOWN,CRASH_HOUR,CRASH_DAY_OF_WEEK,CRASH_MONTH,LATITUDE,LONGITUDE,LOCATION,timestamp
dba0d3bd1b19d84dbdcb59e3027b9b29fbf8b4397a026b61e7193e2614916d947f1daefd76a2f6af32b1c3294d48662acdfe705c487bf7303d13aaa16ffd53d9,,01/08/2025 07:00:00 AM,30,NO CONTROLS,NO CONTROLS,CLEAR,DAYLIGHT,TURNING,T-INTERSECTION,,STRAIGHT AND LEVEL,DRY,NO DEFECTS,ON SCENE,INJURY AND / OR TOW DUE TO CRASH,Y,,,"OVER $1,500",01/08/2025 08:01:00 AM,IMPROPER OVERTAKING/PASSING,IMPROPER OVERTAKING/PASSING,4706,W,LAWRENCE AVE,1712.0,,Y,,,,,2,NO INDICATION OF INJURY,0.0,0.0,0.0,0.0,0.0,2.0,0.0,7,4,1,41.968157965,-87.745735504,POINT (-87.745735503881 41.968157965401),2025-01-08 07:00:00
9654a6cfa24ca757bfd49f10632d4a40661ddb0c10cde98954a3ecc6c6b414ebb50cacadfd9c4dd758288a8f6911c16dfc22b6544e77568a03309db5a3823af2,,01/08/2025 06:51:00 AM,30,NO CONTROLS,NO CONTROLS,UNKNOWN,UNKNOWN,SIDESWIPE SAME DIRECTION,NOT DIVIDED,,STRAIGHT AND LEVEL,UNKNOWN,NO DEFECTS,NOT ON SCENE (DESK REPORT),NO INJURY / DRIVE AWAY,,,Y,"OVER $1,500",01/08/2025 04:58:00 PM,IMPROPER LANE USAGE,NOT APPLICABLE,6930,S,WESTERN AVE,832.0,,,,,,,2,NO INDICATION OF INJURY,0.0,0.0,0.0,0.0,0.0,2.0,0.0,6,4,1,41.767394031,-87.68346326,POINT (-87.68346325985 41.767394031445),2025-01-08 06:51:00
6a8ac6b9150da957936d3b2f7ceafaf7527d8f210fa6085063da583b07a555f54f0d9cc33971723e553dbea6b61a13c6793a299fbe888c6c6fc28c6a9f76992c,,01/08/2025 06:45:00 AM,30,TRAFFIC SIGNAL,FUNCTIONING PROPERLY,CLEAR,"DARKNESS, LIGHTED ROAD",SIDESWIPE SAME DIRECTION,DIVIDED - W/MEDIAN (NOT RAISED),,STRAIGHT AND LEVEL,DRY,NO DEFECTS,NOT ON SCENE (DESK REPORT),NO INJURY / DRIVE AWAY,,,,"OVER $1,500",01/08/2025 02:28:00 PM,IMPROPER OVERTAKING/PASSING,NOT APPLICABLE,4000,S,PULASKI RD,815.0,,,,,,,2,NO INDICATION OF INJURY,0.0,0.0,0.0,0.0,0.0,2.0,0.0,6,4,1,41.819052466,-87.724112702,POINT (-87.7241127025 41.819052466282),2025-01-08 06:45:00
9d97dac9f53a3f232d3801b416dcf04dc44f7ee177f003bde855f13bebcb0e06587ee1773502ac7281ac6e1db171f673efb64e98269a0dd886ead7dcad238969,,01/08/2025 06:45:00 AM,30,NO CONTROLS,NO CONTROLS,CLEAR,DAWN,FIXED OBJECT,DIVIDED - W/MEDIAN BARRIER,,STRAIGHT AND LEVEL,DRY,NO DEFECTS,ON SCENE,INJURY AND / OR TOW DUE TO CRASH,,,,"OVER $1,500",01/08/2025 08:00:00 AM,UNABLE TO DETERMINE,UNABLE TO DETERMINE,2324,W,IRVING PARK RD,1911.0,,,,,,,1,NO INDICATION OF INJURY,0.0,0.0,0.0,0.0,0.0,1.0,0.0,6,4,1,41.954144666,-87.68697505,POINT (-87.686975049861 41.954144666323),2025-01-08 06:45:00
955890f02fdba0b768ddabfc157a04cd3cb95a057ad49ac96f22e06edb828bfa4db389abed254cf366a31655a2c1c94bd61a5f5fba4bda87130a19c548f19d7e,,01/08/2025 06:22:00 AM,30,TRAFFIC SIGNAL,FUNCTIONING PROPERLY,CLEAR,DAWN,TURNING,FOUR WAY,,STRAIGHT AND LEVEL,DRY,NO DEFECTS,ON SCENE,INJURY AND / OR TOW DUE TO CRASH,Y,,,"OVER $1,500",01/08/2025 06:25:00 AM,FAILING TO YIELD RIGHT-OF-WAY,UNABLE TO DETERMINE,3200,N,CUMBERLAND AVE,1631.0,,,,,,,2,NO INDICATION OF INJURY,0.0,0.0,0.0,0.0,0.0,2.0,0.0,6,4,1,41.937638905,-87.83620975,POINT (-87.836209749528 41.937638905337),2025-01-08 06:22:00
9c014b3bafa27ab7e3f614de74406c310afc8719fd5a4d935518c018ee6a1c742d048632bb3b0788a2565aec9bf00035be9329595a51b88b702a824e47ffca3d,,01/08/2025 05:55:00 AM,30,TRAFFIC SIGNAL,FUNCTIONING PROPERLY,OTHER,DAWN,ANGLE,FOUR WAY,,STRAIGHT AND LEVEL,UNKNOWN,UNKNOWN,NOT ON SCENE (DESK REPORT),INJURY AND / OR TOW DUE TO CRASH,Y,,,"OVER $1,500",01/08/2025 05:55:00 AM,FAILING TO YIELD RIGHT-OF-WAY,UNABLE TO DETERMINE,9901,S,HALSTED ST,2232.0,Y,Y,,,,,2,NO INDICATION OF INJURY,0.0,0.0,0.0,0.0,0.0,2.0,0.0,5,4,1,41.714125649,-87.642852547,POINT (-87.642852547443 41.714125649277),2025-01-08 05:55:00
67a1783acb140e1453cd057999802c037c2363c01f198da89a724476f73ec79c8447cf2755fec586665c36439f6fb3c0665483e47db521296670318ad3eafd74,,01/08/2025 05:45:00 AM,30,OTHER,OTHER,UNKNOWN,UNKNOWN,SIDESWIPE SAME DIRECTION,NOT DIVIDED,,STRAIGHT AND LEVEL,UNKNOWN,OTHER,NOT ON SCENE (DESK REPORT),NO INJURY / DRIVE AWAY,,,,"$501 - $1,500",01/08/2025 06:05:00 AM,ROAD CONSTRUCTION/MAINTENANCE,ROAD CONSTRUCTION/MAINTENANCE,5101,S,KEDZIE AVE,923.0,,,,,,,2,NO INDICATION OF INJURY,0.0,0.0,0.0,0.0,0.0,2.0,0.0,5,4,1,41.800731461,-87.703616874,POINT (-87.703616874333 41.800731461185),2025-01-08 05:45:00
354b8b76482d4f018dfd293ff5237f5e1bac0c8442e7a520299431f9d111fa165ccf7b51a893270f37ee93ae15171e89a31a21df12227cc3bf093e5e65f17b1b,,01/08/2025 05:30:00 AM,40,NO CONTROLS,NO CONTROLS,CLEAR,"DARKNESS, LIGHTED ROAD",SIDESWIPE SAME DIRECTION,NOT DIVIDED,,STRAIGHT AND LEVEL,DRY,NO DEFECTS,NOT ON SCENE (DESK REPORT),NO INJURY / DRIVE AWAY,,,,"OVER $1,500",01/11/2025 11:50:00 AM,IMPROPER LANE USAGE,NOT APPLICABLE,301,S,LAKE SHORE DR NB,114.0,,,,,,,2,NO INDICATION OF INJURY,0.0,0.0,0.0,0.0,0.0,2.0,0.0,5,4,1,41.878317011,-87.617052125,POINT (-87.617052125371 41.878317010667),2025-01-08 05:30:00
e2d09c0c6a4bb42387b68dcef12350353e934a81d4a0ece714c9737ba0d4390393334248bd59d744801be57a692bdbbc4e8d2d2581bb2200bf9f3fc0ffe5c14d,,01/08/2025 05:30:00 AM,35,TRAFFIC SIGNAL,FUNCTIONING PROPERLY,CLEAR,DAYLIGHT,SIDESWIPE SAME DIRECTION,T-INTERSECTION,,STRAIGHT AND LEVEL,DRY,NO DEFECTS,NOT ON SCENE (DESK REPORT),NO INJURY / DRIVE AWAY,Y,,,"$501 - $1,500",01/08/2025 08:35:00 AM,IMPROPER LANE USAGE,IMPROPER LANE USAGE,801,S,LAKE SHORE DR NB,114.0,,,,,,,2,NO INDICATION OF INJURY,0.0,0.0,0.0,0.0,0.0,2.0,0.0,5,4,1,41.871912467,-87.616907025,POINT (-87.616907024719 41.871912467145),2025-01-08 05:30:00
59b13cd5d3e1234a155f34068f0629a1740e5546c9208af093da4bcfb262f8405e8da4ee376382f917cfd9c228309547d2f5e16038b915b8221e2680100a793b,,01/08/2025 05:15:00 AM,5,NO CONTROLS,NO CONTROLS,CLEAR,"DARKNESS, LIGHTED ROAD",FIXED OBJECT,PARKING LOT,,STRAIGHT AND LEVEL,DRY,NO DEFECTS,ON SCENE,NO INJURY / DRIVE AWAY,,Y,,"$501 - $1,500",01/08/2025 05:45:00 AM,DRIVING SKILLS/KNOWLEDGE/EXPERIENCE,DRIVING SKILLS/KNOWLEDGE/EXPERIENCE,10301,S,SAWYER AVE,2211.0,,,,,,,1,NO INDICATION OF INJURY,0.0,0.0,0.0,0.0,0.0,1.0,0.0,5,4,1,41.706083105,-87.702402127,POINT (-87.702402126912 41.706083105338),2025-01-08 05:15:00
29a882a5cfce85b0ef34b12869732d19ac409ca2c5087369b21671955c460eaa53ce43fbb0c1f55fda56fc5f6f93e7bd1c92898fb62c45482351be1d79a91a71,,01/08/2025 05:10:00 AM,30,NO CONTROLS,NO CONTROLS,OTHER,"DARKNESS, LIGHTED ROAD",FIXED OBJECT,ONE-WAY,,STRAIGHT AND LEVEL,ICE,NO DEFECTS,ON SCENE,INJURY AND / OR TOW DUE TO CRASH,,,,"OVER $1,500",01/08/2025 05:10:00 AM,FAILING TO REDUCE SPEED TO AVOID CRASH,WEATHER,4640,S,LA SALLE ST,215.0,,,,,,,1,NO INDICATION OF INJURY,0.0,0.0,0.0,0.0,0.0,2.0,0.0,5,4,1,,,,2025-01-08 05:10:00
63d5a1d3e768652f235756114882c8c26c12b006d9e3a88116ed361092248fb60306e2ee5d672dc3076ab5496c1ec23a2ad3f37365d0f68e8d5c6ea3a4b17c2e,,01/08/2025 03:12:00 AM,30,TRAFFIC SIGNAL,FUNCTIONING PROPERLY,CLEAR,"DARKNESS, LIGHTED ROAD",TURNING,DIVIDED - W/MEDIAN (NOT RAISED),,STRAIGHT AND LEVEL,DRY,UNKNOWN,ON SCENE,NO INJURY / DRIVE AWAY,,,,"OVER $1,500",01/08/2025 03:30:00 AM,IMPROPER TURNING/NO SIGNAL,IMPROPER TURNING/NO SIGNAL,9499,S,ASHLAND AVE,2221.0,,,,,,,2,NO INDICATION OF INJURY,0.0,0.0,0.0,0.0,0.0,5.0,0.0,3,4,1,41.72130883,-87.662540006,POINT (-87.662540006354 41.721308830281),2025-01-08 03:12:00
44ffc70288f16c0dda6a17526bb8096e08c33689215f131fc505289c5de9c15156eabd97cbeefdf2d2446c87c1b1c6f35c3642a5098b6c01bf81d56050765179,,01/08/2025 01:19:00 AM,25,TRAFFIC SIGNAL,FUNCTIONING PROPERLY,CLEAR,"DARKNESS, LIGHTED ROAD",ANGLE,FOUR WAY,,STRAIGHT AND LEVEL,DRY,NO DEFECTS,ON SCENE,INJURY AND / OR TOW DUE TO CRASH,Y,,Y,"OVER $1,500",01/08/2025 01:19:00 AM,FAILING TO YIELD RIGHT-OF-WAY,NOT APPLICABLE,1000,W,VAN BUREN ST,1232.0,,N,,,,,2,NO INDICATION OF INJURY,0.0,0.0,0.0,0.0,0.0,2.0,0.0,1,4,1,41.876709998,-87.65192768,POINT (-87.651927680437 41.876709997985),2025-01-08 01:19:00
e9c068f084ba1098662818161b08976a63dfcdee2041da9d4d711644436ba11c1e91f7af0321c296e48881bf1c996d2aa53d7598bf0d3d1ea7c1f6413cf9f248,,01/08/2025 12:40:00 AM,30,NO CONTROLS,NO CONTROLS,CLEAR,"DARKNESS, LIGHTED ROAD",REAR END,NOT DIVIDED,,STRAIGHT AND LEVEL,DRY,UNKNOWN,ON SCENE,INJURY AND / OR TOW DUE TO CRASH,,,,"OVER $1,500",01/08/2025 12:45:00 AM,FAILING TO REDUCE SPEED TO AVOID CRASH,DRIVING SKILLS/KNOWLEDGE/EXPERIENCE,417,W,LAKE ST,121.0,,,,,,,2,NONINCAPACITATING INJURY,1.0,0.0,0.0,1.0,0.0,2.0,0.0,0,4,1,41.885609649,-87.63884043,POINT (-87.638840429927 41.88560964882),2025-01-08 00:40:00
bc8e285aa7d8c4c127ffedd18cc3cb085ef5146b0561eb3bb431d8b4040e2f7fdd904dfc2022273acc3d427fee607df0f90eddd91b5f96c1cc5f53576e57b574,,01/08/2025 12:37:00 AM,30,NO CONTROLS,NO CONTROLS,SNOW,DARKNESS,PARKED MOTOR VEHICLE,NOT DIVIDED,,STRAIGHT AND LEVEL,SNOW OR SLUSH,NO DEFECTS,ON SCENE,INJURY AND / OR TOW DUE TO CRASH,N,,,"OVER $1,500",01/08/2025 12:38:00 AM,UNABLE TO DETERMINE,NOT APPLICABLE,16,E,127TH ST,532.0,Y,,,,,,2,NONINCAPACITATING INJURY,4.0,0.0,0.0,2.0,2.0,0.0,0.0,0,4,1,41.663571969,-87.621447209,POINT (-87.621447209271 41.663571968916),2025-01-08 00:37:00
879d997add57b05b780e82a3ba6c533d08887b015556c572943ba1374086e0f8ed8bacbe75c1bd4df3b36def662be8ff92d8ca3d7f1f697e28553378c81304a3,,01/08/2025 12:20:00 AM,30,TRAFFIC SIGNAL,FUNCTIONING PROPERLY,CLEAR,DARKNESS,REAR END,FOUR WAY,,STRAIGHT AND LEVEL,DRY,NO DEFECTS,ON SCENE,INJURY AND / OR TOW DUE TO CRASH,Y,,,"OVER $1,500",01/08/2025 12:20:00 AM,UNABLE TO DETERMINE,NOT APPLICABLE,5301,W,MADISON ST,1522.0,,,,,,,3,NONINCAPACITATING INJURY,3.0,0.0,0.0,2.0,1.0,0.0,0.0,0,4,1,41.880227717,-87.75774847,POINT (-87.757748469681 41.880227717297),2025-01-08 00:20:00
b741ab83b57a7d2c3dc5bf5212de8f955181b38debbbc950389cd6e29be5be792398b21540e7a6b2304318c66aa8ae9a87d79e8e9366c1d5fdce8fa1dd5fcb16,,01/08/2025 12:20:00 AM,30,TRAFFIC SIGNAL,FUNCTIONING PROPERLY,CLEAR,"DARKNESS, LIGHTED ROAD",REAR END,NOT DIVIDED,,STRAIGHT AND LEVEL,DRY,UNKNOWN,NOT ON SCENE (DESK REPORT),NO INJURY / DRIVE AWAY,,,Y,$500 OR LESS,01/08/2025 10:30:00 AM,UNABLE TO DETERMINE,UNABLE TO DETERMINE,2426,N,DAMEN AVE,1432.0,,,,,,,2,NO INDICATION OF INJURY,0.0,0.0,0.0,0.0,0.0,2.0,0.0,0,4,1,41.925731714,-87.678088896,POINT (-87.678088896228 41.925731713686),2025-01-08 00:20:00
1ee588100655dee70d0330eb6912537dedf9682bb78be157ab83916c014d725dff26ea71394c14825135b76a77fce91394bfea7df29fffc41312580673740ba0,,01/08/2025 12:00:00 AM,20,TRAFFIC SIGNAL,FUNCTIONING PROPERLY,UNKNOWN,UNKNOWN,PARKED MOTOR VEHICLE,NOT DIVIDED,,STRAIGHT AND LEVEL,UNKNOWN,NO DEFECTS,NOT ON SCENE (DESK REPORT),NO INJURY / DRIVE AWAY,,,Y,"$501 - $1,500",01/13/2025 01:50:00 PM,UNABLE TO DETERMINE,NOT APPLICABLE,6957,N,CALIFORNIA AVE,2411.0,,,,,,,2,NO INDICATION OF INJURY,0.0,0.0,0.0,0.0,0.0,1.0,0.0,0,4,1,42.008353015,-87.699626792,POINT (-87.699626792437 42.008353014766),2025-01-08 00:00:00
7730df7cf4c9148f418ad5e62b56c2196571c91005ba6d7889ca332eeaec9176c2a039dadf050160be8a075f9f66b00e0fdb96f643a690504c8912352321053a,,01/07/2025 11:59:00 PM,25,STOP SIGN/FLASHER,FUNCTIONING PROPERLY,CLEAR,UNKNOWN,REAR END,ONE-WAY,,STRAIGHT AND LEVEL,UNKNOWN,UNKNOWN,NOT ON SCENE (DESK REPORT),NO INJURY / DRIVE AWAY,,,,"OVER $1,500",01/08/2025 12:25:00 AM,UNABLE TO DETERMINE,UNABLE TO DETERMINE,4758,W,POLK ST,1131.0,,,,,,,2,NO INDICATION OF INJURY,0.0,0.0,0.0,0.0,0.0,2.0,0.0,23,3,1,41.870568842,-87.744780312,POINT (-87.744780312298 41.870568841983),2025-01-07 23:59:00
f43fe490a7f5df9eb2a5cfd7a3b39b31425a0b2904deb2481c8e080754b115cf42a1b73a915fc28c433d799af5ea01b0d7c9c5f38232ada78fbe5ecf8e8f19cb,,01/07/2025 11:50:00 PM,30,NO CONTROLS,NO CONTROLS,CLEAR,"DARKNESS, LIGHTED ROAD",PARKED MOTOR VEHICLE,ONE-WAY,,STRAIGHT AND LEVEL,OTHER,UNKNOWN,ON SCENE,INJURY AND / OR TOW DUE TO CRASH,,,,"OVER $1,500",01/07/2025 11:59:00 PM,EQUIPMENT - VEHICLE CONDITION,FAILING TO REDUCE SPEED TO AVOID CRASH,7658,S,ABERDEEN ST,612.0,,,,,,,2,NO INDICATION OF INJURY,0.0,0.0,0.0,0.0,0.0,2.0,0.0,23,3,1,41.754263216,-87.651559216,POINT (-87.651559216466 41.754263215912),2025-01-07 23:50:00
55a6f9a040b7f339b8c02c3c1099183c735a9e4fca5964b4cfb580e47dfd13fc882975019d1a1397354d8f8157babf4424533d5ebbfd08c56811b434579a88d2,,01/07/2025 11:21:00 PM,15,NO CONTROLS,NO CONTROLS,CLEAR,"DARKNESS, LIGHTED ROAD",PARKED MOTOR VEHICLE,PARKING LOT,,STRAIGHT AND LEVEL,DRY,NO DEFECTS,NOT ON SCENE (DESK REPORT),NO INJURY / DRIVE AWAY,,,Y,"$501 - $1,500",01/08/2025 09:50:00 AM,IMPROPER BACKING,NOT APPLICABLE,4319,N,MILWAUKEE AVE,1624.0,,,,,,,2,NO INDICATION OF INJURY,0.0,0.0,0.0,0.0,0.0,1.0,0.0,23,3,1,41.959422561,-87.753255168,POINT (-87.753255167654 41.959422560779),2025-01-07 23:21:00
a25fb6bc8989611748fbae87a463d5781a5b517d2745a694d07664e4740a6ae870508de7df8535af06219d172bd6376a91f8a5b6b7992564c386330afe7ab9f4,Y,01/07/2025 11:00:00 PM,30,NO CONTROLS,NO CONTROLS,CLEAR,"DARKNESS, LIGHTED ROAD",PARKED MOTOR VEHICLE,ONE-WAY,,STRAIGHT AND LEVEL,DRY,NO DEFECTS,ON SCENE,INJURY AND / OR TOW DUE TO CRASH,,,Y,"OVER $1,500",01/08/2025 01:35:00 PM,UNABLE TO DETERMINE,UNABLE TO DETERMINE,7947,S,GREEN ST,621.0,,,,,,,3,NO INDICATION OF INJURY,0.0,0.0,0.0,0.0,0.0,1.0,0.0,23,3,1,41.749234366,-87.645068827,POINT (-87.645068827243 41.749234366024),2025-01-07 23:00:00
16c3ecb936890a1a2252217e89f2febdb8a4477ad615783b700158f78c1a9a14329f60b06f585ebb6a8661361fa603dda60e2fb486a7756ed9f1a0b6515ec475,,01/07/2025 10:51:00 PM,30,TRAFFIC SIGNAL,FUNCTIONING PROPERLY,CLEAR,"DARKNESS, LIGHTED ROAD",ANGLE,FOUR WAY,,STRAIGHT ON GRADE,DRY,NO DEFECTS,ON SCENE,INJURY AND / OR TOW DUE TO CRASH,Y,,,"OVER $1,500",01/07/2025 10:51:00 PM,UNDER THE INFLUENCE OF ALCOHOL/DRUGS (USE WHEN ARREST IS EFFECTED),DISREGARDING TRAFFIC SIGNALS,2100,W,47TH ST,924.0,,,,,,,2,NONINCAPACITATING INJURY,1.0,0.0,0.0,1.0,0.0,2.0,0.0,22,3,1,41.808610681,-87.677236179,POINT (-87.677236179215 41.808610680668),2025-01-07 22:51:00
691007cf08ce2a0aa0b637438aa9f9281acdac454f1450230bd4fb8d7b19a3a1501ea990bf4acb9198a0914d5e531a35b3135f106468f62899f58724955e04d8,,01/07/2025 10:02:00 PM,30,TRAFFIC SIGNAL,FUNCTIONING PROPERLY,CLEAR,"DARKNESS, LIGHTED ROAD",REAR END,NOT DIVIDED,,STRAIGHT AND LEVEL,DRY,NO DEFECTS,NOT ON SCENE (DESK REPORT),INJURY AND / OR TOW DUE TO CRASH,,,,$500 OR LESS,01/09/2025 10:47:00 AM,FOLLOWING TOO CLOSELY,NOT APPLICABLE,1803,W,CHICAGO AVE,1221.0,,,,,,,2,"REPORTED, NOT EVIDENT",1.0,0.0,0.0,0.0,1.0,1.0,0.0,22,3,1,41.89587851,-87.672367108,POINT (-87.672367107757 41.895878509871),2025-01-07 22:02:00
0148ed0bbcec3db9f4173f697e99976371e4dcb1460ba5d17970a8bf652ea9dc2667c65a4c5354788b77a85ecc24151ee5e008c971a66a9ccc9fc8bf43fd12a3,,01/07/2025 09:38:00 PM,30,TRAFFIC SIGNAL,FUNCTIONING PROPERLY,CLEAR,DARKNESS,HEAD ON,NOT DIVIDED,,STRAIGHT AND LEVEL,ICE,NO DEFECTS,ON SCENE,INJURY AND / OR TOW DUE TO CRASH,,,Y,"OVER $1,500",01/07/2025 09:41:00 PM,FAILING TO REDUCE SPEED TO AVOID CRASH,DRIVING ON WRONG SIDE/WRONG WAY,4958,W,LAKE ST,1532.0,,,,,,,3,NO INDICATION OF INJURY,0.0,0.0,0.0,0.0,0.0,5.0,0.0,21,3,1,41.887005662,-87.750130958,POINT (-87.750130958269 41.887005661654),2025-01-07 21:38:00
7b7f9396a72498b1f4ccfe77ffaeeaaefef3d4e03675956dc760e8014de975ea2c14c87ffd6f7418ba6223cfc6bf8073cde7cf06d5006aca25f83daeba458615,,01/07/2025 09:30:00 PM,30,UNKNOWN,UNKNOWN,UNKNOWN,UNKNOWN,TURNING,NOT DIVIDED,,STRAIGHT AND LEVEL,UNKNOWN,UNKNOWN,NOT ON SCENE (DESK REPORT),NO INJURY / DRIVE AWAY,,,,$500 OR LESS,01/11/2025 02:14:00 PM,UNABLE TO DETERMINE,UNABLE TO DETERMINE,2000,W,COLUMBIA AVE,2412.0,,,,,,,2,NO INDICATION OF INJURY,0.0,0.0,0.0,0.0,0.0,2.0,0.0,21,3,1,42.004347731,-87.680411262,POINT (-87.68041126165 42.004347730819),2025-01-07 21:30:00
ac05c27640e292aedffc22b12e2edb56956908a1ef6b559b3f325fa419fd589bef73924706ac22dd3407f386a785a3d24dcb2c4944651becc695e1ec0ff5c12a,,01/07/2025 09:30:00 PM,25,NO CONTROLS,NO CONTROLS,CLEAR,"DARKNESS, LIGHTED ROAD",REAR TO SIDE,PARKING LOT,,STRAIGHT AND LEVEL,DRY,UNKNOWN,NOT ON SCENE (DESK REPORT),NO INJURY / DRIVE AWAY,,Y,,"$501 - $1,500",01/07/2025 10:15:00 PM,UNABLE TO DETERMINE,UNABLE TO DETERMINE,10900,S,DOTY AVE W,513.0,,,,,,,2,NO INDICATION OF INJURY,0.0,0.0,0.0,0.0,0.0,3.0,0.0,21,3,1,41.696313684,-87.596632244,POINT (-87.596632243933 41.696313683973),2025-01-07 21:30:00
76436cfbc48122d2bcf1a39d928c13de3b404436ee4c050dda0feb8f150e41fab5c72b619382cf94ea872b6be4e0d9c1b226d01a632c3a76eb7ea70d9f47ffb9,,01/07/2025 09:00:00 PM,30,NO CONTROLS,NO CONTROLS,CLEAR,"DARKNESS, LIGHTED ROAD",TURNING,CENTER TURN LANE,,STRAIGHT AND LEVEL,DRY,NO DEFECTS,ON SCENE,INJURY AND / OR TOW DUE TO CRASH,Y,,,"OVER $1,500",01/07/2025 09:15:00 PM,IMPROPER TURNING/NO SIGNAL,IMPROPER TURNING/NO SIGNAL,1538,E,87TH ST,412.0,,Y,,,,,2,NONINCAPACITATING INJURY,1.0,0.0,0.0,1.0,0.0,1.0,0.0,21,3,1,41.737015444,-87.586238819,POINT (-87.58623881887 41.737015444052),2025-01-07 21:00:00
3882d1816cae0470fa8ac5b2fe86339a6e71f69798dce92177bdfe4d5e7e0ef18b87f4bf45355d095a89914eeebf5e5d397433112aab39b8e83554aa61cc6769,,01/07/2025 08:50:00 PM,15,NO CONTROLS,NO CONTROLS,CLEAR,DARKNESS,FIXED OBJECT,ALLEY,,STRAIGHT AND LEVEL,SNOW OR SLUSH,NO DEFECTS,NOT ON SCENE (DESK REPORT),NO INJURY / DRIVE AWAY,,Y,,"$501 - $1,500",01/07/2025 08:50:00 PM,UNABLE TO DETERMINE,NOT APPLICABLE,10328,S,TORRENCE AVE,434.0,,,,,,,1,NO INDICATION OF INJURY,0.0,0.0,0.0,0.0,0.0,2.0,0.0,20,3,1,41.707309637,-87.55979438,POINT (-87.559794380309 41.707309636738),2025-01-07 20:50:00
f79e71b2fccf141161ffacd1eb9f5bf8c5f2a8652bbcb566049dc3b459cec0fdea1549009bd00ff640c422c6c9c477f4657e8bd884f71f6c4bc8fdd4ff08ef2f,,01/07/2025 08:45:00 PM,25,NO CONTROLS,NO CONTROLS,RAIN,"DARKNESS, LIGHTED ROAD",PARKED MOTOR VEHICLE,NOT DIVIDED,,STRAIGHT AND LEVEL,DRY,NO DEFECTS,NOT ON SCENE (DESK REPORT),NO INJURY / DRIVE AWAY,,,,"OVER $1,500",01/09/2025 03:00:00 PM,UNABLE TO DETERMINE,NOT APPLICABLE,10200,S,PERRY AVE,511.0,,,,,,,2,NO INDICATION OF INJURY,0.0,0.0,0.0,0.0,0.0,1.0,0.0,20,3,1,41.708865152,-87.626103878,POINT (-87.626103877863 41.70886515172),2025-01-07 20:45:00
6e2763c21ae4eea55994f5c9e0033eb1de63838bffc76a88cac4fb9eb7a116e44ef0bc2eabb3178d221317dfa4bac1c7807000d68d0e4a0124a703f574f74db8,,01/07/2025 08:32:00 PM,30,TRAFFIC SIGNAL,FUNCTIONING PROPERLY,CLEAR,"DARKNESS, LIGHTED ROAD",ANGLE,FOUR WAY,,STRAIGHT AND LEVEL,WET,UNKNOWN,ON SCENE,INJURY AND / OR TOW DUE TO CRASH,Y,,,"OVER $1,500",01/07/2025 08:34:00 PM,DISREGARDING TRAFFIC SIGNALS,NOT APPLICABLE,4710,S,WESTERN AVE,922.0,,,,,,,2,NONINCAPACITATING INJURY,1.0,0.0,0.0,1.0,0.0,2.0,0.0,20,3,1,41.808041333,-87.684560512,POINT (-87.684560511949 41.808041332965),2025-01-07 20:32:00
26ce325dab4f40e5dd34e7fb4432fb54fe0a6743428d1fa3a2b5edc78c17bc4b0c5997b444d6b216dde18ee402ec62ed2ad64b9dfd097b8610095f0f815e73d9,,01/07/2025 08:15:00 PM,30,TRAFFIC SIGNAL,FUNCTIONING PROPERLY,CLEAR,"DARKNESS, LIGHTED ROAD",REAR END,DIVIDED - W/MEDIAN (NOT RAISED),,STRAIGHT AND LEVEL,DRY,NO DEFECTS,NOT ON SCENE (DESK REPORT),NO INJURY / DRIVE AWAY,,,Y,"$501 - $1,500",01/07/2025 09:30:00 PM,UNABLE TO DETERMINE,NOT APPLICABLE,286,S,DAMEN AVE,1225.0,,,,,,,2,NO INDICATION OF INJURY,0.0,0.0,0.0,0.0,0.0,4.0,0.0,20,3,1,41.877539767,-87.676694203,POINT (-87.676694203374 41.877539766582),2025-01-07 20:15:00