CRASH_RECORD_ID,CRASH_DATE_EST_I,CRASH_DATE,POSTED_SPEED_LIMIT,TRAFFIC_CONTROL_DEVICE,DEVICE_CONDITION,WEATHER_CONDITION,LIGHTING_CONDITION,FIRST_CRASH_TYPE,TRAFFICWAY_TYPE,LANE_CNT,ALIGNMENT,ROADWAY_SURFACE_COND,ROAD_DEFECT,REPORT_TYPE,CRASH_TYPE,INTERSECTION_RELATED_I,NOT_RIGHT_OF_WAY_I,HIT_AND_RUN_I,DAMAGE,DATE_POLICE_NOTIFIED,PRIM_CONTRIBUTORY_CAUSE,SEC_CONTRIBUTORY_CAUSE,STREET_NO,STREET_DIRECTION,STREET_NAME,BEAT_OF_OCCURRENCE,PHOTOS_TAKEN_I,STATEMENTS_TAKEN_I,DOORING_I,WORK_ZONE_I,WORK_ZONE_TYPE,WORKERS_PRESENT_I,NUM_UNITS,MOST_SEVERE_INJURY,INJURIES_TOTAL,INJURIES_FATAL,INJURIES_INCAPACITATING,INJURIES_NON_INCAPACITATING,INJURIES_REPORTED_NOT_EVIDENT,INJURIES_NO_INDICATION,INJURIES_UNKNOWN,CRASH_HOUR,CRASH_DAY_OF_WEEK,CRASH_MONTH,LATITUDE,LONGITUDE,LOCATION,timestamp
43b62912241ac7cfdef51b8558275650ee6609333f75656b4ee94d0a13e0fbc39ad994f001350f9bd2aa9229fff5acdeb7d252edd3288110e856771164e42564,,01/07/2025 07:57:00 PM,30,UNKNOWN,UNKNOWN,UNKNOWN,DARKNESS,PARKED MOTOR VEHICLE,ONE-WAY,,STRAIGHT AND LEVEL,UNKNOWN,UNKNOWN,NOT ON SCENE (DESK REPORT),INJURY AND / OR TOW DUE TO CRASH,,,,"OVER $1,500",01/08/2025 04:00:00 PM,UNABLE TO DETERMINE,NOT APPLICABLE,4072,W,WAVELAND AVE,1732.0,,,,,,,2,NO INDICATION OF INJURY,0.0,0.0,0.0,0.0,0.0,3.0,0.0,19,3,1,41.948275756,-87.73030611,POINT (-87.730306109967 41.948275756046),2025-01-07 19:57:00
8436efb79b1e75f174a8c7c3790049a7e6532ce7c8345f32f21074bf40ce14d359c9d896d6a13bbbe80ad07acedf37673c51f7c347ab0612a498835e0c99c5ad,,01/07/2025 07:56:00 PM,30,TRAFFIC SIGNAL,FUNCTIONING PROPERLY,CLEAR,"DARKNESS, LIGHTED ROAD",TURNING,NOT DIVIDED,,STRAIGHT AND LEVEL,DRY,NO DEFECTS,ON SCENE,INJURY AND / OR TOW DUE TO CRASH,Y,,,"OVER $1,500",01/07/2025 08:01:00 PM,TURNING RIGHT ON RED,TURNING RIGHT ON RED,3700,W,31ST ST,1031.0,,,,,,,2,"REPORTED, NOT EVIDENT",2.0,0.0,0.0,0.0,2.0,0.0,0.0,19,3,1,41.837120711,-87.717095057,POINT (-87.717095056851 41.837120710799),2025-01-07 19:56:00
45d381c718dc4b6e4d77ddd2f5a920a96cbaabfac21b3c54ce02b53a42a7347526520abe3ec6b38fd325fae558397fa6e0c8731c99890d39e15c22ee863fb8fc,,01/07/2025 07:52:00 PM,30,STOP SIGN/FLASHER,FUNCTIONING PROPERLY,CLEAR,"DARKNESS, LIGHTED ROAD",REAR END,DIVIDED - W/MEDIAN (NOT RAISED),,STRAIGHT AND LEVEL,DRY,NO DEFECTS,NOT ON SCENE (DESK REPORT),INJURY AND / OR TOW DUE TO CRASH,Y,,,"OVER $1,500",01/07/2025 08:05:00 PM,UNABLE TO DETERMINE,NOT APPLICABLE,33,W,79TH ST,623.0,,,,,,,2,"REPORTED, NOT EVIDENT",1.0,0.0,0.0,0.0,1.0,1.0,0.0,19,3,1,41.750818612,-87.625971543,POINT (-87.625971542777 41.750818612131),2025-01-07 19:52:00
ab8ca0fd8008ad7c58ec38e178f0c3557e9647987e9b7be3a7210788348d470a8c6c5fa0c45c19c685fbac9f9e33b9356cd12613da1af5bd5f2d5380c99348da,,01/07/2025 07:43:00 PM,40,NO CONTROLS,NO CONTROLS,CLEAR,DARKNESS,REAR END,NOT DIVIDED,,STRAIGHT AND LEVEL,ICE,NO DEFECTS,,NO INJURY / DRIVE AWAY,,,N,"$501 - $1,500",01/07/2025 07:50:00 PM,WEATHER,NOT APPLICABLE,1730,E,67TH ST,331.0,,,,,,,2,NO INDICATION OF INJURY,0.0,0.0,0.0,0.0,0.0,3.0,0.0,19,3,1,41.773485638,-87.582711731,POINT (-87.582711731027 41.773485637679),2025-01-07 19:43:00
648be1fcff56769fc6dcc1cd2b0dbed3cf6dcf39885193d190a0b46c4525b41cc697a38dd930b7faceebf35c29f2f04243b75b4fbfa0fafebe0713884e5b2ff7,,01/07/2025 07:30:00 PM,30,UNKNOWN,UNKNOWN,UNKNOWN,UNKNOWN,TURNING,UNKNOWN,,STRAIGHT AND LEVEL,UNKNOWN,UNKNOWN,NOT ON SCENE (DESK REPORT),NO INJURY / DRIVE AWAY,,,,"OVER $1,500",01/07/2025 07:45:00 PM,UNABLE TO DETERMINE,NOT APPLICABLE,6900,N,CENTRAL AVE,1621.0,,,,,,,2,NO INDICATION OF INJURY,0.0,0.0,0.0,0.0,0.0,2.0,0.0,19,3,1,42.006479941,-87.761882468,POINT (-87.761882468263 42.006479940915),2025-01-07 19:30:00
ae33b7d39e3a3f6e2e8879b7c0b70470db213dae3ccbbef992277e06e2b431d8335b93dbbad167d732c10fd68aa8e9e3ce01d4bfde07d576cab07cf8e8d5b55c,,01/07/2025 07:30:00 PM,20,STOP SIGN/FLASHER,FUNCTIONING PROPERLY,CLEAR,"DARKNESS, LIGHTED ROAD",PEDESTRIAN,NOT DIVIDED,,STRAIGHT AND LEVEL,DRY,NO DEFECTS,NOT ON SCENE (DESK REPORT),INJURY AND / OR TOW DUE TO CRASH,N,,,$500 OR LESS,01/08/2025 11:30:00 AM,FAILING TO YIELD RIGHT-OF-WAY,FAILING TO YIELD RIGHT-OF-WAY,1400,W,GEORGE ST,1932.0,,,,,,,2,"REPORTED, NOT EVIDENT",1.0,0.0,0.0,0.0,1.0,2.0,0.0,19,3,1,41.93440497,-87.66374903,POINT (-87.663749030427 41.934404969557),2025-01-07 19:30:00
c4decb672a23d5c9db2a017b2efe2e000860a227103183f4c2b06a097eb649e62f7dde74e6a375a5d5ed4193ed98dbaa4edab11c3b4ec51f4d7e61a6061f69d4,,01/07/2025 07:25:00 PM,30,TRAFFIC SIGNAL,FUNCTIONING PROPERLY,SLEET/HAIL,"DARKNESS, LIGHTED ROAD",ANGLE,NOT DIVIDED,,STRAIGHT AND LEVEL,ICE,NO DEFECTS,ON SCENE,NO INJURY / DRIVE AWAY,,,,"OVER $1,500",01/07/2025 07:27:00 PM,IMPROPER OVERTAKING/PASSING,IMPROPER OVERTAKING/PASSING,7010,W,GRAND AVE,2512.0,,,,,,,2,NO INDICATION OF INJURY,0.0,0.0,0.0,0.0,0.0,2.0,0.0,19,3,1,41.923660033,-87.801243588,POINT (-87.801243587929 41.923660032932),2025-01-07 19:25:00
a51c8a237366ec20636d209c8846786ae343a5202523bd6e129b045011011202e1adae004936faf7218eabd59faf28d4d058e5c651e57715049a78a5f604e186,,01/07/2025 07:22:00 PM,30,NO CONTROLS,NO CONTROLS,CLEAR,DARKNESS,ANGLE,NOT DIVIDED,,STRAIGHT AND LEVEL,DRY,NO DEFECTS,NOT ON SCENE (DESK REPORT),NO INJURY / DRIVE AWAY,,,,"OVER $1,500",01/07/2025 07:55:00 PM,FAILING TO YIELD RIGHT-OF-WAY,FAILING TO YIELD RIGHT-OF-WAY,4300,N,MC VICKER AVE,1624.0,,,,,,,2,NO INDICATION OF INJURY,0.0,0.0,0.0,0.0,0.0,2.0,0.0,19,3,1,41.95860027,-87.778331198,POINT (-87.778331197839 41.958600269635),2025-01-07 19:22:00
30c45aecb39404b292297ba98701a4dcd4794cd093362f6c6a6d0aadf29019154d81bcc4d9eff34157a183f7f585b4884e6be42fbc32bb5634b206ba3d80d6a7,,01/07/2025 07:20:00 PM,30,STOP SIGN/FLASHER,NO CONTROLS,CLEAR,"DARKNESS, LIGHTED ROAD",ANGLE,FOUR WAY,,STRAIGHT AND LEVEL,DRY,NO DEFECTS,ON SCENE,INJURY AND / OR TOW DUE TO CRASH,Y,,,"OVER $1,500",01/07/2025 07:25:00 PM,DISREGARDING STOP SIGN,DISREGARDING STOP SIGN,8800,S,EAST END AVE,412.0,,,,,,,2,NO INDICATION OF INJURY,0.0,0.0,0.0,0.0,0.0,2.0,0.0,19,3,1,41.735042337,-87.582980614,POINT (-87.582980614033 41.735042336544),2025-01-07 19:20:00
1c9af01b6a2f7bf354b513b8246a5847a08f131638b95974fe40fe3b671ca95ab65b636eede2fe7b1db4f0233705ee412bd7a630189a40e4ac09767c509b20c0,,01/07/2025 07:15:00 PM,10,NO CONTROLS,NO CONTROLS,CLEAR,DARKNESS,PEDESTRIAN,DIVIDED - W/MEDIAN (NOT RAISED),,STRAIGHT AND LEVEL,DRY,NO DEFECTS,NOT ON SCENE (DESK REPORT),INJURY AND / OR TOW DUE TO CRASH,,Y,,$500 OR LESS,01/12/2025 11:20:00 AM,DRIVING SKILLS/KNOWLEDGE/EXPERIENCE,UNABLE TO DETERMINE,9400,S,ASHLAND AVE,2221.0,,,,,,,2,NONINCAPACITATING INJURY,2.0,0.0,0.0,1.0,1.0,0.0,0.0,19,3,1,41.722941218,-87.662862871,POINT (-87.662862871273 41.72294121821),2025-01-07 19:15:00
419f67d5547b0afbc4d6e8f709f1e966dbb1c727d0a5be4123fbe562078bfb03ccd74a276ce6227e27d8e990db477ea83847727c8029cd83be9a0b42e1a534d2,,01/07/2025 07:08:00 PM,35,STOP SIGN/FLASHER,FUNCTIONING PROPERLY,CLEAR,"DARKNESS, LIGHTED ROAD",PEDALCYCLIST,NOT DIVIDED,,STRAIGHT AND LEVEL,DRY,NO DEFECTS,ON SCENE,INJURY AND / OR TOW DUE TO CRASH,Y,,Y,$500 OR LESS,01/07/2025 07:17:00 PM,FAILING TO YIELD RIGHT-OF-WAY,UNABLE TO DETERMINE,499,E,MARQUETTE RD,321.0,,,,,,,2,"REPORTED, NOT EVIDENT",1.0,0.0,0.0,0.0,1.0,1.0,0.0,19,3,1,41.77290172,-87.613102201,POINT (-87.613102200833 41.77290171953),2025-01-07 19:08:00
ddd923813f8fa51faf1ec7b3bb766aa91f2f05f1a06b6f9fbf57d3f995a4ea1bf552f0ccaee18ea7da8f6067582a2fb69cc288af78249c57aa00ee333c3ea097,,01/07/2025 07:04:00 PM,25,UNKNOWN,UNKNOWN,CLEAR,"DARKNESS, LIGHTED ROAD",ANGLE,FOUR WAY,,STRAIGHT AND LEVEL,OTHER,NO DEFECTS,,INJURY AND / OR TOW DUE TO CRASH,Y,,,"OVER $1,500",01/07/2025 07:07:00 PM,FAILING TO REDUCE SPEED TO AVOID CRASH,NOT APPLICABLE,11100,S,COTTAGE GROVE AVE,531.0,,,,,,,2,NO INDICATION OF INJURY,0.0,0.0,0.0,0.0,0.0,6.0,0.0,19,3,1,41.692742149,-87.610015536,POINT (-87.610015536068 41.692742148657),2025-01-07 19:04:00
5489335d629a92472c3d46d248b2d915d92b6972bb8be4b79b1593fdb34ea1402eb6454664fa18d531537bda98d4b77735d817e27c4e4158316183c21c25e813,,01/07/2025 06:39:00 PM,30,TRAFFIC SIGNAL,FUNCTIONING PROPERLY,UNKNOWN,UNKNOWN,TURNING,FOUR WAY,,STRAIGHT AND LEVEL,UNKNOWN,UNKNOWN,NOT ON SCENE (DESK REPORT),NO INJURY / DRIVE AWAY,,,,"OVER $1,500",01/07/2025 08:00:00 PM,IMPROPER TURNING/NO SIGNAL,NOT APPLICABLE,1531,E,HYDE PARK BLVD,234.0,,,,,,,2,NO INDICATION OF INJURY,0.0,0.0,0.0,0.0,0.0,2.0,0.0,18,3,1,41.802363653,-87.588057811,POINT (-87.588057811038 41.802363653491),2025-01-07 18:39:00
1d578fb0bdcdee5985924ff96e5d2f4821c0be17ee99d66b106c03ca9977fa423633eafead25c7726c2597fd7e8b89487b56bea0fb9649e282d6d54d037610aa,,01/07/2025 06:37:00 PM,25,NO CONTROLS,NO CONTROLS,CLEAR,"DARKNESS, LIGHTED ROAD",PARKED MOTOR VEHICLE,DIVIDED - W/MEDIAN BARRIER,,STRAIGHT AND LEVEL,DRY,NO DEFECTS,ON SCENE,NO INJURY / DRIVE AWAY,,,,"OVER $1,500",01/07/2025 06:41:00 PM,NOT APPLICABLE,NOT APPLICABLE,68,E,47TH ST,215.0,,,,,,,2,NO INDICATION OF INJURY,0.0,0.0,0.0,0.0,0.0,1.0,0.0,18,3,1,41.809388574,-87.623376499,POINT (-87.623376499306 41.809388573542),2025-01-07 18:37:00
28c80647c9cb18101d3c3bae52cf5618e3c987a33d7f68fa71a068103faa7e0ba62b2f1f22a2865ce92d06a61474506195f9370b1edefbf2df57d6a5fed9a071,,01/07/2025 06:35:00 PM,30,TRAFFIC SIGNAL,NO CONTROLS,CLEAR,"DARKNESS, LIGHTED ROAD",REAR END,NOT DIVIDED,,STRAIGHT AND LEVEL,DRY,NO DEFECTS,ON SCENE,INJURY AND / OR TOW DUE TO CRASH,,,Y,"OVER $1,500",01/07/2025 06:45:00 PM,NOT APPLICABLE,NOT APPLICABLE,300,W,47TH ST,925.0,,,,,,,2,NONINCAPACITATING INJURY,1.0,0.0,0.0,1.0,0.0,1.0,0.0,18,3,1,41.809185409,-87.63342744,POINT (-87.633427439501 41.809185409056),2025-01-07 18:35:00
9c5ba57dea5ff6dc574cc94ed0f4f8abd03107623792343dd0715d9658015e02fe2b9e9c9df95e5bc2c0fd048064e91c1020c0c79e0a4ecbc50b42687d29e64b,,01/07/2025 06:30:00 PM,30,NO CONTROLS,NO CONTROLS,CLEAR,DAYLIGHT,PARKED MOTOR VEHICLE,OTHER,,STRAIGHT AND LEVEL,DRY,NO DEFECTS,NOT ON SCENE (DESK REPORT),NO INJURY / DRIVE AWAY,,,,"OVER $1,500",01/07/2025 07:00:00 PM,UNABLE TO DETERMINE,UNABLE TO DETERMINE,3030,N,OCTAVIA AVE,2511.0,,,,,,,2,NO INDICATION OF INJURY,0.0,0.0,0.0,0.0,0.0,1.0,0.0,18,3,1,41.935405924,-87.809247133,POINT (-87.809247133427 41.935405924156),2025-01-07 18:30:00
f4e9d937f73e94c7e57db44ebcd122f62f3fe7cbcd26c297ea55b636b4e452b308fac3027be0606cfa2f0c48f697241bb7c878afa4e308b36ff261fe2f9820fe,,01/07/2025 06:30:00 PM,30,TRAFFIC SIGNAL,FUNCTIONING PROPERLY,CLEAR,"DARKNESS, LIGHTED ROAD",TURNING,OTHER,,STRAIGHT ON GRADE,DRY,NO DEFECTS,ON SCENE,NO INJURY / DRIVE AWAY,Y,,,"OVER $1,500",01/07/2025 06:33:00 PM,FOLLOWING TOO CLOSELY,NOT APPLICABLE,2200,S,ARCHER AVE,914.0,,,,,,,2,NO INDICATION OF INJURY,0.0,0.0,0.0,0.0,0.0,4.0,0.0,18,3,1,41.852903777,-87.635004677,POINT (-87.63500467743 41.852903777456),2025-01-07 18:30:00
35ebb303e575a872de9efc3986408c70c7212fd1021a8e67585887923ea3ddf96dffa3aa41bcd1e39e0410169b03bd5ff787c5bab2a8c66a7e35666e604c91da,,01/07/2025 06:28:00 PM,30,TRAFFIC SIGNAL,FUNCTIONING PROPERLY,CLEAR,"DARKNESS, LIGHTED ROAD",TURNING,FOUR WAY,,STRAIGHT AND LEVEL,DRY,DEBRIS ON ROADWAY,ON SCENE,NO INJURY / DRIVE AWAY,Y,,,"OVER $1,500",01/07/2025 06:32:00 PM,FAILING TO YIELD RIGHT-OF-WAY,IMPROPER TURNING/NO SIGNAL,9500,S,COTTAGE GROVE AVE,511.0,,Y,,,,,2,NO INDICATION OF INJURY,0.0,0.0,0.0,0.0,0.0,2.0,0.0,18,3,1,41.721970465,-87.60334804,POINT (-87.603348040077 41.721970465227),2025-01-07 18:28:00
7d3aeafb47f68b193d1c9b8a844e7746a98f32a09ea703c403fb40d9f01ca62f48a22e3dd9de47bd08223982ed8264caca026d614e9832e09332db994c8da488,,01/07/2025 06:28:00 PM,30,NO CONTROLS,NO CONTROLS,CLEAR,"DARKNESS, LIGHTED ROAD",OTHER NONCOLLISION,DIVIDED - W/MEDIAN (NOT RAISED),,STRAIGHT AND LEVEL,ICE,NO DEFECTS,ON SCENE,INJURY AND / OR TOW DUE TO CRASH,,,,"OVER $1,500",01/07/2025 06:28:00 PM,"OPERATING VEHICLE IN ERRATIC, RECKLESS, CARELESS, NEGLIGENT OR AGGRESSIVE MANNER","OPERATING VEHICLE IN ERRATIC, RECKLESS, CARELESS, NEGLIGENT OR AGGRESSIVE MANNER",1329,N,LA SALLE DR,1821.0,,,,,,,1,NO INDICATION OF INJURY,0.0,0.0,0.0,0.0,0.0,1.0,0.0,18,3,1,41.906622276,-87.632866076,POINT (-87.632866075897 41.906622275511),2025-01-07 18:28:00
18829780fdf4e6fc47f2f607038a89246679948a0de1b714effd0183a9f6f97da5bc5aeda2e10cd4f1eb9bb08b77bc7ce01135971f2ff7c7b0e2f79bd0668403,,01/07/2025 06:19:00 PM,35,NO CONTROLS,NO CONTROLS,CLEAR,DARKNESS,TURNING,NOT DIVIDED,,STRAIGHT AND LEVEL,DRY,NO DEFECTS,ON SCENE,NO INJURY / DRIVE AWAY,,,,"OVER $1,500",01/07/2025 06:30:00 PM,FAILING TO YIELD RIGHT-OF-WAY,FAILING TO YIELD RIGHT-OF-WAY,3712,W,ADDISON ST,1732.0,,,,,,,2,NO INDICATION OF INJURY,0.0,0.0,0.0,0.0,0.0,2.0,0.0,18,3,1,41.946572895,-87.720641533,POINT (-87.720641532877 41.946572895374),2025-01-07 18:19:00
02582679c016227d11e5ad3f6afbbfebb05eff076c87c6a742904a740638711fd7d69894f7dbf2c6861941997ba3d359027ef7845a4086fd7b6accbfec569dcd,,01/07/2025 06:05:00 PM,30,TRAFFIC SIGNAL,FUNCTIONING PROPERLY,CLEAR,DUSK,ANGLE,FOUR WAY,,STRAIGHT AND LEVEL,UNKNOWN,UNKNOWN,NOT ON SCENE (DESK REPORT),NO INJURY / DRIVE AWAY,,,,"$501 - $1,500",01/07/2025 06:49:00 PM,NOT APPLICABLE,NOT APPLICABLE,7334,S,ASHLAND AVE,735.0,,,,,,,2,NO INDICATION OF INJURY,0.0,0.0,0.0,0.0,0.0,2.0,0.0,18,3,1,41.760197174,-87.663809186,POINT (-87.663809186253 41.760197173823),2025-01-07 18:05:00
76f5514b8ce0bc858821916bc0beb83e155e934ef26b86f31f77a82e4e005df2d9d0798ea88cef0c3a1d3f3178ca621b11e1a9778f404524aeeaf3dedba3e4ba,,01/07/2025 06:00:00 PM,30,NO CONTROLS,NO CONTROLS,CLEAR,"DARKNESS, LIGHTED ROAD",FIXED OBJECT,PARKING LOT,,STRAIGHT AND LEVEL,DRY,NO DEFECTS,NOT ON SCENE (DESK REPORT),NO INJURY / DRIVE AWAY,,,,$500 OR LESS,01/07/2025 10:22:00 PM,IMPROPER BACKING,NOT APPLICABLE,1147,S,WABASH AVE,123.0,,,,,,,1,NO INDICATION OF INJURY,0.0,0.0,0.0,0.0,0.0,1.0,0.0,18,3,1,41.86786709,-87.625686841,POINT (-87.625686841193 41.867867090171),2025-01-07 18:00:00
4ec1a6c4d411b65bd87edca1c82b91de35f9771293641193d5357e9ce6e992a1f552c3359e26a0210ca4f874eeb31c9294e2e9360a6f3230efa2420059a0635b,,01/07/2025 05:50:00 PM,35,TRAFFIC SIGNAL,FUNCTIONING PROPERLY,UNKNOWN,DAWN,SIDESWIPE SAME DIRECTION,ONE-WAY,,STRAIGHT AND LEVEL,UNKNOWN,UNKNOWN,NOT ON SCENE (DESK REPORT),NO INJURY / DRIVE AWAY,,,,"OVER $1,500",01/08/2025 05:04:00 PM,IMPROPER OVERTAKING/PASSING,IMPROPER OVERTAKING/PASSING,2024,E,71ST ST,331.0,Y,,,,,,2,NO INDICATION OF INJURY,0.0,0.0,0.0,0.0,0.0,2.0,0.0,17,3,1,41.766360562,-87.575230112,POINT (-87.575230111906 41.766360562165),2025-01-07 17:50:00
6d5464638404c7766f3ba90f5819d08eabfacb0ca7f94b2dc8b7140eadac41f6f735847ba8a127fe85d3f53d1c13e7c805ea188575dac908bb4479f4e3568de8,,01/07/2025 05:50:00 PM,30,NO CONTROLS,NO CONTROLS,CLOUDY/OVERCAST,"DARKNESS, LIGHTED ROAD",PARKED MOTOR VEHICLE,DIVIDED - W/MEDIAN BARRIER,,STRAIGHT AND LEVEL,DRY,NO DEFECTS,ON SCENE,INJURY AND / OR TOW DUE TO CRASH,,Y,N,"OVER $1,500",01/07/2025 05:51:00 PM,UNDER THE INFLUENCE OF ALCOHOL/DRUGS (USE WHEN ARREST IS EFFECTED),UNDER THE INFLUENCE OF ALCOHOL/DRUGS (USE WHEN ARREST IS EFFECTED),8416,S,ASHLAND AVE,614.0,,,,,,,3,NO INDICATION OF INJURY,0.0,0.0,0.0,0.0,0.0,1.0,0.0,17,3,1,41.740706734,-87.663336207,POINT (-87.66333620664 41.740706734222),2025-01-07 17:50:00
65fe8efd5b62f6db902c78fe395bda5dc3b2392d0895fe4814c9644c638443d1a2f57506c68ce83eedf1d8e905199101568a309cf6b937681431a27f511749d0,,01/07/2025 05:41:00 PM,30,TRAFFIC SIGNAL,FUNCTIONING PROPERLY,CLEAR,"DARKNESS, LIGHTED ROAD",TURNING,FOUR WAY,,STRAIGHT AND LEVEL,DRY,NO DEFECTS,ON SCENE,INJURY AND / OR TOW DUE TO CRASH,Y,,,"OVER $1,500",01/07/2025 05:49:00 PM,FAILING TO YIELD RIGHT-OF-WAY,NOT APPLICABLE,2400,W,DIVISION ST,1423.0,,N,,,,,2,NO INDICATION OF INJURY,0.0,0.0,0.0,0.0,0.0,2.0,0.0,17,3,1,41.903124899,-87.687070964,POINT (-87.68707096423 41.903124898943),2025-01-07 17:41:00
41d8ff688053edb9b92cedb57dc3712ef83e52066893ceaf722923c75d7ca81e6720a9419f328d461f8013892fdbcbac988118eb340152a5312cc873a46190ea,,01/07/2025 05:40:00 PM,30,NO CONTROLS,NO CONTROLS,SNOW,UNKNOWN,REAR END,FOUR WAY,,STRAIGHT AND LEVEL,ICE,UNKNOWN,NOT ON SCENE (DESK REPORT),NO INJURY / DRIVE AWAY,Y,,,"OVER $1,500",01/08/2025 12:30:00 PM,WEATHER,UNABLE TO DETERMINE,5858,W,GRAND AVE,2515.0,,,,,,,2,NO INDICATION OF INJURY,0.0,0.0,0.0,0.0,0.0,2.0,0.0,17,3,1,41.920189071,-87.772978445,POINT (-87.772978444959 41.920189071084),2025-01-07 17:40:00
55bde6a7e4172e8bfbefe4fedfd74ea0cd705f9b6ea394707c647e0378e1a4cacd49875f336b170f3a017fe0a5586e4354fa88962c295bade04e0043db91b3b1,,01/07/2025 05:30:00 PM,40,TRAFFIC SIGNAL,UNKNOWN,CLEAR,DARKNESS,REAR END,NOT DIVIDED,,STRAIGHT AND LEVEL,DRY,NO DEFECTS,ON SCENE,INJURY AND / OR TOW DUE TO CRASH,,,,"OVER $1,500",01/07/2025 05:35:00 PM,PHYSICAL CONDITION OF DRIVER,PHYSICAL CONDITION OF DRIVER,2631,E,126TH ST,433.0,,,,,,,2,NO INDICATION OF INJURY,0.0,0.0,0.0,0.0,0.0,3.0,0.0,17,3,1,41.666073905,-87.558820921,POINT (-87.558820920831 41.666073904648),2025-01-07 17:30:00
84bac96f1aeff8101f4c8d83d197c7626ab0ac5c59bd5d4027afbe51e83f2db778c2638f2a0bcb4bdf467631ce0387b9180fc8042e23828893b1b75561aea090,,01/07/2025 05:30:00 PM,30,NO CONTROLS,NO CONTROLS,CLEAR,DAYLIGHT,SIDESWIPE SAME DIRECTION,NOT DIVIDED,,STRAIGHT AND LEVEL,DRY,NO DEFECTS,NOT ON SCENE (DESK REPORT),NO INJURY / DRIVE AWAY,,,,$500 OR LESS,01/08/2025 07:50:00 AM,IMPROPER LANE USAGE,IMPROPER OVERTAKING/PASSING,859,E,71ST ST,324.0,,,,,,,2,NO INDICATION OF INJURY,0.0,0.0,0.0,0.0,0.0,2.0,0.0,17,3,1,41.765706537,-87.603234609,POINT (-87.603234608925 41.765706536588),2025-01-07 17:30:00
ef317fcd8f1a12e48098303076098aace3e3e339dccf49b8ffb7ea1012192be54d67a7d090bea2111a4f07ff3db7adb8686e955f3bc38b7cce7c7f9e4ab6c3ef,,01/07/2025 05:25:00 PM,20,NO CONTROLS,NO CONTROLS,SNOW,"DARKNESS, LIGHTED ROAD",PARKED MOTOR VEHICLE,ONE-WAY,,STRAIGHT AND LEVEL,WET,UNKNOWN,ON SCENE,NO INJURY / DRIVE AWAY,,,,"OVER $1,500",01/07/2025 05:31:00 PM,UNABLE TO DETERMINE,NOT APPLICABLE,3420,N,OZANAM AVE,1631.0,,,,,,,2,NO INDICATION OF INJURY,0.0,0.0,0.0,0.0,0.0,1.0,0.0,17,3,1,41.941915538,-87.821712883,POINT (-87.82171288321 41.941915538304),2025-01-07 17:25:00
62be9f2826f08cb285aede2c08a5197127fa3fbc4ba2418c1378b09aa2c7869bb20986f878bbc6a3f118bb7886732e5241265623fd1aacc47cd9edf87131a4a9,,01/07/2025 05:21:00 PM,30,NO CONTROLS,NO CONTROLS,CLEAR,"DARKNESS, LIGHTED ROAD",ANGLE,NOT DIVIDED,,STRAIGHT AND LEVEL,WET,UNKNOWN,NOT ON SCENE (DESK REPORT),NO INJURY / DRIVE AWAY,,,,"OVER $1,500",01/07/2025 05:30:00 PM,UNABLE TO DETERMINE,NOT APPLICABLE,2232,W,ADDISON ST,1921.0,,,,,,,2,NO INDICATION OF INJURY,0.0,0.0,0.0,0.0,0.0,2.0,0.0,17,3,1,41.946893025,-87.684681269,POINT (-87.6846812693 41.946893024542),2025-01-07 17:21:00
f60d60147cafe383046f6499f99ca36f5e784814668570a85af6bcd873e2a5979ff6f9fb38b68437885dcec91c7171a073038af6df11017367129953d8fe1ed2,Y,01/07/2025 05:18:00 PM,30,NO CONTROLS,NO CONTROLS,SNOW,UNKNOWN,PARKED MOTOR VEHICLE,DIVIDED - W/MEDIAN (NOT RAISED),,STRAIGHT AND LEVEL,WET,NO DEFECTS,ON SCENE,NO INJURY / DRIVE AWAY,,,Y,"$501 - $1,500",01/07/2025 05:20:00 PM,UNABLE TO DETERMINE,NOT APPLICABLE,4942,N,DAMEN AVE,2032.0,,,,,,,2,NO INDICATION OF INJURY,0.0,0.0,0.0,0.0,0.0,1.0,0.0,17,3,1,41.971851014,-87.679426648,POINT (-87.679426648116 41.971851013994),2025-01-07 17:18:00
823e04853cadee4c9fb26ac0f5499079e7daee0f71f2ee7feb8a8b474b7495ee07db1975eef1c188ec80265807a7e7cb3a7fe1ba80f08846aa81e054bb07e883,,01/07/2025 05:16:00 PM,30,NO CONTROLS,NO CONTROLS,CLEAR,"DARKNESS, LIGHTED ROAD",REAR END,CENTER TURN LANE,,STRAIGHT AND LEVEL,DRY,NO DEFECTS,ON SCENE,NO INJURY / DRIVE AWAY,,,,"OVER $1,500",01/07/2025 05:20:00 PM,UNABLE TO DETERMINE,NOT APPLICABLE,1645,W,ADDISON ST,1922.0,,,,,,,3,NO INDICATION OF INJURY,0.0,0.0,0.0,0.0,0.0,3.0,0.0,17,3,1,41.946858824,-87.670640408,POINT (-87.670640408474 41.94685882426),2025-01-07 17:16:00