CRASH_RECORD_ID,CRASH_DATE_EST_I,CRASH_DATE,POSTED_SPEED_LIMIT,TRAFFIC_CONTROL_DEVICE,DEVICE_CONDITION,WEATHER_CONDITION,LIGHTING_CONDITION,FIRST_CRASH_TYPE,TRAFFICWAY_TYPE,LANE_CNT,ALIGNMENT,ROADWAY_SURFACE_COND,ROAD_DEFECT,REPORT_TYPE,CRASH_TYPE,INTERSECTION_RELATED_I,NOT_RIGHT_OF_WAY_I,HIT_AND_RUN_I,DAMAGE,DATE_POLICE_NOTIFIED,PRIM_CONTRIBUTORY_CAUSE,SEC_CONTRIBUTORY_CAUSE,STREET_NO,STREET_DIRECTION,STREET_NAME,BEAT_OF_OCCURRENCE,PHOTOS_TAKEN_I,STATEMENTS_TAKEN_I,DOORING_I,WORK_ZONE_I,WORK_ZONE_TYPE,WORKERS_PRESENT_I,NUM_UNITS,MOST_SEVERE_INJURY,INJURIES_TOTAL,INJURIES_FATAL,INJURIES_INCAPACITATING,INJURIES_NON_INCAPACITATING,INJURIES_REPORTED_NOT_EVIDENT,INJURIES_NO_INDICATION,INJURIES_UNKNOWN,CRASH_HOUR,CRASH_DAY_OF_WEEK,CRASH_MONTH,LATITUDE,LONGITUDE,LOCATION,timestamp
5f64dd119d53b169c9f4830728ffd077672327c3e46996fe57ef7c0cffac98cad98f29b6ffeaa918f33a442cffd4c36ca0f92c421c8e2f7a860543d57fdec174,Y,01/07/2025 05:15:00 PM,30,STOP SIGN/FLASHER,FUNCTIONING PROPERLY,SNOW,DAWN,ANGLE,NOT DIVIDED,,STRAIGHT AND LEVEL,ICE,UNKNOWN,ON SCENE,INJURY AND / OR TOW DUE TO CRASH,,,,"OVER $1,500",01/07/2025 05:16:00 PM,NOT APPLICABLE,UNABLE TO DETERMINE,929,E,MARQUETTE RD,321.0,,Y,,,,,2,"REPORTED, NOT EVIDENT",1.0,0.0,0.0,0.0,1.0,2.0,0.0,17,3,1,41.774889015,-87.602214549,POINT (-87.602214549318 41.774889014715),2025-01-07 17:15:00
6668e53d9c3ea9c9de0364a475adecc2d403a61ca31df598b35601d4f2039a5b181b4bff457064be429e89275d283a7e4f191c78cf40677193edcc3039e7ea3d,,01/07/2025 05:15:00 PM,30,NO CONTROLS,NO CONTROLS,RAIN,DARKNESS,ANGLE,PARKING LOT,,STRAIGHT AND LEVEL,DRY,UNKNOWN,NOT ON SCENE (DESK REPORT),NO INJURY / DRIVE AWAY,,,,"OVER $1,500",01/07/2025 06:00:00 PM,UNABLE TO DETERMINE,UNABLE TO DETERMINE,5436,W,BELMONT AVE,1633.0,,,,,,,2,NO INDICATION OF INJURY,0.0,0.0,0.0,0.0,0.0,2.0,0.0,17,3,1,41.938729817,-87.763122009,POINT (-87.763122008757 41.938729817077),2025-01-07 17:15:00
91718fa9205c1c325cf8220eef61937b768c529d68a1afac164a743d4c7e9a99083956e48edd6e9a97bfc4fa9df3387ace50489ff6d1f7dc19f5b4606d44291f,,01/07/2025 05:10:00 PM,40,NO CONTROLS,NO CONTROLS,CLEAR,DARKNESS,REAR END,DIVIDED - W/MEDIAN (NOT RAISED),,STRAIGHT AND LEVEL,DRY,NO DEFECTS,NOT ON SCENE (DESK REPORT),NO INJURY / DRIVE AWAY,,,,"$501 - $1,500",01/07/2025 05:48:00 PM,FOLLOWING TOO CLOSELY,DRIVING SKILLS/KNOWLEDGE/EXPERIENCE,65,E,LOWER WACKER DR,111.0,,,,,,,3,NO INDICATION OF INJURY,0.0,0.0,0.0,0.0,0.0,3.0,0.0,17,3,1,41.887532919,-87.625697069,POINT (-87.625697068989 41.88753291928),2025-01-07 17:10:00
1261966b7464c831e56c3ecf8b1ef696ff0f84265513ccd0c3a47bc58b4cb88a2123f078a0770ee7af1f0f2f29fa1d9d59cb47bae616035a73eba63538e133b4,,01/07/2025 05:08:00 PM,30,NO CONTROLS,NO CONTROLS,CLEAR,"DARKNESS, LIGHTED ROAD",TURNING,T-INTERSECTION,,STRAIGHT AND LEVEL,DRY,NO DEFECTS,ON SCENE,INJURY AND / OR TOW DUE TO CRASH,Y,,,"OVER $1,500",01/07/2025 05:10:00 PM,"VISION OBSCURED (SIGNS, TREE LIMBS, BUILDINGS, ETC.)","VISION OBSCURED (SIGNS, TREE LIMBS, BUILDINGS, ETC.)",801,N,SANGAMON ST,1213.0,,,,,,,2,NO INDICATION OF INJURY,0.0,0.0,0.0,0.0,0.0,3.0,0.0,17,3,1,41.896379646,-87.651696848,POINT (-87.651696848096 41.896379646038),2025-01-07 17:08:00
2bf69d39e91498c72b354860741999ee85b5c383e6bd8af973a34632c08b156c2268cf6768c5f6a4873abb4df7b6839fed73eb1c174b73bbd299dcd91dd98d0c,,01/07/2025 05:00:00 PM,30,STOP SIGN/FLASHER,FUNCTIONING PROPERLY,UNKNOWN,DARKNESS,TURNING,FOUR WAY,,STRAIGHT AND LEVEL,UNKNOWN,NO DEFECTS,NOT ON SCENE (DESK REPORT),NO INJURY / DRIVE AWAY,,,Y,"OVER $1,500",01/07/2025 05:10:00 PM,DISREGARDING STOP SIGN,NOT APPLICABLE,5400,S,PAYNE DR,233.0,,,,,,,2,NO INDICATION OF INJURY,0.0,0.0,0.0,0.0,0.0,2.0,0.0,17,3,1,41.796707271,-87.607454844,POINT (-87.60745484441 41.79670727145),2025-01-07 17:00:00
754c519cea5851e8cd3a707c789018b31275a15a1bd41a1c5476c1896d4fdc99131d0337087f1e742102d6d1c3cc4ff7024337de7a118ddb055b9b178b72b676,,01/07/2025 05:00:00 PM,30,NO CONTROLS,OTHER,UNKNOWN,UNKNOWN,PARKED MOTOR VEHICLE,ONE-WAY,,STRAIGHT AND LEVEL,ICE,UNKNOWN,NOT ON SCENE (DESK REPORT),NO INJURY / DRIVE AWAY,,N,Y,"OVER $1,500",01/08/2025 10:00:00 AM,UNABLE TO DETERMINE,UNABLE TO DETERMINE,2747,W,WARREN BLVD,1222.0,,,,,,,2,NO INDICATION OF INJURY,0.0,0.0,0.0,0.0,0.0,1.0,0.0,17,3,1,41.881887608,-87.695748016,POINT (-87.695748015786 41.881887607588),2025-01-07 17:00:00
56953872323e8f19a8695d9cda04e7a9ba2225c89002d554d689c3d091308f3a20664d8e2a1d5f0f0d6ee3f0b72f8327f2d9ff27bcfb4f69d98776586f8b5a4a,,01/07/2025 04:55:00 PM,35,UNKNOWN,UNKNOWN,CLEAR,"DARKNESS, LIGHTED ROAD",REAR END,DIVIDED - W/MEDIAN (NOT RAISED),,STRAIGHT AND LEVEL,UNKNOWN,UNKNOWN,ON SCENE,NO INJURY / DRIVE AWAY,,,Y,$500 OR LESS,01/07/2025 04:57:00 PM,FOLLOWING TOO CLOSELY,FOLLOWING TOO CLOSELY,5511,S,CALIFORNIA AVE,824.0,,,,,,,2,NO INDICATION OF INJURY,0.0,0.0,0.0,0.0,0.0,2.0,0.0,16,3,1,41.793319678,-87.693640864,POINT (-87.693640864028 41.793319677854),2025-01-07 16:55:00
5b2c24fbcdb593c61b12b8cc5593b7d0d34598fc8904d1748a1274a889b9ed8a9350c6d97b968e7144d81385a645093d3e9ad833d959baa8bbf13e1df9af8a49,,01/07/2025 04:50:00 PM,30,NO CONTROLS,NO CONTROLS,CLEAR,"DARKNESS, LIGHTED ROAD",REAR END,DIVIDED - W/MEDIAN BARRIER,,STRAIGHT AND LEVEL,DRY,UNKNOWN,ON SCENE,NO INJURY / DRIVE AWAY,,,,"OVER $1,500",01/07/2025 05:50:00 PM,FOLLOWING TOO CLOSELY,FAILING TO REDUCE SPEED TO AVOID CRASH,459,N,MICHIGAN AVE,1834.0,,,,,,,2,NO INDICATION OF INJURY,0.0,0.0,0.0,0.0,0.0,2.0,0.0,16,3,1,41.890896442,-87.623981017,POINT (-87.62398101673 41.89089644229),2025-01-07 16:50:00
4fc0e7a15fde8cd1ac679938f16cac1676e0c8b6c92091740ffd310a04f33ba9912519de28dad2ecd60cc1c9909f3572bb6323c863529d42dac37ed52ce3ecde,,01/07/2025 04:45:00 PM,30,NO CONTROLS,NO CONTROLS,CLEAR,DAYLIGHT,PARKED MOTOR VEHICLE,NOT DIVIDED,,STRAIGHT AND LEVEL,DRY,UNKNOWN,NOT ON SCENE (DESK REPORT),NO INJURY / DRIVE AWAY,,,,"OVER $1,500",01/07/2025 05:11:00 PM,UNABLE TO DETERMINE,UNABLE TO DETERMINE,10004,S,PROSPECT AVE,2213.0,,,,,,,2,NO INDICATION OF INJURY,0.0,0.0,0.0,0.0,0.0,1.0,0.0,16,3,1,41.711931144,-87.662859634,POINT (-87.66285963369 41.711931144112),2025-01-07 16:45:00
7940aa7fab30df5dd5db4951033001f8dab168e56c5240dd68bf7d4d7259fdb56e33f0ef07f7f14c056a964a84610ac60b458fb754837c7e8acc7bf397539148,,01/07/2025 04:34:00 PM,30,TRAFFIC SIGNAL,FUNCTIONING PROPERLY,CLEAR,DAYLIGHT,REAR END,DIVIDED - W/MEDIAN (NOT RAISED),,STRAIGHT AND LEVEL,DRY,NO DEFECTS,NOT ON SCENE (DESK REPORT),NO INJURY / DRIVE AWAY,,,,"OVER $1,500",01/09/2025 11:10:00 AM,FOLLOWING TOO CLOSELY,FAILING TO YIELD RIGHT-OF-WAY,7134,W,GRAND AVE,2512.0,,,,,,,2,NO INDICATION OF INJURY,0.0,0.0,0.0,0.0,0.0,3.0,0.0,16,3,1,41.923774982,-87.804034249,POINT (-87.804034248602 41.923774981717),2025-01-07 16:34:00
8cd06c51c78dbb0215f6d068ec9c71e4b3a4a9a2ea8571f7ecf260bdbbd7fe9d88814083c34f0f526f683daf450d982b1956ef669f642b451b860ae9138ac074,,01/07/2025 04:25:00 PM,30,UNKNOWN,UNKNOWN,CLOUDY/OVERCAST,DAYLIGHT,TURNING,FOUR WAY,,STRAIGHT AND LEVEL,UNKNOWN,UNKNOWN,ON SCENE,NO INJURY / DRIVE AWAY,Y,,,"OVER $1,500",01/07/2025 04:29:00 PM,IMPROPER TURNING/NO SIGNAL,FAILING TO REDUCE SPEED TO AVOID CRASH,530,E,GRAND AVE,1834.0,,,,,,,2,NO INDICATION OF INJURY,0.0,0.0,0.0,0.0,0.0,3.0,0.0,16,3,1,41.892048749,-87.6129694,POINT (-87.612969399591 41.8920487489),2025-01-07 16:25:00
c7152643a65a6692224a50ac11e36ea0cd5a30e71e3ac4a14239265da2435d2f972f628144316171d0f5c8e5d1c3cde3dd5d1f307d2e2a516019ed5f40a29010,,01/07/2025 04:25:00 PM,30,TRAFFIC SIGNAL,FUNCTIONING PROPERLY,CLEAR,DAYLIGHT,REAR END,NOT DIVIDED,,STRAIGHT AND LEVEL,DRY,NO DEFECTS,NOT ON SCENE (DESK REPORT),NO INJURY / DRIVE AWAY,,,,"OVER $1,500",01/09/2025 11:42:00 AM,FOLLOWING TOO CLOSELY,FOLLOWING TOO CLOSELY,5701,N,SHERIDAN RD,2022.0,,,,,,,2,NO INDICATION OF INJURY,0.0,0.0,0.0,0.0,0.0,2.0,0.0,16,3,1,41.985638421,-87.655094323,POINT (-87.655094323271 41.985638421049),2025-01-07 16:25:00
5bdc69a2709ff20086efb98ae985ad8e869203e48e6dd4125e36ab808edbfea8a94106eadb305ab014fff4200f7964ac102f1d865db37eefa6e1e1776dc200d5,,01/07/2025 04:23:00 PM,30,STOP SIGN/FLASHER,FUNCTIONING PROPERLY,CLEAR,DAYLIGHT,ANGLE,ONE-WAY,,STRAIGHT ON GRADE,DRY,NO DEFECTS,ON SCENE,NO INJURY / DRIVE AWAY,Y,,,"OVER $1,500",01/07/2025 04:23:00 PM,FAILING TO REDUCE SPEED TO AVOID CRASH,UNABLE TO DETERMINE,2831,S,CANAL ST,914.0,,,,,,,2,NO INDICATION OF INJURY,0.0,0.0,0.0,0.0,0.0,3.0,0.0,16,3,1,41.842752524,-87.638121213,POINT (-87.638121213389 41.842752524405),2025-01-07 16:23:00
b871802d9b2349f3a772f5a9a562cfca3108650acdcab5065563b924b0c4b7b003016b1b1d06aa88b531115d7a1b92f11336daf2dd6f3f6a93d8c68f8179387e,,01/07/2025 04:23:00 PM,30,STOP SIGN/FLASHER,FUNCTIONING PROPERLY,CLEAR,DARKNESS,REAR END,T-INTERSECTION,,STRAIGHT AND LEVEL,UNKNOWN,UNKNOWN,NOT ON SCENE (DESK REPORT),NO INJURY / DRIVE AWAY,Y,,,"OVER $1,500",01/07/2025 07:00:00 PM,UNABLE TO DETERMINE,UNABLE TO DETERMINE,5223,N,CLARK ST,2013.0,,,,,,,2,NO INDICATION OF INJURY,0.0,0.0,0.0,0.0,0.0,2.0,0.0,16,3,1,41.976987247,-87.6682459,POINT (-87.66824590041 41.976987247425),2025-01-07 16:23:00
a22dc49baff7f0be420ca842ef79a4fcecb07d1f19a6424fc4e5b3c6034768d05410460cf16b974112519a9e3c4d3cd8cd605e82cfa81882a34433f84ef65747,,01/07/2025 04:21:00 PM,30,UNKNOWN,UNKNOWN,FREEZING RAIN/DRIZZLE,DAYLIGHT,REAR END,NOT DIVIDED,,STRAIGHT AND LEVEL,ICE,UNKNOWN,NOT ON SCENE (DESK REPORT),NO INJURY / DRIVE AWAY,,,,"OVER $1,500",01/08/2025 11:40:00 AM,FOLLOWING TOO CLOSELY,UNABLE TO DETERMINE,4993,W,NORTH AVE,2533.0,,,,,,,2,NO INDICATION OF INJURY,0.0,0.0,0.0,0.0,0.0,2.0,0.0,16,3,1,41.909453968,-87.750941183,POINT (-87.75094118293 41.90945396806),2025-01-07 16:21:00
90042c1af23828d06ad86a1774e5541e48409bccadd330819b226e62a8127f3610ba169acb59a82f4c21e73ad45ba91afc4aa4dfb87ca5533f04dbb8168ba28e,,01/07/2025 04:15:00 PM,35,NO CONTROLS,NO CONTROLS,CLEAR,DAYLIGHT,PARKED MOTOR VEHICLE,PARKING LOT,,STRAIGHT AND LEVEL,DRY,NO DEFECTS,NOT ON SCENE (DESK REPORT),NO INJURY / DRIVE AWAY,,,Y,"$501 - $1,500",01/10/2025 04:17:00 PM,FOLLOWING TOO CLOSELY,FOLLOWING TOO CLOSELY,1528,E,55TH ST,234.0,,,,,,,2,NO INDICATION OF INJURY,0.0,0.0,0.0,0.0,0.0,1.0,0.0,16,3,1,41.795300959,-87.588197089,POINT (-87.588197089281 41.795300959087),2025-01-07 16:15:00
5f23809b7a137f15432bf4408bd2d1dc8765e8c2af27448e16e3473e9baadf6a7867d0178b05044118dbd70fc6998597cbaf24ad0dab362581c62e2901a2a7bb,,01/07/2025 04:13:00 PM,30,TRAFFIC SIGNAL,FUNCTIONING PROPERLY,CLEAR,DUSK,TURNING,NOT DIVIDED,,STRAIGHT AND LEVEL,DRY,NO DEFECTS,ON SCENE,INJURY AND / OR TOW DUE TO CRASH,Y,,,"OVER $1,500",01/07/2025 04:20:00 PM,FAILING TO YIELD RIGHT-OF-WAY,FAILING TO YIELD RIGHT-OF-WAY,12700,S,HALSTED ST,523.0,,Y,,,,,2,NO INDICATION OF INJURY,0.0,0.0,0.0,0.0,0.0,3.0,0.0,16,3,1,41.663182101,-87.641565265,POINT (-87.641565265157 41.663182101231),2025-01-07 16:13:00
f3b3571d7218df4ee54491f8cdf8e56228ef6d8cd0c2b71d782e974a78718794fd18d0de0919e574f1a8e24588d590961351517b849e5b14801a410e38dffe73,,01/07/2025 04:12:00 PM,30,TRAFFIC SIGNAL,FUNCTIONING PROPERLY,CLEAR,DAYLIGHT,SIDESWIPE SAME DIRECTION,NOT DIVIDED,,STRAIGHT AND LEVEL,UNKNOWN,NO DEFECTS,,NO INJURY / DRIVE AWAY,,,,"$501 - $1,500",01/07/2025 05:08:00 PM,UNABLE TO DETERMINE,UNABLE TO DETERMINE,9500,S,WOODLAWN AVE,511.0,,,,,,,2,NO INDICATION OF INJURY,0.0,0.0,0.0,0.0,0.0,4.0,0.0,16,3,1,41.722100089,-87.594936681,POINT (-87.594936680965 41.722100089261),2025-01-07 16:12:00
9f7553d215f020e6983c363bccdc62a655e67648ccd75fcb7b95e6c8936f33b231d0bb58f8e170c7c6631d30a36e91a1b52f7ebdca4a8ae6112b4627e86fbd55,,01/07/2025 04:09:00 PM,30,UNKNOWN,NO CONTROLS,CLEAR,DAYLIGHT,SIDESWIPE OPPOSITE DIRECTION,NOT DIVIDED,,STRAIGHT AND LEVEL,DRY,UNKNOWN,ON SCENE,INJURY AND / OR TOW DUE TO CRASH,,,,"$501 - $1,500",01/07/2025 04:09:00 PM,UNABLE TO DETERMINE,UNABLE TO DETERMINE,2839,N,LARAMIE AVE,2521.0,,,,,,,2,NO INDICATION OF INJURY,0.0,0.0,0.0,0.0,0.0,3.0,0.0,16,3,1,41.932599055,-87.756317427,POINT (-87.756317427494 41.932599055212),2025-01-07 16:09:00
4c3befa03d92b4954e911877fd14bc7bce3781ec2fc456a7b834c7f5d326edafdb2ce68d2ed37c872d832c11d194563e9d84507a314469ffb3d21df31df9f284,,01/07/2025 04:05:00 PM,30,NO CONTROLS,NO CONTROLS,CLEAR,DAYLIGHT,REAR END,DIVIDED - W/MEDIAN (NOT RAISED),,STRAIGHT AND LEVEL,UNKNOWN,UNKNOWN,NOT ON SCENE (DESK REPORT),NO INJURY / DRIVE AWAY,,,,$500 OR LESS,01/08/2025 01:10:00 PM,UNABLE TO DETERMINE,UNABLE TO DETERMINE,3437,N,CENTRAL AVE,1633.0,,,,,,,2,NO INDICATION OF INJURY,0.0,0.0,0.0,0.0,0.0,2.0,0.0,16,3,1,41.943362659,-87.766521716,POINT (-87.766521716463 41.943362658638),2025-01-07 16:05:00
98ff7984ef5ac879a6e91fbf1ebd48bc5b8b0c4c6ed606194835cc75e191500f3c247bc95c571e3af94f8945bf356f97a8e2d4c0a329d71d8d7dac71b312937b,,01/07/2025 04:05:00 PM,5,NO CONTROLS,NO CONTROLS,CLEAR,DAYLIGHT,REAR END,OTHER,,STRAIGHT AND LEVEL,WET,UNKNOWN,NOT ON SCENE (DESK REPORT),NO INJURY / DRIVE AWAY,,Y,,"OVER $1,500",01/07/2025 07:10:00 PM,UNABLE TO DETERMINE,UNABLE TO DETERMINE,6948,W,GRAND AVE,2512.0,,,,,,,3,NO INDICATION OF INJURY,0.0,0.0,0.0,0.0,0.0,3.0,0.0,16,3,1,41.923673257,-87.799626646,POINT (-87.799626645945 41.923673256513),2025-01-07 16:05:00
e5d78319e15eb9f8cf82fa552eb7d70f739f57c7811a19a1a70d0bfc03646138f341b11ce06dd7c8d86fb8e4659053ec1a1b4c9f8878017d072488e3e204b2d7,,01/07/2025 04:05:00 PM,30,NO CONTROLS,NOT FUNCTIONING,RAIN,DAYLIGHT,SIDESWIPE SAME DIRECTION,DIVIDED - W/MEDIAN (NOT RAISED),,STRAIGHT AND LEVEL,DRY,NO DEFECTS,NOT ON SCENE (DESK REPORT),NO INJURY / DRIVE AWAY,,,Y,"$501 - $1,500",01/10/2025 11:30:00 AM,IMPROPER LANE USAGE,UNABLE TO DETERMINE,840,W,IRVING PARK RD,1915.0,,,,,,,2,NO INDICATION OF INJURY,0.0,0.0,0.0,0.0,0.0,2.0,0.0,16,3,1,41.954647086,-87.651170982,POINT (-87.651170982073 41.954647086182),2025-01-07 16:05:00
2c4e3c3f5326e3b88ad5b870ccb1bda44071b337130650e872e18cff741e94c1bdaf43a7955974d84a012e42d8b8ed32618367272df9549da030bc3462c261df,,01/07/2025 03:49:00 PM,30,TRAFFIC SIGNAL,FUNCTIONING PROPERLY,CLEAR,DAYLIGHT,SIDESWIPE SAME DIRECTION,NOT DIVIDED,,STRAIGHT AND LEVEL,DRY,NO DEFECTS,NOT ON SCENE (DESK REPORT),NO INJURY / DRIVE AWAY,Y,,,"OVER $1,500",01/07/2025 05:15:00 PM,UNABLE TO DETERMINE,NOT APPLICABLE,445,S,WESTERN AVE,1225.0,,,,,,,2,NO INDICATION OF INJURY,0.0,0.0,0.0,0.0,0.0,2.0,0.0,15,3,1,41.875008799,-87.686110917,POINT (-87.686110916713 41.875008798853),2025-01-07 15:49:00
33b16a4169f9c75dbd1fefe07b326b3cc04d0ab896fa7b9cb631dfe95aa7c979b83494bb5063eac24933b8bdd2b95f668b08be44aebd870dc471ac007e7ae613,,01/07/2025 03:47:00 PM,30,NO CONTROLS,NO CONTROLS,CLEAR,DAYLIGHT,REAR END,DIVIDED - W/MEDIAN BARRIER,,STRAIGHT AND LEVEL,DRY,UNKNOWN,ON SCENE,NO INJURY / DRIVE AWAY,,,,"OVER $1,500",01/07/2025 03:48:00 PM,FAILING TO REDUCE SPEED TO AVOID CRASH,NOT APPLICABLE,1599,W,44TH ST,924.0,,,,,,,2,NO INDICATION OF INJURY,0.0,0.0,0.0,0.0,0.0,3.0,0.0,15,3,1,41.813953235,-87.66498261,POINT (-87.664982610498 41.813953235296),2025-01-07 15:47:00
11b3a7a8ac68fc9bedd96311032c37cd9ae396eb239b3f9a29fbdb50b31acd8fb56dad7aab3632fc8e1eb5e7e18a80a16f184b24dd58f25542355c9ffc9aed9f,,01/07/2025 03:45:00 PM,30,TRAFFIC SIGNAL,FUNCTIONING PROPERLY,CLOUDY/OVERCAST,DUSK,ANGLE,FOUR WAY,,STRAIGHT AND LEVEL,UNKNOWN,UNKNOWN,NOT ON SCENE (DESK REPORT),NO INJURY / DRIVE AWAY,Y,,,"OVER $1,500",01/07/2025 04:35:00 PM,FAILING TO YIELD RIGHT-OF-WAY,NOT APPLICABLE,2101,N,AUSTIN AVE,2515.0,,,,,,,2,NO INDICATION OF INJURY,0.0,0.0,0.0,0.0,0.0,2.0,0.0,15,3,1,41.918021013,-87.775371793,POINT (-87.775371793429 41.918021013225),2025-01-07 15:45:00
286f65b6934ff422b8299d19d84022885ee3302ba9fb42dc77a68309eb20f01cdfa2e8549b24f3830995efcfec8333181f8f0235f914fa2e6ea0da751609378d,,01/07/2025 03:45:00 PM,30,UNKNOWN,UNKNOWN,CLEAR,DAYLIGHT,PEDESTRIAN,NOT DIVIDED,,STRAIGHT AND LEVEL,DRY,NO DEFECTS,ON SCENE,INJURY AND / OR TOW DUE TO CRASH,,,Y,$500 OR LESS,01/07/2025 06:13:00 PM,UNABLE TO DETERMINE,UNABLE TO DETERMINE,9200,S,LUELLA AVE,413.0,,,,,,,2,NONINCAPACITATING INJURY,1.0,0.0,0.0,1.0,0.0,1.0,0.0,15,3,1,41.72797047,-87.569555351,POINT (-87.569555351345 41.727970470223),2025-01-07 15:45:00
4ea12133b9935b748ec8ba2af55bc371f58d2f0c58061f982086bcfd0e6897061d33c3cc8fd52a5602f38d5ca07a41ef6ac9621027489c9f4c760067068307e0,,01/07/2025 03:45:00 PM,30,UNKNOWN,UNKNOWN,UNKNOWN,DAYLIGHT,OTHER OBJECT,DIVIDED - W/MEDIAN BARRIER,,STRAIGHT AND LEVEL,UNKNOWN,"RUT, HOLES",NOT ON SCENE (DESK REPORT),NO INJURY / DRIVE AWAY,,,,"OVER $1,500",01/10/2025 01:50:00 PM,UNABLE TO DETERMINE,UNABLE TO DETERMINE,999,N,MICHIGAN AVE,1833.0,,,,,,,1,NO INDICATION OF INJURY,0.0,0.0,0.0,0.0,0.0,1.0,0.0,15,3,1,41.900758851,-87.623984255,POINT (-87.623984254519 41.900758851116),2025-01-07 15:45:00
5145a0f9349d307bdf34484e993735c2b259e84008969eb74a612235e0e0fe44eeb9b4f92de6a7ebddc998f00bb6618dbcde7d48077b514154accb0912ab0d16,,01/07/2025 03:45:00 PM,30,NO CONTROLS,NO CONTROLS,CLEAR,DAYLIGHT,PEDESTRIAN,FOUR WAY,,STRAIGHT AND LEVEL,DRY,NO DEFECTS,ON SCENE,INJURY AND / OR TOW DUE TO CRASH,Y,,,$500 OR LESS,01/07/2025 03:50:00 PM,IMPROPER TURNING/NO SIGNAL,UNABLE TO DETERMINE,8701,S,CARPENTER ST,2222.0,,Y,,,,,2,NONINCAPACITATING INJURY,1.0,0.0,0.0,1.0,0.0,1.0,0.0,15,3,1,41.735895313,-87.649556596,POINT (-87.649556595515 41.735895312816),2025-01-07 15:45:00
571d8fd6868d3ebb8772a3905b8fbb27ca207cd5ca2ce748aa1d26343d93e2f3cc2e0fdf683eb4be6b06487606bfd1d78c413f5a320b24182c84b9ac8f27ffe2,,01/07/2025 03:35:00 PM,25,TRAFFIC SIGNAL,FUNCTIONING PROPERLY,CLEAR,DAYLIGHT,REAR END,DIVIDED - W/MEDIAN (NOT RAISED),,STRAIGHT AND LEVEL,WET,UNKNOWN,ON SCENE,INJURY AND / OR TOW DUE TO CRASH,,,,"OVER $1,500",01/07/2025 03:38:00 PM,FOLLOWING TOO CLOSELY,UNABLE TO DETERMINE,3714,N,WESTERN AVE,1921.0,,,,,,,4,NO INDICATION OF INJURY,0.0,0.0,0.0,0.0,0.0,5.0,0.0,15,3,1,41.949034794,-87.688468726,POINT (-87.688468725597 41.949034794025),2025-01-07 15:35:00
10c61875402f246a62cefc9f7dd40fe29576799a18c57357ce312f211e1e4096a4744509d013d345800131677e642f845fa7ee17deb38f5b4d3eefeac68886c0,,01/07/2025 03:30:00 PM,15,NO CONTROLS,NO CONTROLS,CLEAR,DAYLIGHT,PARKED MOTOR VEHICLE,PARKING LOT,,STRAIGHT AND LEVEL,DRY,NO DEFECTS,NOT ON SCENE (DESK REPORT),NO INJURY / DRIVE AWAY,,Y,Y,"OVER $1,500",01/08/2025 04:20:00 PM,UNABLE TO DETERMINE,UNABLE TO DETERMINE,6130,S,WOLCOTT AVE,714.0,Y,,,,,,2,NO INDICATION OF INJURY,0.0,0.0,0.0,0.0,0.0,1.0,0.0,15,3,1,41.782042798,-87.671698578,POINT (-87.671698578172 41.782042797594),2025-01-07 15:30:00
3ecbcf38f9cbf760c3436824c48e1a9407bef854944e2ce09bfb834fa90af67cfbb1cc734df50cbd1eb4c08cb3707807385f6137fddae2764675fde9d3dc0b28,,01/07/2025 03:30:00 PM,30,NO CONTROLS,NO CONTROLS,UNKNOWN,DAYLIGHT,PARKED MOTOR VEHICLE,ONE-WAY,,STRAIGHT AND LEVEL,UNKNOWN,UNKNOWN,NOT ON SCENE (DESK REPORT),NO INJURY / DRIVE AWAY,,,Y,"OVER $1,500",01/07/2025 04:50:00 PM,UNABLE TO DETERMINE,UNABLE TO DETERMINE,6829,S,WABASH AVE,322.0,,,,,,,2,NO INDICATION OF INJURY,0.0,0.0,0.0,0.0,0.0,1.0,0.0,15,3,1,41.77012427,-87.623274151,POINT (-87.623274150725 41.770124269695),2025-01-07 15:30:00
5a2b96152daffca0215c7a987e00a04adbd8b059cd49e2c202595475e9415031d2533b4672d1381d552641ff41690b78f5ea6156c046caf2994cb433a8382a97,,01/07/2025 03:30:00 PM,30,NO CONTROLS,NO CONTROLS,CLEAR,"DARKNESS, LIGHTED ROAD",SIDESWIPE SAME DIRECTION,NOT DIVIDED,,STRAIGHT AND LEVEL,DRY,NO DEFECTS,NOT ON SCENE (DESK REPORT),NO INJURY / DRIVE AWAY,,,,"OVER $1,500",01/07/2025 05:00:00 PM,FAILING TO YIELD RIGHT-OF-WAY,NOT APPLICABLE,5445,S,HARLEM AVE,811.0,,,,,,,2,NO INDICATION OF INJURY,0.0,0.0,0.0,0.0,0.0,2.0,0.0,15,3,1,41.79256532,-87.80140184,POINT (-87.80140183967 41.792565319731),2025-01-07 15:30:00