CRASH_RECORD_ID,CRASH_DATE_EST_I,CRASH_DATE,POSTED_SPEED_LIMIT,TRAFFIC_CONTROL_DEVICE,DEVICE_CONDITION,WEATHER_CONDITION,LIGHTING_CONDITION,FIRST_CRASH_TYPE,TRAFFICWAY_TYPE,LANE_CNT,ALIGNMENT,ROADWAY_SURFACE_COND,ROAD_DEFECT,REPORT_TYPE,CRASH_TYPE,INTERSECTION_RELATED_I,NOT_RIGHT_OF_WAY_I,HIT_AND_RUN_I,DAMAGE,DATE_POLICE_NOTIFIED,PRIM_CONTRIBUTORY_CAUSE,SEC_CONTRIBUTORY_CAUSE,STREET_NO,STREET_DIRECTION,STREET_NAME,BEAT_OF_OCCURRENCE,PHOTOS_TAKEN_I,STATEMENTS_TAKEN_I,DOORING_I,WORK_ZONE_I,WORK_ZONE_TYPE,WORKERS_PRESENT_I,NUM_UNITS,MOST_SEVERE_INJURY,INJURIES_TOTAL,INJURIES_FATAL,INJURIES_INCAPACITATING,INJURIES_NON_INCAPACITATING,INJURIES_REPORTED_NOT_EVIDENT,INJURIES_NO_INDICATION,INJURIES_UNKNOWN,CRASH_HOUR,CRASH_DAY_OF_WEEK,CRASH_MONTH,LATITUDE,LONGITUDE,LOCATION,timestamp
7955159f1d3910a71e66175b88dcde4a857406a48ac08f63ec4769b825ca91b593ee3c46f18ca9d8c700a54ce37894072e685d13bfa9c73e4c72ca2d25691c6e,,01/07/2025 03:30:00 PM,30,NO CONTROLS,NO CONTROLS,CLEAR,DAYLIGHT,REAR END,NOT DIVIDED,,STRAIGHT AND LEVEL,DRY,NO DEFECTS,NOT ON SCENE (DESK REPORT),NO INJURY / DRIVE AWAY,,,Y,"OVER $1,500",01/07/2025 04:02:00 PM,FOLLOWING TOO CLOSELY,NOT APPLICABLE,4546,N,SHERIDAN RD,1914.0,Y,,,,,,2,NO INDICATION OF INJURY,0.0,0.0,0.0,0.0,0.0,2.0,0.0,15,3,1,41.965026585,-87.654928958,POINT (-87.654928958301 41.965026585063),2025-01-07 15:30:00
86c5218065fc83f53b1181843b0a0892f280f22ea5d8a7f3ff61af3fa09afa8ad6a4174104c1f70056f3b0446a55a6721e31659e59345b2195672da845f182e1,,01/07/2025 03:30:00 PM,30,TRAFFIC SIGNAL,FUNCTIONING PROPERLY,CLEAR,DAYLIGHT,ANGLE,FOUR WAY,,STRAIGHT AND LEVEL,DRY,NO DEFECTS,NOT ON SCENE (DESK REPORT),NO INJURY / DRIVE AWAY,Y,,,"OVER $1,500",01/07/2025 05:00:00 PM,DISREGARDING TRAFFIC SIGNALS,UNABLE TO DETERMINE,6001,W,DICKENS AVE,2512.0,,,,,,,2,NO INDICATION OF INJURY,0.0,0.0,0.0,0.0,0.0,5.0,0.0,15,3,1,41.917800079,-87.775573644,POINT (-87.775573644236 41.917800079362),2025-01-07 15:30:00
8a04b7cc8f8dd03094951c49f57bcf48eea43ce9cac9faef17a3dfcf7f0bed87815a0b80a9ee4ee814618dadb5f97fb9d55c91387e68d66083cad4d593bffc14,,01/07/2025 03:30:00 PM,30,NO CONTROLS,NO CONTROLS,CLEAR,DAYLIGHT,PARKED MOTOR VEHICLE,NOT DIVIDED,,STRAIGHT AND LEVEL,DRY,UNKNOWN,NOT ON SCENE (DESK REPORT),NO INJURY / DRIVE AWAY,,,,$500 OR LESS,01/07/2025 04:45:00 PM,IMPROPER OVERTAKING/PASSING,FAILING TO REDUCE SPEED TO AVOID CRASH,227,W,HILL ST,1823.0,,,,,,,2,NO INDICATION OF INJURY,0.0,0.0,0.0,0.0,0.0,1.0,0.0,15,3,1,41.901980113,-87.635562918,POINT (-87.635562917931 41.901980112562),2025-01-07 15:30:00
3a8096c4fbd7875900d96f2cd0f732c35f03ecc577fbb7df0b0e3dfb62790438ce531732c7dc4e748c6b9a6ff0319c12048f3d28f6a931e8a62202a2c64b19a2,,01/07/2025 03:21:00 PM,10,NO CONTROLS,NO CONTROLS,SLEET/HAIL,DAYLIGHT,PEDALCYCLIST,ONE-WAY,,STRAIGHT AND LEVEL,ICE,"RUT, HOLES",ON SCENE,INJURY AND / OR TOW DUE TO CRASH,,,,"OVER $1,500",01/07/2025 03:21:00 PM,FAILING TO REDUCE SPEED TO AVOID CRASH,FAILING TO YIELD RIGHT-OF-WAY,2054,N,LATROBE AVE,2515.0,,,,,,,2,NONINCAPACITATING INJURY,1.0,0.0,0.0,1.0,0.0,1.0,0.0,15,3,1,41.918342401,-87.757354374,POINT (-87.757354374407 41.918342400823),2025-01-07 15:21:00
d281884c7d2d5030c723ce1767666aa2bab06de9bee7717cfa4f19ac04755d91f44a940211026eb13af580957d771425f79dc332a6440a2620ca47de07b1d9c2,,01/07/2025 03:21:00 PM,30,NO CONTROLS,NO CONTROLS,CLEAR,DAYLIGHT,PARKED MOTOR VEHICLE,PARKING LOT,,STRAIGHT AND LEVEL,ICE,"RUT, HOLES",ON SCENE,NO INJURY / DRIVE AWAY,,Y,,"$501 - $1,500",01/07/2025 03:46:00 PM,"VISION OBSCURED (SIGNS, TREE LIMBS, BUILDINGS, ETC.)",EQUIPMENT - VEHICLE CONDITION,7433,N,CLARK ST,2422.0,,,,,,,2,NO INDICATION OF INJURY,0.0,0.0,0.0,0.0,0.0,1.0,0.0,15,3,1,42.016872177,-87.675208683,POINT (-87.675208682541 42.016872176602),2025-01-07 15:21:00
a5a1586d8dc18ad6893ff0c0b7bb5276ce7bc2c748a627bda5b3c66fcd50fe0335c9d009cd635bbae6ef1e2780f1caa90d5472ad600f534239214b27da8184bd,,01/07/2025 03:15:00 PM,20,NO CONTROLS,NO CONTROLS,CLEAR,DAYLIGHT,PARKED MOTOR VEHICLE,ONE-WAY,,STRAIGHT AND LEVEL,DRY,NO DEFECTS,ON SCENE,NO INJURY / DRIVE AWAY,,,,"OVER $1,500",01/07/2025 03:20:00 PM,NOT APPLICABLE,NOT APPLICABLE,3340,N,KEELER AVE,1731.0,,,,,,,2,NO INDICATION OF INJURY,0.0,0.0,0.0,0.0,0.0,4.0,0.0,15,3,1,41.942096906,-87.732260089,POINT (-87.732260088912 41.942096905788),2025-01-07 15:15:00
20fc9d88f27c8cf8c7f859199df4e726194a1a0dc2ad3b67f44fe1f03075abf86ddb5637f3d4e4c3a330902e11e2b6996ea531960e8d1ca07d5e6f4d9c6c5603,,01/07/2025 03:11:00 PM,30,NO CONTROLS,NO CONTROLS,CLEAR,DAYLIGHT,TURNING,NOT DIVIDED,,STRAIGHT AND LEVEL,DRY,NO DEFECTS,,NO INJURY / DRIVE AWAY,,,,"OVER $1,500",01/07/2025 04:52:00 PM,IMPROPER OVERTAKING/PASSING,DRIVING SKILLS/KNOWLEDGE/EXPERIENCE,1916,N,ELSTON AVE,1433.0,,,,,,,2,NO INDICATION OF INJURY,0.0,0.0,0.0,0.0,0.0,3.0,0.0,15,3,1,41.916889525,-87.666904782,POINT (-87.666904782402 41.916889524916),2025-01-07 15:11:00
343b89d64f66a6a92e26899d9529482fa6a1b9a6655fb3f11dba3048d36c0c07ea83b4c658a6dc5aa257ced55ea827150aba582e04c0ea1043ae2347ad48ee8d,,01/07/2025 03:00:00 PM,30,NO CONTROLS,NO CONTROLS,CLEAR,DAYLIGHT,REAR END,FOUR WAY,,STRAIGHT AND LEVEL,DRY,NO DEFECTS,NOT ON SCENE (DESK REPORT),NO INJURY / DRIVE AWAY,,,,"OVER $1,500",01/07/2025 03:15:00 PM,UNABLE TO DETERMINE,UNABLE TO DETERMINE,6300,S,STATE ST,312.0,,,,,,,2,NO INDICATION OF INJURY,0.0,0.0,0.0,0.0,0.0,2.0,0.0,15,3,1,41.780008277,-87.625522512,POINT (-87.625522511916 41.780008277408),2025-01-07 15:00:00
819c212b2e37a26b2e7bc0e311ace22f40500b27da4a5892828d42bfa5176c07400c4cad6f10596ce65b05b56fe6ba469fcd1d2189a213ec005aecf65c4d6e0d,,01/07/2025 03:00:00 PM,30,NO CONTROLS,NO CONTROLS,CLEAR,DAYLIGHT,ANGLE,NOT DIVIDED,,STRAIGHT AND LEVEL,DRY,NO DEFECTS,NOT ON SCENE (DESK REPORT),NO INJURY / DRIVE AWAY,,,,"OVER $1,500",01/07/2025 04:15:00 PM,FAILING TO YIELD RIGHT-OF-WAY,NOT APPLICABLE,2403,W,LITHUANIAN PLAZA CT,832.0,,,,,,,2,NO INDICATION OF INJURY,0.0,0.0,0.0,0.0,0.0,2.0,0.0,15,3,1,41.768220035,-87.683485824,POINT (-87.683485823911 41.768220034571),2025-01-07 15:00:00
921c59f56407627e30271f59b3647030c06a14fb373579f7cc4b9dbe521fe86309b529b486a22682720334ceda2f076d8f1f71c0136ed48a725bc07fa32f9650,,01/07/2025 03:00:00 PM,30,NO CONTROLS,NO CONTROLS,CLEAR,DAYLIGHT,SIDESWIPE SAME DIRECTION,DIVIDED - W/MEDIAN (NOT RAISED),,STRAIGHT AND LEVEL,DRY,NO DEFECTS,,NO INJURY / DRIVE AWAY,,,,"OVER $1,500",01/07/2025 04:35:00 PM,UNABLE TO DETERMINE,UNABLE TO DETERMINE,8250,S,COTTAGE GROVE AVE,631.0,,,,,,,2,NO INDICATION OF INJURY,0.0,0.0,0.0,0.0,0.0,3.0,0.0,15,3,1,41.744285954,-87.605189317,POINT (-87.605189317028 41.744285954172),2025-01-07 15:00:00
c4e155d3d88122c2f652c0df968a6964840eda461da09b0e9f1189405f09dff6f61a14b252a5234444d27cb0244384282cc66409d35ad4012af66bb032070c36,,01/07/2025 03:00:00 PM,30,STOP SIGN/FLASHER,FUNCTIONING PROPERLY,CLEAR,DAYLIGHT,ANGLE,FOUR WAY,,STRAIGHT AND LEVEL,DRY,NO DEFECTS,NOT ON SCENE (DESK REPORT),NO INJURY / DRIVE AWAY,Y,,,"OVER $1,500",01/07/2025 07:15:00 PM,DISREGARDING OTHER TRAFFIC SIGNS,NOT APPLICABLE,6300,S,WINCHESTER AVE,726.0,,,,,,,2,NO INDICATION OF INJURY,0.0,0.0,0.0,0.0,0.0,3.0,0.0,15,3,1,41.77924666,-87.672845201,POINT (-87.672845200505 41.779246660191),2025-01-07 15:00:00
00a03e0ac79689868ccfa11f6a061180064d5d041a89b569c984d347d79966dadd69553fe8fbad24e93fa8714d8ace8ff2b7424608a083a468a27872c0945ec2,,01/07/2025 02:55:00 PM,20,STOP SIGN/FLASHER,FUNCTIONING PROPERLY,CLEAR,DAYLIGHT,FIXED OBJECT,T-INTERSECTION,,STRAIGHT AND LEVEL,ICE,NO DEFECTS,ON SCENE,INJURY AND / OR TOW DUE TO CRASH,,,,"$501 - $1,500",01/07/2025 02:55:00 PM,"EVASIVE ACTION DUE TO ANIMAL, OBJECT, NONMOTORIST",WEATHER,4358,S,CHAMPLAIN AVE,221.0,,,,,,,1,NO INDICATION OF INJURY,0.0,0.0,0.0,0.0,0.0,2.0,0.0,14,3,1,41.815024892,-87.610516086,POINT (-87.610516086076 41.815024891573),2025-01-07 14:55:00
8b074d5549d7cccacaf0ef74651a14df09285f2db1ea13ed759c37204818448b18926c9120b3b388c31fe76e01bdef8927d7e7c4c358fd49663a9fadebe2fc81,,01/07/2025 02:55:00 PM,30,TRAFFIC SIGNAL,FUNCTIONING PROPERLY,CLEAR,DAYLIGHT,TURNING,DIVIDED - W/MEDIAN (NOT RAISED),,STRAIGHT AND LEVEL,DRY,NO DEFECTS,NOT ON SCENE (DESK REPORT),NO INJURY / DRIVE AWAY,,,,"OVER $1,500",01/08/2025 08:30:00 AM,UNABLE TO DETERMINE,UNABLE TO DETERMINE,4806,W,ADDISON ST,1634.0,,,,,,,2,NO INDICATION OF INJURY,0.0,0.0,0.0,0.0,0.0,2.0,0.0,14,3,1,41.94622795,-87.747423174,POINT (-87.747423173976 41.946227949582),2025-01-07 14:55:00
d6200eb4de9efd86ad925063ace2b66f664b471a36522b7a98924398d18b866821235fc657047f92ea3f9c8118a1e15a0802d65b2cb32856c8346680c74a4c06,,01/07/2025 02:55:00 PM,30,NO CONTROLS,NO CONTROLS,CLEAR,DAYLIGHT,REAR END,DIVIDED - W/MEDIAN BARRIER,,STRAIGHT AND LEVEL,DRY,NO DEFECTS,ON SCENE,NO INJURY / DRIVE AWAY,,,,$500 OR LESS,01/07/2025 02:57:00 PM,FAILING TO REDUCE SPEED TO AVOID CRASH,FAILING TO REDUCE SPEED TO AVOID CRASH,5943,N,RIDGE AVE,2012.0,,,,,,,2,NO INDICATION OF INJURY,0.0,0.0,0.0,0.0,0.0,4.0,0.0,14,3,1,41.989762059,-87.669845948,POINT (-87.669845947606 41.989762058954),2025-01-07 14:55:00
f60933809bc788b16f1b85ffeadc59dc4b17a0a64bed1897b432f5fa71a5a1ed877ffd1c2490808f65e5fdb8679d99572e11af864f5e708b3ae9805c5f3767a4,,01/07/2025 02:50:00 PM,30,NO CONTROLS,NO CONTROLS,CLEAR,DAYLIGHT,REAR END,DIVIDED - W/MEDIAN (NOT RAISED),,STRAIGHT AND LEVEL,DRY,NO DEFECTS,NOT ON SCENE (DESK REPORT),NO INJURY / DRIVE AWAY,,,,"$501 - $1,500",01/07/2025 03:47:00 PM,UNABLE TO DETERMINE,UNABLE TO DETERMINE,5714,N,JERSEY AVE,1711.0,,,,,,,2,NO INDICATION OF INJURY,0.0,0.0,0.0,0.0,0.0,2.0,0.0,14,3,1,41.985373386,-87.709680351,POINT (-87.709680351363 41.98537338579),2025-01-07 14:50:00
f53d850960532f66c7cc50ea70cdeb35e01badf33c0de9e058649a74de25c86aa873f7befb749ee27c89c4131da84e18223aa6b10460fad23121e49edce8aea8,,01/07/2025 02:47:00 PM,30,UNKNOWN,UNKNOWN,CLEAR,DAYLIGHT,TURNING,NOT DIVIDED,,STRAIGHT AND LEVEL,DRY,NO DEFECTS,ON SCENE,INJURY AND / OR TOW DUE TO CRASH,,,,"OVER $1,500",01/07/2025 03:58:00 PM,NOT APPLICABLE,NOT APPLICABLE,1616,E,87TH ST,412.0,,,,,,,3,"REPORTED, NOT EVIDENT",1.0,0.0,0.0,0.0,1.0,2.0,0.0,14,3,1,41.737039831,-87.584476912,POINT (-87.584476911926 41.737039831058),2025-01-07 14:47:00
1849a45c52669847bc54befcdb25da965a79ba8cdc88540a2dceabfa64225bf4dbac6bd6813b9f310c675f6de7b5a509696aa4ff11fda121dfa2ea2e5a3440d1,,01/07/2025 02:46:00 PM,30,NO CONTROLS,NO CONTROLS,CLOUDY/OVERCAST,DAYLIGHT,PARKED MOTOR VEHICLE,NOT DIVIDED,,STRAIGHT AND LEVEL,WET,NO DEFECTS,NOT ON SCENE (DESK REPORT),NO INJURY / DRIVE AWAY,,,,"OVER $1,500",01/07/2025 04:30:00 PM,IMPROPER LANE USAGE,NOT APPLICABLE,1425,W,ESTES AVE,2423.0,,,,,,,2,NO INDICATION OF INJURY,0.0,0.0,0.0,0.0,0.0,3.0,0.0,14,3,1,42.011433313,-87.667020759,POINT (-87.667020758787 42.011433312526),2025-01-07 14:46:00
ff89f9359ba4042e3484a7e3bb85b8ef8f16884a234ba4dfd458433102f81428cbc3c0249d07c24009773028aabaf16df8047f2c0f070753982b102792fac146,,01/07/2025 02:46:00 PM,10,NO CONTROLS,NO CONTROLS,CLEAR,DAYLIGHT,PARKED MOTOR VEHICLE,PARKING LOT,,STRAIGHT ON GRADE,DRY,NO DEFECTS,NOT ON SCENE (DESK REPORT),NO INJURY / DRIVE AWAY,,Y,,"$501 - $1,500",01/07/2025 05:42:00 PM,IMPROPER OVERTAKING/PASSING,IMPROPER OVERTAKING/PASSING,5849,S,PULASKI RD,822.0,,,,,,,2,NO INDICATION OF INJURY,0.0,0.0,0.0,0.0,0.0,1.0,0.0,14,3,1,41.786299253,-87.722826528,POINT (-87.72282652764 41.786299252842),2025-01-07 14:46:00
0ef94f03bf318941391c1ecdc66b4bc65cd55283209268b08cae1c75bc804b424ad2d02a312782bf23ace18aad4f02550f548a2c8c2b4a48ac53860fe7a42cbb,,01/07/2025 02:45:00 PM,30,NO CONTROLS,NO CONTROLS,CLEAR,DAYLIGHT,ANGLE,NOT DIVIDED,,STRAIGHT AND LEVEL,DRY,UNKNOWN,NOT ON SCENE (DESK REPORT),NO INJURY / DRIVE AWAY,,,,"OVER $1,500",01/07/2025 03:48:00 PM,FAILING TO YIELD RIGHT-OF-WAY,FAILING TO YIELD RIGHT-OF-WAY,6849,S,WESTERN AVE,832.0,,,,,,,2,NO INDICATION OF INJURY,0.0,0.0,0.0,0.0,0.0,2.0,0.0,14,3,1,41.768706996,-87.68320837,POINT (-87.683208369618 41.768706995646),2025-01-07 14:45:00
3788fdc5bf712fb466382d5c3f45ce719e57a87055e56dcdb0cd3699a0c166baf5d4cff073c58d646259e91eaf53b605c88d135c6890a5195a9a94593cb6d1c0,,01/07/2025 02:45:00 PM,20,UNKNOWN,UNKNOWN,CLEAR,DAYLIGHT,REAR TO FRONT,OTHER,,STRAIGHT AND LEVEL,DRY,UNKNOWN,NOT ON SCENE (DESK REPORT),NO INJURY / DRIVE AWAY,,,Y,"OVER $1,500",01/07/2025 03:15:00 PM,IMPROPER BACKING,UNABLE TO DETERMINE,716,W,69TH ST,723.0,,,,,,,2,NO INDICATION OF INJURY,0.0,0.0,0.0,0.0,0.0,2.0,0.0,14,3,1,41.768981698,-87.642445377,POINT (-87.642445376637 41.76898169801),2025-01-07 14:45:00
5b126c718aa2022a63fec8c657c91ae594fb9786550a93642fcb33ee00f45c7f7bcdb1f4173848ca9bafd5941c217145ab2270ad0ba021ff6535b01443b74e01,,01/07/2025 02:45:00 PM,30,TRAFFIC SIGNAL,FUNCTIONING PROPERLY,CLEAR,DAYLIGHT,TURNING,NOT DIVIDED,,STRAIGHT AND LEVEL,DRY,NO DEFECTS,NOT ON SCENE (DESK REPORT),NO INJURY / DRIVE AWAY,Y,,,"OVER $1,500",01/07/2025 03:00:00 PM,FAILING TO YIELD RIGHT-OF-WAY,UNABLE TO DETERMINE,200,N,ASHLAND AVE,1215.0,,,,,,,2,NO INDICATION OF INJURY,0.0,0.0,0.0,0.0,0.0,2.0,0.0,14,3,1,41.885348559,-87.667114404,POINT (-87.667114403773 41.88534855881),2025-01-07 14:45:00
44b7da55c2351daeeb5821ac3193541c7dcab2fe85cde2ff4dfcd4ef51658d8aa6d2a0efb7f9a790e7052a8206bd95770fd924ad6c606f1b8f1711ad9109665d,,01/07/2025 02:43:00 PM,30,OTHER,OTHER,CLEAR,DAYLIGHT,TURNING,NOT DIVIDED,,STRAIGHT AND LEVEL,DRY,UNKNOWN,ON SCENE,NO INJURY / DRIVE AWAY,,,,"OVER $1,500",01/07/2025 02:52:00 PM,UNABLE TO DETERMINE,UNABLE TO DETERMINE,4398,N,MONTICELLO AVE,1723.0,,,,,,,2,NO INDICATION OF INJURY,0.0,0.0,0.0,0.0,0.0,4.0,0.0,14,3,1,41.960960587,-87.719401355,POINT (-87.719401354507 41.960960586712),2025-01-07 14:43:00
aa8c8803242307aa8793d42e94e275effa906e2c2b862dbd33cf35307c84a8eb504219baef7821c7b5e71c30f7f60e43757524ef52b9ac67b60c4ea2340c53f3,,01/07/2025 02:40:00 PM,25,NO CONTROLS,NO CONTROLS,UNKNOWN,UNKNOWN,PARKED MOTOR VEHICLE,ONE-WAY,,STRAIGHT AND LEVEL,UNKNOWN,UNKNOWN,NOT ON SCENE (DESK REPORT),NO INJURY / DRIVE AWAY,,,,"$501 - $1,500",01/07/2025 04:05:00 PM,UNABLE TO DETERMINE,NOT APPLICABLE,1450,S,WASHTENAW AVE,1023.0,,,,,,,2,NO INDICATION OF INJURY,0.0,0.0,0.0,0.0,0.0,2.0,0.0,14,3,1,41.861322677,-87.693410747,POINT (-87.693410746562 41.861322677064),2025-01-07 14:40:00
534864d30a697f8bc6c5ddd9b68756f3fd621176d37c1741b399cf7b6cd00e1568fd9f48c3a9d36107eccf8f3e0ac0c17f21950710f50704e1f022fe3b2c6830,,01/07/2025 02:37:00 PM,30,NO CONTROLS,NO CONTROLS,CLEAR,DAYLIGHT,PARKED MOTOR VEHICLE,ONE-WAY,,STRAIGHT AND LEVEL,DRY,NO DEFECTS,NOT ON SCENE (DESK REPORT),NO INJURY / DRIVE AWAY,,,N,"OVER $1,500",01/07/2025 03:33:00 PM,UNABLE TO DETERMINE,UNABLE TO DETERMINE,8942,S,DAUPHIN AVE,633.0,,,,,,,2,NO INDICATION OF INJURY,0.0,0.0,0.0,0.0,0.0,1.0,0.0,14,3,1,41.731782174,-87.602451277,POINT (-87.602451277034 41.731782174495),2025-01-07 14:37:00
8f654f4c37d306cedb430c7e1a59abc861156cc413ae44c1e9ee47d04fdd870894fdb2b798e9d1d9300fbe3447cf3eb59b73e4a88fafb7af4bb0680cd2051322,,01/07/2025 02:30:00 PM,30,NO CONTROLS,NO CONTROLS,CLEAR,DAYLIGHT,TURNING,NOT DIVIDED,,STRAIGHT AND LEVEL,WET,DEBRIS ON ROADWAY,NOT ON SCENE (DESK REPORT),NO INJURY / DRIVE AWAY,,,,"OVER $1,500",01/11/2025 01:40:00 PM,IMPROPER TURNING/NO SIGNAL,NOT APPLICABLE,4800,W,55TH ST,814.0,,,,,,,2,NO INDICATION OF INJURY,0.0,0.0,0.0,0.0,0.0,3.0,0.0,14,3,1,41.793126358,-87.742931772,POINT (-87.742931772386 41.793126358267),2025-01-07 14:30:00
4d53d7585a607a4295dd4048675f6ff56d2994bd557e57118544b6d5066be590f8c451edc570c03462ea422e90b94a7416d0b32eafc44028d0cf2fef4df2357c,,01/07/2025 02:23:00 PM,30,TRAFFIC SIGNAL,FUNCTIONING PROPERLY,CLEAR,DAYLIGHT,PEDESTRIAN,NOT DIVIDED,,STRAIGHT AND LEVEL,DRY,NO DEFECTS,NOT ON SCENE (DESK REPORT),INJURY AND / OR TOW DUE TO CRASH,,,Y,"OVER $1,500",01/07/2025 03:14:00 PM,UNABLE TO DETERMINE,NOT APPLICABLE,5500,S,CALIFORNIA AVE,824.0,,,,,,,2,NONINCAPACITATING INJURY,1.0,0.0,0.0,1.0,0.0,1.0,0.0,14,3,1,41.793597513,-87.693942048,POINT (-87.6939420481 41.793597512795),2025-01-07 14:23:00
219746a3d8afcc56399488d3370563655baeb3a0a255121534df95fc897d8bb7c535ca01acba3c903fb49666bc900e6b3edc2d9e329b7ece215f908c3dd0b9a5,,01/07/2025 02:20:00 PM,30,TRAFFIC SIGNAL,FUNCTIONING PROPERLY,CLEAR,DAYLIGHT,REAR END,DIVIDED - W/MEDIAN (NOT RAISED),,STRAIGHT AND LEVEL,WET,NO DEFECTS,NOT ON SCENE (DESK REPORT),NO INJURY / DRIVE AWAY,Y,,,"OVER $1,500",01/14/2025 12:30:00 PM,FOLLOWING TOO CLOSELY,UNABLE TO DETERMINE,600,S,HOMAN AVE,1133.0,,,,,,,2,NO INDICATION OF INJURY,0.0,0.0,0.0,0.0,0.0,2.0,0.0,14,3,1,41.873581747,-87.71092787,POINT (-87.71092786952 41.873581747107),2025-01-07 14:20:00
26e8773f44570891cd5301ad5b612262bbf5564404044466b059a12e92cebc58f519d8e425dfe1eb7bfbc334135ac3a1cbad4df3d136eca1b16d9becbdf0cdb8,,01/07/2025 02:20:00 PM,10,NO CONTROLS,NO CONTROLS,CLEAR,DAYLIGHT,PARKED MOTOR VEHICLE,PARKING LOT,,STRAIGHT AND LEVEL,DRY,NO DEFECTS,NOT ON SCENE (DESK REPORT),NO INJURY / DRIVE AWAY,,Y,,"$501 - $1,500",01/07/2025 02:40:00 PM,IMPROPER OVERTAKING/PASSING,IMPROPER OVERTAKING/PASSING,5841,S,KEDZIE AVE,824.0,,,,,,,2,NO INDICATION OF INJURY,0.0,0.0,0.0,0.0,0.0,2.0,0.0,14,3,1,41.786848365,-87.703216713,POINT (-87.703216713217 41.786848364589),2025-01-07 14:20:00
c189308b517a00765e4ac18dc0228ec132afd20325f2462f8c65c2fc02fb8c6f3d1540a264cec6536ca5d86828d86f31dfb8835b6c9fb04a6b20d3a5ee4e1450,,01/07/2025 02:19:00 PM,30,OTHER,OTHER,CLEAR,DAYLIGHT,REAR END,NOT DIVIDED,,STRAIGHT AND LEVEL,DRY,NO DEFECTS,NOT ON SCENE (DESK REPORT),NO INJURY / DRIVE AWAY,Y,,,"OVER $1,500",01/07/2025 02:50:00 PM,UNABLE TO DETERMINE,NOT APPLICABLE,3659,W,ADDISON ST,1732.0,,,,,,,2,NO INDICATION OF INJURY,0.0,0.0,0.0,0.0,0.0,2.0,0.0,14,3,1,41.946361413,-87.720044002,POINT (-87.720044001505 41.946361413083),2025-01-07 14:19:00
92dd330a592227e985e888440e0e1397339b3ccb9fec080bf6ca5864864e38d4258ac40592109a589f298e1b7cd2807c155a57da093bf95006d66377401d339c,,01/07/2025 02:15:00 PM,30,NO CONTROLS,NO CONTROLS,UNKNOWN,UNKNOWN,TURNING,DIVIDED - W/MEDIAN (NOT RAISED),,STRAIGHT AND LEVEL,UNKNOWN,UNKNOWN,NOT ON SCENE (DESK REPORT),NO INJURY / DRIVE AWAY,,,,"$501 - $1,500",01/07/2025 02:35:00 PM,UNABLE TO DETERMINE,NOT APPLICABLE,157,N,WESTERN AVE,1223.0,,,,,,,2,NO INDICATION OF INJURY,0.0,0.0,0.0,0.0,0.0,2.0,0.0,14,3,1,41.884597431,-87.686380553,POINT (-87.686380552536 41.8845974308),2025-01-07 14:15:00
88d3db69e75f22b142e8fc3f723a6a2abebf1de9d906fc1cf5ebcb886fa3c9d13e00a7594c9972f4dbfdf151becc7470ac29017576033881c7cb61ddb19caf8a,,01/07/2025 02:00:00 PM,30,NO CONTROLS,NO CONTROLS,CLEAR,DAYLIGHT,PARKED MOTOR VEHICLE,NOT DIVIDED,,STRAIGHT AND LEVEL,DRY,NO DEFECTS,NOT ON SCENE (DESK REPORT),NO INJURY / DRIVE AWAY,,,,"OVER $1,500",01/07/2025 02:30:00 PM,UNABLE TO DETERMINE,UNABLE TO DETERMINE,6508,S,HALSTED PKWY,723.0,,,,,,,2,NO INDICATION OF INJURY,0.0,0.0,0.0,0.0,0.0,1.0,0.0,14,3,1,41.775970263,-87.644404704,POINT (-87.644404703557 41.775970263319),2025-01-07 14:00:00
cd3dbf03cef4d68f53f44d849d46fa3dfe9f17d7def599e549cc8b32747195c0e38db4c9e3ad952530fa448d35595dff130053788406a5d0279ff1bdc8087008,,01/07/2025 02:00:00 PM,35,NO CONTROLS,NO CONTROLS,CLEAR,DAYLIGHT,PEDESTRIAN,NOT DIVIDED,,STRAIGHT AND LEVEL,ICE,NO DEFECTS,ON SCENE,INJURY AND / OR TOW DUE TO CRASH,,,,$500 OR LESS,01/07/2025 02:15:00 PM,UNABLE TO DETERMINE,NOT APPLICABLE,5420,W,ROOSEVELT RD,1522.0,,,,,,,2,NONINCAPACITATING INJURY,1.0,0.0,0.0,1.0,0.0,1.0,0.0,14,3,1,41.865777448,-87.760119772,POINT (-87.760119772238 41.865777448438),2025-01-07 14:00:00