CRASH_RECORD_ID,CRASH_DATE_EST_I,CRASH_DATE,POSTED_SPEED_LIMIT,TRAFFIC_CONTROL_DEVICE,DEVICE_CONDITION,WEATHER_CONDITION,LIGHTING_CONDITION,FIRST_CRASH_TYPE,TRAFFICWAY_TYPE,LANE_CNT,ALIGNMENT,ROADWAY_SURFACE_COND,ROAD_DEFECT,REPORT_TYPE,CRASH_TYPE,INTERSECTION_RELATED_I,NOT_RIGHT_OF_WAY_I,HIT_AND_RUN_I,DAMAGE,DATE_POLICE_NOTIFIED,PRIM_CONTRIBUTORY_CAUSE,SEC_CONTRIBUTORY_CAUSE,STREET_NO,STREET_DIRECTION,STREET_NAME,BEAT_OF_OCCURRENCE,PHOTOS_TAKEN_I,STATEMENTS_TAKEN_I,DOORING_I,WORK_ZONE_I,WORK_ZONE_TYPE,WORKERS_PRESENT_I,NUM_UNITS,MOST_SEVERE_INJURY,INJURIES_TOTAL,INJURIES_FATAL,INJURIES_INCAPACITATING,INJURIES_NON_INCAPACITATING,INJURIES_REPORTED_NOT_EVIDENT,INJURIES_NO_INDICATION,INJURIES_UNKNOWN,CRASH_HOUR,CRASH_DAY_OF_WEEK,CRASH_MONTH,LATITUDE,LONGITUDE,LOCATION,timestamp
e41ea95845419dbb604ddf7112a362358e0dc8974ae5ae3b32ee1d0f62109b3cbed4a36a299d5a535794b6adc377677a4a3337613c7267cbdf5c927a55386772,,01/07/2025 02:00:00 PM,30,TRAFFIC SIGNAL,FUNCTIONING PROPERLY,CLEAR,DAYLIGHT,TURNING,NOT DIVIDED,,STRAIGHT AND LEVEL,DRY,NO DEFECTS,ON SCENE,INJURY AND / OR TOW DUE TO CRASH,Y,,,"OVER $1,500",01/07/2025 02:09:00 PM,UNABLE TO DETERMINE,IMPROPER TURNING/NO SIGNAL,1200,S,CLARK ST,131.0,,,,,,,2,NONINCAPACITATING INJURY,2.0,0.0,0.0,2.0,0.0,0.0,0.0,14,3,1,41.867286165,-87.630580968,POINT (-87.630580967737 41.867286165271),2025-01-07 14:00:00
6a8a2f22f4b71a5d24e6dcb18433764ea43fe6730c4ef2a8b00773e6e7f4b4e19cfb49fe647cbd4372f0e129458296bed00bca9b5c0c4ffeaee9c1259f6cb464,,01/07/2025 01:58:00 PM,30,TRAFFIC SIGNAL,FUNCTIONING PROPERLY,CLOUDY/OVERCAST,"DARKNESS, LIGHTED ROAD",REAR END,DIVIDED - W/MEDIAN (NOT RAISED),,STRAIGHT AND LEVEL,DRY,NO DEFECTS,NOT ON SCENE (DESK REPORT),INJURY AND / OR TOW DUE TO CRASH,,,,"OVER $1,500",01/07/2025 05:47:00 PM,UNABLE TO DETERMINE,UNABLE TO DETERMINE,7900,S,STONY ISLAND AVE,411.0,,,,,,,2,"REPORTED, NOT EVIDENT",1.0,0.0,0.0,0.0,1.0,1.0,0.0,13,3,1,41.751460603,-87.585971993,POINT (-87.585971992965 41.751460603167),2025-01-07 13:58:00
b0194233dae7207374699087dc00381563b3418568f49b4b392f95cc632e6a572267fb89ffb7b8b3387350dc0349704008c1b05e4b5cfbfbc2dcecf0e989d1c4,,01/07/2025 01:57:00 PM,30,NO CONTROLS,NO CONTROLS,CLEAR,DAYLIGHT,REAR TO FRONT,NOT DIVIDED,,STRAIGHT AND LEVEL,DRY,NO DEFECTS,ON SCENE,NO INJURY / DRIVE AWAY,,,Y,$500 OR LESS,01/07/2025 01:57:00 PM,IMPROPER BACKING,IMPROPER BACKING,675,N,ST CLAIR ST,1834.0,,,,,,,2,NO INDICATION OF INJURY,0.0,0.0,0.0,0.0,0.0,2.0,0.0,13,3,1,41.894784779,-87.622605841,POINT (-87.622605840856 41.894784779144),2025-01-07 13:57:00
a06140cedca64bd954455f2798dc25d47ef3759eb200eb75222642208813ea71f96fdc37d13e67eb336899fbe30082684fdce0e9889dd7965474981ad0a6e886,,01/07/2025 01:55:00 PM,10,NO CONTROLS,NO CONTROLS,CLEAR,DAYLIGHT,FIXED OBJECT,PARKING LOT,,STRAIGHT AND LEVEL,DRY,NO DEFECTS,NOT ON SCENE (DESK REPORT),NO INJURY / DRIVE AWAY,,Y,,"OVER $1,500",01/07/2025 02:40:00 PM,UNABLE TO DETERMINE,UNABLE TO DETERMINE,5310,N,HARLEM AVE,1613.0,,,,,,,1,NO INDICATION OF INJURY,0.0,0.0,0.0,0.0,0.0,1.0,0.0,13,3,1,41.976681262,-87.807164699,POINT (-87.807164699489 41.976681261936),2025-01-07 13:55:00
febf66923ca638d5ef5f824b834f2c84969718661a373a4a91e6861ca72a571d3a442ca52c190e0e85b3db932be409f4ea0e3e077e63f2a88530c77401d815b2,,01/07/2025 01:55:00 PM,30,NO CONTROLS,NO CONTROLS,CLEAR,DAYLIGHT,REAR END,ONE-WAY,,STRAIGHT AND LEVEL,DRY,UNKNOWN,NOT ON SCENE (DESK REPORT),NO INJURY / DRIVE AWAY,,,,"OVER $1,500",01/07/2025 02:30:00 PM,UNABLE TO DETERMINE,UNABLE TO DETERMINE,2247,N,AVERS AVE,2525.0,,,,,,,2,NO INDICATION OF INJURY,0.0,0.0,0.0,0.0,0.0,2.0,0.0,13,3,1,41.922269284,-87.722892166,POINT (-87.72289216589 41.922269283567),2025-01-07 13:55:00
ab82ee2ade01e97cb911c5c4b7120c6ad4d7e07366b12f5a80ac9d288b6d67377d8e3a7a798a8623c599fb7d15c4832c084f824ee7728181878283d733cbfef7,,01/07/2025 01:50:00 PM,15,STOP SIGN/FLASHER,NO CONTROLS,CLEAR,DAYLIGHT,TURNING,NOT DIVIDED,,STRAIGHT AND LEVEL,DRY,NO DEFECTS,ON SCENE,INJURY AND / OR TOW DUE TO CRASH,Y,,,"OVER $1,500",01/07/2025 01:54:00 PM,FAILING TO YIELD RIGHT-OF-WAY,UNABLE TO DETERMINE,629,W,35TH ST,915.0,,,,,,,2,NO INDICATION OF INJURY,0.0,0.0,0.0,0.0,0.0,2.0,0.0,13,3,1,41.830691716,-87.642389574,POINT (-87.642389574122 41.830691715805),2025-01-07 13:50:00
de4c38042a151f2c0c856500317b4297b38a11229db378996589c0f421ec798ac900fb5564a8e4b2ad455c337829edff73d336a8b78a78bcd439e113a5136060,,01/07/2025 01:50:00 PM,30,TRAFFIC SIGNAL,FUNCTIONING PROPERLY,CLEAR,DAYLIGHT,TURNING,DIVIDED - W/MEDIAN (NOT RAISED),,STRAIGHT AND LEVEL,DRY,NO DEFECTS,ON SCENE,NO INJURY / DRIVE AWAY,Y,,,"OVER $1,500",01/07/2025 01:55:00 PM,UNABLE TO DETERMINE,NOT APPLICABLE,700,S,DAMEN AVE,1225.0,,,,,,,2,NO INDICATION OF INJURY,0.0,0.0,0.0,0.0,0.0,2.0,0.0,13,3,1,0.0,0.0,POINT (0 0),2025-01-07 13:50:00
ad57868d250e969f7590328a7348febac20cafcb48831c433fe95b20c7577ff872e703b40678c37474b91afc1deafa78d52c704b47bfe26af1cead5e13f78b06,,01/07/2025 01:48:00 PM,30,TRAFFIC SIGNAL,FUNCTIONING PROPERLY,CLEAR,DAYLIGHT,SIDESWIPE SAME DIRECTION,DIVIDED - W/MEDIAN (NOT RAISED),,STRAIGHT AND LEVEL,UNKNOWN,UNKNOWN,NOT ON SCENE (DESK REPORT),NO INJURY / DRIVE AWAY,,,,"$501 - $1,500",01/07/2025 02:25:00 PM,NOT APPLICABLE,NOT APPLICABLE,6257,S,RACINE AVE,712.0,,,,,,,2,NO INDICATION OF INJURY,0.0,0.0,0.0,0.0,0.0,2.0,0.0,13,3,1,41.779757931,-87.65435825,POINT (-87.654358249998 41.779757931308),2025-01-07 13:48:00
24f403dfb027f6b4ecd481ed8d1817f3d9d0d49caee5215224b96906b1c0188e321ff150b120dda1da877c059fcce262f4a3847a45667043ffa0f4781c2f463a,,01/07/2025 01:45:00 PM,30,STOP SIGN/FLASHER,FUNCTIONING PROPERLY,CLEAR,DAYLIGHT,TURNING,T-INTERSECTION,,STRAIGHT AND LEVEL,DRY,NO DEFECTS,ON SCENE,INJURY AND / OR TOW DUE TO CRASH,Y,,,"OVER $1,500",01/07/2025 02:03:00 PM,FAILING TO YIELD RIGHT-OF-WAY,NOT APPLICABLE,3434,N,CICERO AVE,1634.0,,,,,,,2,NONINCAPACITATING INJURY,1.0,0.0,0.0,1.0,0.0,1.0,0.0,13,3,1,41.94354062,-87.747139325,POINT (-87.747139324571 41.94354062007),2025-01-07 13:45:00
903b10dc9e3d5353e06a2b7b4e229c53adbbbca3d34cf9242b06ee3e6af088862e45be247a15e8b695c3cd5a1fe19e87a937d21f2f7f5b5def1335c2d4f61f03,,01/07/2025 01:45:00 PM,30,TRAFFIC SIGNAL,FUNCTIONING PROPERLY,CLEAR,DAYLIGHT,TURNING,FOUR WAY,,STRAIGHT AND LEVEL,DRY,NO DEFECTS,NOT ON SCENE (DESK REPORT),NO INJURY / DRIVE AWAY,Y,,,"OVER $1,500",01/07/2025 02:48:00 PM,UNABLE TO DETERMINE,UNABLE TO DETERMINE,5700,S,MORGAN ST,712.0,,,,,,,2,NO INDICATION OF INJURY,0.0,0.0,0.0,0.0,0.0,2.0,0.0,13,3,1,41.79050415,-87.650068563,POINT (-87.65006856263 41.790504150275),2025-01-07 13:45:00
31aaa72f437205d8ea1adf0d2fe92ea2f659a1ae9a2c37596bcbadd0bd31deeca6c7f4fae40e7701a109e45cf6afb350c6892c11b5a2ef8cef2eb9a0b948d3eb,Y,01/07/2025 01:40:00 PM,30,NO CONTROLS,NO CONTROLS,UNKNOWN,UNKNOWN,PARKED MOTOR VEHICLE,NOT DIVIDED,,STRAIGHT AND LEVEL,UNKNOWN,NO DEFECTS,ON SCENE,NO INJURY / DRIVE AWAY,,,Y,"OVER $1,500",01/07/2025 01:40:00 PM,FAILING TO REDUCE SPEED TO AVOID CRASH,UNABLE TO DETERMINE,1343,W,GRAND AVE,1215.0,,,,,,,2,NO INDICATION OF INJURY,0.0,0.0,0.0,0.0,0.0,1.0,0.0,13,3,1,41.890934484,-87.66071038,POINT (-87.660710380262 41.890934484336),2025-01-07 13:40:00
91d056f8cb3712aafe4170407688d6d7c8b26ce5c7e1143a81d4c9888ee6b7052fa3d6006c0cc858715b79897348db580dd9050d591280f1e7adddaadbccfd50,,01/07/2025 01:30:00 PM,30,NO CONTROLS,NO CONTROLS,CLEAR,DAYLIGHT,PARKED MOTOR VEHICLE,ONE-WAY,,STRAIGHT AND LEVEL,DRY,NO DEFECTS,NOT ON SCENE (DESK REPORT),NO INJURY / DRIVE AWAY,,,,$500 OR LESS,01/07/2025 02:00:00 PM,UNABLE TO DETERMINE,UNABLE TO DETERMINE,8440,S,DREXEL AVE,632.0,,,,,,,2,NO INDICATION OF INJURY,0.0,0.0,0.0,0.0,0.0,3.0,0.0,13,3,1,41.740923302,-87.602663244,POINT (-87.602663243783 41.740923301728),2025-01-07 13:30:00
f1d5df9a18f69e36a4a029dee182036dd384b3d46153b5eac836c705d57f879582d738396b287c168ceaf6d747b4c38628ba05e0a1e164e9d580b0c664f4324c,,01/07/2025 01:30:00 PM,30,NO CONTROLS,NO CONTROLS,CLEAR,UNKNOWN,ANGLE,T-INTERSECTION,,STRAIGHT AND LEVEL,UNKNOWN,NO DEFECTS,NOT ON SCENE (DESK REPORT),NO INJURY / DRIVE AWAY,,,,"OVER $1,500",01/08/2025 11:31:00 AM,UNABLE TO DETERMINE,FAILING TO YIELD RIGHT-OF-WAY,5807,S,WOODLAWN AVE,235.0,,,,,,,2,NO INDICATION OF INJURY,0.0,0.0,0.0,0.0,0.0,2.0,0.0,13,3,1,41.789364411,-87.596262695,POINT (-87.596262695112 41.789364411419),2025-01-07 13:30:00
26218ad8b73644753d3269f431171ceb6d3f32d4b65c88ff4de7432fad60194809c02aff49970426400e0069c9a2ace45b07f0748272154b261824fdee524b3b,,01/07/2025 01:25:00 PM,30,NO CONTROLS,NO CONTROLS,CLEAR,DAYLIGHT,TURNING,NOT DIVIDED,,STRAIGHT AND LEVEL,WET,NO DEFECTS,ON SCENE,INJURY AND / OR TOW DUE TO CRASH,,,,"$501 - $1,500",01/07/2025 01:26:00 PM,UNABLE TO DETERMINE,UNABLE TO DETERMINE,1840,W,TAYLOR ST,1231.0,,,,,,,3,"REPORTED, NOT EVIDENT",1.0,0.0,0.0,0.0,1.0,2.0,0.0,13,3,1,41.869276223,-87.672951074,POINT (-87.672951074151 41.86927622273),2025-01-07 13:25:00
c03e53950f46178682fbcfd950eb74fb69b114b712ef4726b89ba713891ac6f705891cd2a25ad72f826b1dda53a66eb3497f63f17be2a7229f28ef0ac4263db9,,01/07/2025 01:25:00 PM,30,TRAFFIC SIGNAL,FUNCTIONING PROPERLY,CLEAR,DAYLIGHT,REAR END,NOT DIVIDED,,STRAIGHT AND LEVEL,DRY,NO DEFECTS,ON SCENE,NO INJURY / DRIVE AWAY,,,,"OVER $1,500",01/07/2025 01:28:00 PM,FOLLOWING TOO CLOSELY,UNABLE TO DETERMINE,4818,N,MILWAUKEE AVE,1623.0,,,,,,,2,NO INDICATION OF INJURY,0.0,0.0,0.0,0.0,0.0,5.0,0.0,13,3,1,41.968263131,-87.761264504,POINT (-87.761264504435 41.96826313102),2025-01-07 13:25:00
341231a89520c3aff6fabb58c0c89dfb15af6faaf3b6952e06503865be2960aa243c395023baacc7a30b4b853719caa91a18a27348b31ea5c7036fcb8b73f590,,01/07/2025 01:15:00 PM,30,TRAFFIC SIGNAL,FUNCTIONING PROPERLY,CLEAR,"DARKNESS, LIGHTED ROAD",REAR END,NOT DIVIDED,,STRAIGHT AND LEVEL,DRY,NO DEFECTS,NOT ON SCENE (DESK REPORT),INJURY AND / OR TOW DUE TO CRASH,,,Y,"OVER $1,500",01/07/2025 08:30:00 PM,UNABLE TO DETERMINE,UNABLE TO DETERMINE,11100,S,WESTERN AVE,2212.0,,,,,,,2,"REPORTED, NOT EVIDENT",1.0,0.0,0.0,0.0,1.0,1.0,0.0,13,3,1,41.691727388,-87.681300128,POINT (-87.681300128278 41.691727387818),2025-01-07 13:15:00
7534c601877654a0fccef043d62d109a1c73acecb057c598b5211ff1c72f9b531b949c702eebaf3822ecd7d61845b6f82c33471c430abb3bf0a3774ca564c0b4,,01/07/2025 01:10:00 PM,30,TRAFFIC SIGNAL,FUNCTIONING PROPERLY,CLEAR,DAYLIGHT,HEAD ON,DIVIDED - W/MEDIAN (NOT RAISED),,STRAIGHT AND LEVEL,DRY,UNKNOWN,ON SCENE,INJURY AND / OR TOW DUE TO CRASH,,,,"OVER $1,500",01/07/2025 01:20:00 PM,UNABLE TO DETERMINE,UNABLE TO DETERMINE,3200,N,CALIFORNIA AVE,1733.0,,,,,,,3,"REPORTED, NOT EVIDENT",1.0,0.0,0.0,0.0,1.0,1.0,0.0,13,3,1,41.939432591,-87.697971771,POINT (-87.697971770699 41.939432590672),2025-01-07 13:10:00
b23fb60cc6653742576df9dc7acc761ad4d22c6e287c591ffea4ae21ae58f63f75ae338e4ab4b4f6770def36489a2087face64223705d539ee7b430d1bd689fa,,01/07/2025 01:01:00 PM,30,NO CONTROLS,NO CONTROLS,CLEAR,DAYLIGHT,PEDESTRIAN,PARKING LOT,,STRAIGHT AND LEVEL,DRY,NO DEFECTS,ON SCENE,INJURY AND / OR TOW DUE TO CRASH,,,,$500 OR LESS,01/07/2025 01:01:00 PM,IMPROPER BACKING,UNABLE TO DETERMINE,1224,S,WABASH AVE,131.0,,,,,,,2,"REPORTED, NOT EVIDENT",1.0,0.0,0.0,0.0,1.0,1.0,0.0,13,3,1,41.866724354,-87.625961148,POINT (-87.625961148378 41.866724354056),2025-01-07 13:01:00
1498df1adecb4d10268357be10543a5d9b7c37041621ce1f1df3d7a63d440709e2fd8596ee62c4a358ebb767760274d79c20954048f508665c74fb804095c711,,01/07/2025 01:00:00 PM,30,NO CONTROLS,NO CONTROLS,CLEAR,DAYLIGHT,PARKED MOTOR VEHICLE,PARKING LOT,,STRAIGHT AND LEVEL,DRY,NO DEFECTS,NOT ON SCENE (DESK REPORT),NO INJURY / DRIVE AWAY,,,Y,"OVER $1,500",01/07/2025 01:52:00 PM,UNABLE TO DETERMINE,NOT APPLICABLE,1147,S,WABASH AVE,123.0,,,,,,,2,NO INDICATION OF INJURY,0.0,0.0,0.0,0.0,0.0,2.0,0.0,13,3,1,41.86786709,-87.625686841,POINT (-87.625686841193 41.867867090171),2025-01-07 13:00:00
329f4872d06c4bd62dd7b3e36a9945d5258ee93abfd3e0092936834e7b569c50dd3e9beb2013944823831e5152bd7483afe1ee84d9c29a9e76e74c1370c667cb,,01/07/2025 01:00:00 PM,30,NO CONTROLS,NO CONTROLS,UNKNOWN,UNKNOWN,PARKED MOTOR VEHICLE,UNKNOWN,,STRAIGHT AND LEVEL,UNKNOWN,UNKNOWN,NOT ON SCENE (DESK REPORT),NO INJURY / DRIVE AWAY,,,Y,"OVER $1,500",01/07/2025 01:52:00 PM,UNABLE TO DETERMINE,UNABLE TO DETERMINE,7800,S,PRAIRIE AVE,623.0,,,,,,,2,NO INDICATION OF INJURY,0.0,0.0,0.0,0.0,0.0,1.0,0.0,13,3,1,41.752792142,-87.618341419,POINT (-87.618341419101 41.752792141508),2025-01-07 13:00:00
8ddd458a16cd855fc2d0424c58aee95672b5e8f4367913663fae1b2de4f5dd09d8c7dbae1d92cf814427a5323e9e7af917810334800230249cdf36c3df0eaba1,N,01/07/2025 01:00:00 PM,30,NO CONTROLS,NO CONTROLS,CLEAR,DAYLIGHT,PARKED MOTOR VEHICLE,NOT DIVIDED,,STRAIGHT AND LEVEL,ICE,NO DEFECTS,ON SCENE,NO INJURY / DRIVE AWAY,,,Y,"OVER $1,500",01/07/2025 01:45:00 PM,UNABLE TO DETERMINE,DRIVING SKILLS/KNOWLEDGE/EXPERIENCE,125,N,ABERDEEN ST,1224.0,,,,,,,2,NO INDICATION OF INJURY,0.0,0.0,0.0,0.0,0.0,1.0,0.0,13,3,1,41.883772243,-87.654272829,POINT (-87.65427282887 41.8837722433),2025-01-07 13:00:00
52fc89cd5e878829116feb0212f14e4bcd82ea5eb417474708a8f75c2d10d0a9dcbf864c852024211f3fbadc9414002c96e8e75cd427c752b03f25be0af6d8d5,,01/07/2025 12:57:00 PM,30,NO CONTROLS,NO CONTROLS,CLEAR,DAYLIGHT,REAR TO FRONT,ONE-WAY,,STRAIGHT AND LEVEL,DRY,NO DEFECTS,NOT ON SCENE (DESK REPORT),NO INJURY / DRIVE AWAY,,,Y,"OVER $1,500",01/07/2025 02:15:00 PM,IMPROPER BACKING,FAILING TO REDUCE SPEED TO AVOID CRASH,355,E,ERIE ST,1834.0,,,,,,,2,NO INDICATION OF INJURY,0.0,0.0,0.0,0.0,0.0,2.0,0.0,12,3,1,41.8941336,-87.61817915,POINT (-87.61817914958 41.894133600184),2025-01-07 12:57:00
6605c03ff9ff7a3786f6f50875033f799392d4ab6192dca105a37b446c8157ab39cca10c39f0c5e73026bd11d5761c165b4bfb5748de9d7273f96fe97bdeeaa5,,01/07/2025 12:55:00 PM,30,STOP SIGN/FLASHER,UNKNOWN,CLEAR,DAYLIGHT,ANGLE,DIVIDED - W/MEDIAN (NOT RAISED),,STRAIGHT AND LEVEL,DRY,UNKNOWN,NOT ON SCENE (DESK REPORT),INJURY AND / OR TOW DUE TO CRASH,,,,"OVER $1,500",01/07/2025 12:58:00 PM,UNABLE TO DETERMINE,UNABLE TO DETERMINE,1657,N,OAK PARK AVE,2513.0,,,,,,,2,NO INDICATION OF INJURY,0.0,0.0,0.0,0.0,0.0,2.0,0.0,12,3,1,41.910694049,-87.794695529,POINT (-87.794695529182 41.910694048984),2025-01-07 12:55:00
e798db66f342dd61cff94951383cc9fc5d58072017ca94cea92c1aceaf465c4e8e497f3fd82bf769c13c7d9e240ef75338862fabf44dde0f86d519bfdb864be0,,01/07/2025 12:45:00 PM,30,UNKNOWN,UNKNOWN,CLEAR,DAYLIGHT,TURNING,NOT DIVIDED,,STRAIGHT AND LEVEL,DRY,NO DEFECTS,NOT ON SCENE (DESK REPORT),NO INJURY / DRIVE AWAY,,,,"OVER $1,500",01/07/2025 03:56:00 PM,FAILING TO YIELD RIGHT-OF-WAY,NOT APPLICABLE,3447,W,IRVING PARK RD,1732.0,,,,,,,2,NO INDICATION OF INJURY,0.0,0.0,0.0,0.0,0.0,2.0,0.0,12,3,1,41.953719596,-87.714820114,POINT (-87.714820113918 41.953719595509),2025-01-07 12:45:00
531032367b21f703c6fa86c9ae4a030f862a2ea85ebb2e72f117efbb0250337454e183bd428f657ec43ace98a0a92dd3fcb49d92632128d0f1103b12e7229167,,01/07/2025 12:40:00 PM,30,UNKNOWN,UNKNOWN,UNKNOWN,DAYLIGHT,TURNING,DIVIDED - W/MEDIAN (NOT RAISED),,STRAIGHT AND LEVEL,UNKNOWN,UNKNOWN,NOT ON SCENE (DESK REPORT),NO INJURY / DRIVE AWAY,,,,"OVER $1,500",01/07/2025 01:40:00 PM,UNABLE TO DETERMINE,NOT APPLICABLE,33,W,79TH ST,623.0,,,,,,,2,NO INDICATION OF INJURY,0.0,0.0,0.0,0.0,0.0,2.0,0.0,12,3,1,41.750818612,-87.625971543,POINT (-87.625971542777 41.750818612131),2025-01-07 12:40:00
c7bc4cbf8dd19bfd23ab01cd27545eeaca8eec401d49df901268654008f4a1a0506819369536b263af8c316815fc66612bc84b4afb75fdd6e69da7da40f78941,,01/07/2025 12:30:00 PM,30,NO CONTROLS,NO CONTROLS,CLEAR,DAYLIGHT,PARKED MOTOR VEHICLE,ONE-WAY,,STRAIGHT AND LEVEL,ICE,NO DEFECTS,ON SCENE,INJURY AND / OR TOW DUE TO CRASH,,,Y,"OVER $1,500",01/07/2025 01:50:00 PM,UNABLE TO DETERMINE,UNABLE TO DETERMINE,5359,W,BYRON ST,1634.0,,,,,,,2,NO INDICATION OF INJURY,0.0,0.0,0.0,0.0,0.0,1.0,0.0,12,3,1,41.951285951,-87.761889633,POINT (-87.761889633202 41.951285950541),2025-01-07 12:30:00
7ff719466dec0facd02c108bcf0f6b35075073c33ca84f282608c2844077af74282c082a5b53bdb0f817a12e076b0346fde1fb0445b842eb389a1007f0e00fbd,,01/07/2025 12:25:00 PM,30,TRAFFIC SIGNAL,NO CONTROLS,CLEAR,DAYLIGHT,TURNING,CENTER TURN LANE,,STRAIGHT AND LEVEL,DRY,NO DEFECTS,ON SCENE,INJURY AND / OR TOW DUE TO CRASH,,,,$500 OR LESS,01/07/2025 01:09:00 PM,FAILING TO YIELD RIGHT-OF-WAY,FAILING TO YIELD RIGHT-OF-WAY,2198,S,ASHLAND AVE,1234.0,,,,,,,2,NO INDICATION OF INJURY,0.0,0.0,0.0,0.0,0.0,2.0,0.0,12,3,1,41.852375493,-87.666171396,POINT (-87.666171395751 41.852375493174),2025-01-07 12:25:00
91784f270660b626cb5e41066a68833ff111f7756b791959de1b3dea1ec4b4f80733071a360e7a23c20e59c18340c5c491ca11ea8dc858aa43766866fc91b9e5,,01/07/2025 12:25:00 PM,15,NO CONTROLS,NO CONTROLS,CLEAR,DAYLIGHT,PARKED MOTOR VEHICLE,PARKING LOT,,STRAIGHT AND LEVEL,DRY,NO DEFECTS,ON SCENE,NO INJURY / DRIVE AWAY,,Y,,"OVER $1,500",01/07/2025 12:30:00 PM,DRIVING SKILLS/KNOWLEDGE/EXPERIENCE,DRIVING SKILLS/KNOWLEDGE/EXPERIENCE,2445,N,HARLEM AVE,2512.0,,,,,,,2,NO INDICATION OF INJURY,0.0,0.0,0.0,0.0,0.0,1.0,0.0,12,3,1,41.924823328,-87.806134354,POINT (-87.806134354386 41.924823328473),2025-01-07 12:25:00
bb32b5a3c4989c5a47449f2f70aa023462d6788dfde901861307f43d7d34316296d5c6d4d18f3bb9d150a2cc8a2a10e613ef908a9c872a1bbc7172be39fb6db6,,01/07/2025 12:24:00 PM,35,STOP SIGN/FLASHER,FUNCTIONING PROPERLY,CLEAR,DAYLIGHT,TURNING,T-INTERSECTION,,STRAIGHT AND LEVEL,DRY,NO DEFECTS,ON SCENE,INJURY AND / OR TOW DUE TO CRASH,Y,,,"OVER $1,500",01/07/2025 12:26:00 PM,FAILING TO YIELD RIGHT-OF-WAY,NOT APPLICABLE,9400,S,ASHLAND AVE,2221.0,,,,,,,2,"REPORTED, NOT EVIDENT",1.0,0.0,0.0,0.0,1.0,1.0,0.0,12,3,1,41.722941218,-87.662862871,POINT (-87.662862871273 41.72294121821),2025-01-07 12:24:00
7168b37a016d5ad9f7b1ff03efa4dd1b4adf851ed19bcf0e6816fcca8c0581b6a2ff2752d99fd4205b50610671af599adae827fb4182250bc44c171a24b4ff13,,01/07/2025 12:15:00 PM,30,TRAFFIC SIGNAL,FUNCTIONING PROPERLY,CLEAR,DAYLIGHT,TURNING,DIVIDED - W/MEDIAN (NOT RAISED),,STRAIGHT AND LEVEL,DRY,NO DEFECTS,NOT ON SCENE (DESK REPORT),NO INJURY / DRIVE AWAY,Y,,,"OVER $1,500",01/07/2025 01:08:00 PM,UNABLE TO DETERMINE,UNABLE TO DETERMINE,1532,W,LAWRENCE AVE,2032.0,,,,,,,2,NO INDICATION OF INJURY,0.0,0.0,0.0,0.0,0.0,2.0,0.0,12,3,1,41.968988791,-87.668927972,POINT (-87.668927972367 41.968988791322),2025-01-07 12:15:00
d911e03fc4229da1e4a620e23b020da87c0c0890817342eeee419f947e3c7ffbd7a6603c2fb4e1c2501cdbdd22377c82f42199b3547bebf0f595ed835cb2bce0,,01/07/2025 12:15:00 PM,40,TRAFFIC SIGNAL,FUNCTIONING PROPERLY,CLOUDY/OVERCAST,DAYLIGHT,SIDESWIPE SAME DIRECTION,FOUR WAY,,STRAIGHT AND LEVEL,DRY,NO DEFECTS,ON SCENE,NO INJURY / DRIVE AWAY,,,,"OVER $1,500",01/07/2025 12:20:00 PM,IMPROPER LANE USAGE,IMPROPER OVERTAKING/PASSING,10200,W,IRVING PARK RD,1654.0,,,,,,,2,NO INDICATION OF INJURY,0.0,0.0,0.0,0.0,0.0,3.0,0.0,12,3,1,41.957676645,-87.884018034,POINT (-87.884018034075 41.957676644693),2025-01-07 12:15:00
5aaba70665dc5cb19103ca72c1b9b578407f8402b2c974506c6ffd8d58e6e837d079c9b982d67f3f2b00544e0678d9b9c0a0dbd3cdb101c2d7661a4a50abb37c,,01/07/2025 12:10:00 PM,30,TRAFFIC SIGNAL,UNKNOWN,UNKNOWN,UNKNOWN,ANGLE,FOUR WAY,,STRAIGHT AND LEVEL,UNKNOWN,UNKNOWN,NOT ON SCENE (DESK REPORT),NO INJURY / DRIVE AWAY,Y,,Y,"$501 - $1,500",01/07/2025 01:10:00 PM,UNABLE TO DETERMINE,NOT APPLICABLE,800,N,CENTRAL PARK AVE,1112.0,,,,,,,2,NO INDICATION OF INJURY,0.0,0.0,0.0,0.0,0.0,2.0,0.0,12,3,1,41.895549586,-87.716463758,POINT (-87.716463758012 41.895549585715),2025-01-07 12:10:00
36fd57241e55ab393b955712c8a0f64bdb7a92ec6a164cf519e59977a81f86786698a609cc9aabfffdc6bd8af5700164b9fbb483f5120be36bf9fed3a12c3a21,,01/07/2025 12:06:00 PM,30,NO CONTROLS,NO CONTROLS,CLEAR,DAYLIGHT,PARKED MOTOR VEHICLE,NOT DIVIDED,,STRAIGHT AND LEVEL,WET,NO DEFECTS,NOT ON SCENE (DESK REPORT),NO INJURY / DRIVE AWAY,,,,"OVER $1,500",01/08/2025 12:30:00 PM,UNABLE TO DETERMINE,NOT APPLICABLE,850,W,LILL AVE,1935.0,,,,,,,2,NO INDICATION OF INJURY,0.0,0.0,0.0,0.0,0.0,1.0,0.0,12,3,1,41.928254283,-87.650822337,POINT (-87.650822337256 41.928254283433),2025-01-07 12:06:00