CRASH_RECORD_ID,CRASH_DATE_EST_I,CRASH_DATE,POSTED_SPEED_LIMIT,TRAFFIC_CONTROL_DEVICE,DEVICE_CONDITION,WEATHER_CONDITION,LIGHTING_CONDITION,FIRST_CRASH_TYPE,TRAFFICWAY_TYPE,LANE_CNT,ALIGNMENT,ROADWAY_SURFACE_COND,ROAD_DEFECT,REPORT_TYPE,CRASH_TYPE,INTERSECTION_RELATED_I,NOT_RIGHT_OF_WAY_I,HIT_AND_RUN_I,DAMAGE,DATE_POLICE_NOTIFIED,PRIM_CONTRIBUTORY_CAUSE,SEC_CONTRIBUTORY_CAUSE,STREET_NO,STREET_DIRECTION,STREET_NAME,BEAT_OF_OCCURRENCE,PHOTOS_TAKEN_I,STATEMENTS_TAKEN_I,DOORING_I,WORK_ZONE_I,WORK_ZONE_TYPE,WORKERS_PRESENT_I,NUM_UNITS,MOST_SEVERE_INJURY,INJURIES_TOTAL,INJURIES_FATAL,INJURIES_INCAPACITATING,INJURIES_NON_INCAPACITATING,INJURIES_REPORTED_NOT_EVIDENT,INJURIES_NO_INDICATION,INJURIES_UNKNOWN,CRASH_HOUR,CRASH_DAY_OF_WEEK,CRASH_MONTH,LATITUDE,LONGITUDE,LOCATION,timestamp
84ca589a981c1a37247d30dfdc88c3be075c4e103c65ec7b91897a9b63abd3f8790cb46bfcaa29f040d6224f49de07dec5f89e99ad7178b711bcc90530d50220,,01/07/2025 12:05:00 PM,30,TRAFFIC SIGNAL,FUNCTIONING PROPERLY,CLEAR,DAYLIGHT,PEDESTRIAN,FOUR WAY,,STRAIGHT AND LEVEL,DRY,NO DEFECTS,ON SCENE,INJURY AND / OR TOW DUE TO CRASH,N,,Y,$500 OR LESS,01/07/2025 12:10:00 PM,UNABLE TO DETERMINE,UNABLE TO DETERMINE,107,S,FRANKLIN ST,122.0,,,,,,,2,NONINCAPACITATING INJURY,1.0,0.0,0.0,1.0,0.0,1.0,0.0,12,3,1,41.88044283,-87.635128095,POINT (-87.635128094875 41.880442829722),2025-01-07 12:05:00
42bc13fc4eb9705d8cc6a8be7f406582e2c667f5b416c9a5bd470620d38aec4604975b8a104094e6d05e11dd0f58f896ebbe82dc88bb72e7a82471c20713f892,,01/07/2025 12:00:00 PM,30,NO CONTROLS,NO CONTROLS,UNKNOWN,UNKNOWN,PARKED MOTOR VEHICLE,DIVIDED - W/MEDIAN (NOT RAISED),,STRAIGHT AND LEVEL,UNKNOWN,UNKNOWN,NOT ON SCENE (DESK REPORT),NO INJURY / DRIVE AWAY,,,,"$501 - $1,500",01/07/2025 03:21:00 PM,IMPROPER BACKING,IMPROPER BACKING,2801,W,HARRISON ST,1135.0,,,,,,,2,NO INDICATION OF INJURY,0.0,0.0,0.0,0.0,0.0,1.0,0.0,12,3,1,41.873682885,-87.696222042,POINT (-87.696222042305 41.873682884646),2025-01-07 12:00:00
82766a2445f5d39d1bb13b52c0a6c9b210d267e4125198d039fa9cee7f0f3b0dd1ee0b41031de0339a5484de854cc5cd0701cd19cb09654ee84715cb6aa7a529,,01/07/2025 11:40:00 AM,30,TRAFFIC SIGNAL,FUNCTIONING PROPERLY,CLEAR,DAYLIGHT,HEAD ON,NOT DIVIDED,,STRAIGHT AND LEVEL,DRY,NO DEFECTS,ON SCENE,INJURY AND / OR TOW DUE TO CRASH,Y,,,"OVER $1,500",01/07/2025 11:45:00 AM,UNABLE TO DETERMINE,NOT APPLICABLE,1800,W,GARFIELD BLVD,932.0,,,,,,,2,NONINCAPACITATING INJURY,2.0,0.0,0.0,2.0,0.0,1.0,0.0,11,3,1,41.79407731,-87.669507534,POINT (-87.66950753394 41.794077309585),2025-01-07 11:40:00
05aca11d22798fc042ab455b350f270b2388d283ea96a4bb51c6bac9bdebc219399fd353d6a52a5d284af93470940e845f1e0677d51b3b4e828577f448fc8be1,,01/07/2025 11:35:00 AM,30,NO CONTROLS,NO CONTROLS,CLEAR,DAYLIGHT,SIDESWIPE SAME DIRECTION,NOT DIVIDED,,STRAIGHT AND LEVEL,DRY,UNKNOWN,NOT ON SCENE (DESK REPORT),NO INJURY / DRIVE AWAY,,,,"OVER $1,500",01/07/2025 12:00:00 PM,UNABLE TO DETERMINE,NOT APPLICABLE,3311,S,ASHLAND AVE,912.0,,,,,,,2,NO INDICATION OF INJURY,0.0,0.0,0.0,0.0,0.0,4.0,0.0,11,3,1,41.833843976,-87.665496646,POINT (-87.665496645703 41.833843976093),2025-01-07 11:35:00
33b6eb4f4b3bbbf24fdf469846bfc3256c775fb25b92be29d0e30fb51b9843cc8237378163df7d0027b69bfcfb655cd1b5cfb15b4c66edb9e0087f651fbf5f27,Y,01/07/2025 11:35:00 AM,30,TRAFFIC SIGNAL,FUNCTIONING PROPERLY,CLEAR,DAYLIGHT,PEDESTRIAN,NOT DIVIDED,,STRAIGHT AND LEVEL,WET,NO DEFECTS,ON SCENE,INJURY AND / OR TOW DUE TO CRASH,Y,,,"OVER $1,500",01/07/2025 11:41:00 AM,UNABLE TO DETERMINE,UNABLE TO DETERMINE,1700,W,HARRISON ST,1231.0,,,,,,,2,"REPORTED, NOT EVIDENT",1.0,0.0,0.0,0.0,1.0,1.0,0.0,11,3,1,41.874269412,-87.669139881,POINT (-87.669139880824 41.874269412074),2025-01-07 11:35:00
2e1b3730c577b42cc4f19e5db7cca396ecda9cf7fea5d254aaa954d46a89c96e3fd67c7c22a35bced27cdc1189b55066b54507f635d309d4424116e204a1af5f,,01/07/2025 11:30:00 AM,30,NO CONTROLS,NO CONTROLS,CLEAR,DAYLIGHT,PARKED MOTOR VEHICLE,ONE-WAY,,STRAIGHT AND LEVEL,DRY,NO DEFECTS,NOT ON SCENE (DESK REPORT),NO INJURY / DRIVE AWAY,,,Y,"OVER $1,500",01/07/2025 11:50:00 AM,UNABLE TO DETERMINE,UNABLE TO DETERMINE,1200,N,KEELER AVE,2534.0,,,,,,,2,NO INDICATION OF INJURY,0.0,0.0,0.0,0.0,0.0,1.0,0.0,11,3,1,41.902635365,-87.731373253,POINT (-87.731373253197 41.902635365011),2025-01-07 11:30:00
834fb918541afc9924ecea57870e2314828cb18837949ac8460afa4ee71023405d53a9cd671cfefac06d53d17a9eef1ed59fbbcdf7b5fd89360e35a634f6b041,,01/07/2025 11:30:00 AM,35,NO CONTROLS,NO CONTROLS,CLEAR,DAYLIGHT,TURNING,DIVIDED - W/MEDIAN (NOT RAISED),,STRAIGHT AND LEVEL,ICE,NO DEFECTS,ON SCENE,NO INJURY / DRIVE AWAY,,,,"$501 - $1,500",01/07/2025 11:34:00 AM,IMPROPER TURNING/NO SIGNAL,UNABLE TO DETERMINE,8421,W,BRYN MAWR AVE,1614.0,,,,,,,2,NO INDICATION OF INJURY,0.0,0.0,0.0,0.0,0.0,2.0,0.0,11,3,1,41.980999627,-87.837657077,POINT (-87.837657077242 41.98099962665),2025-01-07 11:30:00
d399ca8eaa7c2c497353ad0374c2c6d7a94ab31a905cc7599a0487073300ff3bdc460ef286d52eeca2b7106b59a6388187bd2fdc81ae67bbf78319d44a3fb02f,,01/07/2025 11:30:00 AM,30,STOP SIGN/FLASHER,FUNCTIONING PROPERLY,CLEAR,DAYLIGHT,REAR END,DIVIDED - W/MEDIAN (NOT RAISED),,STRAIGHT AND LEVEL,DRY,NO DEFECTS,NOT ON SCENE (DESK REPORT),NO INJURY / DRIVE AWAY,,,Y,"OVER $1,500",01/07/2025 01:15:00 PM,FOLLOWING TOO CLOSELY,UNABLE TO DETERMINE,4321,S,WESTERN AVE,922.0,,,,,,,2,NO INDICATION OF INJURY,0.0,0.0,0.0,0.0,0.0,3.0,0.0,11,3,1,41.815098378,-87.68446511,POINT (-87.684465110284 41.815098378241),2025-01-07 11:30:00
76325799c1d2f3e22cbf64531004f3eabfa1a8c23070aa62ff1bd13a056a16872d9c0b514eeb7cc77840593b2c1ed6851b46e6650ab49a5ff5b4880ef9e1a155,,01/07/2025 11:15:00 AM,20,UNKNOWN,UNKNOWN,CLEAR,DAYLIGHT,REAR TO FRONT,DRIVEWAY,,STRAIGHT AND LEVEL,SNOW OR SLUSH,UNKNOWN,NOT ON SCENE (DESK REPORT),NO INJURY / DRIVE AWAY,,N,,"OVER $1,500",01/07/2025 12:45:00 PM,UNABLE TO DETERMINE,UNABLE TO DETERMINE,3112,W,FOSTER AVE,1712.0,,,,,,,2,NO INDICATION OF INJURY,0.0,0.0,0.0,0.0,0.0,2.0,0.0,11,3,1,41.975872155,-87.706769757,POINT (-87.706769756576 41.975872155054),2025-01-07 11:15:00
9d1804817e86d270cac88c0e0e18a4ec73528369729da4ab7e3b4b99321e102db6a8f0ce729eb676035643e2a3a33c58168c40b25820d01644a60d81cd3c4f0c,,01/07/2025 11:13:00 AM,10,STOP SIGN/FLASHER,FUNCTIONING PROPERLY,CLEAR,DAYLIGHT,PARKED MOTOR VEHICLE,DRIVEWAY,,STRAIGHT AND LEVEL,DRY,NO DEFECTS,ON SCENE,NO INJURY / DRIVE AWAY,,,Y,$500 OR LESS,01/07/2025 11:13:00 AM,NOT APPLICABLE,NOT APPLICABLE,2600,S,PRAIRIE AVE,133.0,,,,,,,2,NO INDICATION OF INJURY,0.0,0.0,0.0,0.0,0.0,1.0,0.0,11,3,1,41.845614949,-87.620626284,POINT (-87.620626283766 41.845614948717),2025-01-07 11:13:00
58d9cbe949b22b922723389d4642fdf34164d78b5438cf70643d1c752af2256a988464af522cdd827e75c2236ef20cf29933244b0dc4debd583338294e2c4a62,,01/07/2025 11:00:00 AM,30,NO CONTROLS,NO CONTROLS,CLEAR,DAYLIGHT,PARKED MOTOR VEHICLE,NOT DIVIDED,,STRAIGHT AND LEVEL,DRY,NO DEFECTS,NOT ON SCENE (DESK REPORT),NO INJURY / DRIVE AWAY,,,Y,"OVER $1,500",01/07/2025 06:20:00 PM,UNABLE TO DETERMINE,UNABLE TO DETERMINE,3901,N,TRIPP AVE,1731.0,,,,,,,2,NO INDICATION OF INJURY,0.0,0.0,0.0,0.0,0.0,1.0,0.0,11,3,1,41.951859103,-87.733770752,POINT (-87.733770752112 41.951859103368),2025-01-07 11:00:00
5d01f3d5c4162c6d65393820a0c2d5043fdca5724c7ab26f657afb1b1e8c5904cfc696d86428e877339277ccbee50ffb473af444e053eb9d9b2defc989d46108,,01/07/2025 10:55:00 AM,30,NO CONTROLS,NO CONTROLS,CLEAR,DAYLIGHT,SIDESWIPE SAME DIRECTION,NOT DIVIDED,,STRAIGHT AND LEVEL,DRY,NO DEFECTS,NOT ON SCENE (DESK REPORT),NO INJURY / DRIVE AWAY,,,,"$501 - $1,500",01/07/2025 03:28:00 PM,IMPROPER OVERTAKING/PASSING,NOT APPLICABLE,1099,W,FULLERTON AVE,1811.0,,,,,,,2,NO INDICATION OF INJURY,0.0,0.0,0.0,0.0,0.0,2.0,0.0,10,3,1,41.925235696,-87.655960188,POINT (-87.655960188366 41.925235695976),2025-01-07 10:55:00
89ddc3234e28792b9c5db0ffd43eaa6c9077bf80c39175ee9ffa0155a8b4c1181ae40286e5a1d20d9a37026cb595f7a4fe8ecb07d34bb457c177f5d4e8553466,,01/07/2025 10:55:00 AM,10,NO CONTROLS,NO CONTROLS,CLEAR,DAYLIGHT,PARKED MOTOR VEHICLE,PARKING LOT,,STRAIGHT AND LEVEL,SNOW OR SLUSH,NO DEFECTS,NOT ON SCENE (DESK REPORT),NO INJURY / DRIVE AWAY,,Y,,$500 OR LESS,01/15/2025 09:50:00 AM,"VISION OBSCURED (SIGNS, TREE LIMBS, BUILDINGS, ETC.)",UNABLE TO DETERMINE,2150,S,CHINA PL,914.0,,,,,,,2,NO INDICATION OF INJURY,0.0,0.0,0.0,0.0,0.0,2.0,0.0,10,3,1,41.85388489,-87.635057295,POINT (-87.635057294771 41.853884890094),2025-01-07 10:55:00
dca5e9ef9f7dfcdb347079e400909dfb9ff25231ec80a2b0344d997639aceda2a3edc4a4c7846d342d2d5c6e6498793537ba05ac2186ca00ca04ab9647804566,,01/07/2025 10:55:00 AM,30,NO CONTROLS,NO CONTROLS,CLEAR,DAYLIGHT,SIDESWIPE SAME DIRECTION,DIVIDED - W/MEDIAN (NOT RAISED),,STRAIGHT AND LEVEL,UNKNOWN,UNKNOWN,NOT ON SCENE (DESK REPORT),NO INJURY / DRIVE AWAY,,,,"OVER $1,500",01/08/2025 03:40:00 PM,UNABLE TO DETERMINE,UNABLE TO DETERMINE,4835,W,NORTH AVE,2533.0,,,,,,,2,NO INDICATION OF INJURY,0.0,0.0,0.0,0.0,0.0,2.0,0.0,10,3,1,41.909498433,-87.747463797,POINT (-87.747463796729 41.909498433411),2025-01-07 10:55:00
a90a22e60bb04bf9eb7e958cf78e9e15ac3d8615ae8aecc96f75f737225f747cdad26017a801acf8bcb4c6aff5ca18eac7b214f2f84de643ac1825c1278a1016,,01/07/2025 10:50:00 AM,20,NO CONTROLS,NO CONTROLS,CLEAR,DAYLIGHT,REAR TO FRONT,ONE-WAY,,STRAIGHT AND LEVEL,DRY,NO DEFECTS,NOT ON SCENE (DESK REPORT),NO INJURY / DRIVE AWAY,,,,"OVER $1,500",01/07/2025 11:15:00 AM,UNABLE TO DETERMINE,NOT APPLICABLE,2635,S,CALIFORNIA AVE,1034.0,,,,,,,2,NO INDICATION OF INJURY,0.0,0.0,0.0,0.0,0.0,2.0,0.0,10,3,1,,,,2025-01-07 10:50:00
d74782aa9bcad4551c41b7e66016ea8f08369bb523012c6ffe2390f5010da6d888a96d4abc649cc23bdbf4a75c4226ddcaeca27dcfe479781774dddae66a838e,,01/07/2025 10:50:00 AM,30,NO CONTROLS,NO CONTROLS,CLEAR,DAYLIGHT,SIDESWIPE SAME DIRECTION,NOT DIVIDED,,STRAIGHT AND LEVEL,ICE,NO DEFECTS,ON SCENE,NO INJURY / DRIVE AWAY,,,,$500 OR LESS,01/07/2025 11:10:00 AM,FAILING TO YIELD RIGHT-OF-WAY,UNABLE TO DETERMINE,2816,W,DEVON AVE,2412.0,,,,,,,2,NO INDICATION OF INJURY,0.0,0.0,0.0,0.0,0.0,2.0,0.0,10,3,1,41.997657391,-87.700381353,POINT (-87.700381352636 41.997657390605),2025-01-07 10:50:00
0a87ee66dce18ce8595a603305a56034dc1da2ca50ec16600185bb5fa0adeaa91dc0b28f65a85cc8e15ff9aa00a68be8d4329da0d7721629f4f7a4ae22630d25,,01/07/2025 10:48:00 AM,30,TRAFFIC SIGNAL,FUNCTIONING PROPERLY,CLEAR,DAYLIGHT,ANGLE,T-INTERSECTION,,STRAIGHT AND LEVEL,ICE,NO DEFECTS,ON SCENE,INJURY AND / OR TOW DUE TO CRASH,Y,,Y,$500 OR LESS,01/07/2025 10:48:00 AM,FAILING TO REDUCE SPEED TO AVOID CRASH,DISREGARDING OTHER TRAFFIC SIGNS,100,N,KOSTNER AVE,1113.0,,Y,,,,,2,NONINCAPACITATING INJURY,2.0,0.0,0.0,2.0,0.0,1.0,0.0,10,3,1,41.881992824,-87.735663892,POINT (-87.735663892302 41.88199282352),2025-01-07 10:48:00
cc90529e2ed1665522283fe256b30591f6577c6e6adde128149c03717bf067a9b39938202a0bce5b6484b5f30fecdf3f3399626be54f3a1b5f4fb1d7de335ed1,,01/07/2025 10:44:00 AM,30,TRAFFIC SIGNAL,FUNCTIONING PROPERLY,CLEAR,DAYLIGHT,TURNING,FOUR WAY,,STRAIGHT AND LEVEL,DRY,NO DEFECTS,NOT ON SCENE (DESK REPORT),NO INJURY / DRIVE AWAY,Y,,,"OVER $1,500",01/07/2025 12:10:00 PM,IMPROPER TURNING/NO SIGNAL,FAILING TO YIELD RIGHT-OF-WAY,5201,W,GRAND AVE,2515.0,,,,,,,2,NO INDICATION OF INJURY,0.0,0.0,0.0,0.0,0.0,3.0,0.0,10,3,1,41.916839914,-87.756035951,POINT (-87.756035950733 41.916839914318),2025-01-07 10:44:00
2102ac26ff81de35bdf20d72ec99527604a02a7d697a227b9b35f8740891bf4bdb24b6f6fb5ddf605685fbdd1c849eed1ef5257e3353687c6093d9d446f27143,,01/07/2025 10:35:00 AM,30,STOP SIGN/FLASHER,FUNCTIONING PROPERLY,SNOW,DAYLIGHT,REAR END,FOUR WAY,,STRAIGHT AND LEVEL,ICE,UNKNOWN,ON SCENE,INJURY AND / OR TOW DUE TO CRASH,,,,"$501 - $1,500",01/07/2025 10:45:00 AM,WEATHER,NOT APPLICABLE,11100,S,EWING AVE,433.0,,,,,,,2,NONINCAPACITATING INJURY,2.0,0.0,0.0,2.0,0.0,3.0,0.0,10,3,1,41.693570296,-87.535428149,POINT (-87.535428148817 41.693570295741),2025-01-07 10:35:00
7a76ebf145caa499b785ece29b1a63388d56ba3e8760f2dada9d7f404b468b7a652bc16302863803a77fcc50d611339eabf6a86e25eae5f09993bf749e51536e,,01/07/2025 10:30:00 AM,30,STOP SIGN/FLASHER,NO CONTROLS,CLOUDY/OVERCAST,DAYLIGHT,REAR END,NOT DIVIDED,,STRAIGHT AND LEVEL,DRY,NO DEFECTS,NOT ON SCENE (DESK REPORT),NO INJURY / DRIVE AWAY,,,,"OVER $1,500",01/07/2025 11:05:00 AM,UNABLE TO DETERMINE,UNABLE TO DETERMINE,8052,S,RACINE AVE,612.0,,,,,,,2,NO INDICATION OF INJURY,0.0,0.0,0.0,0.0,0.0,2.0,0.0,10,3,1,41.74711563,-87.653791634,POINT (-87.653791634476 41.747115629625),2025-01-07 10:30:00
bdd6c849f132aa4e1b81a37411e32db36efad1c9c19d54b725710035321ca155b94dd92c78e2a5aed2f19e86746d2838293eb068c42afa4e8e436cf64df16a83,,01/07/2025 10:28:00 AM,25,NO CONTROLS,NO CONTROLS,CLEAR,DAYLIGHT,PARKED MOTOR VEHICLE,NOT DIVIDED,,STRAIGHT AND LEVEL,DRY,NO DEFECTS,ON SCENE,INJURY AND / OR TOW DUE TO CRASH,,,,"OVER $1,500",01/07/2025 11:16:00 AM,DISTRACTION - FROM INSIDE VEHICLE,FAILING TO REDUCE SPEED TO AVOID CRASH,9200,S,CLAREMONT AVE,2221.0,,,,,,,2,NO INDICATION OF INJURY,0.0,0.0,0.0,0.0,0.0,1.0,0.0,10,3,1,41.726289534,-87.681144459,POINT (-87.681144458846 41.726289533524),2025-01-07 10:28:00
756e7fdb8afa7a3f7a8c934a2ea574b582e642707ee2521208fa1b6891c743f6db41e748f876a06d05611b21bd207b36e195de8b063ff29e9f349debbce226b4,,01/07/2025 10:20:00 AM,30,TRAFFIC SIGNAL,FUNCTIONING PROPERLY,CLEAR,DAYLIGHT,TURNING,T-INTERSECTION,,STRAIGHT AND LEVEL,DRY,NO DEFECTS,ON SCENE,NO INJURY / DRIVE AWAY,Y,,,"$501 - $1,500",01/07/2025 10:25:00 AM,FOLLOWING TOO CLOSELY,NOT APPLICABLE,1,W,POLK ST,123.0,,,,,,,2,NO INDICATION OF INJURY,0.0,0.0,0.0,0.0,0.0,2.0,0.0,10,3,1,41.872192149,-87.627592406,POINT (-87.627592405777 41.872192149327),2025-01-07 10:20:00
bcf6ae4a72b14830d819168538d8917ceb3ac7447dcf69e9154145a02f6b1957b911500cad15bfe828f64a52a609282a5a8a05e4a9bd9e7648da9f17fe7bb796,,01/07/2025 10:16:00 AM,20,STOP SIGN/FLASHER,WORN REFLECTIVE MATERIAL,FOG/SMOKE/HAZE,DAYLIGHT,REAR TO FRONT,NOT DIVIDED,,STRAIGHT AND LEVEL,SNOW OR SLUSH,UNKNOWN,,INJURY AND / OR TOW DUE TO CRASH,,,,"OVER $1,500",01/07/2025 10:19:00 AM,UNABLE TO DETERMINE,UNABLE TO DETERMINE,1980,E,72ND ST,333.0,Y,,,,,,2,"REPORTED, NOT EVIDENT",3.0,0.0,0.0,0.0,3.0,2.0,0.0,10,3,1,41.764439856,-87.576297873,POINT (-87.57629787275 41.764439855951),2025-01-07 10:16:00
f7f6353e01497cce49eb560d80671c0990dedc6c69307df605e9fed86793680c92a80f3f8a602f641b2fae77349e77e40cd283c6ef65d50a039e2af75cf01747,,01/07/2025 10:15:00 AM,30,NO CONTROLS,NO CONTROLS,CLEAR,DAYLIGHT,PARKED MOTOR VEHICLE,OTHER,,STRAIGHT AND LEVEL,ICE,NO DEFECTS,NOT ON SCENE (DESK REPORT),NO INJURY / DRIVE AWAY,,,,"$501 - $1,500",01/07/2025 04:39:00 PM,WEATHER,NOT APPLICABLE,1357,W,LE MOYNE ST,1433.0,,,,,,,3,NO INDICATION OF INJURY,0.0,0.0,0.0,0.0,0.0,1.0,0.0,10,3,1,41.908935384,-87.661858915,POINT (-87.661858914878 41.908935384439),2025-01-07 10:15:00
7588c9a3458bffdb8b6c0ec0c74012e0ea39824f4a8aefa9418eb2498e69467e155d647f6de0d5830afe2d9d44e71d7e8ccb84993e13c0b09e734b3774d89cdf,,01/07/2025 10:05:00 AM,35,TRAFFIC SIGNAL,FUNCTIONING PROPERLY,CLEAR,DAYLIGHT,TURNING,DIVIDED - W/MEDIAN (NOT RAISED),,STRAIGHT AND LEVEL,DRY,NO DEFECTS,ON SCENE,INJURY AND / OR TOW DUE TO CRASH,Y,,,"OVER $1,500",01/07/2025 10:05:00 AM,UNABLE TO DETERMINE,UNABLE TO DETERMINE,7100,S,PULASKI RD,833.0,,,,,,,3,"REPORTED, NOT EVIDENT",1.0,0.0,0.0,0.0,1.0,2.0,0.0,10,3,1,41.764007749,-87.722499108,POINT (-87.722499107707 41.764007749308),2025-01-07 10:05:00
1941bdff8b99225c70eba83841e708e201970f1f23db73e37c1c6f4a117f60177e969e6108d71cf78751a6f58cf8a0d9ee038902c0828932a26da78ec62ac1d3,Y,01/07/2025 10:00:00 AM,30,UNKNOWN,UNKNOWN,CLEAR,DAYLIGHT,PARKED MOTOR VEHICLE,NOT DIVIDED,,STRAIGHT AND LEVEL,DRY,UNKNOWN,NOT ON SCENE (DESK REPORT),NO INJURY / DRIVE AWAY,,,Y,"OVER $1,500",01/07/2025 05:02:00 PM,UNABLE TO DETERMINE,NOT APPLICABLE,3416,N,ELSTON AVE,1733.0,,,,,,,2,NO INDICATION OF INJURY,0.0,0.0,0.0,0.0,0.0,1.0,0.0,10,3,1,41.943003957,-87.703790248,POINT (-87.703790247838 41.943003956581),2025-01-07 10:00:00
53f1508df3c46e6f8d35d7c7069bd922933a81fb0b128932da716ded0465aa0f25e96c26c5f3913c78b7c9aa99fe65d421e9772f0acbfc715f1d085d76825b2c,,01/07/2025 10:00:00 AM,30,UNKNOWN,UNKNOWN,UNKNOWN,DAYLIGHT,PARKED MOTOR VEHICLE,PARKING LOT,,STRAIGHT AND LEVEL,UNKNOWN,UNKNOWN,NOT ON SCENE (DESK REPORT),NO INJURY / DRIVE AWAY,,,Y,"OVER $1,500",01/10/2025 03:15:00 PM,UNABLE TO DETERMINE,UNABLE TO DETERMINE,5705,S,SHIELDS AVE,711.0,,,,,,,2,NO INDICATION OF INJURY,0.0,0.0,0.0,0.0,0.0,1.0,0.0,10,3,1,41.790687263,-87.633910322,POINT (-87.633910322444 41.790687262506),2025-01-07 10:00:00
670387e66df533666f231d17e131b6c9013878b54738eb3eea6d3f2cdb48b2d9d4bce53df73a1d8da24d29553f473676300fb84f75cd2fb93b60a1e1a82958a5,,01/07/2025 10:00:00 AM,30,STOP SIGN/FLASHER,NO CONTROLS,CLEAR,DAYLIGHT,ANGLE,FOUR WAY,,STRAIGHT AND LEVEL,DRY,NO DEFECTS,NOT ON SCENE (DESK REPORT),NO INJURY / DRIVE AWAY,Y,,,"OVER $1,500",01/08/2025 10:30:00 AM,UNABLE TO DETERMINE,NOT APPLICABLE,3900,N,LINCOLN AVE,1922.0,,,,,,,2,NO INDICATION OF INJURY,0.0,0.0,0.0,0.0,0.0,2.0,0.0,10,3,1,41.952343305,-87.677656766,POINT (-87.677656765905 41.9523433052),2025-01-07 10:00:00
7d839ef4fc728596da95df3ecec04f53283e2310a8d95b95c228a4317acfff4bdcec02ffc79a3506a2beb625155b33414b6b683105d84701081b81e54c0f011c,,01/07/2025 10:00:00 AM,30,NO CONTROLS,NO CONTROLS,CLEAR,DAYLIGHT,PARKED MOTOR VEHICLE,DIVIDED - W/MEDIAN (NOT RAISED),,STRAIGHT AND LEVEL,WET,UNKNOWN,NOT ON SCENE (DESK REPORT),NO INJURY / DRIVE AWAY,,,Y,"OVER $1,500",01/07/2025 01:50:00 PM,UNABLE TO DETERMINE,NOT APPLICABLE,4532,N,PAULINA ST,1912.0,,,,,,,2,NO INDICATION OF INJURY,0.0,0.0,0.0,0.0,0.0,1.0,0.0,10,3,1,41.964385171,-87.671054067,POINT (-87.671054066787 41.964385171364),2025-01-07 10:00:00
a5eb01ee0a90a77694d83bb794c7a9d0b66ad546262db5e14c4937c62355beafe2ed3921c76f66c04edf0a589a450da86cb6699e12c14f74f44b39276e636a6e,,01/07/2025 09:53:00 AM,25,NO CONTROLS,NO CONTROLS,CLEAR,UNKNOWN,PARKED MOTOR VEHICLE,NOT DIVIDED,,STRAIGHT AND LEVEL,DRY,NO DEFECTS,ON SCENE,NO INJURY / DRIVE AWAY,,,Y,"OVER $1,500",01/07/2025 09:53:00 AM,UNABLE TO DETERMINE,NOT APPLICABLE,734,N,HAMLIN AVE,1112.0,,,,,,,2,NO INDICATION OF INJURY,0.0,0.0,0.0,0.0,0.0,1.0,0.0,9,3,1,41.894671011,-87.721312572,POINT (-87.721312571669 41.894671010697),2025-01-07 09:53:00
fbe2022acc5bb44cc62097dfefcc49eb9cd13de5a0abb56e6425530fd0b31aad59be40d9644d64dafb8e1a709118a8db5a351914d67118debeda726856466ed2,,01/07/2025 09:51:00 AM,30,TRAFFIC SIGNAL,FUNCTIONING PROPERLY,CLEAR,DAYLIGHT,ANGLE,FOUR WAY,,STRAIGHT AND LEVEL,DRY,NO DEFECTS,ON SCENE,INJURY AND / OR TOW DUE TO CRASH,Y,,,"OVER $1,500",01/07/2025 09:51:00 AM,DISREGARDING TRAFFIC SIGNALS,DRIVING SKILLS/KNOWLEDGE/EXPERIENCE,2800,W,CONGRESS PKWY,1135.0,,,,,,,2,NO INDICATION OF INJURY,0.0,0.0,0.0,0.0,0.0,2.0,0.0,9,3,1,41.875008568,-87.696245665,POINT (-87.696245665367 41.875008567703),2025-01-07 09:51:00
23f3be6bb637b8fef8b5c78d1dfc083508397ef823d466980585d3b761a12695a7104cde3c333d428eb74036c4c895660e41f77ec83a00cdeca0140dcd76da0b,,01/07/2025 09:50:00 AM,30,NO CONTROLS,NO CONTROLS,CLEAR,DAYLIGHT,PARKED MOTOR VEHICLE,NOT DIVIDED,,STRAIGHT AND LEVEL,WET,NO DEFECTS,ON SCENE,NO INJURY / DRIVE AWAY,,,Y,"OVER $1,500",01/07/2025 10:05:00 AM,FAILING TO REDUCE SPEED TO AVOID CRASH,IMPROPER LANE USAGE,5918,W,WASHINGTON BLVD,1512.0,,,,,,,4,NO INDICATION OF INJURY,0.0,0.0,0.0,0.0,0.0,1.0,0.0,9,3,1,41.882244824,-87.77270482,POINT (-87.772704819914 41.882244823577),2025-01-07 09:50:00