CRASH_RECORD_ID,CRASH_DATE_EST_I,CRASH_DATE,POSTED_SPEED_LIMIT,TRAFFIC_CONTROL_DEVICE,DEVICE_CONDITION,WEATHER_CONDITION,LIGHTING_CONDITION,FIRST_CRASH_TYPE,TRAFFICWAY_TYPE,LANE_CNT,ALIGNMENT,ROADWAY_SURFACE_COND,ROAD_DEFECT,REPORT_TYPE,CRASH_TYPE,INTERSECTION_RELATED_I,NOT_RIGHT_OF_WAY_I,HIT_AND_RUN_I,DAMAGE,DATE_POLICE_NOTIFIED,PRIM_CONTRIBUTORY_CAUSE,SEC_CONTRIBUTORY_CAUSE,STREET_NO,STREET_DIRECTION,STREET_NAME,BEAT_OF_OCCURRENCE,PHOTOS_TAKEN_I,STATEMENTS_TAKEN_I,DOORING_I,WORK_ZONE_I,WORK_ZONE_TYPE,WORKERS_PRESENT_I,NUM_UNITS,MOST_SEVERE_INJURY,INJURIES_TOTAL,INJURIES_FATAL,INJURIES_INCAPACITATING,INJURIES_NON_INCAPACITATING,INJURIES_REPORTED_NOT_EVIDENT,INJURIES_NO_INDICATION,INJURIES_UNKNOWN,CRASH_HOUR,CRASH_DAY_OF_WEEK,CRASH_MONTH,LATITUDE,LONGITUDE,LOCATION,timestamp
7a576df5cb17ac9962adc1c3b3a492d6994ac39e31b02892973e79b8889c59dc78fd918763c01d70c48ab9751c33e8e969e4fcdf1054f6af0780b014846f63e9,,01/07/2025 09:50:00 AM,20,NO CONTROLS,NO CONTROLS,CLEAR,DAYLIGHT,PARKED MOTOR VEHICLE,OTHER,,STRAIGHT AND LEVEL,OTHER,NO DEFECTS,ON SCENE,NO INJURY / DRIVE AWAY,,Y,,"OVER $1,500",01/07/2025 09:56:00 AM,IMPROPER BACKING,NOT APPLICABLE,2544,N,NARRAGANSETT AVE,2512.0,,,,,,,2,NO INDICATION OF INJURY,0.0,0.0,0.0,0.0,0.0,1.0,0.0,9,3,1,41.92690199,-87.785715698,POINT (-87.785715698062 41.926901990254),2025-01-07 09:50:00
9ca50e20de8c610197217b3075dc1fe62ef5cfbe83b8ab802676b0f274bede92bb3ef22f00899958822d80591ab9d4d748672fc9407cd96fceae81ede75876c8,,01/07/2025 09:50:00 AM,30,TRAFFIC SIGNAL,FUNCTIONING PROPERLY,SNOW,DAYLIGHT,REAR END,FOUR WAY,,STRAIGHT AND LEVEL,ICE,NO DEFECTS,NOT ON SCENE (DESK REPORT),NO INJURY / DRIVE AWAY,Y,,,"$501 - $1,500",01/12/2025 01:16:00 PM,UNABLE TO DETERMINE,UNABLE TO DETERMINE,6059,N,LINCOLN AVE,1711.0,,,,,,,2,NO INDICATION OF INJURY,0.0,0.0,0.0,0.0,0.0,2.0,0.0,9,3,1,41.991919472,-87.709631334,POINT (-87.709631334403 41.991919472392),2025-01-07 09:50:00
4df3e3c7d39174cb983552b646a5d011792515adcb82b01f9115b437ea8efaf274c48bbcbd1b70a6172b30dcd6320612ede9788697ed5728b3a2c3cf592a43a4,,01/07/2025 09:40:00 AM,30,NO CONTROLS,NO CONTROLS,CLEAR,DAYLIGHT,REAR END,NOT DIVIDED,,STRAIGHT AND LEVEL,WET,NO DEFECTS,NOT ON SCENE (DESK REPORT),NO INJURY / DRIVE AWAY,,,,"$501 - $1,500",01/07/2025 10:35:00 AM,UNABLE TO DETERMINE,NOT APPLICABLE,4659,S,CALIFORNIA AVE,922.0,,,,,,,2,NO INDICATION OF INJURY,0.0,0.0,0.0,0.0,0.0,2.0,0.0,9,3,1,41.808373137,-87.694060757,POINT (-87.694060757155 41.808373136724),2025-01-07 09:40:00
8f945050f4828a757c60470d91c9045c59b505deadcd5e218808e01c848d800724a1a2bcb7e5d61df894ba6a64bee52f1df6fc757c74ea5b9627b583ecf96f2e,,01/07/2025 09:38:00 AM,30,STOP SIGN/FLASHER,FUNCTIONING PROPERLY,SNOW,DAYLIGHT,SIDESWIPE SAME DIRECTION,NOT DIVIDED,,STRAIGHT AND LEVEL,WET,NO DEFECTS,ON SCENE,INJURY AND / OR TOW DUE TO CRASH,,,Y,"OVER $1,500",01/07/2025 10:00:00 AM,UNABLE TO DETERMINE,UNABLE TO DETERMINE,1403,W,WEBSTER AVE,1811.0,,,,,,,2,NO INDICATION OF INJURY,0.0,0.0,0.0,0.0,0.0,2.0,0.0,9,3,1,41.921509825,-87.66331206,POINT (-87.663312059706 41.921509824564),2025-01-07 09:38:00
f0654286a72a87ddf64d99c9f7f0a3b0ea08ebdac0b446ced7f050a2f60c8d75bebaaa7e6f77956e65aeef150e7a97caffb3305715e144e5a7476f61b7523970,Y,01/07/2025 09:35:00 AM,20,NO CONTROLS,NO CONTROLS,CLEAR,DAYLIGHT,REAR END,DIVIDED - W/MEDIAN (NOT RAISED),,STRAIGHT AND LEVEL,DRY,NO DEFECTS,NOT ON SCENE (DESK REPORT),NO INJURY / DRIVE AWAY,,,,$500 OR LESS,01/07/2025 09:50:00 AM,UNABLE TO DETERMINE,UNABLE TO DETERMINE,5330,W,CHICAGO AVE,1524.0,,,,,,,2,NO INDICATION OF INJURY,0.0,0.0,0.0,0.0,0.0,2.0,0.0,9,3,1,41.895009997,-87.759402999,POINT (-87.759402999169 41.895009996805),2025-01-07 09:35:00
0af06e90244355dcb8611a1eb50d12c9052f7e888ba3e1b3bd3318c72dab31c04b739c1f9b389bfdadd1615208c2fc8b2c4da0cabc6f6c9986e22a7dec5fe794,,01/07/2025 09:30:00 AM,25,NO CONTROLS,NO CONTROLS,CLEAR,DAYLIGHT,PARKED MOTOR VEHICLE,NOT DIVIDED,,STRAIGHT AND LEVEL,WET,NO DEFECTS,NOT ON SCENE (DESK REPORT),NO INJURY / DRIVE AWAY,,,,$500 OR LESS,01/07/2025 10:30:00 AM,UNABLE TO DETERMINE,UNABLE TO DETERMINE,9303,S,PRINCETON AVE,634.0,,,,,,,3,NO INDICATION OF INJURY,0.0,0.0,0.0,0.0,0.0,1.0,0.0,9,3,1,41.72547388,-87.629963212,POINT (-87.629963212118 41.725473879507),2025-01-07 09:30:00
1191ea6f0afca33fe803b769888fa6036eec31b6e3301c2328871d76f9da98a5b754e2528a001f1905ac4605c898e43db243b7b3cfebeea352ebad8982f966d5,,01/07/2025 09:30:00 AM,30,UNKNOWN,UNKNOWN,UNKNOWN,UNKNOWN,ANGLE,UNKNOWN,,STRAIGHT AND LEVEL,UNKNOWN,UNKNOWN,,NO INJURY / DRIVE AWAY,,,,"OVER $1,500",01/07/2025 10:15:00 AM,UNABLE TO DETERMINE,NOT APPLICABLE,4400,N,ASHLAND AVE,1912.0,,,,,,,2,NO INDICATION OF INJURY,0.0,0.0,0.0,0.0,0.0,2.0,0.0,9,3,1,41.96167909,-87.669409129,POINT (-87.669409129418 41.961679090404),2025-01-07 09:30:00
ed5a38a82ab897645c42b5e450ed22044def11cdaaecdc4a709483f3398c04207ba70bbfe71c6b3f91b9fe48f180dd45d2e4c336816059384023d6503edc75e0,,01/07/2025 09:30:00 AM,30,NO CONTROLS,NO CONTROLS,CLEAR,DAYLIGHT,ANGLE,DIVIDED - W/MEDIAN BARRIER,,STRAIGHT AND LEVEL,DRY,UNKNOWN,ON SCENE,INJURY AND / OR TOW DUE TO CRASH,,,,"OVER $1,500",01/07/2025 09:35:00 AM,FAILING TO YIELD RIGHT-OF-WAY,UNABLE TO DETERMINE,7131,S,STONY ISLAND AVE,324.0,,,,,,,2,"REPORTED, NOT EVIDENT",2.0,0.0,0.0,0.0,2.0,1.0,0.0,9,3,1,41.76510323,-87.58574868,POINT (-87.585748679706 41.765103230214),2025-01-07 09:30:00
48cfe522fc491d8ebe88aa9b9cdd8c643af0cd954048e01626f26b6cb6e87b6f514129798d5ecb29371139761ff7feead3048e6810c5662f43c235a560fbc6cb,,01/07/2025 09:22:00 AM,30,TRAFFIC SIGNAL,FUNCTIONING PROPERLY,OTHER,UNKNOWN,REAR END,NOT DIVIDED,,STRAIGHT AND LEVEL,UNKNOWN,UNKNOWN,NOT ON SCENE (DESK REPORT),NO INJURY / DRIVE AWAY,,,Y,"$501 - $1,500",01/07/2025 09:52:00 AM,UNABLE TO DETERMINE,NOT APPLICABLE,2600,W,63RD ST,825.0,,,,,,,2,NO INDICATION OF INJURY,0.0,0.0,0.0,0.0,0.0,2.0,0.0,9,3,1,41.779296974,-87.688586047,POINT (-87.688586047146 41.7792969745),2025-01-07 09:22:00
52eb16e2259dcf291f48f602c5de76fe8e880c1e95eb845437943a747647c5f0e1de5078c05a58d557fc7d1018ed15b6223a758af8400f5c900fb3dc33392ff5,,01/07/2025 09:22:00 AM,35,TRAFFIC SIGNAL,FUNCTIONING PROPERLY,CLEAR,DAYLIGHT,FIXED OBJECT,DIVIDED - W/MEDIAN BARRIER,,STRAIGHT AND LEVEL,DRY,UNKNOWN,ON SCENE,INJURY AND / OR TOW DUE TO CRASH,,,,"OVER $1,500",01/07/2025 09:25:00 AM,EQUIPMENT - VEHICLE CONDITION,NOT APPLICABLE,11506,S,HALSTED ST,524.0,,,,,,,2,NO INDICATION OF INJURY,0.0,0.0,0.0,0.0,0.0,1.0,0.0,9,3,1,41.684852989,-87.642293379,POINT (-87.642293379002 41.684852989366),2025-01-07 09:22:00
6bca7a8c913fefe26a1f26463f54d79240d76c7cef319d1e3908f9c2426e5fa7501593f5e4e39c4aa2350abdd4d0222ddd9d5571654642b1cd48deb8c10e7ccf,,01/07/2025 09:10:00 AM,30,NO CONTROLS,NO CONTROLS,CLEAR,DAYLIGHT,SIDESWIPE SAME DIRECTION,DIVIDED - W/MEDIAN (NOT RAISED),,STRAIGHT AND LEVEL,DRY,NO DEFECTS,ON SCENE,NO INJURY / DRIVE AWAY,,,,"OVER $1,500",01/07/2025 09:13:00 AM,UNABLE TO DETERMINE,UNABLE TO DETERMINE,4118,S,PULASKI RD,815.0,,,,,,,2,NO INDICATION OF INJURY,0.0,0.0,0.0,0.0,0.0,3.0,0.0,9,3,1,41.817883385,-87.724078895,POINT (-87.724078895335 41.817883385023),2025-01-07 09:10:00
e407c9f2531725cdbc14030476bb0e527cb06668c10f5511b2b90f637a0e83df5ce7338adb82509c4c9f08ec0f0a939bde5a5b22f6b400aa01f647998e446f20,,01/07/2025 09:10:00 AM,25,UNKNOWN,UNKNOWN,CLEAR,DAYLIGHT,REAR END,NOT DIVIDED,,STRAIGHT AND LEVEL,ICE,UNKNOWN,ON SCENE,NO INJURY / DRIVE AWAY,,,,"OVER $1,500",01/07/2025 09:15:00 AM,UNABLE TO DETERMINE,UNABLE TO DETERMINE,4024,N,ELSTON AVE,1723.0,,,,,,,2,NO INDICATION OF INJURY,0.0,0.0,0.0,0.0,0.0,2.0,0.0,9,3,1,41.95413886,-87.720015561,POINT (-87.720015560763 41.954138859861),2025-01-07 09:10:00
fd141017a0f4777d9f2bf8a62e40bcdba0934dfa89c93ecfcc3f5746e9d85326c8b657811583e01e6d0376366b953f74866386f9dd65be5f9d58d08929587d70,,01/07/2025 09:10:00 AM,30,TRAFFIC SIGNAL,FUNCTIONING PROPERLY,CLEAR,DAYLIGHT,REAR END,NOT DIVIDED,,STRAIGHT AND LEVEL,DRY,NO DEFECTS,ON SCENE,NO INJURY / DRIVE AWAY,,,,"OVER $1,500",01/07/2025 09:10:00 AM,FOLLOWING TOO CLOSELY,UNABLE TO DETERMINE,5558,W,ROOSEVELT RD,1522.0,,,,,,,2,NO INDICATION OF INJURY,0.0,0.0,0.0,0.0,0.0,3.0,0.0,9,3,1,41.865715039,-87.764182613,POINT (-87.764182613481 41.865715039264),2025-01-07 09:10:00
b524e25cac707f770ed4729afaec17b7e06779c8e4b3e8635689f29920c934d32d00e22cb697cd8caaabdda1755dd46898e7dd24495167c60ce1a7fe6c0a200e,,01/07/2025 09:08:00 AM,30,STOP SIGN/FLASHER,UNKNOWN,UNKNOWN,UNKNOWN,ANGLE,FOUR WAY,,STRAIGHT AND LEVEL,UNKNOWN,UNKNOWN,ON SCENE,INJURY AND / OR TOW DUE TO CRASH,Y,,,"OVER $1,500",01/07/2025 09:19:00 AM,FAILING TO YIELD RIGHT-OF-WAY,NOT APPLICABLE,4700,S,CHAMPLAIN AVE,223.0,N,,,,,,2,NO INDICATION OF INJURY,0.0,0.0,0.0,0.0,0.0,2.0,0.0,9,3,1,41.809385403,-87.610351879,POINT (-87.610351879026 41.809385403297),2025-01-07 09:08:00
272ff52fdcaf035887899ea257ec39437cfd000884258631a4d7da48723a28a1bd2e4d9db32c1094ebf67130337eae0b56323562c3ff62c70e45321176c83a4f,,01/07/2025 09:05:00 AM,30,TRAFFIC SIGNAL,FUNCTIONING PROPERLY,CLEAR,DAYLIGHT,TURNING,NOT DIVIDED,,STRAIGHT AND LEVEL,DRY,NO DEFECTS,ON SCENE,NO INJURY / DRIVE AWAY,,,,"OVER $1,500",01/07/2025 09:30:00 AM,DRIVING SKILLS/KNOWLEDGE/EXPERIENCE,DRIVING SKILLS/KNOWLEDGE/EXPERIENCE,4216,S,PULASKI RD,815.0,,,,,,,2,NO INDICATION OF INJURY,0.0,0.0,0.0,0.0,0.0,2.0,0.0,9,3,1,41.816388655,-87.7240389,POINT (-87.724038899972 41.816388655242),2025-01-07 09:05:00
10555d47b4fdbaf90297acacff81e135aa0b7aada35c671a0801f6069c2f6c84fa8fd8a98f1d8ee7b10eba953c5a2e3e04b0ed517a620fa5a3ee2f7ce3fce102,,01/07/2025 09:00:00 AM,30,TRAFFIC SIGNAL,FUNCTIONING PROPERLY,CLEAR,DAYLIGHT,REAR END,NOT DIVIDED,,STRAIGHT AND LEVEL,DRY,NO DEFECTS,NOT ON SCENE (DESK REPORT),NO INJURY / DRIVE AWAY,,,,"$501 - $1,500",01/07/2025 09:15:00 AM,FOLLOWING TOO CLOSELY,NOT APPLICABLE,2700,W,FOSTER AVE,2011.0,,,,,,,2,NO INDICATION OF INJURY,0.0,0.0,0.0,0.0,0.0,2.0,0.0,9,3,1,41.975946037,-87.696607448,POINT (-87.696607447725 41.975946037014),2025-01-07 09:00:00
69f1f197efd83be4e42f23c54d2443d14e79730ea6a86d817a8e7609db55d9243342462d0f2c458fbad71eece974f09c793289f940303d071a124dbae63fc18d,,01/07/2025 09:00:00 AM,30,NO CONTROLS,NO CONTROLS,CLEAR,DAYLIGHT,PARKED MOTOR VEHICLE,NOT DIVIDED,,STRAIGHT AND LEVEL,DRY,NO DEFECTS,NOT ON SCENE (DESK REPORT),NO INJURY / DRIVE AWAY,,,,$500 OR LESS,01/07/2025 09:15:00 AM,UNABLE TO DETERMINE,NOT APPLICABLE,1624,W,GRANVILLE AVE,2433.0,,,,,,,2,NO INDICATION OF INJURY,0.0,0.0,0.0,0.0,0.0,1.0,0.0,9,3,1,41.99453053,-87.671224178,POINT (-87.671224178311 41.994530530473),2025-01-07 09:00:00
80d23bf61a80594b24e6e4c3ccd16a3ca30917dd24591bc569f4c69fca308d28fa22ae92d268115a76c761e9ebb63c286eb8b44f96fbdf0a0c3a80c5e72e0b01,,01/07/2025 09:00:00 AM,30,TRAFFIC SIGNAL,FUNCTIONING PROPERLY,CLEAR,DAYLIGHT,TURNING,FOUR WAY,,STRAIGHT AND LEVEL,DRY,NO DEFECTS,NOT ON SCENE (DESK REPORT),NO INJURY / DRIVE AWAY,,,,"OVER $1,500",01/07/2025 09:15:00 AM,UNABLE TO DETERMINE,UNABLE TO DETERMINE,2750,W,OGDEN AVE,1023.0,,,,,,,2,NO INDICATION OF INJURY,0.0,0.0,0.0,0.0,0.0,2.0,0.0,9,3,1,41.861640031,-87.695181746,POINT (-87.695181745849 41.861640031067),2025-01-07 09:00:00
834610436098e43c0a54ec88457b45238bb275415a10d33f22b550b51732fed4e131d5b9863427e40012db71cbe48bbec597383f441abbdeb71242c53cd0f5cb,,01/07/2025 09:00:00 AM,30,NO CONTROLS,NO CONTROLS,CLEAR,DAYLIGHT,SIDESWIPE SAME DIRECTION,NOT DIVIDED,,STRAIGHT AND LEVEL,DRY,NO DEFECTS,ON SCENE,NO INJURY / DRIVE AWAY,,,Y,"OVER $1,500",01/07/2025 09:17:00 AM,NOT APPLICABLE,NOT APPLICABLE,1111,W,79TH ST,612.0,,,,,,,2,NO INDICATION OF INJURY,0.0,0.0,0.0,0.0,0.0,2.0,0.0,9,3,1,41.750415038,-87.651793242,POINT (-87.651793242228 41.750415037642),2025-01-07 09:00:00
d216676c8409f36787ad4e9a490b0582627677035b2604b529affcefad5a9ce04e3d1e20a778939fa6ed6ea11c7b4a3a4dafdf2dc6c10dea634f049bdf5e9bf1,,01/07/2025 09:00:00 AM,30,STOP SIGN/FLASHER,FUNCTIONING PROPERLY,CLEAR,DAYLIGHT,REAR END,FOUR WAY,,STRAIGHT AND LEVEL,DRY,NO DEFECTS,ON SCENE,NO INJURY / DRIVE AWAY,,,,"OVER $1,500",01/07/2025 09:05:00 AM,FOLLOWING TOO CLOSELY,NOT APPLICABLE,5500,W,LAKE ST,1523.0,,,,,,,2,NO INDICATION OF INJURY,0.0,0.0,0.0,0.0,0.0,2.0,0.0,9,3,1,41.887829735,-87.7633534,POINT (-87.763353399747 41.887829734582),2025-01-07 09:00:00
da53c3cd788154c74ee6d4331af5564506c8ceee62c367a363a5311764c814e165685e3d5901252defe7f1ab49f06e04de38ca302beacd89939d9c0bd5645d96,,01/07/2025 09:00:00 AM,30,TRAFFIC SIGNAL,FUNCTIONING PROPERLY,CLEAR,DAYLIGHT,REAR END,NOT DIVIDED,,STRAIGHT AND LEVEL,DRY,NO DEFECTS,NOT ON SCENE (DESK REPORT),NO INJURY / DRIVE AWAY,,,,"$501 - $1,500",01/07/2025 09:30:00 AM,FOLLOWING TOO CLOSELY,FOLLOWING TOO CLOSELY,3301,W,DEVON AVE,1711.0,,,,,,,3,NO INDICATION OF INJURY,0.0,0.0,0.0,0.0,0.0,3.0,0.0,9,3,1,41.997237289,-87.711797783,POINT (-87.711797782623 41.997237288655),2025-01-07 09:00:00
6354a914cb6a37624cc8728bcd26c9b957d657e772fcf9d25c71426529a2072831ee4d876fda3c845ab27b60384f0c9ec4fb78bf6914b49f0dacb8f85914ce6c,,01/07/2025 08:55:00 AM,30,NO CONTROLS,NO CONTROLS,CLEAR,DAYLIGHT,REAR END,FOUR WAY,,STRAIGHT AND LEVEL,DRY,UNKNOWN,NOT ON SCENE (DESK REPORT),NO INJURY / DRIVE AWAY,,,,"OVER $1,500",01/07/2025 06:18:00 PM,FOLLOWING TOO CLOSELY,FOLLOWING TOO CLOSELY,4700,S,WESTERN AVE,922.0,,,,,,,2,NO INDICATION OF INJURY,0.0,0.0,0.0,0.0,0.0,2.0,0.0,8,3,1,41.808378408,-87.684570717,POINT (-87.684570716896 41.808378407947),2025-01-07 08:55:00
b06ce14c8417164d4785967a52f81e57e42e3b60c0bafe045cc1d1b5910d1431dc5fa6e60af6caddccc11691cce505da2bc7e072f1c1d95297d168bc73816a85,,01/07/2025 08:55:00 AM,30,NO CONTROLS,NO CONTROLS,CLEAR,DAYLIGHT,PARKED MOTOR VEHICLE,ONE-WAY,,STRAIGHT AND LEVEL,DRY,NO DEFECTS,NOT ON SCENE (DESK REPORT),NO INJURY / DRIVE AWAY,,,Y,"OVER $1,500",01/07/2025 04:41:00 PM,UNABLE TO DETERMINE,NOT APPLICABLE,5635,S,MC VICKER AVE,811.0,,,,,,,2,NO INDICATION OF INJURY,0.0,0.0,0.0,0.0,0.0,1.0,0.0,8,3,1,41.789628408,-87.773025242,POINT (-87.773025241735 41.789628408315),2025-01-07 08:55:00
11caf51712e8cbf94f709dbc31dd97cb45deeb843f5a64a679e3c962d6d17afed9f1bad0d0e42c9da2f8115fbb2186aff49eb7bf4e53b5d873fcbba7421382b2,,01/07/2025 08:50:00 AM,30,NO CONTROLS,NO CONTROLS,CLEAR,DAYLIGHT,REAR END,DIVIDED - W/MEDIAN (NOT RAISED),,STRAIGHT AND LEVEL,DRY,UNKNOWN,NOT ON SCENE (DESK REPORT),NO INJURY / DRIVE AWAY,,,N,"OVER $1,500",01/07/2025 12:30:00 PM,UNABLE TO DETERMINE,UNABLE TO DETERMINE,501,S,WESTERN AVE,1225.0,,,,,,,2,NO INDICATION OF INJURY,0.0,0.0,0.0,0.0,0.0,2.0,0.0,8,3,1,41.874937903,-87.686112468,POINT (-87.686112467683 41.874937902981),2025-01-07 08:50:00
934517098b41ce8b485c4183596619f8a1c8e3b0f6b8bec181cf3f2d404d3fdaac5729614b560c8d33de7fcbcbcc29192afde947f132501fe5113bd3b991b822,,01/07/2025 08:50:00 AM,35,TRAFFIC SIGNAL,FUNCTIONING PROPERLY,CLEAR,DAYLIGHT,SIDESWIPE SAME DIRECTION,FOUR WAY,,STRAIGHT AND LEVEL,DRY,NO DEFECTS,ON SCENE,NO INJURY / DRIVE AWAY,,,Y,"$501 - $1,500",01/07/2025 09:04:00 AM,UNABLE TO DETERMINE,UNABLE TO DETERMINE,1401,W,95TH ST,2213.0,,,,,,,2,NO INDICATION OF INJURY,0.0,0.0,0.0,0.0,0.0,2.0,0.0,8,3,1,41.721167158,-87.657869722,POINT (-87.657869721697 41.721167158287),2025-01-07 08:50:00
ff515f9f1a1d6986c9f49c6589b87189fdc353a3ec95bb94ded83ad9c69688a0442d336f9374ad4e781d4c19af5f98855ffc6994b14996473827e63672323435,,01/07/2025 08:50:00 AM,45,TRAFFIC SIGNAL,FUNCTIONING PROPERLY,CLEAR,DAYLIGHT,REAR END,DIVIDED - W/MEDIAN BARRIER,,"CURVE, LEVEL",DRY,UNKNOWN,ON SCENE,INJURY AND / OR TOW DUE TO CRASH,,,,"OVER $1,500",01/07/2025 08:53:00 AM,FAILING TO REDUCE SPEED TO AVOID CRASH,NOT APPLICABLE,5621,S,LAKE SHORE DR NB,331.0,,,,,,,3,NO INDICATION OF INJURY,0.0,0.0,0.0,0.0,0.0,5.0,0.0,8,3,1,41.79288424,-87.580023238,POINT (-87.580023238257 41.79288423998),2025-01-07 08:50:00
2036abdc8fcfc2ad501d87ffffe817d128ebd55cc7c6ceeb9f413e0274204dc2326ea922209f21b0329d23ad773275ecb892ff6f4ea9222472ce07ac246ed1a5,,01/07/2025 08:45:00 AM,30,TRAFFIC SIGNAL,FUNCTIONING PROPERLY,CLEAR,DAYLIGHT,TURNING,FOUR WAY,,STRAIGHT AND LEVEL,UNKNOWN,NO DEFECTS,NOT ON SCENE (DESK REPORT),NO INJURY / DRIVE AWAY,Y,,,"OVER $1,500",01/07/2025 09:10:00 AM,UNABLE TO DETERMINE,UNABLE TO DETERMINE,6401,N,KEDZIE AVE,2412.0,,,,,,,2,NO INDICATION OF INJURY,0.0,0.0,0.0,0.0,0.0,2.0,0.0,8,3,1,41.997481446,-87.70919807,POINT (-87.709198069582 41.997481446282),2025-01-07 08:45:00
9defef2e9e40b20f606bb816c541624b1b2eb9c1101c81019230867938b5aa177a7265ad96d4fb58e147f65dbc706e156acb16d0465a6d34b9d49a79d1e3d768,,01/07/2025 08:45:00 AM,30,NO CONTROLS,NO CONTROLS,UNKNOWN,DAYLIGHT,PARKED MOTOR VEHICLE,ONE-WAY,,STRAIGHT AND LEVEL,UNKNOWN,UNKNOWN,NOT ON SCENE (DESK REPORT),INJURY AND / OR TOW DUE TO CRASH,,,Y,"$501 - $1,500",01/08/2025 12:00:00 PM,UNABLE TO DETERMINE,NOT APPLICABLE,1,S,DEARBORN ST,112.0,,,,,,,2,"REPORTED, NOT EVIDENT",1.0,0.0,0.0,0.0,1.0,0.0,0.0,8,3,1,41.881936675,-87.62925348,POINT (-87.629253479919 41.881936674674),2025-01-07 08:45:00
cf3ebb4cadaf95798e389abbb4792c4990f09a38e5a38808b30098523c0faf8ef9c4b00db2a80822dd77a591b5df7725a849fe6df51fd253c4c33aa4301ba220,,01/07/2025 08:45:00 AM,30,NO CONTROLS,NO CONTROLS,CLEAR,DAYLIGHT,REAR END,NOT DIVIDED,,STRAIGHT AND LEVEL,UNKNOWN,UNKNOWN,NOT ON SCENE (DESK REPORT),NO INJURY / DRIVE AWAY,,,Y,"OVER $1,500",01/07/2025 09:50:00 AM,IMPROPER BACKING,IMPROPER BACKING,469,W,HURON ST,1831.0,,,,,,,2,NO INDICATION OF INJURY,0.0,0.0,0.0,0.0,0.0,2.0,0.0,8,3,1,41.894593341,-87.641241421,POINT (-87.641241421485 41.894593340917),2025-01-07 08:45:00
cfe61ce00e53fc4cce9dff9e780fd7febc7d458ca44f65c5fc004d0315c44a52c378670453ea165c65e5fc556f19397745be710fcf8642b9ffb8d2d141f3c8cf,,01/07/2025 08:45:00 AM,30,NO CONTROLS,NO CONTROLS,CLEAR,DAYLIGHT,TURNING,DIVIDED - W/MEDIAN BARRIER,,STRAIGHT AND LEVEL,DRY,NO DEFECTS,NOT ON SCENE (DESK REPORT),NO INJURY / DRIVE AWAY,,,,"OVER $1,500",01/07/2025 09:30:00 AM,UNABLE TO DETERMINE,NOT APPLICABLE,2439,W,OGDEN AVE,1023.0,,,,,,,2,NO INDICATION OF INJURY,0.0,0.0,0.0,0.0,0.0,2.0,0.0,8,3,1,41.864160872,-87.687349261,POINT (-87.687349260652 41.8641608725),2025-01-07 08:45:00
01a49e302561ae1d4f38c409546ad36d37a653290582531bf027f3944e53892f08aa6acc56b120cd5d7196c6f62e87fed0107dbcf2655fba34cb41d599e3acf9,,01/07/2025 08:44:00 AM,25,STOP SIGN/FLASHER,FUNCTIONING PROPERLY,CLEAR,DAYLIGHT,REAR END,OTHER,,STRAIGHT AND LEVEL,ICE,NO DEFECTS,ON SCENE,NO INJURY / DRIVE AWAY,,,,"OVER $1,500",01/07/2025 08:44:00 AM,WEATHER,NOT APPLICABLE,4314,W,BYRON ST,1731.0,,,,,,,2,NO INDICATION OF INJURY,0.0,0.0,0.0,0.0,0.0,7.0,0.0,8,3,1,41.951850004,-87.73606741,POINT (-87.736067410247 41.951850004149),2025-01-07 08:44:00
70bf256582f2b0091dc3bd6dac359dda8da71e8395b757e8fc3bbc3dfd2ffa0147f374bd197d609da464b8234d4a267aeb000620ca45e29689d50f128d9b8d46,,01/07/2025 08:40:00 AM,25,TRAFFIC SIGNAL,FUNCTIONING PROPERLY,CLEAR,DAYLIGHT,REAR END,NOT DIVIDED,,STRAIGHT AND LEVEL,WET,NO DEFECTS,ON SCENE,INJURY AND / OR TOW DUE TO CRASH,,,Y,"OVER $1,500",01/07/2025 08:47:00 AM,UNABLE TO DETERMINE,UNABLE TO DETERMINE,7899,S,SOUTH CHICAGO AVE,411.0,,,,,,,2,"REPORTED, NOT EVIDENT",1.0,0.0,0.0,0.0,1.0,1.0,0.0,8,3,1,41.75157518,-87.585545213,POINT (-87.585545213095 41.751575179562),2025-01-07 08:40:00
e44a001eb0f0dfd929f035d98efa9528b1f73bd0841c9eb3937c7fe6390cb4f31e0754105ce0f13410e05ee8b7acb29e00c8e3e3adb7f8d0c9446db2b6748691,,01/07/2025 08:39:00 AM,30,NO CONTROLS,NO CONTROLS,CLEAR,DAYLIGHT,PARKED MOTOR VEHICLE,ONE-WAY,,STRAIGHT AND LEVEL,DRY,NO DEFECTS,NOT ON SCENE (DESK REPORT),NO INJURY / DRIVE AWAY,,,,"$501 - $1,500",01/08/2025 10:14:00 AM,UNABLE TO DETERMINE,UNABLE TO DETERMINE,8050,S,WASHTENAW AVE,835.0,,,,,,,2,NO INDICATION OF INJURY,0.0,0.0,0.0,0.0,0.0,1.0,0.0,8,3,1,41.746664515,-87.690240325,POINT (-87.690240324582 41.746664514899),2025-01-07 08:39:00