CRASH_RECORD_ID,CRASH_DATE_EST_I,CRASH_DATE,POSTED_SPEED_LIMIT,TRAFFIC_CONTROL_DEVICE,DEVICE_CONDITION,WEATHER_CONDITION,LIGHTING_CONDITION,FIRST_CRASH_TYPE,TRAFFICWAY_TYPE,LANE_CNT,ALIGNMENT,ROADWAY_SURFACE_COND,ROAD_DEFECT,REPORT_TYPE,CRASH_TYPE,INTERSECTION_RELATED_I,NOT_RIGHT_OF_WAY_I,HIT_AND_RUN_I,DAMAGE,DATE_POLICE_NOTIFIED,PRIM_CONTRIBUTORY_CAUSE,SEC_CONTRIBUTORY_CAUSE,STREET_NO,STREET_DIRECTION,STREET_NAME,BEAT_OF_OCCURRENCE,PHOTOS_TAKEN_I,STATEMENTS_TAKEN_I,DOORING_I,WORK_ZONE_I,WORK_ZONE_TYPE,WORKERS_PRESENT_I,NUM_UNITS,MOST_SEVERE_INJURY,INJURIES_TOTAL,INJURIES_FATAL,INJURIES_INCAPACITATING,INJURIES_NON_INCAPACITATING,INJURIES_REPORTED_NOT_EVIDENT,INJURIES_NO_INDICATION,INJURIES_UNKNOWN,CRASH_HOUR,CRASH_DAY_OF_WEEK,CRASH_MONTH,LATITUDE,LONGITUDE,LOCATION,timestamp
b4acffb55cf144d6030f37486b06a4b3c14dd2324aa4d60ec101b7fc2a3ec6c1c6a106707e39bdacec21c053ed7739263386eb73173d2e8fdc084083baff2797,,01/07/2025 08:38:00 AM,60,TRAFFIC SIGNAL,FUNCTIONING PROPERLY,CLEAR,DAYLIGHT,ANGLE,FOUR WAY,,STRAIGHT AND LEVEL,DRY,NO DEFECTS,ON SCENE,NO INJURY / DRIVE AWAY,Y,,Y,"OVER $1,500",01/07/2025 09:05:00 AM,DISREGARDING TRAFFIC SIGNALS,DISREGARDING TRAFFIC SIGNALS,7600,S,SOUTH CHICAGO AVE,411.0,,,,,,,2,NO INDICATION OF INJURY,0.0,0.0,0.0,0.0,0.0,2.0,0.0,8,3,1,41.756736099,-87.593070955,POINT (-87.593070955379 41.756736099049),2025-01-07 08:38:00
0f3379efe4d1babb2497b352ac46f4b0d1de382f923c1ca6cb273553cc33f707cd77fc74c94d3e50b889e262574f8f58d0cc3ee3234fa211edbe253aa765d96c,,01/07/2025 08:35:00 AM,30,UNKNOWN,UNKNOWN,CLEAR,DAYLIGHT,ANGLE,NOT DIVIDED,,STRAIGHT AND LEVEL,DRY,NO DEFECTS,ON SCENE,INJURY AND / OR TOW DUE TO CRASH,,,,"OVER $1,500",01/07/2025 08:45:00 AM,UNABLE TO DETERMINE,NOT APPLICABLE,2400,W,53RD ST,923.0,,,,,,,2,NONINCAPACITATING INJURY,1.0,0.0,0.0,1.0,0.0,1.0,0.0,8,3,1,41.797619505,-87.684165396,POINT (-87.684165396419 41.797619504824),2025-01-07 08:35:00
cf7f7a87dde4d1d0174afa8507478ad6947bd3d7a28acb8bddbf528b9d62e9cff1c8ab195ab083c553573f031ad0a3860139ca32724a1ab736586c8fd82f6b8f,,01/07/2025 08:35:00 AM,30,TRAFFIC SIGNAL,FUNCTIONING PROPERLY,CLEAR,DAYLIGHT,TURNING,DIVIDED - W/MEDIAN (NOT RAISED),,STRAIGHT AND LEVEL,WET,UNKNOWN,NOT ON SCENE (DESK REPORT),NO INJURY / DRIVE AWAY,,,Y,"OVER $1,500",01/07/2025 05:30:00 PM,UNABLE TO DETERMINE,NOT APPLICABLE,2400,W,ARMITAGE AVE,1431.0,,,,,,,2,NO INDICATION OF INJURY,0.0,0.0,0.0,0.0,0.0,3.0,0.0,8,3,1,41.917677329,-87.687469877,POINT (-87.687469877205 41.917677328541),2025-01-07 08:35:00
6c0ba722234874964da316fa48764d66db10703efeb53198f5f740e373d6a6b0d0abd49a166662409693f1a28ef30309eb441626705e43b4a7574ad10128c263,,01/07/2025 08:31:00 AM,50,OTHER,FUNCTIONING PROPERLY,CLEAR,DAYLIGHT,REAR END,ONE-WAY,,STRAIGHT AND LEVEL,UNKNOWN,UNKNOWN,NOT ON SCENE (DESK REPORT),NO INJURY / DRIVE AWAY,,,,"OVER $1,500",01/11/2025 08:31:00 AM,UNABLE TO DETERMINE,NOT APPLICABLE,8300,S,CHICAGO SKYWAY IB,412.0,,,,,,,2,NO INDICATION OF INJURY,0.0,0.0,0.0,0.0,0.0,2.0,0.0,8,3,1,41.744129184,-87.578235889,POINT (-87.578235889434 41.744129183988),2025-01-07 08:31:00
023dc4ea981af90b307d156470f2284334fdbc28a61fa00facc7dfb4e203ca955552fe633ab454023467bf1386daa2f1a858110eb219dfcba9c4f83c0e05d6a6,,01/07/2025 08:30:00 AM,25,STOP SIGN/FLASHER,FUNCTIONING PROPERLY,SNOW,DAYLIGHT,ANGLE,FOUR WAY,,STRAIGHT ON GRADE,ICE,UNKNOWN,NOT ON SCENE (DESK REPORT),NO INJURY / DRIVE AWAY,Y,,,"$501 - $1,500",01/07/2025 08:50:00 AM,FAILING TO YIELD RIGHT-OF-WAY,NOT APPLICABLE,7200,S,EXCHANGE AVE,334.0,,,,,,,2,NO INDICATION OF INJURY,0.0,0.0,0.0,0.0,0.0,3.0,0.0,8,3,1,41.764309739,-87.565194159,POINT (-87.565194159436 41.764309739115),2025-01-07 08:30:00
83406adc0e2d5a60e28bfc581a150e8a2cb8b965304a3210ce143e7e5e386f541134af7a29a71a8749e4dd0196dd2c86f7b22f05e0e5b72a3ec3080912a052e1,,01/07/2025 08:30:00 AM,30,STOP SIGN/FLASHER,FUNCTIONING PROPERLY,CLEAR,DAYLIGHT,REAR END,ONE-WAY,,STRAIGHT AND LEVEL,ICE,NO DEFECTS,ON SCENE,NO INJURY / DRIVE AWAY,Y,,,"OVER $1,500",01/07/2025 08:45:00 AM,WEATHER,NOT APPLICABLE,8758,W,BERWYN AVE,1614.0,,,,,,,2,NO INDICATION OF INJURY,0.0,0.0,0.0,0.0,0.0,3.0,0.0,8,3,1,41.975153042,-87.846452426,POINT (-87.846452425943 41.975153041679),2025-01-07 08:30:00
a85818b5369bd010c387b5e8d22cca5cc2e69c6f49fe59818e899bc7ee471584c69ebc64784b0f496d24ae052fff8bf47d3381874b067263ac4d22eb001f5680,,01/07/2025 08:30:00 AM,30,NO CONTROLS,NO CONTROLS,CLEAR,DAYLIGHT,REAR END,NOT DIVIDED,,STRAIGHT AND LEVEL,ICE,NO DEFECTS,NOT ON SCENE (DESK REPORT),NO INJURY / DRIVE AWAY,,,,"$501 - $1,500",01/07/2025 09:25:00 AM,NOT APPLICABLE,NOT APPLICABLE,6321,N,CANFIELD AVE,1612.0,,,,,,,3,NO INDICATION OF INJURY,0.0,0.0,0.0,0.0,0.0,3.0,0.0,8,3,1,41.99563696,-87.8215776,POINT (-87.821577600066 41.995636960348),2025-01-07 08:30:00
a8e638e47818b2d5e6fab50c57de590fb42d5f9c36a9892a6d70f552a8427c33680da0c8817d7b105c7bb8339b6540983f765ac9eed7e205c119939343428835,,01/07/2025 08:30:00 AM,30,NO CONTROLS,NO CONTROLS,CLEAR,DAYLIGHT,REAR END,PARKING LOT,,STRAIGHT AND LEVEL,DRY,NO DEFECTS,NOT ON SCENE (DESK REPORT),NO INJURY / DRIVE AWAY,,,,"$501 - $1,500",01/07/2025 09:40:00 AM,UNABLE TO DETERMINE,UNABLE TO DETERMINE,2124,W,82ND PL,614.0,,,,,,,2,NO INDICATION OF INJURY,0.0,0.0,0.0,0.0,0.0,2.0,0.0,8,3,1,41.743950023,-87.676392092,POINT (-87.676392091552 41.743950023121),2025-01-07 08:30:00
b708958ec9dafb5b06fb78720f1de28bc5d11c7a6c5c66d81d718accc2c32db45998cea8b9a33f27536c8d7bd94ba6a4f40da06b59cbbecc6d76257f2a81d02b,,01/07/2025 08:30:00 AM,30,UNKNOWN,UNKNOWN,SNOW,DAYLIGHT,OTHER NONCOLLISION,DIVIDED - W/MEDIAN (NOT RAISED),,STRAIGHT AND LEVEL,UNKNOWN,UNKNOWN,ON SCENE,INJURY AND / OR TOW DUE TO CRASH,,,,"OVER $1,500",01/07/2025 09:05:00 AM,UNABLE TO DETERMINE,NOT APPLICABLE,5500,S,DR MARTIN LUTHER KING JR DR,231.0,,,,,,,1,NO INDICATION OF INJURY,0.0,0.0,0.0,0.0,0.0,1.0,0.0,8,3,1,41.794456675,-87.61611883,POINT (-87.616118829535 41.794456675068),2025-01-07 08:30:00
0f982e1e9c13a34ddd306cb2631750ffa521018232a257c0e6a534291e3a4efd0186e3c489f3e968055f373ce10882f68b56497ca5e37875eed082833e819756,,01/07/2025 08:25:00 AM,10,NO CONTROLS,NO CONTROLS,CLEAR,DAYLIGHT,PARKED MOTOR VEHICLE,PARKING LOT,,STRAIGHT AND LEVEL,DRY,UNKNOWN,NOT ON SCENE (DESK REPORT),NO INJURY / DRIVE AWAY,,,,$500 OR LESS,01/07/2025 09:45:00 AM,UNABLE TO DETERMINE,NOT APPLICABLE,2194,W,82ND PL,614.0,,,,,,,2,NO INDICATION OF INJURY,0.0,0.0,0.0,0.0,0.0,7.0,0.0,8,3,1,41.743932788,-87.677584401,POINT (-87.677584400588 41.743932788378),2025-01-07 08:25:00
3e23283f12b96a2f0034b997a9a394f864b94a36c130e15a33f9dd6ef8625b59f1127de217b3027ec6826ff0d116a744034e5b143a9f62ea89b83ceb6ed6cc1b,,01/07/2025 08:20:00 AM,30,UNKNOWN,UNKNOWN,CLEAR,DAYLIGHT,ANGLE,NOT DIVIDED,,STRAIGHT AND LEVEL,DRY,UNKNOWN,NOT ON SCENE (DESK REPORT),NO INJURY / DRIVE AWAY,Y,,,"$501 - $1,500",01/07/2025 08:40:00 AM,UNABLE TO DETERMINE,UNABLE TO DETERMINE,3600,W,109TH ST,2211.0,,,,,,,2,NO INDICATION OF INJURY,0.0,0.0,0.0,0.0,0.0,2.0,0.0,8,3,1,41.695181438,-87.71078621,POINT (-87.71078620992 41.695181438305),2025-01-07 08:20:00
583c8a032dcfa92dcb7eb9cb47b1ea4705baa0412c1e55fa97084474b7f79f8fb2f1a9b26bd8d2f4505a5ce14fcb8fcfdedb0219681380f903344535bbdace54,,01/07/2025 08:20:00 AM,30,NO CONTROLS,NO CONTROLS,CLEAR,DAYLIGHT,REAR END,DIVIDED - W/MEDIAN (NOT RAISED),,STRAIGHT AND LEVEL,DRY,NO DEFECTS,ON SCENE,INJURY AND / OR TOW DUE TO CRASH,,Y,,"OVER $1,500",01/07/2025 08:24:00 AM,UNABLE TO DETERMINE,UNABLE TO DETERMINE,140,S,HAMLIN BLVD,1122.0,,Y,,,,,3,NONINCAPACITATING INJURY,1.0,0.0,0.0,1.0,0.0,2.0,0.0,8,3,1,41.878617897,-87.72081608,POINT (-87.720816079712 41.878617897169),2025-01-07 08:20:00
6dc9cfed2ed7a566a5de50e7c7de1f479ad51e209d0cbc3aab72cd9b2b44941c9a0e416e61538c267767514b89155f680b6473674db73f44f00f02178a01bc4b,,01/07/2025 08:20:00 AM,30,NO CONTROLS,NO CONTROLS,CLEAR,DAYLIGHT,PEDESTRIAN,NOT DIVIDED,,STRAIGHT AND LEVEL,DRY,NO DEFECTS,ON SCENE,INJURY AND / OR TOW DUE TO CRASH,,,,$500 OR LESS,01/07/2025 08:25:00 AM,UNABLE TO DETERMINE,NOT APPLICABLE,5780,S,ARCHER AVE,814.0,,,,,,,2,NONINCAPACITATING INJURY,1.0,0.0,0.0,1.0,0.0,1.0,0.0,8,3,1,41.796552814,-87.757678114,POINT (-87.757678114445 41.796552814417),2025-01-07 08:20:00
58fba0d0ee1fb0d36aa0193bf5606307b9b83e1ba2884be11cad43149435049447ccb3c73756182178a8f939622909b0fed741c0854802bd991246be523afa4b,,01/07/2025 08:15:00 AM,30,NO CONTROLS,NO CONTROLS,FREEZING RAIN/DRIZZLE,DAYLIGHT,PARKED MOTOR VEHICLE,NOT DIVIDED,,STRAIGHT AND LEVEL,ICE,NO DEFECTS,ON SCENE,NO INJURY / DRIVE AWAY,,,Y,"OVER $1,500",01/07/2025 08:45:00 AM,UNABLE TO DETERMINE,UNABLE TO DETERMINE,2834,S,UNION AVE,914.0,,,,,,,2,NO INDICATION OF INJURY,0.0,0.0,0.0,0.0,0.0,1.0,0.0,8,3,1,41.842483788,-87.644104495,POINT (-87.644104494544 41.842483788323),2025-01-07 08:15:00
eb042e9a2a94ee2b7b32435cfeefb0edf8ba2c91cd1feedd9334e6252957cadcaf2f65d06b9b7152812e130f6465accbfe18c429690b45c9e75b0633dd217554,,01/07/2025 08:10:00 AM,30,NO CONTROLS,NO CONTROLS,CLEAR,DAYLIGHT,SIDESWIPE SAME DIRECTION,ONE-WAY,,STRAIGHT AND LEVEL,DRY,UNKNOWN,NOT ON SCENE (DESK REPORT),NO INJURY / DRIVE AWAY,,,,"$501 - $1,500",01/07/2025 09:50:00 AM,UNABLE TO DETERMINE,UNABLE TO DETERMINE,1425,W,112TH ST,2234.0,,,,,,,2,NO INDICATION OF INJURY,0.0,0.0,0.0,0.0,0.0,2.0,0.0,8,3,1,41.690289632,-87.65796792,POINT (-87.657967919912 41.690289632487),2025-01-07 08:10:00
f9d2ae6fe1fd218af4a4e6d152db6e7a7f595d3735579794fb34e1a1900b67b9c1b36f075bea88595fadd0ffe878ea27068765373940b9b9915f5e49bc136374,,01/07/2025 08:10:00 AM,30,TRAFFIC SIGNAL,FUNCTIONING PROPERLY,FREEZING RAIN/DRIZZLE,DAYLIGHT,REAR END,DIVIDED - W/MEDIAN (NOT RAISED),,STRAIGHT AND LEVEL,ICE,NO DEFECTS,ON SCENE,INJURY AND / OR TOW DUE TO CRASH,,,,"OVER $1,500",01/07/2025 08:10:00 AM,UNABLE TO DETERMINE,UNABLE TO DETERMINE,1948,N,CENTRAL AVE,2515.0,,,,,,,3,NONINCAPACITATING INJURY,2.0,0.0,0.0,2.0,0.0,2.0,0.0,8,3,1,41.916446087,-87.765877017,POINT (-87.765877016924 41.916446087113),2025-01-07 08:10:00
8da00ccf2f140cd60fb04744eac747e2a775ea36c5ef40067da1e494abe15e60377caaaa4cf89ff61ff9b276c860e0fb1e6f4d5465612f8023dc102403ad58f0,,01/07/2025 08:08:00 AM,30,STOP SIGN/FLASHER,FUNCTIONING PROPERLY,SNOW,DAYLIGHT,ANGLE,NOT DIVIDED,,STRAIGHT AND LEVEL,SNOW OR SLUSH,OTHER,ON SCENE,INJURY AND / OR TOW DUE TO CRASH,Y,,,"OVER $1,500",01/07/2025 08:10:00 AM,UNABLE TO DETERMINE,NOT APPLICABLE,2800,W,FITCH AVE,2411.0,,,,,,,2,NO INDICATION OF INJURY,0.0,0.0,0.0,0.0,0.0,2.0,0.0,8,3,1,42.011273415,-87.699855251,POINT (-87.699855250666 42.011273414563),2025-01-07 08:08:00
cdb0090450672ac30a05365c26724a5a3c0a9061faeb68ebee3306ea2dd69ca2141603eeab64f877f3026889d5806a2255a0fe9afbcefa421644ea0a70796cf6,,01/07/2025 08:04:00 AM,30,TRAFFIC SIGNAL,FUNCTIONING PROPERLY,CLEAR,DAYLIGHT,REAR END,ONE-WAY,,STRAIGHT AND LEVEL,UNKNOWN,NO DEFECTS,NOT ON SCENE (DESK REPORT),NO INJURY / DRIVE AWAY,,,,"OVER $1,500",01/07/2025 08:30:00 AM,UNABLE TO DETERMINE,UNABLE TO DETERMINE,3616,N,ST LOUIS AVE,1732.0,,,,,,,2,NO INDICATION OF INJURY,0.0,0.0,0.0,0.0,0.0,2.0,0.0,8,3,1,41.947071761,-87.715327927,POINT (-87.715327926979 41.947071761415),2025-01-07 08:04:00
201f737f47821659b34852342d170f0d9d6c9ab9c9a54a48efa1ff49e84d3eda30c5842f7ac3245db6d6e7cf9cb31e023a124e56a6ec056d31e34f8123ce95ea,,01/07/2025 08:01:00 AM,30,NO CONTROLS,FUNCTIONING PROPERLY,CLEAR,DAYLIGHT,PARKED MOTOR VEHICLE,NOT DIVIDED,,STRAIGHT AND LEVEL,DRY,NO DEFECTS,ON SCENE,NO INJURY / DRIVE AWAY,,,N,"OVER $1,500",01/07/2025 08:03:00 AM,FAILING TO REDUCE SPEED TO AVOID CRASH,UNABLE TO DETERMINE,4448,S,WESTERN AVE,922.0,,,,,,,2,NO INDICATION OF INJURY,0.0,0.0,0.0,0.0,0.0,1.0,0.0,8,3,1,41.812434789,-87.684688685,POINT (-87.684688685196 41.812434789075),2025-01-07 08:01:00
1f091a5e6902d5701f19ff1118f2c9c9954aa506f433005db6d1b05a860b1d4fe587049f98b3e954a03acf47c78f7d06c4dfbd1cf51c10f9ecca71cc0b6a7ba0,,01/07/2025 08:00:00 AM,30,NO CONTROLS,NO CONTROLS,CLEAR,DAYLIGHT,REAR END,NOT DIVIDED,,STRAIGHT AND LEVEL,DRY,NO DEFECTS,NOT ON SCENE (DESK REPORT),NO INJURY / DRIVE AWAY,,,,"OVER $1,500",01/07/2025 08:46:00 AM,UNABLE TO DETERMINE,UNABLE TO DETERMINE,8620,S,PULASKI RD,834.0,,,,,,,2,NO INDICATION OF INJURY,0.0,0.0,0.0,0.0,0.0,2.0,0.0,8,3,1,41.736055467,-87.721622016,POINT (-87.72162201639 41.736055467217),2025-01-07 08:00:00
86fb9ff41aeb4fa8bef9e87d73775be9324c79cd3c00a87179cfc124ae6d85629ea5bb2f53a375b5233eb98aa091f134b71c43c7e07dde638c9f407531761b31,,01/07/2025 08:00:00 AM,30,TRAFFIC SIGNAL,FUNCTIONING PROPERLY,CLEAR,DAYLIGHT,REAR END,NOT DIVIDED,,STRAIGHT AND LEVEL,ICE,NO DEFECTS,NOT ON SCENE (DESK REPORT),NO INJURY / DRIVE AWAY,,,,"$501 - $1,500",01/07/2025 09:30:00 AM,WEATHER,FOLLOWING TOO CLOSELY,3537,N,WESTERN AVE,1921.0,,,,,,,3,NO INDICATION OF INJURY,0.0,0.0,0.0,0.0,0.0,3.0,0.0,8,3,1,41.946024551,-87.688091973,POINT (-87.688091973347 41.946024550658),2025-01-07 08:00:00
90324f578d6b8095bf9d6adcddabf703ec016ced32684cb3b124d248994ab48e07b70ef59ffb9bed05992b7f758256a9f8e3783fd05123c558c5a5cfcbe28c86,Y,01/07/2025 08:00:00 AM,30,NO CONTROLS,NO CONTROLS,UNKNOWN,UNKNOWN,PARKED MOTOR VEHICLE,ONE-WAY,,STRAIGHT AND LEVEL,ICE,UNKNOWN,ON SCENE,NO INJURY / DRIVE AWAY,,,Y,"OVER $1,500",01/07/2025 11:42:00 AM,UNABLE TO DETERMINE,UNABLE TO DETERMINE,1957,N,LOWELL AVE,2534.0,,,,,,,2,NO INDICATION OF INJURY,0.0,0.0,0.0,0.0,0.0,1.0,0.0,8,3,1,41.916912744,-87.734944422,POINT (-87.734944421757 41.916912743853),2025-01-07 08:00:00
9f3081d3e18824d213d522889131242766d81d230decf672e6b790bb624162ffa602e5098fb8eb2b3abf027a7c78d0ac54351bb669b49967e5437c239ec0eefc,,01/07/2025 08:00:00 AM,30,TRAFFIC SIGNAL,FUNCTIONING PROPERLY,CLEAR,DAYLIGHT,REAR END,FOUR WAY,,STRAIGHT AND LEVEL,DRY,UNKNOWN,ON SCENE,NO INJURY / DRIVE AWAY,Y,,,"OVER $1,500",01/07/2025 08:03:00 AM,FAILING TO REDUCE SPEED TO AVOID CRASH,UNABLE TO DETERMINE,7100,S,STONY ISLAND AVE,324.0,,,,,,,2,NO INDICATION OF INJURY,0.0,0.0,0.0,0.0,0.0,3.0,0.0,8,3,1,41.765928192,-87.586470078,POINT (-87.586470077922 41.76592819222),2025-01-07 08:00:00
d09a3a7ac54ff6fea1585d2e51343ab569954b03108227479f0e14fed40ce441dd85ad9e4fc0242b6382ee05adcb85d0c19da0ed2ae00e869872910e646c2b65,,01/07/2025 08:00:00 AM,30,STOP SIGN/FLASHER,FUNCTIONING PROPERLY,CLEAR,DAYLIGHT,ANGLE,FOUR WAY,,STRAIGHT AND LEVEL,DRY,NO DEFECTS,ON SCENE,INJURY AND / OR TOW DUE TO CRASH,Y,,Y,"OVER $1,500",01/07/2025 08:05:00 AM,FAILING TO YIELD RIGHT-OF-WAY,FAILING TO REDUCE SPEED TO AVOID CRASH,3430,W,FOSTER AVE,1712.0,,,,,,,2,NONINCAPACITATING INJURY,1.0,0.0,0.0,1.0,0.0,1.0,0.0,8,3,1,41.975787151,-87.71483905,POINT (-87.714839049861 41.975787150933),2025-01-07 08:00:00
edd7b87aa44fb1f26887f55424ece568713d58c5bf13ff88178760c4bebac4b0a79894bf1223301de736fbe1746527fb4b55619ba1bebc453a251f80b05213e7,,01/07/2025 08:00:00 AM,35,TRAFFIC SIGNAL,UNKNOWN,CLEAR,DAYLIGHT,TURNING,NOT DIVIDED,,STRAIGHT AND LEVEL,DRY,NO DEFECTS,NOT ON SCENE (DESK REPORT),NO INJURY / DRIVE AWAY,Y,,Y,"OVER $1,500",01/07/2025 09:40:00 AM,UNABLE TO DETERMINE,UNABLE TO DETERMINE,2367,W,LOGAN BLVD,1432.0,,,,,,,2,NO INDICATION OF INJURY,0.0,0.0,0.0,0.0,0.0,3.0,0.0,8,3,1,41.928999687,-87.687024336,POINT (-87.687024335923 41.928999687057),2025-01-07 08:00:00
f955bcad48b722b109d62bfe39c1d273d6f1ba7b2561926ba442cd355970370b7ceadd7e48fc8a9edc89a1f0039be40c3b43cbf33dbcc56a1e0884f0289851f9,,01/07/2025 08:00:00 AM,25,STOP SIGN/FLASHER,FUNCTIONING PROPERLY,FREEZING RAIN/DRIZZLE,DAYLIGHT,REAR END,NOT DIVIDED,,STRAIGHT AND LEVEL,ICE,NO DEFECTS,NOT ON SCENE (DESK REPORT),NO INJURY / DRIVE AWAY,Y,,,"OVER $1,500",01/07/2025 05:15:00 PM,WEATHER,UNABLE TO DETERMINE,4300,W,BYRON ST,1731.0,,,,,,,2,NO INDICATION OF INJURY,0.0,0.0,0.0,0.0,0.0,4.0,0.0,8,3,1,41.951857105,-87.735455358,POINT (-87.735455358061 41.951857104967),2025-01-07 08:00:00
13e9c915404a75f9a98e5e7584f6f0223b1be6d1aa8e39b8639c68e56aef77cd0524ea90a0d30eaad26ab95e884dccc947b395a4623a023cc23dbe304a74e7aa,,01/07/2025 07:59:00 AM,30,PEDESTRIAN CROSSING SIGN,FUNCTIONING PROPERLY,CLOUDY/OVERCAST,DAYLIGHT,REAR END,DIVIDED - W/MEDIAN BARRIER,,"CURVE, LEVEL",WET,NO DEFECTS,ON SCENE,INJURY AND / OR TOW DUE TO CRASH,,,,"$501 - $1,500",01/07/2025 07:59:00 AM,FOLLOWING TOO CLOSELY,UNABLE TO DETERMINE,1400,N,HUMBOLDT DR,1423.0,,,,,,,2,NO INDICATION OF INJURY,0.0,0.0,0.0,0.0,0.0,2.0,0.0,7,3,1,41.906618575,-87.701501458,POINT (-87.701501457835 41.906618575041),2025-01-07 07:59:00
3c7ae87c7c33081ac0d3fa381b13a843e0b4ac8bae2ef72d8510bb18ef9361ef41e838d1c37520abdd3fa9253a98e69b8749274ccd1459742d23cbb743b8a4f4,,01/07/2025 07:55:00 AM,15,UNKNOWN,UNKNOWN,UNKNOWN,UNKNOWN,REAR END,ONE-WAY,,STRAIGHT AND LEVEL,UNKNOWN,UNKNOWN,NOT ON SCENE (DESK REPORT),NO INJURY / DRIVE AWAY,,,,$500 OR LESS,01/07/2025 08:52:00 AM,UNABLE TO DETERMINE,UNABLE TO DETERMINE,8914,S,BUFFALO AVE,424.0,,,,,,,2,NO INDICATION OF INJURY,0.0,0.0,0.0,0.0,0.0,3.0,0.0,7,3,1,41.73331035,-87.544514624,POINT (-87.544514623522 41.733310349832),2025-01-07 07:55:00
5f000490ca3ceace395e850cd4cf2b461f052d523c058f2158ca83facc35ca891f1137bc4b94632c988f049fdf7cc7ff459dbc9d5494b3be8e0a712a4ec146e5,,01/07/2025 07:55:00 AM,30,NO CONTROLS,NO CONTROLS,CLEAR,DAYLIGHT,PARKED MOTOR VEHICLE,NOT DIVIDED,,STRAIGHT AND LEVEL,ICE,NO DEFECTS,,NO INJURY / DRIVE AWAY,,,,"OVER $1,500",01/07/2025 07:59:00 AM,UNABLE TO DETERMINE,UNABLE TO DETERMINE,2354,S,LEAVITT ST,1034.0,,,,,,,2,NO INDICATION OF INJURY,0.0,0.0,0.0,0.0,0.0,1.0,0.0,7,3,1,41.848642324,-87.680794774,POINT (-87.680794773818 41.84864232353),2025-01-07 07:55:00
2e8be1c7660e372ce0e42548ea7439f2aac1683005f603c1461dd84baf6782bdd701db360e40141a11f7acae7fcdde3b476770ef984f0e057226b7f9d661a2ce,,01/07/2025 07:50:00 AM,30,TRAFFIC SIGNAL,NO CONTROLS,CLEAR,DAYLIGHT,PARKED MOTOR VEHICLE,ONE-WAY,,STRAIGHT AND LEVEL,SNOW OR SLUSH,NO DEFECTS,NOT ON SCENE (DESK REPORT),NO INJURY / DRIVE AWAY,,,,$500 OR LESS,01/07/2025 08:50:00 AM,IMPROPER OVERTAKING/PASSING,UNABLE TO DETERMINE,6221,N,NATOMA AVE,1611.0,,,,,,,2,NO INDICATION OF INJURY,0.0,0.0,0.0,0.0,0.0,10.0,0.0,7,3,1,41.994370342,-87.791612427,POINT (-87.791612426865 41.994370341876),2025-01-07 07:50:00
5bcc821a5ec10d4950e0065c9dc76cd9429ecf969e66b2740be885f01ed4c663362c060f556289ee80dc0795f9fb9100ab697960a59c7391eeb15c2246d30af7,,01/07/2025 07:50:00 AM,30,NO CONTROLS,NO CONTROLS,CLEAR,DAYLIGHT,REAR END,NOT DIVIDED,,STRAIGHT AND LEVEL,DRY,NO DEFECTS,NOT ON SCENE (DESK REPORT),NO INJURY / DRIVE AWAY,,,,"OVER $1,500",01/07/2025 09:35:00 AM,UNABLE TO DETERMINE,UNABLE TO DETERMINE,8027,S,CICERO AVE,834.0,,,,,,,3,NO INDICATION OF INJURY,0.0,0.0,0.0,0.0,0.0,3.0,0.0,7,3,1,41.746692394,-87.741125902,POINT (-87.741125902288 41.746692393973),2025-01-07 07:50:00
f3ced1cb92f646fb28963776ca0ea2b6a46f1c5b765381306ded5823f842f3cbd6c027de286352fe6b21e01edef436c82d0de4c8485fb21ad3bc4453b1ce10a2,,01/07/2025 07:46:00 AM,15,NO CONTROLS,NO CONTROLS,CLEAR,DAYLIGHT,PARKED MOTOR VEHICLE,ONE-WAY,,STRAIGHT AND LEVEL,DRY,NO DEFECTS,ON SCENE,NO INJURY / DRIVE AWAY,,,,"OVER $1,500",01/07/2025 07:46:00 AM,NOT APPLICABLE,NOT APPLICABLE,7641,S,SAGINAW AVE,421.0,,,,,,,2,NO INDICATION OF INJURY,0.0,0.0,0.0,0.0,0.0,1.0,0.0,7,3,1,41.75603962,-87.559849027,POINT (-87.559849027269 41.756039620435),2025-01-07 07:46:00
3a764482ed68fe9b0755f5eddab7180d60363cc40f83bbc6e375543e2ed9ad507ec3486be366152cba08be3f3fea9b5a7c520ce436d4b762ecdf564ce07bb84b,,01/07/2025 07:45:00 AM,30,NO CONTROLS,NO CONTROLS,CLEAR,DAYLIGHT,FIXED OBJECT,NOT DIVIDED,,STRAIGHT AND LEVEL,ICE,NO DEFECTS,ON SCENE,NO INJURY / DRIVE AWAY,,Y,,"$501 - $1,500",01/07/2025 07:50:00 AM,WEATHER,DRIVING SKILLS/KNOWLEDGE/EXPERIENCE,1301,E,75TH ST,411.0,,,,,,,1,NO INDICATION OF INJURY,0.0,0.0,0.0,0.0,0.0,1.0,0.0,7,3,1,41.758591661,-87.593165566,POINT (-87.593165566239 41.758591660732),2025-01-07 07:45:00