CRASH_RECORD_ID,CRASH_DATE_EST_I,CRASH_DATE,POSTED_SPEED_LIMIT,TRAFFIC_CONTROL_DEVICE,DEVICE_CONDITION,WEATHER_CONDITION,LIGHTING_CONDITION,FIRST_CRASH_TYPE,TRAFFICWAY_TYPE,LANE_CNT,ALIGNMENT,ROADWAY_SURFACE_COND,ROAD_DEFECT,REPORT_TYPE,CRASH_TYPE,INTERSECTION_RELATED_I,NOT_RIGHT_OF_WAY_I,HIT_AND_RUN_I,DAMAGE,DATE_POLICE_NOTIFIED,PRIM_CONTRIBUTORY_CAUSE,SEC_CONTRIBUTORY_CAUSE,STREET_NO,STREET_DIRECTION,STREET_NAME,BEAT_OF_OCCURRENCE,PHOTOS_TAKEN_I,STATEMENTS_TAKEN_I,DOORING_I,WORK_ZONE_I,WORK_ZONE_TYPE,WORKERS_PRESENT_I,NUM_UNITS,MOST_SEVERE_INJURY,INJURIES_TOTAL,INJURIES_FATAL,INJURIES_INCAPACITATING,INJURIES_NON_INCAPACITATING,INJURIES_REPORTED_NOT_EVIDENT,INJURIES_NO_INDICATION,INJURIES_UNKNOWN,CRASH_HOUR,CRASH_DAY_OF_WEEK,CRASH_MONTH,LATITUDE,LONGITUDE,LOCATION,timestamp
cb126750f9715cb2461ebc56210f10d4f422ea5d6b02766b090007ba630cd7d696ab79c840743a5e62b2c154d5ed845d6dde612ca07706daebb983b91c207bad,,01/06/2025 08:30:00 PM,40,NO CONTROLS,NO CONTROLS,CLOUDY/OVERCAST,DARKNESS,SIDESWIPE SAME DIRECTION,DIVIDED - W/MEDIAN (NOT RAISED),,STRAIGHT AND LEVEL,WET,NO DEFECTS,NOT ON SCENE (DESK REPORT),NO INJURY / DRIVE AWAY,,,Y,$500 OR LESS,01/07/2025 04:05:00 PM,FOLLOWING TOO CLOSELY,NOT APPLICABLE,4000,N,LAKE SHORE DR SB,1915.0,,,,,,,2,NO INDICATION OF INJURY,0.0,0.0,0.0,0.0,0.0,2.0,0.0,20,2,1,41.954689241,-87.644974644,POINT (-87.644974644209 41.954689241342),2025-01-06 20:30:00
f899ff12fbd8db237f3f88fc7faa3b1e80070aa1a4e0537f07d311c9681b9a2236bf1533427005da1987ea624848630199617a9b6f35afb260cdf483d8c00c7b,,01/06/2025 08:30:00 PM,30,TRAFFIC SIGNAL,FUNCTIONING PROPERLY,CLEAR,"DARKNESS, LIGHTED ROAD",REAR END,Y-INTERSECTION,,STRAIGHT AND LEVEL,DRY,UNKNOWN,NOT ON SCENE (DESK REPORT),NO INJURY / DRIVE AWAY,Y,,,"$501 - $1,500",01/06/2025 10:40:00 PM,FOLLOWING TOO CLOSELY,FOLLOWING TOO CLOSELY,5899,N,CUMBERLAND AVE,1614.0,,,,,,,2,NO INDICATION OF INJURY,0.0,0.0,0.0,0.0,0.0,2.0,0.0,20,2,1,41.986382969,-87.836433754,POINT (-87.836433753977 41.98638296862),2025-01-06 20:30:00
ffda193258e09b1d2237d59847e867f5c69e97c3b932080518133d67305642b476a536462191cba9566574969c6471ee64820e8294ddb32b1bda305a632002ae,,01/06/2025 08:18:00 PM,30,NO CONTROLS,NO CONTROLS,CLEAR,DUSK,REAR END,NOT DIVIDED,,STRAIGHT AND LEVEL,DRY,NO DEFECTS,NOT ON SCENE (DESK REPORT),NO INJURY / DRIVE AWAY,Y,,,"$501 - $1,500",01/06/2025 08:30:00 PM,IMPROPER LANE USAGE,UNABLE TO DETERMINE,7912,S,ANTHONY AVE,411.0,,,,,,,2,NO INDICATION OF INJURY,0.0,0.0,0.0,0.0,0.0,2.0,0.0,20,2,1,41.750981759,-87.588154404,POINT (-87.588154403546 41.75098175861),2025-01-06 20:18:00
7c0514c8f59570e93e6670c91dc3e9d4c9ec3d88b112dfd360bfd6e00d074dfa5d51379117fa6c6b02de1441fd11e322ed2598610874cd545a8b3e1e7c2e7501,,01/06/2025 08:13:00 PM,30,UNKNOWN,UNKNOWN,SNOW,"DARKNESS, LIGHTED ROAD",REAR END,NOT DIVIDED,,STRAIGHT AND LEVEL,SNOW OR SLUSH,UNKNOWN,NOT ON SCENE (DESK REPORT),NO INJURY / DRIVE AWAY,Y,,,"OVER $1,500",01/06/2025 10:20:00 PM,UNABLE TO DETERMINE,UNABLE TO DETERMINE,7901,S,ANTHONY AVE,411.0,,,,,,,2,NO INDICATION OF INJURY,0.0,0.0,0.0,0.0,0.0,2.0,0.0,20,2,1,41.75125922,-87.588118157,POINT (-87.588118157134 41.751259220233),2025-01-06 20:13:00
49c650effaca857b2d862e711a9b4c4632bd7f93497e63bb1526fdd3b2a39bac6dc23f71e001b8abbb2463e690a62710848524245a34b3cfe1824825763da4b6,,01/06/2025 08:05:00 PM,30,TRAFFIC SIGNAL,FUNCTIONING PROPERLY,CLEAR,"DARKNESS, LIGHTED ROAD",SIDESWIPE SAME DIRECTION,FOUR WAY,,STRAIGHT AND LEVEL,WET,NO DEFECTS,NOT ON SCENE (DESK REPORT),NO INJURY / DRIVE AWAY,Y,,Y,"OVER $1,500",01/06/2025 08:20:00 PM,FAILING TO YIELD RIGHT-OF-WAY,NOT APPLICABLE,7900,S,RACINE AVE,612.0,,,,,,,2,NO INDICATION OF INJURY,0.0,0.0,0.0,0.0,0.0,2.0,0.0,20,2,1,41.75047493,-87.653883334,POINT (-87.653883334391 41.750474929778),2025-01-06 20:05:00
d0ddd2c41d7b906654208c8daae521f592dc587ee3b6ca1d1d9abc91a1b6a576324cf938dad498f11e66fa8b19c54df40d24115a3b2b91d91f8b2c6a9163817d,,01/06/2025 08:05:00 PM,20,NO CONTROLS,NO CONTROLS,SNOW,"DARKNESS, LIGHTED ROAD",PARKED MOTOR VEHICLE,NOT DIVIDED,,STRAIGHT AND LEVEL,SNOW OR SLUSH,NO DEFECTS,NOT ON SCENE (DESK REPORT),NO INJURY / DRIVE AWAY,,,Y,"OVER $1,500",01/06/2025 09:10:00 PM,UNABLE TO DETERMINE,NOT APPLICABLE,5408,S,HARDING AVE,822.0,,,,,,,2,NO INDICATION OF INJURY,0.0,0.0,0.0,0.0,0.0,1.0,0.0,20,2,1,41.7947423,-87.722124806,POINT (-87.722124806339 41.794742300345),2025-01-06 20:05:00
ab0d66b9ffe1c7a823bb297ef5a6055700f7a4b68df5f93b8e379441f098f740012c0ec84c4fa5acfef202acca7bb7cb436a55e4592b47d502df56ed08928c08,,01/06/2025 08:02:00 PM,30,NO CONTROLS,NO CONTROLS,RAIN,"DARKNESS, LIGHTED ROAD",PARKED MOTOR VEHICLE,NOT DIVIDED,,STRAIGHT AND LEVEL,ICE,"RUT, HOLES",ON SCENE,NO INJURY / DRIVE AWAY,,,,$500 OR LESS,01/06/2025 08:16:00 PM,ROAD ENGINEERING/SURFACE/MARKING DEFECTS,NOT APPLICABLE,4813,N,LECLAIRE AVE,1623.0,,,,,,,2,NO INDICATION OF INJURY,0.0,0.0,0.0,0.0,0.0,2.0,0.0,20,2,1,41.968364094,-87.754912497,POINT (-87.754912496894 41.968364093889),2025-01-06 20:02:00
6a03621b4f9fcfb74d0008ab01a49dc4a530faf016b9fa2cbe696dd3036dc9922ca4aa93a1990a6b245bbe64344867a02c583b5e6a9a1f8394c78b32d2c2b556,,01/06/2025 07:59:00 PM,20,STOP SIGN/FLASHER,NO CONTROLS,CLEAR,"DARKNESS, LIGHTED ROAD",PARKED MOTOR VEHICLE,DIVIDED - W/MEDIAN (NOT RAISED),,STRAIGHT AND LEVEL,DRY,NO DEFECTS,NOT ON SCENE (DESK REPORT),NO INJURY / DRIVE AWAY,,,,"OVER $1,500",01/06/2025 09:20:00 PM,IMPROPER OVERTAKING/PASSING,NOT APPLICABLE,3529,N,MOBILE AVE,1633.0,,,,,,,2,NO INDICATION OF INJURY,0.0,0.0,0.0,0.0,0.0,1.0,0.0,19,2,1,41.944735048,-87.783624293,POINT (-87.783624292639 41.944735048354),2025-01-06 19:59:00
32d09a2872e027464b35a967f206a19190aa333dce7f6a669384307df14c9127d7b8b3e9a625b0f5fa188fd9da79c1f5339e523be2f04007900a86a1e30a8848,,01/06/2025 07:40:00 PM,30,TRAFFIC SIGNAL,FUNCTIONING PROPERLY,CLEAR,"DARKNESS, LIGHTED ROAD",TURNING,FOUR WAY,,STRAIGHT AND LEVEL,WET,NO DEFECTS,ON SCENE,INJURY AND / OR TOW DUE TO CRASH,Y,,,"OVER $1,500",01/06/2025 08:00:00 PM,IMPROPER TURNING/NO SIGNAL,NOT APPLICABLE,1555,E,71ST ST,324.0,,,,,,,2,NONINCAPACITATING INJURY,1.0,0.0,0.0,1.0,0.0,3.0,0.0,19,2,1,41.765861501,-87.586401312,POINT (-87.58640131247 41.76586150129),2025-01-06 19:40:00
c83dc3732903bd639031ecd5844105ac5eebf3beea5c4754cf1a6f5ed3607ac280726268d3b1f5d69fb9281fba96faf909b271cec21a5ce1d82cb9e04679849d,,01/06/2025 07:25:00 PM,15,NO CONTROLS,NO CONTROLS,SNOW,DUSK,ANGLE,T-INTERSECTION,,STRAIGHT AND LEVEL,ICE,NO DEFECTS,ON SCENE,NO INJURY / DRIVE AWAY,Y,,,"$501 - $1,500",01/06/2025 07:28:00 PM,WEATHER,WEATHER,5615,N,NAGLE AVE,1622.0,,,,,,,2,NO INDICATION OF INJURY,0.0,0.0,0.0,0.0,0.0,2.0,0.0,19,2,1,41.983423821,-87.787578267,POINT (-87.787578267387 41.983423821025),2025-01-06 19:25:00
87d62be0d95ded78f4a0c616555a5a5ed88734e1c6acbb99aef3a1444847406c9d1ab88a4036459f68648d686ca3070e57334697f86d7ced9198aee8e4431dc8,,01/06/2025 07:15:00 PM,30,NO CONTROLS,NO CONTROLS,SNOW,DAYLIGHT,PARKED MOTOR VEHICLE,ONE-WAY,,STRAIGHT AND LEVEL,SNOW OR SLUSH,UNKNOWN,NOT ON SCENE (DESK REPORT),NO INJURY / DRIVE AWAY,,,Y,"OVER $1,500",01/06/2025 08:35:00 PM,UNABLE TO DETERMINE,NOT APPLICABLE,6721,S,PRAIRIE AVE,322.0,,,,,,,2,NO INDICATION OF INJURY,0.0,0.0,0.0,0.0,0.0,1.0,0.0,19,2,1,41.772258604,-87.61850826,POINT (-87.618508260075 41.772258603943),2025-01-06 19:15:00
e7fa1160bbfdb0abe2c27bda8a30a469f38ff6c5f54ac988ed08b12281c490502eefadb349c036925ef6367ccd7121a2431e78da58ad79588c1e7e72ae0766cc,,01/06/2025 07:13:00 PM,25,NO CONTROLS,NO CONTROLS,SNOW,"DARKNESS, LIGHTED ROAD",PARKED MOTOR VEHICLE,NOT DIVIDED,,STRAIGHT AND LEVEL,SNOW OR SLUSH,NO DEFECTS,ON SCENE,NO INJURY / DRIVE AWAY,,,Y,$500 OR LESS,01/06/2025 08:00:00 PM,UNABLE TO DETERMINE,WEATHER,9631,S,EXCHANGE AVE,431.0,Y,,,,,,2,NO INDICATION OF INJURY,0.0,0.0,0.0,0.0,0.0,1.0,0.0,19,2,1,41.719983582,-87.552278514,POINT (-87.552278514123 41.719983581833),2025-01-06 19:13:00
05b242dcaba7758e58fe067f105e55e5104cb33403ed4ccc5f67c817ab11e959d99440ea1a1b0f864ef4d27b4c781843635c616cf3a48d4dd7766b5f137e6200,,01/06/2025 07:10:00 PM,30,NO CONTROLS,NO CONTROLS,SNOW,DARKNESS,PARKED MOTOR VEHICLE,DIVIDED - W/MEDIAN (NOT RAISED),,STRAIGHT AND LEVEL,SNOW OR SLUSH,NO DEFECTS,ON SCENE,NO INJURY / DRIVE AWAY,,,,"$501 - $1,500",01/06/2025 08:10:00 PM,UNABLE TO DETERMINE,UNABLE TO DETERMINE,2648,W,DEVON AVE,2412.0,,,,,,,2,NO INDICATION OF INJURY,0.0,0.0,0.0,0.0,0.0,3.0,0.0,19,2,1,41.997720613,-87.696725483,POINT (-87.696725483418 41.997720613252),2025-01-06 19:10:00
e69aa223767d11e9b53078e1009b2f62ffd59dbb0ad0d31f0bf3074fd346c964da717b1777f631af7b087e8431b38ca27ade269b9fcbf4dc2131ae8cc5356d51,,01/06/2025 07:10:00 PM,30,NO CONTROLS,FUNCTIONING PROPERLY,CLEAR,"DARKNESS, LIGHTED ROAD",ANGLE,NOT DIVIDED,,STRAIGHT AND LEVEL,DRY,NO DEFECTS,NOT ON SCENE (DESK REPORT),NO INJURY / DRIVE AWAY,,,Y,"OVER $1,500",01/06/2025 08:00:00 PM,FAILING TO YIELD RIGHT-OF-WAY,NOT APPLICABLE,933,N,STATE ST,1833.0,,,,,,,2,NO INDICATION OF INJURY,0.0,0.0,0.0,0.0,0.0,2.0,0.0,19,2,1,41.90003788,-87.628145847,POINT (-87.628145846664 41.900037880284),2025-01-06 19:10:00
06ad46621cc96b1a0e0626d9e41a7a5fb7030ed6e681be4f987e1900d20612d760913c604c38b448dbad1fa4695d863224bd9d3e05103a538b5c5a09418b3ce3,,01/06/2025 07:07:00 PM,30,NO CONTROLS,NO CONTROLS,SNOW,"DARKNESS, LIGHTED ROAD",FIXED OBJECT,DIVIDED - W/MEDIAN (NOT RAISED),,STRAIGHT AND LEVEL,ICE,UNKNOWN,ON SCENE,INJURY AND / OR TOW DUE TO CRASH,,,Y,"OVER $1,500",01/06/2025 07:07:00 PM,UNABLE TO DETERMINE,UNABLE TO DETERMINE,1601,N,HUDSON AVE,1813.0,,,,,,,1,NO INDICATION OF INJURY,0.0,0.0,0.0,0.0,0.0,1.0,0.0,19,2,1,41.911188325,-87.639662299,POINT (-87.639662299155 41.911188324671),2025-01-06 19:07:00
0f7f6067d79ac07bfdc7f4399325ad3695c355b31e0bec47c77ca69d3db464f20c99fa76b1000aafa5ab3ee5a41c6a4ea021d0ba2278d3012c03214d23c99a54,,01/06/2025 07:00:00 PM,30,NO CONTROLS,NO CONTROLS,SNOW,"DARKNESS, LIGHTED ROAD",PARKED MOTOR VEHICLE,OTHER,,STRAIGHT AND LEVEL,SNOW OR SLUSH,NO DEFECTS,NOT ON SCENE (DESK REPORT),NO INJURY / DRIVE AWAY,,,Y,"OVER $1,500",01/07/2025 08:30:00 AM,UNABLE TO DETERMINE,UNABLE TO DETERMINE,3000,S,DEARBORN ST,133.0,,,,,,,2,NO INDICATION OF INJURY,0.0,0.0,0.0,0.0,0.0,1.0,0.0,19,2,1,,,,2025-01-06 19:00:00
804c3f4dcd0e1f61b966b1526a1a33765cf2d9817ff7cfc12c81e9eaf74fa8480d31ae75ed0d4ea92a61c147701cc56ab5d0688d76d9581ac762896aa71e5a64,,01/06/2025 07:00:00 PM,30,NO CONTROLS,NO CONTROLS,CLEAR,DAYLIGHT,PARKED MOTOR VEHICLE,ONE-WAY,,STRAIGHT AND LEVEL,DRY,NO DEFECTS,NOT ON SCENE (DESK REPORT),NO INJURY / DRIVE AWAY,,,,"$501 - $1,500",01/07/2025 12:00:00 PM,UNABLE TO DETERMINE,NOT APPLICABLE,7434,N,CAMPBELL AVE,2411.0,,,,,,,2,NO INDICATION OF INJURY,0.0,0.0,0.0,0.0,0.0,1.0,0.0,19,2,1,42.016870956,-87.692705224,POINT (-87.692705224046 42.016870955935),2025-01-06 19:00:00
888e90f67e1449320575858868c3cf35b0d11ee45b1a1bc7101ecbc8ec2e44d33a87dd0eb3d926e30953f07409e267de3349acbc1fc17f693ea77844c5d95765,,01/06/2025 07:00:00 PM,10,NO CONTROLS,NO CONTROLS,SNOW,DAWN,ANGLE,OTHER,,STRAIGHT AND LEVEL,SNOW OR SLUSH,UNKNOWN,NOT ON SCENE (DESK REPORT),NO INJURY / DRIVE AWAY,,,Y,"OVER $1,500",01/06/2025 08:00:00 PM,DRIVING SKILLS/KNOWLEDGE/EXPERIENCE,WEATHER,5501,S,ASHLAND AVE,713.0,,,,,,,2,NO INDICATION OF INJURY,0.0,0.0,0.0,0.0,0.0,2.0,0.0,19,2,1,41.793591294,-87.664427637,POINT (-87.664427637221 41.793591294116),2025-01-06 19:00:00
a67b513e7c7e99eddb281a05d47ad0503d27aaede60931cc6c15fe753c7601bbe9043b563ae2efbf5ee31e6527ceebf99b2354ab87297ff2ad823cfe73d70819,,01/06/2025 07:00:00 PM,25,NO CONTROLS,NO CONTROLS,FREEZING RAIN/DRIZZLE,"DARKNESS, LIGHTED ROAD",PARKED MOTOR VEHICLE,ONE-WAY,,STRAIGHT AND LEVEL,ICE,NO DEFECTS,ON SCENE,NO INJURY / DRIVE AWAY,Y,,,"OVER $1,500",01/06/2025 07:55:00 PM,WEATHER,UNABLE TO DETERMINE,4001,N,SPRINGFIELD AVE,1723.0,,,,,,,2,NO INDICATION OF INJURY,0.0,0.0,0.0,0.0,0.0,1.0,0.0,19,2,1,41.953789461,-87.725015708,POINT (-87.725015708074 41.953789461004),2025-01-06 19:00:00
2248799d14f9657414bb591091b5f87d65b504a43e7c486884be791552360cd20c0348768d0d41b7cfb0bac38dcde99a74dc019545663c47f7ce881aeadf8bcd,,01/06/2025 06:55:00 PM,15,NO CONTROLS,NO CONTROLS,SNOW,"DARKNESS, LIGHTED ROAD",PARKED MOTOR VEHICLE,ONE-WAY,,STRAIGHT AND LEVEL,SNOW OR SLUSH,NO DEFECTS,ON SCENE,NO INJURY / DRIVE AWAY,,,Y,"OVER $1,500",01/06/2025 06:55:00 PM,UNABLE TO DETERMINE,UNABLE TO DETERMINE,8112,S,MARSHFIELD AVE,614.0,,,,,,,2,NO INDICATION OF INJURY,0.0,0.0,0.0,0.0,0.0,1.0,0.0,18,2,1,41.746265831,-87.66469363,POINT (-87.664693629969 41.746265831334),2025-01-06 18:55:00
51d61886381c8b98f55b72780042ad2af9dbab4fa95df1fb74d87f9d967a54e39d64358a1b22585a0f26c19ee91c82ba0215d2bde6ab829dea0e197f91e7722d,,01/06/2025 06:54:00 PM,40,NO CONTROLS,NO CONTROLS,FREEZING RAIN/DRIZZLE,"DARKNESS, LIGHTED ROAD",SIDESWIPE SAME DIRECTION,DIVIDED - W/MEDIAN BARRIER,,STRAIGHT AND LEVEL,ICE,NO DEFECTS,ON SCENE,NO INJURY / DRIVE AWAY,,,,"OVER $1,500",01/06/2025 07:00:00 PM,UNABLE TO DETERMINE,UNABLE TO DETERMINE,10000,W,OHARE ST,1651.0,,,,,,,2,NO INDICATION OF INJURY,0.0,0.0,0.0,0.0,0.0,2.0,0.0,18,2,1,41.976201139,-87.905309125,POINT (-87.905309125103 41.976201139024),2025-01-06 18:54:00
0b2c9e16262122da2aaec025b34a9b5eb967eaea4bc80d289ec5007c7839bd98a751bfff50248d608f0d41350fdeb00dc72c147806cb1bfcd2802f6177d62c06,,01/06/2025 06:50:00 PM,30,NO CONTROLS,NO CONTROLS,SNOW,DARKNESS,PARKED MOTOR VEHICLE,ONE-WAY,,STRAIGHT AND LEVEL,WET,NO DEFECTS,ON SCENE,NO INJURY / DRIVE AWAY,,,Y,"OVER $1,500",01/06/2025 06:52:00 PM,UNABLE TO DETERMINE,UNABLE TO DETERMINE,4029,S,INDIANA AVE,213.0,,,,,,,2,,,,,,,,,18,2,1,41.821175556,-87.621387465,POINT (-87.621387465469 41.821175556276),2025-01-06 18:50:00
85fcfce5ab5fe7fa38a8dc55fd91a8b6bef76622a2b918ced323acd70c9f52696a31d99bf19dd37f1ec0a5592c3ca3b57f90cf2daa7d39215dd11792ce03b03c,,01/06/2025 06:47:00 PM,30,TRAFFIC SIGNAL,FUNCTIONING PROPERLY,SNOW,"DARKNESS, LIGHTED ROAD",REAR END,DIVIDED - W/MEDIAN (NOT RAISED),,STRAIGHT AND LEVEL,WET,NO DEFECTS,NOT ON SCENE (DESK REPORT),NO INJURY / DRIVE AWAY,,,Y,"OVER $1,500",01/06/2025 09:00:00 PM,FOLLOWING TOO CLOSELY,UNABLE TO DETERMINE,8700,S,STONY ISLAND AVE,412.0,,,,,,,2,NO INDICATION OF INJURY,0.0,0.0,0.0,0.0,0.0,3.0,0.0,18,2,1,41.73682263,-87.58578342,POINT (-87.585783420329 41.736822630157),2025-01-06 18:47:00
11d5ee9c40c3ae2d1f881fb1355614ed066b39952924e7e8b5a22d07a6da2a60463b77d891354604b73ab88b665aba9ba3fca520d1b2a8e16073145668f1c494,,01/06/2025 06:45:00 PM,45,TRAFFIC SIGNAL,UNKNOWN,CLOUDY/OVERCAST,"DARKNESS, LIGHTED ROAD",REAR END,DIVIDED - W/MEDIAN BARRIER,,STRAIGHT AND LEVEL,WET,UNKNOWN,ON SCENE,NO INJURY / DRIVE AWAY,,,,"$501 - $1,500",01/06/2025 06:50:00 PM,DISTRACTION - FROM INSIDE VEHICLE,NOT APPLICABLE,10000,W,OHARE ST,1651.0,,,,,,,2,NO INDICATION OF INJURY,0.0,0.0,0.0,0.0,0.0,2.0,0.0,18,2,1,41.976201139,-87.905309125,POINT (-87.905309125103 41.976201139024),2025-01-06 18:45:00
da4999362663b338c23f15ac4d2a27322da010f082129fa101ca3a1e6633f1ee574b824709631e2ac49f6cb788e3bd6ea7be7b8e26bdfb64583099ae883f48c8,,01/06/2025 06:38:00 PM,30,NO CONTROLS,NO CONTROLS,SNOW,DARKNESS,FIXED OBJECT,PARKING LOT,,STRAIGHT AND LEVEL,UNKNOWN,UNKNOWN,NOT ON SCENE (DESK REPORT),NO INJURY / DRIVE AWAY,,Y,,"OVER $1,500",01/06/2025 07:40:00 PM,IMPROPER BACKING,NOT APPLICABLE,4307,S,INDIANA AVE,215.0,,,,,,,1,NO INDICATION OF INJURY,0.0,0.0,0.0,0.0,0.0,1.0,0.0,18,2,1,41.81630706,-87.621253108,POINT (-87.621253108349 41.816307059939),2025-01-06 18:38:00
9d7cc8114a6b382d5c211a3709835e45f4418ffe06b7674b7e92409704ef0bf52d78c2938d6bd66975ebc0b2d1990cd28007632645d0ffc32e007c17c729bdf3,,01/06/2025 06:37:00 PM,30,NO CONTROLS,NO CONTROLS,CLEAR,"DARKNESS, LIGHTED ROAD",SIDESWIPE SAME DIRECTION,NOT DIVIDED,,STRAIGHT AND LEVEL,WET,NO DEFECTS,NOT ON SCENE (DESK REPORT),NO INJURY / DRIVE AWAY,,,,"OVER $1,500",01/06/2025 09:30:00 PM,UNABLE TO DETERMINE,NOT APPLICABLE,2200,N,CLARK ST,1812.0,,,,,,,2,NO INDICATION OF INJURY,0.0,0.0,0.0,0.0,0.0,2.0,0.0,18,2,1,41.921998432,-87.638457942,POINT (-87.638457941942 41.921998431987),2025-01-06 18:37:00
1da2b2fe5c2d2f96643dab4c9223068bfddf1e8a5c787adfb047557e8a5343305e5e1de9957942eae665787729b58e63e019dc0f7c23f89966a6224b356036c5,,01/06/2025 06:30:00 PM,30,TRAFFIC SIGNAL,UNKNOWN,UNKNOWN,DUSK,OTHER NONCOLLISION,DIVIDED - W/MEDIAN (NOT RAISED),,STRAIGHT AND LEVEL,UNKNOWN,UNKNOWN,NOT ON SCENE (DESK REPORT),NO INJURY / DRIVE AWAY,,,,"OVER $1,500",01/07/2025 02:30:00 PM,UNABLE TO DETERMINE,ROAD ENGINEERING/SURFACE/MARKING DEFECTS,280,S,LAKE SHORE DR SB,114.0,,,,,,,1,NO INDICATION OF INJURY,0.0,0.0,0.0,0.0,0.0,1.0,0.0,18,2,1,41.878437453,-87.617579181,POINT (-87.6175791807 41.878437452526),2025-01-06 18:30:00
362d743ad5d11fdfec56f33d0dd47fac1d2eb1186866d4899d75325c6e77f8d8c6e479b97e98dcd5f6e2201f1f8b5674aae671714434f9c0ade675a47ada4839,,01/06/2025 06:30:00 PM,30,NO CONTROLS,NO CONTROLS,SNOW,DARKNESS,REAR END,NOT DIVIDED,,STRAIGHT AND LEVEL,SNOW OR SLUSH,NO DEFECTS,NOT ON SCENE (DESK REPORT),NO INJURY / DRIVE AWAY,,,,$500 OR LESS,01/06/2025 06:45:00 PM,IMPROPER BACKING,DRIVING SKILLS/KNOWLEDGE/EXPERIENCE,3231,S,HALSTED ST,915.0,,,,,,,2,NO INDICATION OF INJURY,0.0,0.0,0.0,0.0,0.0,2.0,0.0,18,2,1,41.835336465,-87.646065242,POINT (-87.646065242298 41.835336465486),2025-01-06 18:30:00
59072f3e94364d05d5e8376b5025f885a6b18a82b010e74541c0aa22172fa7cb2b127061ebd4e3f64ec7277442f2758264e6181b21849a7e4180ea7be065edd9,,01/06/2025 06:30:00 PM,35,UNKNOWN,UNKNOWN,CLEAR,DARKNESS,REAR END,NOT DIVIDED,,STRAIGHT AND LEVEL,DRY,NO DEFECTS,NOT ON SCENE (DESK REPORT),NO INJURY / DRIVE AWAY,,,,"$501 - $1,500",01/06/2025 08:00:00 PM,UNABLE TO DETERMINE,NOT APPLICABLE,3305,N,PARIS AVE,1631.0,,,,,,,2,NO INDICATION OF INJURY,0.0,0.0,0.0,0.0,0.0,2.0,0.0,18,2,1,41.939548846,-87.829932846,POINT (-87.829932846297 41.939548845914),2025-01-06 18:30:00
9ed7991e79b3984cb38a2b7a37a13736159929005749fb6515032b6d05344021d2c77fa5034373833a559746ccd3f31c9861051c4f3fd56112c4c4d0e7a127ca,,01/06/2025 06:30:00 PM,30,NO CONTROLS,NO CONTROLS,CLEAR,DARKNESS,PARKED MOTOR VEHICLE,NOT DIVIDED,,STRAIGHT AND LEVEL,DRY,NO DEFECTS,,NO INJURY / DRIVE AWAY,,,N,"$501 - $1,500",01/07/2025 04:50:00 PM,UNABLE TO DETERMINE,UNABLE TO DETERMINE,4732,N,KILPATRICK AVE,1722.0,,,,,,,2,NO INDICATION OF INJURY,0.0,0.0,0.0,0.0,0.0,1.0,0.0,18,2,1,41.967224445,-87.745425218,POINT (-87.74542521789 41.967224444998),2025-01-06 18:30:00
6fe0d86cb724bb1dcafb03b29d8b5d8cdc98b2ad8477238013d1190e88a2d12af537de547964e1e0b559777473a2f19cdade22d89655a5c6e457112b2ca62b90,,01/06/2025 06:25:00 PM,30,NO CONTROLS,NO CONTROLS,CLEAR,DARKNESS,REAR END,DIVIDED - W/MEDIAN (NOT RAISED),,STRAIGHT AND LEVEL,WET,UNKNOWN,NOT ON SCENE (DESK REPORT),INJURY AND / OR TOW DUE TO CRASH,,,,"OVER $1,500",01/06/2025 06:27:00 PM,UNABLE TO DETERMINE,UNABLE TO DETERMINE,4942,W,DIVISION ST,2533.0,,,,,,,2,NO INDICATION OF INJURY,0.0,0.0,0.0,0.0,0.0,2.0,0.0,18,2,1,41.90241957,-87.750143531,POINT (-87.750143531403 41.90241956979),2025-01-06 18:25:00
95d0326e1f3f13bc7fe651fca9845811df965967ddc93f441538359e116d33ccd8a925f26fc4dcda6b727c1272921d9a1cb945808464e8fb057ec849ae03f9f0,,01/06/2025 06:20:00 PM,30,TRAFFIC SIGNAL,UNKNOWN,CLEAR,DAYLIGHT,SIDESWIPE SAME DIRECTION,FOUR WAY,,STRAIGHT AND LEVEL,OTHER,UNKNOWN,NOT ON SCENE (DESK REPORT),NO INJURY / DRIVE AWAY,Y,,,"OVER $1,500",01/09/2025 07:00:00 PM,FAILING TO YIELD RIGHT-OF-WAY,FAILING TO YIELD RIGHT-OF-WAY,1100,S,HAMILTON AVE,1225.0,,,,,,,2,NO INDICATION OF INJURY,0.0,0.0,0.0,0.0,0.0,4.0,0.0,18,2,1,41.867807964,-87.680453319,POINT (-87.680453319056 41.867807963965),2025-01-06 18:20:00
c7398d6eeab1c523d3a04fef4ae2dd45ac2e802548f9075352727a23e8dd09a231a0fe9b69e3a7ad034aa82475fbc8e98ea87fdaacef641c76e92e6474197589,,01/06/2025 06:15:00 PM,30,STOP SIGN/FLASHER,NO CONTROLS,UNKNOWN,DARKNESS,ANGLE,ONE-WAY,,STRAIGHT AND LEVEL,WET,NO DEFECTS,ON SCENE,INJURY AND / OR TOW DUE TO CRASH,,,,"OVER $1,500",01/07/2025 07:46:00 AM,DRIVING ON WRONG SIDE/WRONG WAY,NOT APPLICABLE,200,E,98TH ST,511.0,,,,,,,2,NO INDICATION OF INJURY,0.0,0.0,0.0,0.0,0.0,2.0,0.0,18,2,1,41.716455916,-87.618821502,POINT (-87.618821502471 41.716455916034),2025-01-06 18:15:00