CRASH_RECORD_ID,CRASH_DATE_EST_I,CRASH_DATE,POSTED_SPEED_LIMIT,TRAFFIC_CONTROL_DEVICE,DEVICE_CONDITION,WEATHER_CONDITION,LIGHTING_CONDITION,FIRST_CRASH_TYPE,TRAFFICWAY_TYPE,LANE_CNT,ALIGNMENT,ROADWAY_SURFACE_COND,ROAD_DEFECT,REPORT_TYPE,CRASH_TYPE,INTERSECTION_RELATED_I,NOT_RIGHT_OF_WAY_I,HIT_AND_RUN_I,DAMAGE,DATE_POLICE_NOTIFIED,PRIM_CONTRIBUTORY_CAUSE,SEC_CONTRIBUTORY_CAUSE,STREET_NO,STREET_DIRECTION,STREET_NAME,BEAT_OF_OCCURRENCE,PHOTOS_TAKEN_I,STATEMENTS_TAKEN_I,DOORING_I,WORK_ZONE_I,WORK_ZONE_TYPE,WORKERS_PRESENT_I,NUM_UNITS,MOST_SEVERE_INJURY,INJURIES_TOTAL,INJURIES_FATAL,INJURIES_INCAPACITATING,INJURIES_NON_INCAPACITATING,INJURIES_REPORTED_NOT_EVIDENT,INJURIES_NO_INDICATION,INJURIES_UNKNOWN,CRASH_HOUR,CRASH_DAY_OF_WEEK,CRASH_MONTH,LATITUDE,LONGITUDE,LOCATION,timestamp
ee5a70a07104d58ad0b1cb701c00a1132bb4f8cf65f43eae15d6df9da6129422c05a512a45f166fa60f4f12313bd5bcc418a381a19567f12c4abc7cae750ad4a,,01/06/2025 06:15:00 PM,30,NO CONTROLS,NO CONTROLS,SNOW,"DARKNESS, LIGHTED ROAD",REAR END,DIVIDED - W/MEDIAN (NOT RAISED),,STRAIGHT AND LEVEL,WET,NO DEFECTS,NOT ON SCENE (DESK REPORT),NO INJURY / DRIVE AWAY,,,,"OVER $1,500",01/06/2025 06:20:00 PM,UNABLE TO DETERMINE,UNABLE TO DETERMINE,2026,S,CLARK ST,131.0,,,,,,,2,NO INDICATION OF INJURY,0.0,0.0,0.0,0.0,0.0,2.0,0.0,18,2,1,41.854550801,-87.630289716,POINT (-87.630289716366 41.854550801342),2025-01-06 18:15:00
f5f728d7459e4f7369e6e22bbfb9b17c495fbe6bc27a649a67ca39c04e9719b7129e25365e5d30101140aa525dc588ae4f9b90c6dfcfc3821c385d89bd4979f0,,01/06/2025 06:12:00 PM,30,NO CONTROLS,NO CONTROLS,CLEAR,"DARKNESS, LIGHTED ROAD",REAR END,NOT DIVIDED,,STRAIGHT ON GRADE,WET,NO DEFECTS,,NO INJURY / DRIVE AWAY,,,N,"$501 - $1,500",01/06/2025 06:38:00 PM,FAILING TO REDUCE SPEED TO AVOID CRASH,FAILING TO REDUCE SPEED TO AVOID CRASH,6324,S,PULASKI RD,813.0,,,,,,,2,NO INDICATION OF INJURY,0.0,0.0,0.0,0.0,0.0,2.0,0.0,18,2,1,41.777755958,-87.722884494,POINT (-87.722884493882 41.777755957893),2025-01-06 18:12:00
1683e4c0fc4fa4e3945b523bb569800f399249af6afc25254a61e4b76c98f54a01f46704bf3df2b228956e0b07f297b463e54de6a07c928615929b3dabe7348e,,01/06/2025 06:00:00 PM,30,NO CONTROLS,NO CONTROLS,SNOW,"DARKNESS, LIGHTED ROAD",SIDESWIPE SAME DIRECTION,ONE-WAY,,STRAIGHT AND LEVEL,SNOW OR SLUSH,UNKNOWN,NOT ON SCENE (DESK REPORT),NO INJURY / DRIVE AWAY,,,,$500 OR LESS,01/06/2025 06:50:00 PM,IMPROPER LANE USAGE,FAILING TO REDUCE SPEED TO AVOID CRASH,656,N,DEARBORN ST,1832.0,,,,,,,2,NO INDICATION OF INJURY,0.0,0.0,0.0,0.0,0.0,2.0,0.0,18,2,1,41.894009394,-87.629862671,POINT (-87.629862671393 41.894009393623),2025-01-06 18:00:00
c11c7e239a4100e2a637bccd489be74933351cfe57b77d293d5e0aa652ea91c0e2918f2fcf24155aa81c926bed063a10db080bedd9f33d24ba1d7fdaba56c2cd,,01/06/2025 06:00:00 PM,30,TRAFFIC SIGNAL,FUNCTIONING PROPERLY,SNOW,"DARKNESS, LIGHTED ROAD",REAR END,NOT DIVIDED,,STRAIGHT AND LEVEL,WET,NO DEFECTS,ON SCENE,NO INJURY / DRIVE AWAY,,,Y,$500 OR LESS,01/06/2025 06:52:00 PM,UNABLE TO DETERMINE,NOT APPLICABLE,9500,S,COLFAX AVE,431.0,,,,,,,2,NO INDICATION OF INJURY,0.0,0.0,0.0,0.0,0.0,2.0,0.0,18,2,1,41.722602779,-87.560867886,POINT (-87.56086788635 41.72260277893),2025-01-06 18:00:00
5c5a37ba3a89d4d12996fd243bfc172650b5ddc4892152a2bb3ebdab994680ab285ce9a748e9ea3cc4d96d303f0395e6741bb968bd7a7c332bdacd7494dbc00a,,01/06/2025 05:56:00 PM,30,NO CONTROLS,NO CONTROLS,CLEAR,"DARKNESS, LIGHTED ROAD",SIDESWIPE SAME DIRECTION,ONE-WAY,,STRAIGHT AND LEVEL,SNOW OR SLUSH,NO DEFECTS,,NO INJURY / DRIVE AWAY,,,,"OVER $1,500",01/06/2025 07:00:00 PM,UNABLE TO DETERMINE,FAILING TO REDUCE SPEED TO AVOID CRASH,2410,N,MEADE AVE,2512.0,,,,,,,2,NO INDICATION OF INJURY,0.0,0.0,0.0,0.0,0.0,4.0,0.0,17,2,1,41.924161878,-87.778306414,POINT (-87.778306414176 41.924161878012),2025-01-06 17:56:00
3aa75420ac579da020a773716007e9c3ee726ee8a4ea3116f922a3fe109a5be9649658e5021e4ccc1ba1e2de29245bc38c290765ffc2ee4d92e49a027affcec5,N,01/06/2025 05:55:00 PM,30,UNKNOWN,UNKNOWN,UNKNOWN,DARKNESS,PARKED MOTOR VEHICLE,NOT DIVIDED,,STRAIGHT AND LEVEL,UNKNOWN,UNKNOWN,ON SCENE,NO INJURY / DRIVE AWAY,,,Y,"OVER $1,500",01/06/2025 07:25:00 PM,UNABLE TO DETERMINE,UNABLE TO DETERMINE,1151,E,47TH ST,222.0,,,,,,,2,NO INDICATION OF INJURY,0.0,0.0,0.0,0.0,0.0,1.0,0.0,17,2,1,41.809527645,-87.597253993,POINT (-87.597253993088 41.809527645318),2025-01-06 17:55:00
6c1a8e5871b2801185cd48c3382625a839590766ea1187b6cc334d10149e8c716282e413d5f341b58b3b99e8af4c7ba6c92d8622b70365e0ef5ebdc4b30cfae6,,01/06/2025 05:55:00 PM,30,NO CONTROLS,NO CONTROLS,CLEAR,DUSK,SIDESWIPE SAME DIRECTION,NOT DIVIDED,,STRAIGHT AND LEVEL,WET,UNKNOWN,NOT ON SCENE (DESK REPORT),NO INJURY / DRIVE AWAY,Y,,,"OVER $1,500",01/06/2025 06:30:00 PM,UNABLE TO DETERMINE,NOT APPLICABLE,5632,W,CORCORAN PL,1512.0,,,,,,,2,NO INDICATION OF INJURY,0.0,0.0,0.0,0.0,0.0,4.0,0.0,17,2,1,41.887311293,-87.766516761,POINT (-87.766516761191 41.887311293315),2025-01-06 17:55:00
aa823bdb8cfbc4f9e52a15fc6ed970a4318c2235a65ca753dd554cbc3552849866aa2d52d244189cd5d12485b5b1650684273a45ea6c09c33b76b9f0af929044,,01/06/2025 05:51:00 PM,25,NO CONTROLS,NO CONTROLS,SNOW,DARKNESS,REAR END,NOT DIVIDED,,STRAIGHT AND LEVEL,SNOW OR SLUSH,NO DEFECTS,ON SCENE,NO INJURY / DRIVE AWAY,,,,"OVER $1,500",01/06/2025 05:51:00 PM,UNABLE TO DETERMINE,UNABLE TO DETERMINE,40,E,60TH ST,232.0,,,,,,,2,NO INDICATION OF INJURY,0.0,0.0,0.0,0.0,0.0,3.0,0.0,17,2,1,41.785664642,-87.623933604,POINT (-87.623933603956 41.785664641606),2025-01-06 17:51:00
5b80b133a59e1daac698c6f9eb57171db7527ee9d5eea89675190749ff3f3bdd88626a117d8aa23970e9888a71729778e68a29a7527b35901e2b577e10e401f8,,01/06/2025 05:45:00 PM,30,TRAFFIC SIGNAL,FUNCTIONING PROPERLY,OTHER,"DARKNESS, LIGHTED ROAD",PEDESTRIAN,FOUR WAY,,STRAIGHT AND LEVEL,WET,NO DEFECTS,ON SCENE,INJURY AND / OR TOW DUE TO CRASH,Y,,Y,"OVER $1,500",01/06/2025 06:15:00 PM,UNABLE TO DETERMINE,UNABLE TO DETERMINE,3200,W,31ST ST,1032.0,,,,,,,2,"REPORTED, NOT EVIDENT",1.0,0.0,0.0,0.0,1.0,1.0,0.0,17,2,1,41.8373395,-87.704950558,POINT (-87.704950558004 41.837339500296),2025-01-06 17:45:00
0332b2d088c51c2bc671b88032f3f8e566572171be7e5fc7a2c2881c3c11ace3692b8b4dc8da4962b98bd426714c66dc117355eec9930314e6757cf21791f1f8,,01/06/2025 05:40:00 PM,30,UNKNOWN,UNKNOWN,UNKNOWN,UNKNOWN,REAR END,DIVIDED - W/MEDIAN (NOT RAISED),,STRAIGHT AND LEVEL,UNKNOWN,UNKNOWN,NOT ON SCENE (DESK REPORT),NO INJURY / DRIVE AWAY,,,,"$501 - $1,500",01/06/2025 06:00:00 PM,UNABLE TO DETERMINE,NOT APPLICABLE,1951,W,PETERSON AVE,2012.0,,,,,,,2,NO INDICATION OF INJURY,0.0,0.0,0.0,0.0,0.0,3.0,0.0,17,2,1,41.990577898,-87.679042865,POINT (-87.679042865282 41.990577897806),2025-01-06 17:40:00
5e18a10406292503368a672a6ba855fea755bea319d2a863db6519ea8a20854a3190c54af6f82c4995e7938e84f4c1c74d4bbd0078ba851a4b65a60dbc63a7d0,,01/06/2025 05:35:00 PM,30,TRAFFIC SIGNAL,FUNCTIONING PROPERLY,SNOW,"DARKNESS, LIGHTED ROAD",REAR TO FRONT,NOT DIVIDED,,STRAIGHT AND LEVEL,WET,NO DEFECTS,NOT ON SCENE (DESK REPORT),NO INJURY / DRIVE AWAY,N,,,$500 OR LESS,01/06/2025 08:50:00 PM,IMPROPER BACKING,IMPROPER BACKING,40,E,ONTARIO ST,1834.0,,,,,,,2,NO INDICATION OF INJURY,0.0,0.0,0.0,0.0,0.0,2.0,0.0,17,2,1,41.893405504,-87.62661009,POINT (-87.626610090314 41.893405503633),2025-01-06 17:35:00
1d3ff2fa02a0c282d425866ed3ba5d3c26d1b587bbfce580b8f03458648e3f14c3aa77aa8bb21204e12e88483d302008ee5aed8c1ceb2d345ae4cdc295dd1b28,,01/06/2025 05:30:00 PM,30,NO CONTROLS,NO CONTROLS,SNOW,DAYLIGHT,REAR END,DIVIDED - W/MEDIAN (NOT RAISED),,STRAIGHT AND LEVEL,ICE,NO DEFECTS,ON SCENE,NO INJURY / DRIVE AWAY,,,,"OVER $1,500",01/06/2025 05:34:00 PM,FOLLOWING TOO CLOSELY,NOT APPLICABLE,645,N,SACRAMENTO BLVD,1221.0,,,,,,,3,NO INDICATION OF INJURY,0.0,0.0,0.0,0.0,0.0,3.0,0.0,17,2,1,41.893268484,-87.701984474,POINT (-87.701984474428 41.893268484045),2025-01-06 17:30:00
93884d72f925783878059951fdcf0bf08bdb45a066c1d30cc314b964cb25a12adeb28808dc9f50b33c755556af92bcecf6de418b3c71468ccbc98d4ea57a4489,,01/06/2025 05:30:00 PM,30,TRAFFIC SIGNAL,FUNCTIONING PROPERLY,FREEZING RAIN/DRIZZLE,"DARKNESS, LIGHTED ROAD",TURNING,FOUR WAY,,STRAIGHT AND LEVEL,WET,NO DEFECTS,ON SCENE,INJURY AND / OR TOW DUE TO CRASH,Y,,,"OVER $1,500",01/06/2025 05:55:00 PM,NOT APPLICABLE,NOT APPLICABLE,3717,S,ARCHER AVE,911.0,,,,,,,2,NO INDICATION OF INJURY,0.0,0.0,0.0,0.0,0.0,2.0,0.0,17,2,1,41.825869949,-87.684781794,POINT (-87.684781794256 41.825869949122),2025-01-06 17:30:00
b88cfe98c995ca92d72201c25dfb02e2999dadba21fc64de1b9f76562f809d243b77a16ab04402f28394c84c19470dfe504007591a86e4dc5bbb560cf2700b3e,,01/06/2025 05:30:00 PM,30,NO CONTROLS,NO CONTROLS,CLEAR,DAYLIGHT,PARKED MOTOR VEHICLE,NOT DIVIDED,,STRAIGHT AND LEVEL,DRY,NO DEFECTS,NOT ON SCENE (DESK REPORT),NO INJURY / DRIVE AWAY,,,,"OVER $1,500",01/07/2025 10:40:00 AM,UNABLE TO DETERMINE,NOT APPLICABLE,3502,W,111TH ST,2211.0,,,,,,,2,NO INDICATION OF INJURY,0.0,0.0,0.0,0.0,0.0,1.0,0.0,17,2,1,41.691553801,-87.708299802,POINT (-87.708299802456 41.691553800565),2025-01-06 17:30:00
34952a1ed2235443216785f0800a4100249c5a9ba571955bebf02a3fa24cff0c14c5ff67f7aa6fff19107854c407c96765ecd76126a372d9b0f546d5690a7992,,01/06/2025 05:25:00 PM,30,TRAFFIC SIGNAL,FUNCTIONING PROPERLY,SNOW,"DARKNESS, LIGHTED ROAD",REAR END,DIVIDED - W/MEDIAN (NOT RAISED),,STRAIGHT AND LEVEL,WET,NO DEFECTS,NOT ON SCENE (DESK REPORT),NO INJURY / DRIVE AWAY,,,,"OVER $1,500",01/06/2025 06:55:00 PM,UNABLE TO DETERMINE,UNABLE TO DETERMINE,1225,E,79TH ST,411.0,,,,,,,3,NO INDICATION OF INJURY,0.0,0.0,0.0,0.0,0.0,3.0,0.0,17,2,1,41.751288264,-87.594414885,POINT (-87.594414884609 41.751288264112),2025-01-06 17:25:00
c85ffa248dc936b678c8dc2004e6df11d04a6245597f62bad6eb22133abd1b19a1a9240a9d60f2d7aec37c931e303a236d57cddb2c1ef987369bc07efdf06b4e,,01/06/2025 05:23:00 PM,30,TRAFFIC SIGNAL,UNKNOWN,SNOW,"DARKNESS, LIGHTED ROAD",REAR END,FOUR WAY,,STRAIGHT AND LEVEL,UNKNOWN,UNKNOWN,NOT ON SCENE (DESK REPORT),NO INJURY / DRIVE AWAY,,,,"$501 - $1,500",01/08/2025 02:40:00 PM,UNABLE TO DETERMINE,NOT APPLICABLE,1158,S,ASHLAND AVE,1231.0,,,,,,,2,NO INDICATION OF INJURY,0.0,0.0,0.0,0.0,0.0,2.0,0.0,17,2,1,41.866940064,-87.666532428,POINT (-87.666532428284 41.866940063689),2025-01-06 17:23:00
293379d3ad62deb84e3a7922957aa0c54df1e8180beecbffb565f8134844ee2b8f5b285c5d3f6cf9564bfab1cdcd2d34644a7d310cd42d43de4ade5e2a7d94dc,,01/06/2025 05:20:00 PM,30,STOP SIGN/FLASHER,FUNCTIONING PROPERLY,OTHER,DUSK,PEDESTRIAN,NOT DIVIDED,,STRAIGHT AND LEVEL,WET,NO DEFECTS,NOT ON SCENE (DESK REPORT),NO INJURY / DRIVE AWAY,Y,,Y,$500 OR LESS,01/06/2025 07:00:00 PM,UNABLE TO DETERMINE,NOT APPLICABLE,3696,N,MILWAUKEE AVE,1731.0,,,,,,,2,NO INDICATION OF INJURY,0.0,0.0,0.0,0.0,0.0,2.0,0.0,17,2,1,41.947862405,-87.738471428,POINT (-87.738471427817 41.947862405249),2025-01-06 17:20:00
4278cde941df1f36f00a6fd47a9a21c2e3ab8fb60c05ae1879c392dc1820d27ee68a0e9d90d642ac2a740de6472460307305f954083c20bb98167fe234a77d17,Y,01/06/2025 05:20:00 PM,10,NO CONTROLS,NO CONTROLS,CLEAR,DUSK,PARKED MOTOR VEHICLE,PARKING LOT,,STRAIGHT ON GRADE,WET,NO DEFECTS,ON SCENE,NO INJURY / DRIVE AWAY,,Y,,"OVER $1,500",01/06/2025 05:25:00 PM,DRIVING SKILLS/KNOWLEDGE/EXPERIENCE,NOT APPLICABLE,4385,S,ARCHER AVE,821.0,,,,,,,2,NO INDICATION OF INJURY,0.0,0.0,0.0,0.0,0.0,3.0,0.0,17,2,1,41.813694951,-87.704658015,POINT (-87.704658015436 41.813694950921),2025-01-06 17:20:00
15f42ffddb884b7a3d7d99237a2aaf735e08d1619860885654e02d542065adce7ff69e54b03af83cb67a76c9cae16271862e3d2ea1d0ff04190e4bc41f0858ae,,01/06/2025 05:19:00 PM,20,NO CONTROLS,NO CONTROLS,SNOW,"DARKNESS, LIGHTED ROAD",PARKED MOTOR VEHICLE,NOT DIVIDED,,STRAIGHT AND LEVEL,SNOW OR SLUSH,UNKNOWN,ON SCENE,NO INJURY / DRIVE AWAY,,,Y,"OVER $1,500",01/06/2025 05:19:00 PM,UNABLE TO DETERMINE,UNABLE TO DETERMINE,8442,S,MACKINAW AVE,424.0,,,,,,,3,NO INDICATION OF INJURY,0.0,0.0,0.0,0.0,0.0,1.0,0.0,17,2,1,41.741668089,-87.543138878,POINT (-87.543138878078 41.741668088951),2025-01-06 17:19:00
555da49d71f164bbbbcac773fbc50ac63f68bc7aa27cd9c3dc8e8b3b8042af61991d596d3bb67f8749719b4762c805fd050a032390db2b131dca24878dd27199,,01/06/2025 05:19:00 PM,30,STOP SIGN/FLASHER,FUNCTIONING PROPERLY,SNOW,"DARKNESS, LIGHTED ROAD",PARKED MOTOR VEHICLE,T-INTERSECTION,,STRAIGHT AND LEVEL,SNOW OR SLUSH,UNKNOWN,NOT ON SCENE (DESK REPORT),NO INJURY / DRIVE AWAY,Y,,,"OVER $1,500",01/06/2025 06:30:00 PM,WEATHER,NOT APPLICABLE,1721,E,79TH ST,414.0,,,,,,,2,NO INDICATION OF INJURY,0.0,0.0,0.0,0.0,0.0,2.0,0.0,17,2,1,41.75142042,-87.582064693,POINT (-87.582064693068 41.751420419909),2025-01-06 17:19:00
521d6bf09ed27728517ac9d46e1658827467d1ebb6a6a28b4f75f4098030e3976c7041b3a86c6de2eb1829dc10807efa99dae6f4590af4642d9a28727943511f,,01/06/2025 05:15:00 PM,30,STOP SIGN/FLASHER,FUNCTIONING PROPERLY,SNOW,DARKNESS,PARKED MOTOR VEHICLE,NOT DIVIDED,,STRAIGHT AND LEVEL,UNKNOWN,UNKNOWN,NOT ON SCENE (DESK REPORT),NO INJURY / DRIVE AWAY,Y,,,"OVER $1,500",01/07/2025 06:22:00 PM,UNABLE TO DETERMINE,UNABLE TO DETERMINE,557,W,36TH ST,915.0,,,,,,,2,NO INDICATION OF INJURY,0.0,0.0,0.0,0.0,0.0,1.0,0.0,17,2,1,41.82888241,-87.641039045,POINT (-87.641039044858 41.828882409964),2025-01-06 17:15:00
319e28676fe8ccf09af202b8b66455afad989eff68e5dfe9ad0051b4984b900cfc0b473061b86a79795d73eac8c3f1265942182818efbff30f1fc9f82f140635,,01/06/2025 05:10:00 PM,30,NO CONTROLS,NO CONTROLS,SNOW,DAYLIGHT,TURNING,DIVIDED - W/MEDIAN (NOT RAISED),,STRAIGHT AND LEVEL,SNOW OR SLUSH,NO DEFECTS,NOT ON SCENE (DESK REPORT),NO INJURY / DRIVE AWAY,,,,$500 OR LESS,01/07/2025 10:23:00 AM,UNABLE TO DETERMINE,UNABLE TO DETERMINE,2404,N,WASHTENAW AVE,1431.0,,,,,,,2,NO INDICATION OF INJURY,0.0,0.0,0.0,0.0,0.0,3.0,0.0,17,2,1,41.925026335,-87.695124365,POINT (-87.69512436518 41.925026334709),2025-01-06 17:10:00
99380037269c1effa9ea69b776b946808db7e99fd459d7b0472905fcc73e4caf2ade413f6c12b353d0d70ebb8eebcf2b09d53ea18d89812d600409c33b2e1c3b,,01/06/2025 05:06:00 PM,30,TRAFFIC SIGNAL,FUNCTIONING PROPERLY,SNOW,DAWN,PEDALCYCLIST,NOT DIVIDED,,STRAIGHT AND LEVEL,SNOW OR SLUSH,NO DEFECTS,NOT ON SCENE (DESK REPORT),INJURY AND / OR TOW DUE TO CRASH,Y,,,$500 OR LESS,01/06/2025 05:07:00 PM,DISREGARDING OTHER TRAFFIC SIGNS,PHYSICAL CONDITION OF DRIVER,7500,S,DR MARTIN LUTHER KING JR DR,623.0,,,,,,,2,"REPORTED, NOT EVIDENT",1.0,0.0,0.0,0.0,1.0,1.0,0.0,17,2,1,41.758314649,-87.615265043,POINT (-87.615265042581 41.758314648927),2025-01-06 17:06:00
744322d43ca157b130d092826f5cf13a7e1436b92208736a6bef7cee3f1f08b8dd5ae5c0327b6a935e8b33b8316b336312cddae6250dc5e78418ff4ddc097cc0,,01/06/2025 05:00:00 PM,15,STOP SIGN/FLASHER,FUNCTIONING PROPERLY,CLEAR,DUSK,PARKED MOTOR VEHICLE,NOT DIVIDED,,STRAIGHT AND LEVEL,WET,NO DEFECTS,ON SCENE,NO INJURY / DRIVE AWAY,,,Y,"OVER $1,500",01/06/2025 05:16:00 PM,FAILING TO REDUCE SPEED TO AVOID CRASH,WEATHER,3403,N,MARMORA AVE,1633.0,,,,,,,2,NO INDICATION OF INJURY,0.0,0.0,0.0,0.0,0.0,1.0,0.0,17,2,1,41.942251915,-87.773781994,POINT (-87.7737819942 41.942251914827),2025-01-06 17:00:00
8fcc46468a9ea02563ebb24ff03df9b195ae91c4b8ff5cb56c15c69cf04c647d468611c3c649f7bf3c12e5440970954c5d94c2a5730707fa47bec20dfe93b942,,01/06/2025 05:00:00 PM,30,NO CONTROLS,NO CONTROLS,SLEET/HAIL,DARKNESS,ANGLE,NOT DIVIDED,,STRAIGHT AND LEVEL,SNOW OR SLUSH,NO DEFECTS,,NO INJURY / DRIVE AWAY,,,,"OVER $1,500",01/06/2025 05:02:00 PM,FAILING TO YIELD RIGHT-OF-WAY,NOT APPLICABLE,1335,W,95TH ST,2213.0,,,,,,,2,NO INDICATION OF INJURY,0.0,0.0,0.0,0.0,0.0,2.0,0.0,17,2,1,41.72118241,-87.656860386,POINT (-87.656860386074 41.721182410298),2025-01-06 17:00:00
902ee3cde8230a9b9ee38b06656a352c50301162654270fe03f8305b32d81ba8c6ca23f846d601200ae6a366a72b4089ca64b65cd20fda38815bc37ee588fde1,Y,01/06/2025 05:00:00 PM,0,NO CONTROLS,NO CONTROLS,SNOW,"DARKNESS, LIGHTED ROAD",PARKED MOTOR VEHICLE,PARKING LOT,,STRAIGHT AND LEVEL,SNOW OR SLUSH,NO DEFECTS,NOT ON SCENE (DESK REPORT),NO INJURY / DRIVE AWAY,,,,"OVER $1,500",01/06/2025 05:24:00 PM,IMPROPER BACKING,NOT APPLICABLE,235,E,103RD ST,512.0,,,,,,,2,NO INDICATION OF INJURY,0.0,0.0,0.0,0.0,0.0,1.0,0.0,17,2,1,41.707150262,-87.617277413,POINT (-87.617277413169 41.70715026216),2025-01-06 17:00:00
a5e9db73580da717761df4b82a125b441130bc95a3639ffb1186e0ab71029f0379a8d2d63c50bbe939a2479f403a66c05bf10b2e9d0ede9502370ffef42744d7,,01/06/2025 05:00:00 PM,30,NO CONTROLS,NO CONTROLS,FREEZING RAIN/DRIZZLE,"DARKNESS, LIGHTED ROAD",REAR END,DIVIDED - W/MEDIAN (NOT RAISED),,STRAIGHT AND LEVEL,ICE,NO DEFECTS,NOT ON SCENE (DESK REPORT),NO INJURY / DRIVE AWAY,,,,"OVER $1,500",01/06/2025 09:15:00 PM,WEATHER,WEATHER,11945,S,LOWE AVE,524.0,,,,,,,3,NO INDICATION OF INJURY,0.0,0.0,0.0,0.0,0.0,2.0,0.0,17,2,1,41.67652305,-87.638108635,POINT (-87.638108635292 41.676523049524),2025-01-06 17:00:00
b7157b1cba28f4e51cd114a16e86d6adefd3caabdf64de5db332c96aa4029afccdf085287ab23c936d92cc08d7ab805947966811e7bb677a35ff6306646841ea,,01/06/2025 05:00:00 PM,30,STOP SIGN/FLASHER,NO CONTROLS,SNOW,"DARKNESS, LIGHTED ROAD",TURNING,ONE-WAY,,STRAIGHT AND LEVEL,WET,NO DEFECTS,NOT ON SCENE (DESK REPORT),NO INJURY / DRIVE AWAY,,,,"OVER $1,500",01/06/2025 05:05:00 PM,WEATHER,UNABLE TO DETERMINE,6800,S,COTTAGE GROVE AVE,321.0,,,,,,,2,NO INDICATION OF INJURY,0.0,0.0,0.0,0.0,0.0,2.0,0.0,17,2,1,41.77122922,-87.60587151,POINT (-87.605871509881 41.771229219514),2025-01-06 17:00:00
f7cf302d63d2f6895f5cee2aa43084f7a2a422d015db11f998b5d9da6c0aa385f8c152c8c5e4c8f96ee1fb886b945af08af65456b46c2577ea72275af33a9100,,01/06/2025 05:00:00 PM,30,NO CONTROLS,NO CONTROLS,FREEZING RAIN/DRIZZLE,"DARKNESS, LIGHTED ROAD",PARKED MOTOR VEHICLE,ONE-WAY,,STRAIGHT AND LEVEL,UNKNOWN,NO DEFECTS,NOT ON SCENE (DESK REPORT),NO INJURY / DRIVE AWAY,,,,"OVER $1,500",01/07/2025 10:00:00 AM,WEATHER,UNABLE TO DETERMINE,4647,S,MICHIGAN AVE,215.0,,,,,,,2,NO INDICATION OF INJURY,0.0,0.0,0.0,0.0,0.0,1.0,0.0,17,2,1,41.8097175,-87.62270302,POINT (-87.622703020394 41.809717500119),2025-01-06 17:00:00
ff5c7fd42913b28b6ccfe22f55ccd5a6b6c0743b1263dccab68fcd3eaae41850c927c60896125a88d05164c33a5baa3d5dc21e72bd57f8f8075e1488be7841bf,,01/06/2025 05:00:00 PM,15,NO CONTROLS,NO CONTROLS,UNKNOWN,UNKNOWN,PARKED MOTOR VEHICLE,NOT DIVIDED,,STRAIGHT AND LEVEL,ICE,NO DEFECTS,NOT ON SCENE (DESK REPORT),NO INJURY / DRIVE AWAY,,,,"OVER $1,500",01/06/2025 07:20:00 PM,WEATHER,NOT APPLICABLE,3031,W,44TH ST,922.0,,,,,,,2,NO INDICATION OF INJURY,0.0,0.0,0.0,0.0,0.0,1.0,0.0,17,2,1,41.813523056,-87.700553279,POINT (-87.700553278512 41.81352305559),2025-01-06 17:00:00
34fac6fb52d142747e8b5e38836e5c55fa017ad1ec17915f9517011ec94c6abc569a222b33901526aa95418d70bb4d8a2c2a9f0898e31685598a20506c9d58ff,,01/06/2025 04:58:00 PM,30,STOP SIGN/FLASHER,OTHER,SNOW,DARKNESS,REAR END,NOT DIVIDED,,STRAIGHT AND LEVEL,SNOW OR SLUSH,NO DEFECTS,ON SCENE,INJURY AND / OR TOW DUE TO CRASH,,,,"OVER $1,500",01/06/2025 05:03:00 PM,WEATHER,WEATHER,11801,S,VINCENNES AVE,2234.0,,,,,,,2,NO INDICATION OF INJURY,0.0,0.0,0.0,0.0,0.0,2.0,0.0,16,2,1,41.679596184,-87.670468858,POINT (-87.670468858014 41.679596184483),2025-01-06 16:58:00
5d1af87d1384e5ebcb1ad61d98f297ae474fc009ced86ee8cf507a2adb5710d898a03b761b9e709bd5beb8530632f631fe4e66437fa1524da36e87057f12e212,,01/06/2025 04:55:00 PM,30,NO CONTROLS,FUNCTIONING PROPERLY,SNOW,DUSK,PARKED MOTOR VEHICLE,ONE-WAY,,STRAIGHT AND LEVEL,SNOW OR SLUSH,NO DEFECTS,ON SCENE,NO INJURY / DRIVE AWAY,,,N,"OVER $1,500",01/06/2025 06:30:00 PM,WEATHER,UNABLE TO DETERMINE,2747,S,HAMLIN AVE,1031.0,,,,,,,2,NO INDICATION OF INJURY,0.0,0.0,0.0,0.0,0.0,1.0,0.0,16,2,1,41.841078845,-87.719439546,POINT (-87.719439546167 41.841078844748),2025-01-06 16:55:00