CRASH_RECORD_ID,CRASH_DATE_EST_I,CRASH_DATE,POSTED_SPEED_LIMIT,TRAFFIC_CONTROL_DEVICE,DEVICE_CONDITION,WEATHER_CONDITION,LIGHTING_CONDITION,FIRST_CRASH_TYPE,TRAFFICWAY_TYPE,LANE_CNT,ALIGNMENT,ROADWAY_SURFACE_COND,ROAD_DEFECT,REPORT_TYPE,CRASH_TYPE,INTERSECTION_RELATED_I,NOT_RIGHT_OF_WAY_I,HIT_AND_RUN_I,DAMAGE,DATE_POLICE_NOTIFIED,PRIM_CONTRIBUTORY_CAUSE,SEC_CONTRIBUTORY_CAUSE,STREET_NO,STREET_DIRECTION,STREET_NAME,BEAT_OF_OCCURRENCE,PHOTOS_TAKEN_I,STATEMENTS_TAKEN_I,DOORING_I,WORK_ZONE_I,WORK_ZONE_TYPE,WORKERS_PRESENT_I,NUM_UNITS,MOST_SEVERE_INJURY,INJURIES_TOTAL,INJURIES_FATAL,INJURIES_INCAPACITATING,INJURIES_NON_INCAPACITATING,INJURIES_REPORTED_NOT_EVIDENT,INJURIES_NO_INDICATION,INJURIES_UNKNOWN,CRASH_HOUR,CRASH_DAY_OF_WEEK,CRASH_MONTH,LATITUDE,LONGITUDE,LOCATION,timestamp
cc884dfd6758a51bcdc4afa5f2645e87fcad97ba83c82af2c79a59e76077b4ee54dbb9a43eb04135a148f24e0052c00c2ad2b71d7f0ef2bf8e63ea783bf0d268,,01/06/2025 04:48:00 PM,30,NO CONTROLS,NO CONTROLS,CLEAR,UNKNOWN,PARKED MOTOR VEHICLE,DIVIDED - W/MEDIAN (NOT RAISED),,STRAIGHT AND LEVEL,UNKNOWN,UNKNOWN,NOT ON SCENE (DESK REPORT),NO INJURY / DRIVE AWAY,,,,$500 OR LESS,01/06/2025 06:40:00 PM,UNABLE TO DETERMINE,NOT APPLICABLE,5229,W,NORTH AVE,2532.0,,,,,,,2,NO INDICATION OF INJURY,0.0,0.0,0.0,0.0,0.0,2.0,0.0,16,2,1,41.909378772,-87.756824282,POINT (-87.756824281997 41.909378772134),2025-01-06 16:48:00
0825f6086d67edf226ba87b54601097edabc61a189ac34c7b51cd45c7e760629933e639db0e509dc48dc5164f15bc941cd13c7322115ec92b1d65eff19a05588,,01/06/2025 04:46:00 PM,30,UNKNOWN,UNKNOWN,UNKNOWN,UNKNOWN,SIDESWIPE SAME DIRECTION,NOT DIVIDED,,STRAIGHT AND LEVEL,UNKNOWN,UNKNOWN,NOT ON SCENE (DESK REPORT),NO INJURY / DRIVE AWAY,,,Y,"OVER $1,500",01/06/2025 05:15:00 PM,UNABLE TO DETERMINE,NOT APPLICABLE,2799,N,WESTERN AVE,1432.0,,,,,,,2,NO INDICATION OF INJURY,0.0,0.0,0.0,0.0,0.0,2.0,0.0,16,2,1,41.932085568,-87.68773814,POINT (-87.687738139734 41.932085567831),2025-01-06 16:46:00
fd85145fe996021505186798e7eab8f59fc9a496aeee80b744fd9ff457522173764148beaf937f0b79c3df9af032a3e2cb5b57bb8c30f68a8efe3c2c6a9e5876,,01/06/2025 04:46:00 PM,30,NO CONTROLS,NO CONTROLS,SNOW,"DARKNESS, LIGHTED ROAD",SIDESWIPE SAME DIRECTION,FOUR WAY,,STRAIGHT AND LEVEL,WET,NO DEFECTS,ON SCENE,NO INJURY / DRIVE AWAY,Y,,Y,$500 OR LESS,01/06/2025 05:14:00 PM,UNABLE TO DETERMINE,UNABLE TO DETERMINE,339,N,CICERO AVE,1113.0,,,,,,,2,NO INDICATION OF INJURY,0.0,0.0,0.0,0.0,0.0,2.0,0.0,16,2,1,41.886594469,-87.74535044,POINT (-87.745350439932 41.886594469117),2025-01-06 16:46:00
16fe3487d136fd063aaf72360d13dde7d10b1087252554ce9ec46a691680fb7451016939db82bb376427c53d424f3673d7682c57ddb0d204207462b80d4b80ac,,01/06/2025 04:45:00 PM,20,NO CONTROLS,NO CONTROLS,UNKNOWN,DUSK,TURNING,ONE-WAY,,STRAIGHT AND LEVEL,ICE,UNKNOWN,NOT ON SCENE (DESK REPORT),NO INJURY / DRIVE AWAY,,,,"OVER $1,500",01/07/2025 11:20:00 AM,FAILING TO YIELD RIGHT-OF-WAY,UNABLE TO DETERMINE,4811,N,HARDING AVE,1712.0,,,,,,,2,NO INDICATION OF INJURY,0.0,0.0,0.0,0.0,0.0,2.0,0.0,16,2,1,41.968629928,-87.726678732,POINT (-87.726678731623 41.968629928301),2025-01-06 16:45:00
4f55b2bbe05dd29992f415ac793a6a3b1d86f7e10d6bec97a9ed2ae34469e52ddb76ab1f4b75034ad77637b11928876fcf606b0bf565d94b94a8467ed1f91889,,01/06/2025 04:36:00 PM,30,TRAFFIC SIGNAL,FUNCTIONING PROPERLY,FREEZING RAIN/DRIZZLE,"DARKNESS, LIGHTED ROAD",REAR END,NOT DIVIDED,,STRAIGHT AND LEVEL,WET,NO DEFECTS,ON SCENE,NO INJURY / DRIVE AWAY,,,,"$501 - $1,500",01/06/2025 04:40:00 PM,FOLLOWING TOO CLOSELY,WEATHER,1499,N,LAKE SHORE DR SB,1824.0,,,,,,,2,NO INDICATION OF INJURY,0.0,0.0,0.0,0.0,0.0,2.0,0.0,16,2,1,41.909459277,-87.625523402,POINT (-87.625523401766 41.909459277258),2025-01-06 16:36:00
91ea8fad4a3209828319d7c5f62fc0fe61928db79c74eebf21ec948965af0c89ec22b5b898c432186ba6bfed6f8ba09eeb4193525227e7c09d57a7c8d876fe71,,01/06/2025 04:35:00 PM,30,NO CONTROLS,NO CONTROLS,FREEZING RAIN/DRIZZLE,DUSK,REAR END,DIVIDED - W/MEDIAN (NOT RAISED),,STRAIGHT AND LEVEL,WET,NO DEFECTS,NOT ON SCENE (DESK REPORT),NO INJURY / DRIVE AWAY,Y,,Y,"$501 - $1,500",01/06/2025 05:00:00 PM,FOLLOWING TOO CLOSELY,UNABLE TO DETERMINE,3721,N,CICERO AVE,1731.0,,,,,,,2,NO INDICATION OF INJURY,0.0,0.0,0.0,0.0,0.0,4.0,0.0,16,2,1,41.948578872,-87.747009174,POINT (-87.747009174262 41.948578871734),2025-01-06 16:35:00
b7fdef52a49ee6aad3886676095ef8c379fb2d31fe1166f3978f23ebd023d2184bdf88fe5cd357694b44e300dfdd827b8ce155919bc49968b9c3665a04314b99,,01/06/2025 04:33:00 PM,30,TRAFFIC SIGNAL,FUNCTIONING PROPERLY,SNOW,DAYLIGHT,REAR END,NOT DIVIDED,,STRAIGHT AND LEVEL,WET,NO DEFECTS,NOT ON SCENE (DESK REPORT),NO INJURY / DRIVE AWAY,Y,,Y,"OVER $1,500",01/06/2025 05:45:00 PM,UNABLE TO DETERMINE,UNABLE TO DETERMINE,300,N,WESTERN AVE,1222.0,,,,,,,2,NO INDICATION OF INJURY,0.0,0.0,0.0,0.0,0.0,3.0,0.0,16,2,1,41.886721764,-87.686727364,POINT (-87.686727364298 41.88672176412),2025-01-06 16:33:00
00ede1040b43280885297634f80ad8b3b2da70a6e5f7e09f5e151a4297b9dfd9e274fec107791f52202e203dd2b535cd01e75c42a8f7329ffc47ac225635b480,,01/06/2025 04:30:00 PM,30,NO CONTROLS,NO CONTROLS,UNKNOWN,DAYLIGHT,ANGLE,NOT DIVIDED,,STRAIGHT AND LEVEL,UNKNOWN,UNKNOWN,,NO INJURY / DRIVE AWAY,,,,"OVER $1,500",01/08/2025 01:34:00 PM,UNABLE TO DETERMINE,UNABLE TO DETERMINE,3515,W,CHICAGO AVE,1121.0,,,,,,,2,NO INDICATION OF INJURY,0.0,0.0,0.0,0.0,0.0,4.0,0.0,16,2,1,41.895368237,-87.714444969,POINT (-87.714444968734 41.895368237473),2025-01-06 16:30:00
042e3e47cfcc028d084af85785924abd9f4a83898573c359b6f06f1f0b0a7c948841b3f4762f152338bce0a838b22d4af773723648a02c9486dd4bd3111ec340,,01/06/2025 04:30:00 PM,35,NO CONTROLS,NO CONTROLS,FREEZING RAIN/DRIZZLE,DUSK,FIXED OBJECT,DIVIDED - W/MEDIAN (NOT RAISED),,STRAIGHT AND LEVEL,ICE,NO DEFECTS,ON SCENE,INJURY AND / OR TOW DUE TO CRASH,,,,"OVER $1,500",01/07/2025 08:30:00 PM,WEATHER,NOT APPLICABLE,7200,S,HARVARD AVE,731.0,,,,,,,1,NO INDICATION OF INJURY,0.0,0.0,0.0,0.0,0.0,1.0,0.0,16,2,1,41.763458551,-87.6335434,POINT (-87.633543400469 41.763458550761),2025-01-06 16:30:00
11755957bf1d79a111803f85b8d871330d674b8e7a43413dc6e68d9d56518dcd4c60eb194a2ea650dceec4992fd999b6f3da96c98034181b53275067e057e1ab,,01/06/2025 04:30:00 PM,30,UNKNOWN,NO CONTROLS,CLEAR,DAYLIGHT,SIDESWIPE OPPOSITE DIRECTION,NOT DIVIDED,,STRAIGHT AND LEVEL,DRY,UNKNOWN,NOT ON SCENE (DESK REPORT),NO INJURY / DRIVE AWAY,,,,"$501 - $1,500",01/06/2025 05:00:00 PM,UNABLE TO DETERMINE,NOT APPLICABLE,4705,W,FOSTER AVE,1712.0,,,,,,,2,NO INDICATION OF INJURY,0.0,0.0,0.0,0.0,0.0,2.0,0.0,16,2,1,41.975259048,-87.745869912,POINT (-87.745869912246 41.975259048051),2025-01-06 16:30:00
19affa7f67c3ade9bc5cc0a11e8a707dfd9bb0b0937709e4eb45ecaa5e784b5c33a08b65e62a286cb91ded9cc2bd4d9ac21afa069ead10b039701c17fbc375e8,,01/06/2025 04:30:00 PM,30,NO CONTROLS,NO CONTROLS,SNOW,DARKNESS,REAR END,NOT DIVIDED,,STRAIGHT AND LEVEL,WET,NO DEFECTS,NOT ON SCENE (DESK REPORT),NO INJURY / DRIVE AWAY,,,,$500 OR LESS,01/06/2025 05:00:00 PM,FOLLOWING TOO CLOSELY,WEATHER,1600,S,HALSTED ST,1235.0,,,,,,,2,NO INDICATION OF INJURY,0.0,0.0,0.0,0.0,0.0,2.0,0.0,16,2,1,41.859870777,-87.646851263,POINT (-87.646851262921 41.85987077668),2025-01-06 16:30:00
87c1810de3552616c8b53243590b4049f48e912c0bf5df84a7acacea12754363f8028314250141d501a0da03820e0f26f3880a2bba99cfe17f2fc4416d9cecad,,01/06/2025 04:30:00 PM,30,NO CONTROLS,NO CONTROLS,SNOW,DAYLIGHT,ANGLE,FOUR WAY,,STRAIGHT AND LEVEL,SNOW OR SLUSH,NO DEFECTS,NOT ON SCENE (DESK REPORT),NO INJURY / DRIVE AWAY,Y,,,"OVER $1,500",01/06/2025 05:30:00 PM,FAILING TO YIELD RIGHT-OF-WAY,NOT APPLICABLE,6412,N,ALBANY AVE,2412.0,,,,,,,2,NO INDICATION OF INJURY,0.0,0.0,0.0,0.0,0.0,3.0,0.0,16,2,1,41.997857495,-87.707129654,POINT (-87.707129653749 41.997857495386),2025-01-06 16:30:00
f88897beaf50f65597c4c018f82be7ce5a76ca3b45cce86e727519f6e20c0929631c40c3c6ea1e8717be02115996271f5a548760edbe4e2f1e38d66ee6da6ea7,,01/06/2025 04:30:00 PM,30,NO CONTROLS,NO CONTROLS,UNKNOWN,DAYLIGHT,PARKED MOTOR VEHICLE,ONE-WAY,,STRAIGHT AND LEVEL,UNKNOWN,NO DEFECTS,ON SCENE,NO INJURY / DRIVE AWAY,Y,,,"OVER $1,500",01/06/2025 05:00:00 PM,UNABLE TO DETERMINE,NOT APPLICABLE,5015,S,BLACKSTONE AVE,222.0,,,,,,,2,NO INDICATION OF INJURY,0.0,0.0,0.0,0.0,0.0,1.0,0.0,16,2,1,41.803754791,-87.590383945,POINT (-87.590383945444 41.803754790702),2025-01-06 16:30:00
8f48ae4530061f04bdcbfd41d9a91b837e62eb87c453ddb01983b521f7f3de927fc826d5613851cd534943b19f26b9ff947a61958f6c314e2ea37fd14139d78b,,01/06/2025 04:29:00 PM,30,TRAFFIC SIGNAL,FUNCTIONING PROPERLY,CLEAR,DAYLIGHT,ANGLE,FOUR WAY,,STRAIGHT AND LEVEL,DRY,NO DEFECTS,ON SCENE,NO INJURY / DRIVE AWAY,,,Y,"OVER $1,500",01/06/2025 05:20:00 PM,DISREGARDING TRAFFIC SIGNALS,NOT APPLICABLE,8300,S,COTTAGE GROVE AVE,632.0,,,,,,,2,NO INDICATION OF INJURY,0.0,0.0,0.0,0.0,0.0,2.0,0.0,16,2,1,41.743873821,-87.605176161,POINT (-87.605176160557 41.743873821012),2025-01-06 16:29:00
1c39136563ef17283d919009fc270fa258e77c084e961f502cbfa793261715feab00f95a2a87c975383bb79685e20d6dede6cad573bec574e9133c4e1ec6a753,,01/06/2025 04:15:00 PM,30,NO CONTROLS,NO CONTROLS,UNKNOWN,UNKNOWN,REAR END,DIVIDED - W/MEDIAN (NOT RAISED),,STRAIGHT AND LEVEL,WET,UNKNOWN,NOT ON SCENE (DESK REPORT),NO INJURY / DRIVE AWAY,,,,"$501 - $1,500",01/06/2025 05:15:00 PM,UNABLE TO DETERMINE,NOT APPLICABLE,4750,W,FULLERTON AVE,2521.0,,,,,,,2,NO INDICATION OF INJURY,0.0,0.0,0.0,0.0,0.0,2.0,0.0,16,2,1,41.924354842,-87.745928691,POINT (-87.745928690778 41.924354842338),2025-01-06 16:15:00
bf43ea59a5c44a58cc4497dc08f9abcb4b836e31ec558b9dedda4d6efbc253c8c70127352d20e9809d2f637521dce67a3b5ebbc308953775adcec69932df07d0,,01/06/2025 04:10:00 PM,25,OTHER,OTHER,SNOW,DAYLIGHT,FIXED OBJECT,NOT DIVIDED,,STRAIGHT AND LEVEL,SNOW OR SLUSH,NO DEFECTS,ON SCENE,INJURY AND / OR TOW DUE TO CRASH,Y,,,"OVER $1,500",01/06/2025 04:12:00 PM,NOT APPLICABLE,NOT APPLICABLE,632,W,71ST ST,732.0,,,,,,,1,NO INDICATION OF INJURY,0.0,0.0,0.0,0.0,0.0,1.0,0.0,16,2,1,41.76537097,-87.640787294,POINT (-87.64078729386 41.765370969647),2025-01-06 16:10:00
655cab4fc1b73a5c90abf85bec98d0af985af3ab85a8fcdcd9b1021a1e60943d02ba1c865c04bd9e9b8fd9d7be4cf7b62a110fdf7f49f53b9ba905f466b619bf,,01/06/2025 04:08:00 PM,30,NO CONTROLS,NO CONTROLS,CLEAR,DUSK,PARKED MOTOR VEHICLE,NOT DIVIDED,,STRAIGHT AND LEVEL,DRY,NO DEFECTS,NOT ON SCENE (DESK REPORT),NO INJURY / DRIVE AWAY,,,Y,"OVER $1,500",01/06/2025 05:22:00 PM,IMPROPER OVERTAKING/PASSING,UNABLE TO DETERMINE,4414,S,EVANS AVE,221.0,,,,,,,2,NO INDICATION OF INJURY,0.0,0.0,0.0,0.0,0.0,1.0,0.0,16,2,1,41.814479549,-87.608455051,POINT (-87.608455051394 41.814479549147),2025-01-06 16:08:00
55b7e7510d22bcc18e06883cf0a719a03ac8bc0e6a8b4d73a5aac1e0c65001fb198350d71edabc50226c0b9acdabe51a22ffe0dc21186b776c89c028e9eaada9,,01/06/2025 04:04:00 PM,30,NO CONTROLS,NO CONTROLS,CLEAR,DAYLIGHT,ANGLE,ONE-WAY,,STRAIGHT AND LEVEL,DRY,NO DEFECTS,NOT ON SCENE (DESK REPORT),NO INJURY / DRIVE AWAY,Y,,,"OVER $1,500",01/06/2025 04:30:00 PM,UNABLE TO DETERMINE,NOT APPLICABLE,2417,W,LYNDALE ST,1431.0,,,,,,,2,NO INDICATION OF INJURY,0.0,0.0,0.0,0.0,0.0,2.0,0.0,16,2,1,41.922354827,-87.688285715,POINT (-87.68828571518 41.922354826791),2025-01-06 16:04:00
5850690cc9fcd431db88bb7f6c1699267ed7edecee520901741c5ce7b82ab072f89b6e61a31d04881a7090c794efaf72033c99db3be1b38d8b7ceed8b367ee19,,01/06/2025 04:01:00 PM,30,UNKNOWN,UNKNOWN,SNOW,DUSK,TURNING,UNKNOWN,,STRAIGHT AND LEVEL,SNOW OR SLUSH,UNKNOWN,ON SCENE,NO INJURY / DRIVE AWAY,,,,"OVER $1,500",01/06/2025 04:11:00 PM,UNABLE TO DETERMINE,UNABLE TO DETERMINE,3201,W,DEVON AVE,2413.0,,,,,,,2,NO INDICATION OF INJURY,0.0,0.0,0.0,0.0,0.0,2.0,0.0,16,2,1,41.997278474,-87.709407357,POINT (-87.709407357178 41.997278474417),2025-01-06 16:01:00
ebe61adc70de3f8347108b05eb8381d4ff2d54ca68578e4859cf4a4fe50e8f0b43f6439e593ed284092e2f79483ac98705db629ff30ad9a22b4c6e119b674b13,,01/06/2025 04:00:00 PM,25,STOP SIGN/FLASHER,FUNCTIONING PROPERLY,SNOW,DAYLIGHT,REAR END,FOUR WAY,,STRAIGHT AND LEVEL,SNOW OR SLUSH,NO DEFECTS,ON SCENE,NO INJURY / DRIVE AWAY,,,,$500 OR LESS,01/06/2025 04:03:00 PM,WEATHER,WEATHER,8500,S,THROOP ST,613.0,,,,,,,2,NO INDICATION OF INJURY,0.0,0.0,0.0,0.0,0.0,2.0,0.0,16,2,1,41.7394447,-87.656014743,POINT (-87.656014743044 41.739444699677),2025-01-06 16:00:00
87b70c6ec8f6442afc85d6d160e081a5134cff5bd10ab28c551cb16274716b0a6d34210db0e19c2f2f8376a4aa946f0cd1e56046bf8d128af03abc76402e89b4,,01/06/2025 03:59:00 PM,30,NO CONTROLS,NO CONTROLS,SNOW,DAYLIGHT,OTHER OBJECT,PARKING LOT,,STRAIGHT AND LEVEL,SNOW OR SLUSH,UNKNOWN,ON SCENE,NO INJURY / DRIVE AWAY,,,,"OVER $1,500",01/06/2025 03:59:00 PM,NOT APPLICABLE,WEATHER,4934,S,KEDZIE AVE,821.0,,,,,,,1,NO INDICATION OF INJURY,0.0,0.0,0.0,0.0,0.0,1.0,0.0,15,2,1,41.803445713,-87.703986272,POINT (-87.70398627177 41.803445713074),2025-01-06 15:59:00
46aff0c1756cd0a486384cf8a2ba7a24a06ad61fe3e67160ca2cd6275d80064952d2fd20c63a90eb2e36ac6dc64012136523dcb44551384a468af1adefc2e605,,01/06/2025 03:50:00 PM,30,STOP SIGN/FLASHER,FUNCTIONING PROPERLY,SNOW,DAYLIGHT,REAR END,T-INTERSECTION,,STRAIGHT AND LEVEL,ICE,UNKNOWN,NOT ON SCENE (DESK REPORT),NO INJURY / DRIVE AWAY,Y,,,"OVER $1,500",01/06/2025 07:20:00 PM,WEATHER,NOT APPLICABLE,6500,S,WOODLAWN AVE,321.0,,,,,,,2,NO INDICATION OF INJURY,0.0,0.0,0.0,0.0,0.0,2.0,0.0,15,2,1,41.776788033,-87.596261969,POINT (-87.596261968937 41.776788032942),2025-01-06 15:50:00
c53cb8617c98334ebead2147052c8d508c05aa18cfb51f6334a85b8594c78c72f98de64909a9a44cb11b5f8948f24eece3ff6f59026037feb3686e1067ca94cd,,01/06/2025 03:50:00 PM,30,TRAFFIC SIGNAL,FUNCTIONING PROPERLY,SNOW,DUSK,REAR END,DIVIDED - W/MEDIAN (NOT RAISED),,STRAIGHT AND LEVEL,SNOW OR SLUSH,NO DEFECTS,NOT ON SCENE (DESK REPORT),INJURY AND / OR TOW DUE TO CRASH,,,,"OVER $1,500",01/06/2025 04:25:00 PM,UNABLE TO DETERMINE,UNABLE TO DETERMINE,4700,S,HALSTED ST,933.0,,,,,,,2,"REPORTED, NOT EVIDENT",1.0,0.0,0.0,0.0,1.0,1.0,0.0,15,2,1,41.808815039,-87.645682953,POINT (-87.645682953152 41.808815039296),2025-01-06 15:50:00
bd9fe89eee44ddeac87ba959d7090fb9cd62a5527c436a4e6b75504bb456ef04c51c30c3e1686a5b2d004f16b89aa2cea1b51d55f7d129263e44820c84ca1527,,01/06/2025 03:45:00 PM,30,NO CONTROLS,NO CONTROLS,CLEAR,DAYLIGHT,ANGLE,NOT DIVIDED,,STRAIGHT AND LEVEL,DRY,NO DEFECTS,NOT ON SCENE (DESK REPORT),NO INJURY / DRIVE AWAY,,,,"OVER $1,500",01/09/2025 04:30:00 PM,FAILING TO YIELD RIGHT-OF-WAY,FAILING TO YIELD RIGHT-OF-WAY,7057,N,MANKATO AVE,1621.0,,,,,,,2,NO INDICATION OF INJURY,0.0,0.0,0.0,0.0,0.0,2.0,0.0,15,2,1,42.009960507,-87.780504474,POINT (-87.780504473518 42.009960506866),2025-01-06 15:45:00
884f9ba8ca0aeb8ae71c4b27306b3f1bb9e220e8daa7c3b69ce80fc816951d813ecc757b1fce5b100fdba67376261db509c16b47c48900270a69a4d6b5a0c66d,,01/06/2025 03:42:00 PM,30,NO CONTROLS,NO CONTROLS,SNOW,DAYLIGHT,PARKED MOTOR VEHICLE,ONE-WAY,,STRAIGHT AND LEVEL,SNOW OR SLUSH,UNKNOWN,ON SCENE,INJURY AND / OR TOW DUE TO CRASH,,,,"OVER $1,500",01/06/2025 03:44:00 PM,WEATHER,WEATHER,4900,N,KEELER AVE,1712.0,,,,,,,3,NO INDICATION OF INJURY,0.0,0.0,0.0,0.0,0.0,1.0,0.0,15,2,1,41.970095064,-87.733165196,POINT (-87.733165195876 41.970095064164),2025-01-06 15:42:00
e806c82a31babcc1472a0ef120557556da4e01fdcbb98e3087e84599c48bd01dc5488f76644ce3b816d0874550dfbc23d6d4fe72391af55178fda636bc34c0a2,,01/06/2025 03:40:00 PM,30,NO CONTROLS,NO CONTROLS,SNOW,DAWN,TURNING,NOT DIVIDED,,STRAIGHT AND LEVEL,WET,NO DEFECTS,NOT ON SCENE (DESK REPORT),NO INJURY / DRIVE AWAY,,,,"OVER $1,500",01/06/2025 04:10:00 PM,FAILING TO YIELD RIGHT-OF-WAY,IMPROPER TURNING/NO SIGNAL,7030,S,ASHLAND AVE,735.0,,,,,,,2,NO INDICATION OF INJURY,0.0,0.0,0.0,0.0,0.0,2.0,0.0,15,2,1,41.76579077,-87.663966886,POINT (-87.663966886455 41.765790770432),2025-01-06 15:40:00
7a88819732c609a25faf2ff504355be7064abf6ec3d0510f6749a97e9edd3afbe9cbe886e473eedb3cb0a14290b93caff495d969e853b82fe8777553b07cd822,,01/06/2025 03:35:00 PM,30,NO CONTROLS,NO CONTROLS,RAIN,DAYLIGHT,REAR END,DIVIDED - W/MEDIAN BARRIER,,STRAIGHT AND LEVEL,WET,NO DEFECTS,ON SCENE,NO INJURY / DRIVE AWAY,,,,"OVER $1,500",01/06/2025 03:40:00 PM,FOLLOWING TOO CLOSELY,NOT APPLICABLE,172,N,BESSIE COLEMAN DR,1654.0,,,,,,,2,NO INDICATION OF INJURY,0.0,0.0,0.0,0.0,0.0,2.0,0.0,15,2,1,,,,2025-01-06 15:35:00
8ae77a1dbbfe52648227e6b7975328c724432682d33394688dfde181b161b240eed0864e5c79e8b3f8e3ae5860df08380fe8dd1910ff34e6ef32d591aebe216c,,01/06/2025 03:35:00 PM,40,NO CONTROLS,NO CONTROLS,BLOWING SNOW,DAYLIGHT,SIDESWIPE SAME DIRECTION,DIVIDED - W/MEDIAN (NOT RAISED),,STRAIGHT AND LEVEL,WET,NO DEFECTS,NOT ON SCENE (DESK REPORT),NO INJURY / DRIVE AWAY,,,Y,"OVER $1,500",01/06/2025 04:15:00 PM,FOLLOWING TOO CLOSELY,UNABLE TO DETERMINE,4600,N,LAKE SHORE DR SB,1914.0,,,,,,,2,NO INDICATION OF INJURY,0.0,0.0,0.0,0.0,0.0,2.0,0.0,15,2,1,41.965718488,-87.647476655,POINT (-87.647476655051 41.965718487888),2025-01-06 15:35:00
0abab4289c6d29c666afc6b6e47e9f29496bf9e0cd19fc5c4b3d837d64b2992a7a6e9cf56359c481967d70ad78198b371f32799c41bfc5bd7faca6e2bce1f159,,01/06/2025 03:33:00 PM,30,NO CONTROLS,NO CONTROLS,SNOW,DAYLIGHT,TURNING,NOT DIVIDED,,STRAIGHT AND LEVEL,SNOW OR SLUSH,NO DEFECTS,ON SCENE,INJURY AND / OR TOW DUE TO CRASH,,,,"OVER $1,500",01/06/2025 03:42:00 PM,WEATHER,NOT APPLICABLE,2730,N,CALIFORNIA AVE,1411.0,,,,,,,2,NO INDICATION OF INJURY,0.0,0.0,0.0,0.0,0.0,2.0,0.0,15,2,1,41.931211966,-87.697746131,POINT (-87.697746131056 41.931211965624),2025-01-06 15:33:00
222f0e120cfd260f312c1a7e76a0cae49173effd4f64ddd6127b44fd810b9faa311d2d6d451215fabbd41fefedc00c7cb140666a227e0a762155bad1f6b3ea17,,01/06/2025 03:30:00 PM,30,NO CONTROLS,NO CONTROLS,UNKNOWN,DAYLIGHT,REAR END,DIVIDED - W/MEDIAN (NOT RAISED),,STRAIGHT AND LEVEL,WET,UNKNOWN,NOT ON SCENE (DESK REPORT),NO INJURY / DRIVE AWAY,,,,"$501 - $1,500",01/06/2025 07:15:00 PM,UNABLE TO DETERMINE,NOT APPLICABLE,1851,N,CICERO AVE,2533.0,,,,,,,2,NO INDICATION OF INJURY,0.0,0.0,0.0,0.0,0.0,2.0,0.0,15,2,1,41.914748072,-87.745872115,POINT (-87.745872114699 41.914748071919),2025-01-06 15:30:00
2bdcab4a2cf0f867f2b24cd71f31a49af81b5ea4060273e60e8e073aac9546261e69607d290d5ad10bbe34718b655cc3be40177d3366b5ad59700b318a8498e3,,01/06/2025 03:30:00 PM,10,NO CONTROLS,NO CONTROLS,UNKNOWN,UNKNOWN,PARKED MOTOR VEHICLE,PARKING LOT,,STRAIGHT AND LEVEL,UNKNOWN,UNKNOWN,NOT ON SCENE (DESK REPORT),NO INJURY / DRIVE AWAY,,,Y,"OVER $1,500",01/07/2025 09:47:00 AM,UNABLE TO DETERMINE,NOT APPLICABLE,2746,N,CLYBOURN AVE,1931.0,,,,,,,2,NO INDICATION OF INJURY,0.0,0.0,0.0,0.0,0.0,1.0,0.0,15,2,1,41.931021006,-87.676864018,POINT (-87.676864018134 41.931021005798),2025-01-06 15:30:00
2e3bf30e800bc56a6814ec2fdca009be780e65e0e65bc38b975346a6ec0ada0c22ec1c41de1145625bd97c963d3880254b580bde3560dc2e1dbf824d4e156bd6,,01/06/2025 03:30:00 PM,25,NO CONTROLS,NO CONTROLS,SNOW,DAYLIGHT,PARKED MOTOR VEHICLE,ONE-WAY,,STRAIGHT AND LEVEL,ICE,NO DEFECTS,NOT ON SCENE (DESK REPORT),NO INJURY / DRIVE AWAY,,,,"OVER $1,500",01/06/2025 04:50:00 PM,WEATHER,DRIVING SKILLS/KNOWLEDGE/EXPERIENCE,956,W,NEWPORT AVE,1924.0,,,,,,,2,NO INDICATION OF INJURY,0.0,0.0,0.0,0.0,0.0,1.0,0.0,15,2,1,41.944568077,-87.654053053,POINT (-87.654053053096 41.944568077017),2025-01-06 15:30:00
9301ebb641ef10bacf8729a7aa7f7ca72390bf0dda00468b89824e9fb52706c1aab0f01c0ec950796fc206b67c0512f6b31fb9bcd042355705612a56cffd4ecd,,01/06/2025 03:30:00 PM,30,NO CONTROLS,NO CONTROLS,CLEAR,"DARKNESS, LIGHTED ROAD",PARKED MOTOR VEHICLE,NOT DIVIDED,,STRAIGHT AND LEVEL,WET,UNKNOWN,NOT ON SCENE (DESK REPORT),NO INJURY / DRIVE AWAY,,,Y,"OVER $1,500",01/07/2025 08:30:00 AM,UNABLE TO DETERMINE,UNABLE TO DETERMINE,2837,W,44TH ST,922.0,Y,,,,,,2,NO INDICATION OF INJURY,0.0,0.0,0.0,0.0,0.0,1.0,0.0,15,2,1,41.813595863,-87.695911077,POINT (-87.695911077194 41.813595863193),2025-01-06 15:30:00