CRASH_RECORD_ID,CRASH_DATE_EST_I,CRASH_DATE,POSTED_SPEED_LIMIT,TRAFFIC_CONTROL_DEVICE,DEVICE_CONDITION,WEATHER_CONDITION,LIGHTING_CONDITION,FIRST_CRASH_TYPE,TRAFFICWAY_TYPE,LANE_CNT,ALIGNMENT,ROADWAY_SURFACE_COND,ROAD_DEFECT,REPORT_TYPE,CRASH_TYPE,INTERSECTION_RELATED_I,NOT_RIGHT_OF_WAY_I,HIT_AND_RUN_I,DAMAGE,DATE_POLICE_NOTIFIED,PRIM_CONTRIBUTORY_CAUSE,SEC_CONTRIBUTORY_CAUSE,STREET_NO,STREET_DIRECTION,STREET_NAME,BEAT_OF_OCCURRENCE,PHOTOS_TAKEN_I,STATEMENTS_TAKEN_I,DOORING_I,WORK_ZONE_I,WORK_ZONE_TYPE,WORKERS_PRESENT_I,NUM_UNITS,MOST_SEVERE_INJURY,INJURIES_TOTAL,INJURIES_FATAL,INJURIES_INCAPACITATING,INJURIES_NON_INCAPACITATING,INJURIES_REPORTED_NOT_EVIDENT,INJURIES_NO_INDICATION,INJURIES_UNKNOWN,CRASH_HOUR,CRASH_DAY_OF_WEEK,CRASH_MONTH,LATITUDE,LONGITUDE,LOCATION,timestamp
9b755c1458e521546ab9135530e5d50460b5fb58e1ea4e3c2c42ea9304780dfdb12d9465dc9bc619a6da32cb106c36e4bafb6d7410e4ba6cc15cf3bbcb17f9bd,,01/06/2025 03:30:00 PM,20,STOP SIGN/FLASHER,NO CONTROLS,FREEZING RAIN/DRIZZLE,DAYLIGHT,REAR END,ONE-WAY,,STRAIGHT AND LEVEL,ICE,UNKNOWN,ON SCENE,NO INJURY / DRIVE AWAY,,,,"OVER $1,500",01/06/2025 03:31:00 PM,UNABLE TO DETERMINE,UNABLE TO DETERMINE,8601,W,SUMMERDALE AVE,1614.0,,,,,,,3,NO INDICATION OF INJURY,0.0,0.0,0.0,0.0,0.0,3.0,0.0,15,2,1,41.975933965,-87.84166333,POINT (-87.841663330261 41.975933964908),2025-01-06 15:30:00
ad5068cc024a122e393eae1d507676db6799fe0cda03907ae0b6fb345b84c69c6838fb1877391b158522400dbafc8674f2ec257d7340d48f585ca66819789ab1,,01/06/2025 03:30:00 PM,30,NO CONTROLS,NO CONTROLS,CLEAR,DAYLIGHT,ANGLE,ALLEY,,STRAIGHT AND LEVEL,UNKNOWN,NO DEFECTS,NOT ON SCENE (DESK REPORT),NO INJURY / DRIVE AWAY,,,,"$501 - $1,500",01/13/2025 04:24:00 PM,FAILING TO YIELD RIGHT-OF-WAY,FAILING TO REDUCE SPEED TO AVOID CRASH,465,W,109TH ST,2233.0,,,,,,,2,NO INDICATION OF INJURY,0.0,0.0,0.0,0.0,0.0,2.0,0.0,15,2,1,41.695977286,-87.635189807,POINT (-87.63518980656 41.695977285522),2025-01-06 15:30:00
c873b74929d0db065cf708f36dd6cc3a54bab44ee47481d231cbd3f0de8984be6c6fdfa939d54e3e1f8ccbedcc900ebefb1ada9f942859a7f6ba4f4b54ca15f9,,01/06/2025 03:30:00 PM,30,NO CONTROLS,NO CONTROLS,SNOW,DAYLIGHT,PARKED MOTOR VEHICLE,ONE-WAY,,STRAIGHT AND LEVEL,SNOW OR SLUSH,NO DEFECTS,NOT ON SCENE (DESK REPORT),NO INJURY / DRIVE AWAY,,,,"OVER $1,500",01/06/2025 04:40:00 PM,NOT APPLICABLE,NOT APPLICABLE,5400,S,ARTESIAN AVE,923.0,,,,,,,2,NO INDICATION OF INJURY,0.0,0.0,0.0,0.0,0.0,4.0,0.0,15,2,1,41.795137744,-87.686020114,POINT (-87.686020113729 41.79513774427),2025-01-06 15:30:00
7a2510b42ba22a7a61595311e9af70e1f66f8e8049b205c9c3c4d0b5348ea0d3c652bad68033b46ad459a5aca72f3e5101c1273f25926f8e81180b8d0c7a03e2,,01/06/2025 03:27:00 PM,25,TRAFFIC SIGNAL,FUNCTIONING PROPERLY,FREEZING RAIN/DRIZZLE,DAYLIGHT,SIDESWIPE OPPOSITE DIRECTION,NOT DIVIDED,,STRAIGHT AND LEVEL,ICE,NO DEFECTS,ON SCENE,NO INJURY / DRIVE AWAY,Y,,,"OVER $1,500",01/06/2025 03:27:00 PM,FAILING TO YIELD RIGHT-OF-WAY,FAILING TO YIELD RIGHT-OF-WAY,2200,S,MARSHALL BLVD,1033.0,,,,,,,2,NO INDICATION OF INJURY,0.0,0.0,0.0,0.0,0.0,2.0,0.0,15,2,1,41.851759658,-87.699233125,POINT (-87.699233125107 41.85175965791),2025-01-06 15:27:00
ddb9ca70cf0617fe8c1fffb8132454ebf21843d1e4e39d4d195bfb9dd76000d9b10abe6be266e6218d1815bdc61ade8b33cb0e9863c837a949ba951f10a274dd,,01/06/2025 03:22:00 PM,30,STOP SIGN/FLASHER,NO CONTROLS,FREEZING RAIN/DRIZZLE,DAWN,ANGLE,T-INTERSECTION,,STRAIGHT AND LEVEL,SNOW OR SLUSH,NO DEFECTS,ON SCENE,INJURY AND / OR TOW DUE TO CRASH,Y,,,"OVER $1,500",01/06/2025 03:36:00 PM,FAILING TO YIELD RIGHT-OF-WAY,DRIVING SKILLS/KNOWLEDGE/EXPERIENCE,2400,W,53RD ST,923.0,,,,,,,2,NONINCAPACITATING INJURY,3.0,0.0,0.0,3.0,0.0,0.0,0.0,15,2,1,41.797619505,-87.684165396,POINT (-87.684165396419 41.797619504824),2025-01-06 15:22:00
309b3ebff733896a31b7ca0504ed46a8063ed32dfb8fce209e6da6c684267238ee237ff827a56a87a216d06299f666dcb5540f8ef80df1a172bf669000404f62,,01/06/2025 03:20:00 PM,20,STOP SIGN/FLASHER,FUNCTIONING PROPERLY,SNOW,DAYLIGHT,ANGLE,OTHER,,STRAIGHT AND LEVEL,SNOW OR SLUSH,UNKNOWN,NOT ON SCENE (DESK REPORT),NO INJURY / DRIVE AWAY,Y,,,"OVER $1,500",01/06/2025 04:30:00 PM,FAILING TO YIELD RIGHT-OF-WAY,UNABLE TO DETERMINE,6400,S,WOOD ST,726.0,,,,,,,2,NO INDICATION OF INJURY,0.0,0.0,0.0,0.0,0.0,2.0,0.0,15,2,1,41.777495663,-87.669191728,POINT (-87.669191728227 41.777495662983),2025-01-06 15:20:00
60445369375e3b8328b77fedaa4c39cf357ad69546a8db6cd223f41d7a439dffc4e9cc3e271d3da4dcbe1013a1fd98c7e339999c2a8852bcfc09c501bf216f17,Y,01/06/2025 03:20:00 PM,15,NO CONTROLS,NO CONTROLS,SLEET/HAIL,DAYLIGHT,SIDESWIPE SAME DIRECTION,NOT DIVIDED,,STRAIGHT AND LEVEL,SNOW OR SLUSH,UNKNOWN,ON SCENE,NO INJURY / DRIVE AWAY,,,,$500 OR LESS,01/06/2025 03:26:00 PM,IMPROPER OVERTAKING/PASSING,FAILING TO YIELD RIGHT-OF-WAY,3218,W,38TH ST,911.0,,,,,,,2,NO INDICATION OF INJURY,0.0,0.0,0.0,0.0,0.0,3.0,0.0,15,2,1,41.824499074,-87.705259402,POINT (-87.705259401701 41.824499073929),2025-01-06 15:20:00
ce788ca7de46a07ba2fa790bb299ee100f5af254e4581271956a28c6e686595e34bff53d9c3c7cad0c5d8011feff8ff64dd589e85ed73ba08cadfcc2d611f2fb,,01/06/2025 03:20:00 PM,30,STOP SIGN/FLASHER,FUNCTIONING PROPERLY,CLOUDY/OVERCAST,DAYLIGHT,REAR END,DIVIDED - W/MEDIAN (NOT RAISED),,STRAIGHT ON GRADE,DRY,NO DEFECTS,NOT ON SCENE (DESK REPORT),NO INJURY / DRIVE AWAY,,,,"$501 - $1,500",01/07/2025 08:08:00 AM,UNABLE TO DETERMINE,UNABLE TO DETERMINE,1855,W,DIVERSEY PKWY,1931.0,,,,,,,2,NO INDICATION OF INJURY,0.0,0.0,0.0,0.0,0.0,3.0,0.0,15,2,1,41.932214179,-87.674987201,POINT (-87.67498720121 41.932214179072),2025-01-06 15:20:00
3e7d85a7bad0f7643b73d712de9a188c34800d557e6a05f4996af437211abda28ed865f28c393a834fce956e441fd9eba4b7e5db55dc3ae23cd0177f8c66931c,,01/06/2025 03:15:00 PM,30,NO CONTROLS,NO CONTROLS,CLEAR,DAYLIGHT,PARKED MOTOR VEHICLE,NOT DIVIDED,,STRAIGHT AND LEVEL,UNKNOWN,NO DEFECTS,NOT ON SCENE (DESK REPORT),NO INJURY / DRIVE AWAY,,,,"OVER $1,500",01/07/2025 07:20:00 AM,UNABLE TO DETERMINE,NOT APPLICABLE,512,N,FRANKLIN ST,1831.0,,,,,,,2,NO INDICATION OF INJURY,0.0,0.0,0.0,0.0,0.0,1.0,0.0,15,2,1,41.891237849,-87.635714712,POINT (-87.635714712055 41.891237849295),2025-01-06 15:15:00
c58966a186fa549e9741ebe6bbf8d5e947b9f024fe5f212712b90d6ac4860bab5addc38f150da1c7f7a992dd8afca7b8e05a20893b368a41567254d1f022178f,,01/06/2025 03:15:00 PM,30,TRAFFIC SIGNAL,FUNCTIONING IMPROPERLY,UNKNOWN,DAYLIGHT,REAR END,DIVIDED - W/MEDIAN (NOT RAISED),,STRAIGHT AND LEVEL,UNKNOWN,UNKNOWN,NOT ON SCENE (DESK REPORT),NO INJURY / DRIVE AWAY,,,,"OVER $1,500",01/07/2025 04:20:00 PM,FOLLOWING TOO CLOSELY,NOT APPLICABLE,2959,N,MILWAUKEE AVE,1412.0,,,,,,,2,NO INDICATION OF INJURY,0.0,0.0,0.0,0.0,0.0,3.0,0.0,15,2,1,41.935106914,-87.717072152,POINT (-87.717072152195 41.935106914488),2025-01-06 15:15:00
f2418ded55faee00e876a67f7b1d4884e3d45e21ea72ff4e437f04e84353e47cc286d842e9c6bd5756002a6716a8fdfa25b2b6291e81106cd1e3414a685359c0,,01/06/2025 03:15:00 PM,30,STOP SIGN/FLASHER,FUNCTIONING PROPERLY,SNOW,DAYLIGHT,REAR END,ONE-WAY,,STRAIGHT AND LEVEL,ICE,NO DEFECTS,NOT ON SCENE (DESK REPORT),NO INJURY / DRIVE AWAY,,,,"$501 - $1,500",01/06/2025 04:10:00 PM,WEATHER,UNABLE TO DETERMINE,3000,N,NATOMA AVE,2511.0,,,,,,,2,NO INDICATION OF INJURY,0.0,0.0,0.0,0.0,0.0,2.0,0.0,15,2,1,41.934666073,-87.792067483,POINT (-87.792067483085 41.934666073067),2025-01-06 15:15:00
759fd4e2cc6e1e6ebe219e8ed54c864cf00d6d8a993635b77ca5ac597b79746d0e7fa6c7328405f504dac6710030964d9a2b121c714477eeb79f2f571b17de67,,01/06/2025 03:11:00 PM,25,NO CONTROLS,NO CONTROLS,SNOW,DAYLIGHT,PARKED MOTOR VEHICLE,NOT DIVIDED,,STRAIGHT AND LEVEL,WET,NO DEFECTS,ON SCENE,NO INJURY / DRIVE AWAY,,,,$500 OR LESS,01/06/2025 03:11:00 PM,FAILING TO REDUCE SPEED TO AVOID CRASH,FAILING TO REDUCE SPEED TO AVOID CRASH,4120,S,CALIFORNIA AVE,921.0,,,,,,,2,NO INDICATION OF INJURY,0.0,0.0,0.0,0.0,0.0,6.0,0.0,15,2,1,41.819130177,-87.694686843,POINT (-87.694686842889 41.819130176994),2025-01-06 15:11:00
fbe355e083099d680f3b22453446ec5179c12208fcf56a23bb1701ec6ce90671636f69c51cccdbb8470c1270fc1ef7242762306804287c5817cf37792e535534,,01/06/2025 03:08:00 PM,30,TRAFFIC SIGNAL,FUNCTIONING PROPERLY,CLEAR,DUSK,TURNING,FOUR WAY,,STRAIGHT AND LEVEL,WET,NO DEFECTS,ON SCENE,NO INJURY / DRIVE AWAY,,,,"OVER $1,500",01/06/2025 03:10:00 PM,DRIVING SKILLS/KNOWLEDGE/EXPERIENCE,UNABLE TO DETERMINE,524,W,OHARE ST,1654.0,,,,,,,2,NO INDICATION OF INJURY,0.0,0.0,0.0,0.0,0.0,2.0,0.0,15,2,1,,,,2025-01-06 15:08:00
34fc83576b4f71112fdb56f0d4696c606bed3760c108ccde77c6bd904b0554ce2984cb6aa03957857451892f91e4da3e96889d25df4411aff4df0b1e8b6217db,,01/06/2025 03:07:00 PM,30,NO CONTROLS,NO CONTROLS,SNOW,DAYLIGHT,TURNING,NOT DIVIDED,,STRAIGHT AND LEVEL,WET,NO DEFECTS,NOT ON SCENE (DESK REPORT),NO INJURY / DRIVE AWAY,,,,"OVER $1,500",01/06/2025 04:01:00 PM,NOT APPLICABLE,NOT APPLICABLE,4550,S,PULASKI RD,815.0,,,,,,,2,NO INDICATION OF INJURY,0.0,0.0,0.0,0.0,0.0,4.0,0.0,15,2,1,41.810019592,-87.723810008,POINT (-87.723810007525 41.810019592129),2025-01-06 15:07:00
0f04d53d3bd896a6e3b52f2d1f982c9f6aaf36678e409d71b971522bf964de1bb11cfedb2cb99792e2b5e221fcfc8756e158e2b280d5287ac9327507cecc014a,,01/06/2025 03:05:00 PM,30,TRAFFIC SIGNAL,FUNCTIONING PROPERLY,SNOW,DAYLIGHT,REAR END,FOUR WAY,,STRAIGHT AND LEVEL,SNOW OR SLUSH,NO DEFECTS,ON SCENE,NO INJURY / DRIVE AWAY,Y,,Y,"OVER $1,500",01/06/2025 03:37:00 PM,FOLLOWING TOO CLOSELY,WEATHER,3710,S,WESTERN AVE,911.0,,,,,,,2,NO INDICATION OF INJURY,0.0,0.0,0.0,0.0,0.0,4.0,0.0,15,2,1,41.826139309,-87.685056712,POINT (-87.685056712063 41.826139308522),2025-01-06 15:05:00
8bfed8379c94d0e932eb0eacc597bedfc277c43b89d8f50c4f61d866248d49646603019bcdcaa8cc92f25f3f07d8a3a656934607f0b24fd335f68af248a346a3,,01/06/2025 03:03:00 PM,30,TRAFFIC SIGNAL,FUNCTIONING PROPERLY,CLEAR,DAYLIGHT,REAR END,FOUR WAY,,STRAIGHT AND LEVEL,WET,NO DEFECTS,NOT ON SCENE (DESK REPORT),NO INJURY / DRIVE AWAY,,,,"OVER $1,500",01/06/2025 05:59:00 PM,FOLLOWING TOO CLOSELY,FOLLOWING TOO CLOSELY,9500,S,HALSTED ST,2223.0,,,,,,,2,NO INDICATION OF INJURY,0.0,0.0,0.0,0.0,0.0,2.0,0.0,15,2,1,41.721365061,-87.643358042,POINT (-87.643358042341 41.721365060783),2025-01-06 15:03:00
1df033e0ea76a7d4ea156bffc31c0ad4791add3bb40a1e6851362b7c04502c38a99fd46e4cc2ca884c5f732f201ee96702678c287191e88a78c5a05f7735e2f9,,01/06/2025 03:00:00 PM,20,UNKNOWN,UNKNOWN,UNKNOWN,UNKNOWN,PARKED MOTOR VEHICLE,NOT DIVIDED,,STRAIGHT AND LEVEL,UNKNOWN,UNKNOWN,NOT ON SCENE (DESK REPORT),NO INJURY / DRIVE AWAY,,,Y,"OVER $1,500",01/07/2025 10:30:00 AM,UNABLE TO DETERMINE,NOT APPLICABLE,5047,N,CENTRAL PARK AVE,1712.0,,,,,,,2,NO INDICATION OF INJURY,0.0,0.0,0.0,0.0,0.0,1.0,0.0,15,2,1,41.973390044,-87.718245435,POINT (-87.71824543518 41.973390043838),2025-01-06 15:00:00
3948ea02ccfc3543461f38dffe81f7dcdb6fde724f038e5b086ad02fe1dcb3320b117e9b9789f579a5086036b191d23de06706f848d3fafd10e7e9a9858d3e13,,01/06/2025 03:00:00 PM,25,STOP SIGN/FLASHER,FUNCTIONING PROPERLY,SNOW,DARKNESS,REAR END,NOT DIVIDED,,STRAIGHT AND LEVEL,WET,NO DEFECTS,NOT ON SCENE (DESK REPORT),NO INJURY / DRIVE AWAY,,,Y,$500 OR LESS,01/06/2025 07:30:00 PM,"OPERATING VEHICLE IN ERRATIC, RECKLESS, CARELESS, NEGLIGENT OR AGGRESSIVE MANNER","OPERATING VEHICLE IN ERRATIC, RECKLESS, CARELESS, NEGLIGENT OR AGGRESSIVE MANNER",1000,N,LAKE SHORE DR,1824.0,,,,,,,2,NO INDICATION OF INJURY,0.0,0.0,0.0,0.0,0.0,2.0,0.0,15,2,1,41.900752974,-87.624235,POINT (-87.62423499978 41.900752974042),2025-01-06 15:00:00
60aa315a67aa528a48ac1c225b88157895b3f334b3e5c97d14134832be0905cf5fc881c65eb88ed8d0e40b5f3536162aee79b8cd817488e6aba612712f96b80f,,01/06/2025 03:00:00 PM,30,NO CONTROLS,NO CONTROLS,SNOW,DAYLIGHT,PARKED MOTOR VEHICLE,ONE-WAY,,STRAIGHT AND LEVEL,SNOW OR SLUSH,NO DEFECTS,ON SCENE,NO INJURY / DRIVE AWAY,,,,"OVER $1,500",01/06/2025 03:01:00 PM,NOT APPLICABLE,NOT APPLICABLE,924,W,NEWPORT AVE,1924.0,N,,,,,,2,NO INDICATION OF INJURY,0.0,0.0,0.0,0.0,0.0,2.0,0.0,15,2,1,41.944584188,-87.65293923,POINT (-87.652939230257 41.944584187644),2025-01-06 15:00:00
64f6cf92c01cc4d98b9fe0d2a545b18eea6082249a15bbbae494f2857467e47ca9833b8e82ad760bc53195e24557059380787dcee91d00b893b8850ec3e4bd2e,,01/06/2025 03:00:00 PM,30,NO CONTROLS,NO CONTROLS,CLEAR,DAYLIGHT,PARKED MOTOR VEHICLE,NOT DIVIDED,,STRAIGHT AND LEVEL,UNKNOWN,NO DEFECTS,NOT ON SCENE (DESK REPORT),NO INJURY / DRIVE AWAY,,,,$500 OR LESS,01/06/2025 04:40:00 PM,DRIVING SKILLS/KNOWLEDGE/EXPERIENCE,NOT APPLICABLE,6732,W,54TH ST,811.0,,,,,,,2,NO INDICATION OF INJURY,0.0,0.0,0.0,0.0,0.0,1.0,0.0,15,2,1,41.794218798,-87.790472077,POINT (-87.790472077389 41.794218798027),2025-01-06 15:00:00
6d99e2135956b8ba229002cdec5f1994d35fcdb43c22c470eafa13ab0dc3f04c5626cd3aeb58ec5c9332e6f6410059d9d2cf3ba3d9373fadc553d467e4fc88d6,,01/06/2025 03:00:00 PM,30,NO CONTROLS,NO CONTROLS,CLEAR,DAYLIGHT,PARKED MOTOR VEHICLE,PARKING LOT,,STRAIGHT AND LEVEL,DRY,NO DEFECTS,NOT ON SCENE (DESK REPORT),NO INJURY / DRIVE AWAY,,Y,,"OVER $1,500",01/07/2025 04:22:00 PM,UNABLE TO DETERMINE,NOT APPLICABLE,525,N,ARMOUR ST,1215.0,,,,,,,2,NO INDICATION OF INJURY,0.0,0.0,0.0,0.0,0.0,1.0,0.0,15,2,1,41.891797032,-87.665389277,POINT (-87.665389276892 41.891797032456),2025-01-06 15:00:00
d967d615857257c90424d4348f29c506992ec8f21a956486136e1b74f9e2d99bf6a27cf4c925caeec44f9b0ab9fd5bd1392b19e7710fff568263f90c699e1a12,,01/06/2025 03:00:00 PM,30,NO CONTROLS,NO CONTROLS,CLEAR,DAYLIGHT,ANGLE,DIVIDED - W/MEDIAN (NOT RAISED),,STRAIGHT AND LEVEL,SNOW OR SLUSH,NO DEFECTS,NOT ON SCENE (DESK REPORT),NO INJURY / DRIVE AWAY,,,,"$501 - $1,500",01/06/2025 09:10:00 PM,UNABLE TO DETERMINE,NOT APPLICABLE,3332,W,58TH ST,822.0,,,,,,,2,NO INDICATION OF INJURY,0.0,0.0,0.0,0.0,0.0,2.0,0.0,15,2,1,41.78811585,-87.707138629,POINT (-87.707138628725 41.788115849865),2025-01-06 15:00:00
f4122006b45eef1128e4f14de02551bcfb00a47cb8bcd5e221e26ccad020a9f25f6c2a82838bae9740dbd2fed882c1ef244fc490ac9b9e69ea78a8440f5a1753,N,01/06/2025 03:00:00 PM,15,NO CONTROLS,NO CONTROLS,UNKNOWN,UNKNOWN,PARKED MOTOR VEHICLE,NOT DIVIDED,,STRAIGHT AND LEVEL,UNKNOWN,NO DEFECTS,NOT ON SCENE (DESK REPORT),NO INJURY / DRIVE AWAY,,,Y,"OVER $1,500",01/06/2025 04:27:00 PM,UNABLE TO DETERMINE,NOT APPLICABLE,2118,W,90TH ST,2221.0,,,,,,,2,NO INDICATION OF INJURY,0.0,0.0,0.0,0.0,0.0,1.0,0.0,15,2,1,41.730274818,-87.675466081,POINT (-87.675466080993 41.730274818341),2025-01-06 15:00:00
356f6fbb4b281c61257167f194f3d3b956b81b61d805945c46131a775aee3d1525334db04caddf839bbca70f158b4c77d604898811761ad71a7bcfd8e860b72e,,01/06/2025 02:59:00 PM,30,NO CONTROLS,NO CONTROLS,SNOW,DAYLIGHT,OTHER OBJECT,ONE-WAY,,STRAIGHT AND LEVEL,WET,NO DEFECTS,ON SCENE,INJURY AND / OR TOW DUE TO CRASH,,,,$500 OR LESS,01/06/2025 03:01:00 PM,PHYSICAL CONDITION OF DRIVER,WEATHER,4300,S,MICHIGAN AVE,215.0,,,,,,,1,"REPORTED, NOT EVIDENT",1.0,0.0,0.0,0.0,1.0,0.0,0.0,14,2,1,41.816447072,-87.623175874,POINT (-87.623175873911 41.816447071893),2025-01-06 14:59:00
247796e61f41832a1bf2f68e5c568c5e6fa51d87ad36c5321c8ffb1289d074f2fb840456d71b0742554088ea9828f70bb79fbb06c60861b4b56ece30ee1e68a3,,01/06/2025 02:55:00 PM,30,NO CONTROLS,NO CONTROLS,SNOW,DAYLIGHT,ANGLE,ALLEY,,STRAIGHT AND LEVEL,SNOW OR SLUSH,NO DEFECTS,ON SCENE,NO INJURY / DRIVE AWAY,Y,,,"OVER $1,500",01/06/2025 02:57:00 PM,FAILING TO YIELD RIGHT-OF-WAY,WEATHER,5300,N,DAMEN AVE,2012.0,,,,,,,2,NO INDICATION OF INJURY,0.0,0.0,0.0,0.0,0.0,2.0,0.0,14,2,1,41.977892642,-87.679607193,POINT (-87.679607192658 41.977892642182),2025-01-06 14:55:00
dea2606c0660cc8e1b2afaa033262ad84cf60943ca440534b15649e61f9e7fb573fc0a048a968200431e8c257215308b8464cdb2b29eb47493f76c50c6ffc1e3,,01/06/2025 02:52:00 PM,25,STOP SIGN/FLASHER,FUNCTIONING PROPERLY,RAIN,DAYLIGHT,REAR END,ONE-WAY,,STRAIGHT ON GRADE,WET,NO DEFECTS,NOT ON SCENE (DESK REPORT),NO INJURY / DRIVE AWAY,,,,"$501 - $1,500",01/06/2025 04:47:00 PM,FOLLOWING TOO CLOSELY,FOLLOWING TOO CLOSELY,6101,S,MOODY AVE,812.0,,,,,,,2,NO INDICATION OF INJURY,0.0,0.0,0.0,0.0,0.0,4.0,0.0,14,2,1,41.781374349,-87.775144452,POINT (-87.775144451632 41.78137434898),2025-01-06 14:52:00
834416396669667fd89db95ba37a46e8c691100f5ebe686167147d663671f6bd62e53118a78f9fa8ae51060ff23c1f5fb4917ed8cde7205039947eb32e4a3b02,,01/06/2025 02:50:00 PM,30,NO CONTROLS,NO CONTROLS,SNOW,DAYLIGHT,SIDESWIPE SAME DIRECTION,NOT DIVIDED,,STRAIGHT AND LEVEL,SNOW OR SLUSH,NO DEFECTS,NOT ON SCENE (DESK REPORT),NO INJURY / DRIVE AWAY,,,Y,"OVER $1,500",01/06/2025 05:30:00 PM,UNABLE TO DETERMINE,UNABLE TO DETERMINE,3510,N,LAKE SHORE DR,1925.0,,,,,,,2,NO INDICATION OF INJURY,0.0,0.0,0.0,0.0,0.0,2.0,0.0,14,2,1,41.947058024,-87.642702694,POINT (-87.642702694095 41.947058024371),2025-01-06 14:50:00
cb4b58391e0375ea84f8cb51f4e4bd00464c61e89c157d8fe7ea0d842700c503cd3dfa49e3d4105fcc080279ad273c5d61c87ba1254816d4d94e4afdc3d32287,,01/06/2025 02:50:00 PM,30,TRAFFIC SIGNAL,FUNCTIONING PROPERLY,SNOW,DAYLIGHT,TURNING,NOT DIVIDED,,STRAIGHT AND LEVEL,SNOW OR SLUSH,NO DEFECTS,ON SCENE,NO INJURY / DRIVE AWAY,Y,,Y,"$501 - $1,500",01/06/2025 02:59:00 PM,UNABLE TO DETERMINE,UNABLE TO DETERMINE,5155,N,CENTRAL AVE,1623.0,,,,,,,2,NO INDICATION OF INJURY,0.0,0.0,0.0,0.0,0.0,3.0,0.0,14,2,1,41.975174874,-87.7683442,POINT (-87.768344200415 41.975174873583),2025-01-06 14:50:00
adb28a5c40afb3c9ec79bbb289c46cd1eec611c66dd0bc4c417b9da081a59a64a3b06cdfd5287a5fd3561ec03f543fe0654dbd107a5c4c16aad903fef44dc27a,,01/06/2025 02:46:00 PM,30,NO CONTROLS,NO CONTROLS,RAIN,DUSK,PARKED MOTOR VEHICLE,DIVIDED - W/MEDIAN (NOT RAISED),,STRAIGHT AND LEVEL,WET,NO DEFECTS,ON SCENE,NO INJURY / DRIVE AWAY,,,,"$501 - $1,500",01/06/2025 04:28:00 PM,FOLLOWING TOO CLOSELY,NOT APPLICABLE,6766,W,53RD ST,811.0,,,,,,,2,NO INDICATION OF INJURY,0.0,0.0,0.0,0.0,0.0,1.0,0.0,14,2,1,41.796016369,-87.791619139,POINT (-87.791619138976 41.796016368965),2025-01-06 14:46:00
61107d4932025c11c2402f0877d760af591cf75e58e4220853062177147772da88a6209fbbcc38876fd496e1f3c477b6e8f45c466907f8a3272eeae44580e78c,,01/06/2025 02:35:00 PM,30,TRAFFIC SIGNAL,FUNCTIONING PROPERLY,SNOW,DAYLIGHT,PEDESTRIAN,FOUR WAY,,STRAIGHT AND LEVEL,SNOW OR SLUSH,NO DEFECTS,ON SCENE,INJURY AND / OR TOW DUE TO CRASH,Y,,,$500 OR LESS,01/06/2025 04:20:00 PM,UNABLE TO DETERMINE,UNABLE TO DETERMINE,790,S,WESTERN AVE,1135.0,,,,,,,3,NONINCAPACITATING INJURY,2.0,0.0,0.0,2.0,0.0,1.0,0.0,14,2,1,41.871166356,-87.686311773,POINT (-87.686311772601 41.871166356138),2025-01-06 14:35:00
88f0384e1c9ffe5c4cdc378f2462ea4d100665b2166cfba3ca0ba2379c9de17f43c58160bee49eaede66c3208cedfa3420a7686f392278f4a7575b8800c54b7f,,01/06/2025 02:35:00 PM,30,STOP SIGN/FLASHER,FUNCTIONING PROPERLY,CLEAR,DAYLIGHT,REAR END,ONE-WAY,,STRAIGHT AND LEVEL,WET,UNKNOWN,NOT ON SCENE (DESK REPORT),NO INJURY / DRIVE AWAY,,,,"OVER $1,500",01/06/2025 05:15:00 PM,FOLLOWING TOO CLOSELY,NOT APPLICABLE,6000,W,63RD PL,812.0,,,,,,,2,NO INDICATION OF INJURY,0.0,0.0,0.0,0.0,0.0,2.0,0.0,14,2,1,41.777073036,-87.771585983,POINT (-87.771585983038 41.777073036068),2025-01-06 14:35:00
10095d055cbd1b4aea9f991c13686101bae0a0cbbe4e96f736f3cb4205dd1d202d1cb602d85cfaa3ffc0191d810955059e8ce24e85c059d5336c9dd136ff2ff6,,01/06/2025 02:30:00 PM,20,NO CONTROLS,NO CONTROLS,CLOUDY/OVERCAST,DAYLIGHT,PARKED MOTOR VEHICLE,PARKING LOT,,STRAIGHT AND LEVEL,WET,NO DEFECTS,NOT ON SCENE (DESK REPORT),NO INJURY / DRIVE AWAY,,Y,,"$501 - $1,500",01/06/2025 02:50:00 PM,UNABLE TO DETERMINE,UNABLE TO DETERMINE,1430,S,ASHLAND AVE,1233.0,,,,,,,2,NO INDICATION OF INJURY,0.0,0.0,0.0,0.0,0.0,5.0,0.0,14,2,1,41.862402425,-87.666418968,POINT (-87.666418968157 41.862402424927),2025-01-06 14:30:00