CRASH_RECORD_ID,CRASH_DATE_EST_I,CRASH_DATE,POSTED_SPEED_LIMIT,TRAFFIC_CONTROL_DEVICE,DEVICE_CONDITION,WEATHER_CONDITION,LIGHTING_CONDITION,FIRST_CRASH_TYPE,TRAFFICWAY_TYPE,LANE_CNT,ALIGNMENT,ROADWAY_SURFACE_COND,ROAD_DEFECT,REPORT_TYPE,CRASH_TYPE,INTERSECTION_RELATED_I,NOT_RIGHT_OF_WAY_I,HIT_AND_RUN_I,DAMAGE,DATE_POLICE_NOTIFIED,PRIM_CONTRIBUTORY_CAUSE,SEC_CONTRIBUTORY_CAUSE,STREET_NO,STREET_DIRECTION,STREET_NAME,BEAT_OF_OCCURRENCE,PHOTOS_TAKEN_I,STATEMENTS_TAKEN_I,DOORING_I,WORK_ZONE_I,WORK_ZONE_TYPE,WORKERS_PRESENT_I,NUM_UNITS,MOST_SEVERE_INJURY,INJURIES_TOTAL,INJURIES_FATAL,INJURIES_INCAPACITATING,INJURIES_NON_INCAPACITATING,INJURIES_REPORTED_NOT_EVIDENT,INJURIES_NO_INDICATION,INJURIES_UNKNOWN,CRASH_HOUR,CRASH_DAY_OF_WEEK,CRASH_MONTH,LATITUDE,LONGITUDE,LOCATION,timestamp
24884f85cd13c3e23bb1fc0b75ec1c5f2cc815377876cdc9757ee6b0ffc214ad1b704d858f0984b49dbde64efba4dfa8ed8df503f9509e364d14424569a00a24,Y,01/06/2025 02:30:00 PM,15,STOP SIGN/FLASHER,FUNCTIONING PROPERLY,SNOW,"DARKNESS, LIGHTED ROAD",PARKED MOTOR VEHICLE,NOT DIVIDED,,STRAIGHT AND LEVEL,SNOW OR SLUSH,NO DEFECTS,NOT ON SCENE (DESK REPORT),NO INJURY / DRIVE AWAY,,,Y,"OVER $1,500",01/07/2025 08:20:00 AM,UNABLE TO DETERMINE,UNABLE TO DETERMINE,5757,W,BELDEN AVE,2515.0,,,,,,,2,NO INDICATION OF INJURY,0.0,0.0,0.0,0.0,0.0,1.0,0.0,14,2,1,41.921973544,-87.770646444,POINT (-87.770646444101 41.921973543792),2025-01-06 14:30:00
4dfff08dc8ecbabfec5e308271546b9bd1565b0f3186939be7d7b6d866fb7246c3d8ffbbffb23ba7a40dbe9284ef6487a3c8451698a74503b45c29dbb852700a,,01/06/2025 02:30:00 PM,30,TRAFFIC SIGNAL,FUNCTIONING PROPERLY,SNOW,DAYLIGHT,TURNING,NOT DIVIDED,,STRAIGHT AND LEVEL,SNOW OR SLUSH,NO DEFECTS,ON SCENE,INJURY AND / OR TOW DUE TO CRASH,Y,,,"OVER $1,500",01/06/2025 02:31:00 PM,UNABLE TO DETERMINE,UNABLE TO DETERMINE,11162,S,VINCENNES AVE,2212.0,,,,,,,2,NONINCAPACITATING INJURY,2.0,0.0,0.0,2.0,0.0,0.0,0.0,14,2,1,41.690552264,-87.664535412,POINT (-87.664535411636 41.690552263916),2025-01-06 14:30:00
5d96d764714c0313d463287072ea83fdfb8ccd837ee466be3f90b7441c55755d1931864b118fa08540122f632f6eb7d6f41522351a6c9db8c624e0020e10fee5,,01/06/2025 02:30:00 PM,30,NO CONTROLS,NO CONTROLS,CLEAR,DAYLIGHT,REAR END,NOT DIVIDED,,STRAIGHT AND LEVEL,WET,UNKNOWN,NOT ON SCENE (DESK REPORT),NO INJURY / DRIVE AWAY,,,Y,"OVER $1,500",01/06/2025 03:10:00 PM,FOLLOWING TOO CLOSELY,NOT APPLICABLE,4852,S,PULASKI RD,815.0,,,,,,,2,NO INDICATION OF INJURY,0.0,0.0,0.0,0.0,0.0,3.0,0.0,14,2,1,41.804468259,-87.7236327,POINT (-87.72363270043 41.804468259258),2025-01-06 14:30:00
8edbd37f0e4ffcb062626bb381c4408ec784dbfda01cc755676f62c669267c611eb3cf9c445fd2fbe4108236c4a2fa2ca17314b8b2456948146220d6e65144d1,,01/06/2025 02:30:00 PM,35,NO CONTROLS,NO CONTROLS,CLEAR,DAYLIGHT,SIDESWIPE SAME DIRECTION,DIVIDED - W/MEDIAN (NOT RAISED),,STRAIGHT AND LEVEL,DRY,NO DEFECTS,NOT ON SCENE (DESK REPORT),NO INJURY / DRIVE AWAY,,,Y,"OVER $1,500",01/06/2025 03:00:00 PM,FAILING TO YIELD RIGHT-OF-WAY,NOT APPLICABLE,7500,S,EMERALD AVE,621.0,,,,,,,2,NO INDICATION OF INJURY,0.0,0.0,0.0,0.0,0.0,2.0,0.0,14,2,1,41.75777179,-87.643147624,POINT (-87.643147624162 41.757771789688),2025-01-06 14:30:00
e565510ed3d6febad968e6ff9bdf7e8c2978a88c8ac2ae02058b195814cf20a80acc087d9198b69c7ed5e4eea9821b6c42dc4a54a10787b08b7d5951f18cf29e,,01/06/2025 02:28:00 PM,30,TRAFFIC SIGNAL,FUNCTIONING PROPERLY,FREEZING RAIN/DRIZZLE,DAYLIGHT,REAR END,FOUR WAY,,STRAIGHT AND LEVEL,SNOW OR SLUSH,UNKNOWN,ON SCENE,INJURY AND / OR TOW DUE TO CRASH,Y,,,"OVER $1,500",01/06/2025 02:28:00 PM,FAILING TO REDUCE SPEED TO AVOID CRASH,UNABLE TO DETERMINE,7300,S,COTTAGE GROVE AVE,323.0,Y,Y,,,,,2,"REPORTED, NOT EVIDENT",2.0,0.0,0.0,0.0,2.0,1.0,0.0,14,2,1,41.762136277,-87.60563349,POINT (-87.605633490465 41.762136276864),2025-01-06 14:28:00
e50f8d2fe1ec32dbd45dfe0f8774f58ac2f3a0810f80d9b786ad1dbc1e314bdd45483c2abadb439753bcd468c34431b93d8b9d3c238a9b3411f53664d33eb0cd,,01/06/2025 02:25:00 PM,30,TRAFFIC SIGNAL,FUNCTIONING PROPERLY,SNOW,DAYLIGHT,SIDESWIPE SAME DIRECTION,NOT DIVIDED,,STRAIGHT AND LEVEL,WET,NO DEFECTS,NOT ON SCENE (DESK REPORT),NO INJURY / DRIVE AWAY,Y,,,"OVER $1,500",01/06/2025 03:35:00 PM,IMPROPER LANE USAGE,NOT APPLICABLE,1944,W,OGDEN AVE,1225.0,,,,,,,2,NO INDICATION OF INJURY,0.0,0.0,0.0,0.0,0.0,2.0,0.0,14,2,1,41.873875248,-87.675283988,POINT (-87.675283988239 41.873875247804),2025-01-06 14:25:00
e1b2685fd4d8aaa70bb4acd75e8ae979040db78910113138aed21509aa19e59a64598151ff749d39f14906aed087569f9263c91ac5953d4459ff637fa8cec387,,01/06/2025 02:24:00 PM,10,NO CONTROLS,NO CONTROLS,CLOUDY/OVERCAST,DAYLIGHT,PARKED MOTOR VEHICLE,PARKING LOT,,STRAIGHT AND LEVEL,WET,NO DEFECTS,ON SCENE,NO INJURY / DRIVE AWAY,,,,$500 OR LESS,01/06/2025 02:25:00 PM,UNABLE TO DETERMINE,NOT APPLICABLE,3050,N,HARLEM AVE,2511.0,,,,,,,2,NO INDICATION OF INJURY,0.0,0.0,0.0,0.0,0.0,1.0,0.0,14,2,1,41.935851378,-87.806819246,POINT (-87.806819245818 41.93585137846),2025-01-06 14:24:00
45a89cfb33bec839e39f2505cf896a4e546243e13c76186ac449e106b5de6862b64612f8e064b44767c5a85a0cbdc507f75afaf4bc407454754535dd873a0d21,,01/06/2025 02:15:00 PM,30,NO CONTROLS,NO CONTROLS,SNOW,DARKNESS,REAR END,FOUR WAY,,STRAIGHT AND LEVEL,WET,UNKNOWN,NOT ON SCENE (DESK REPORT),NO INJURY / DRIVE AWAY,,,,"OVER $1,500",01/09/2025 08:12:00 AM,UNABLE TO DETERMINE,UNABLE TO DETERMINE,2196,N,ELSTON AVE,1432.0,,,,,,,2,NO INDICATION OF INJURY,0.0,0.0,0.0,0.0,0.0,2.0,0.0,14,2,1,41.921312738,-87.672282038,POINT (-87.672282037876 41.921312737681),2025-01-06 14:15:00
3f705b67ff36d9a70ca454fc3866b7e7083a862bc32e3e9fbd60d380dec087e0cbe9fcfa94ce01e9e6af166e06c9b7a87eff284cf30da42834aedd1b85bec4a3,,01/06/2025 02:04:00 PM,30,NO CONTROLS,NO CONTROLS,SNOW,DAYLIGHT,REAR TO FRONT,DIVIDED - W/MEDIAN (NOT RAISED),,STRAIGHT AND LEVEL,WET,NO DEFECTS,NOT ON SCENE (DESK REPORT),NO INJURY / DRIVE AWAY,,,,"OVER $1,500",01/06/2025 02:20:00 PM,IMPROPER BACKING,NOT APPLICABLE,3607,W,FULLERTON AVE,2525.0,,,,,,,2,NO INDICATION OF INJURY,0.0,0.0,0.0,0.0,0.0,3.0,0.0,14,2,1,41.924490094,-87.717288131,POINT (-87.717288130979 41.924490093998),2025-01-06 14:04:00
d20841c39fe4aabd513c2c718bc024343ad8212cd0723cb7e4a1040f844a8aea6599475bc367fa66c0394c87889d63a3052a1a8d303962cb4d8ed6c77f20c1c3,,01/06/2025 02:03:00 PM,30,NO CONTROLS,NO CONTROLS,CLEAR,DAYLIGHT,TURNING,UNKNOWN,,STRAIGHT AND LEVEL,DRY,UNKNOWN,NOT ON SCENE (DESK REPORT),INJURY AND / OR TOW DUE TO CRASH,Y,,,"OVER $1,500",01/06/2025 04:20:00 PM,UNABLE TO DETERMINE,UNABLE TO DETERMINE,1949,W,LAKE ST,1223.0,,,,,,,2,NONINCAPACITATING INJURY,1.0,0.0,0.0,1.0,0.0,3.0,0.0,14,2,1,41.884890259,-87.676230469,POINT (-87.676230469313 41.884890258859),2025-01-06 14:03:00
89cd8df7227f035d34f0319c5d1f55ea3de72f7e0a252e6bcf08199f7b02357dbf46ddc482223f0a880992f8b3ffd6ddeafde2a5bf2232909101ce7986ffe210,,01/06/2025 02:02:00 PM,25,NO CONTROLS,NO CONTROLS,FREEZING RAIN/DRIZZLE,DAYLIGHT,SIDESWIPE SAME DIRECTION,NOT DIVIDED,,STRAIGHT AND LEVEL,ICE,NO DEFECTS,ON SCENE,INJURY AND / OR TOW DUE TO CRASH,,,,"OVER $1,500",01/06/2025 02:46:00 PM,WEATHER,FAILING TO YIELD RIGHT-OF-WAY,1020,W,LOYOLA AVE,2432.0,,,,,,,2,NO INDICATION OF INJURY,0.0,0.0,0.0,0.0,0.0,4.0,0.0,14,2,1,42.001687997,-87.657283246,POINT (-87.657283245929 42.00168799742),2025-01-06 14:02:00
4efa054e5c8363d977c4d28888c9811da6e4df515e8b2f1d1bf4093c914034fe710074370a075080c1d9f7b0eb5ee51a668a2c4828ba960a638b04ae91a8bc7b,,01/06/2025 02:00:00 PM,30,TRAFFIC SIGNAL,FUNCTIONING PROPERLY,CLEAR,DAYLIGHT,TURNING,NOT DIVIDED,,STRAIGHT AND LEVEL,DRY,NO DEFECTS,ON SCENE,INJURY AND / OR TOW DUE TO CRASH,,,Y,"OVER $1,500",01/06/2025 02:07:00 PM,FAILING TO YIELD RIGHT-OF-WAY,NOT APPLICABLE,3200,N,SHERIDAN RD,1925.0,,,,,,,2,"REPORTED, NOT EVIDENT",1.0,0.0,0.0,0.0,1.0,1.0,0.0,14,2,1,41.940189546,-87.639701981,POINT (-87.639701980874 41.940189546244),2025-01-06 14:00:00
5a74b1e312b9c8d448e93730d72c1fc5ae8800b02d0aeb975580d01c1a51b18470653841d870b87226095e53c41e60ffd91cf245c731e5f6d70e7c6aca24cb9d,,01/06/2025 02:00:00 PM,30,NO CONTROLS,NO CONTROLS,SNOW,DAYLIGHT,TURNING,DIVIDED - W/MEDIAN (NOT RAISED),,STRAIGHT AND LEVEL,SNOW OR SLUSH,UNKNOWN,NOT ON SCENE (DESK REPORT),NO INJURY / DRIVE AWAY,,,,"OVER $1,500",01/06/2025 03:30:00 PM,IMPROPER TURNING/NO SIGNAL,FAILING TO REDUCE SPEED TO AVOID CRASH,441,W,FULLERTON PKWY,1812.0,,,,,,,2,NO INDICATION OF INJURY,0.0,0.0,0.0,0.0,0.0,2.0,0.0,14,2,1,41.925469195,-87.640856355,POINT (-87.640856355218 41.92546919461),2025-01-06 14:00:00
f600980cd03423e8c48f700885a4b88b4ad7a83a21fc28e7e82d8f242ddf3c58c9e9a01189a308fc281d2e28cc6a6349075a3e1a17687e7fa26d406323b677a7,,01/06/2025 02:00:00 PM,20,NO CONTROLS,NO CONTROLS,SNOW,DAYLIGHT,PARKED MOTOR VEHICLE,NOT DIVIDED,,STRAIGHT AND LEVEL,DRY,NO DEFECTS,NOT ON SCENE (DESK REPORT),NO INJURY / DRIVE AWAY,,,,"OVER $1,500",01/06/2025 04:30:00 PM,FOLLOWING TOO CLOSELY,NOT APPLICABLE,3809,N,CLARK ST,1923.0,,,,,,,2,NO INDICATION OF INJURY,0.0,0.0,0.0,0.0,0.0,1.0,0.0,14,2,1,41.951354345,-87.659683025,POINT (-87.65968302474 41.951354345127),2025-01-06 14:00:00
4930a2249751ec29c872b092a5566a2f112f7cee643a7019f2543694375df32a1c37dd7e67339887faf333311f164c4a78fc1ddfc520dbf238de9e60b2273cfa,,01/06/2025 01:55:00 PM,30,NO CONTROLS,NO CONTROLS,FREEZING RAIN/DRIZZLE,DAYLIGHT,REAR TO FRONT,NOT DIVIDED,,STRAIGHT AND LEVEL,WET,NO DEFECTS,ON SCENE,NO INJURY / DRIVE AWAY,,,,"OVER $1,500",01/06/2025 02:00:00 PM,DRIVING SKILLS/KNOWLEDGE/EXPERIENCE,NOT APPLICABLE,2006,N,MOZART ST,1414.0,,,,,,,2,NO INDICATION OF INJURY,0.0,0.0,0.0,0.0,0.0,2.0,0.0,13,2,1,41.917716247,-87.698752872,POINT (-87.698752872473 41.917716247458),2025-01-06 13:55:00
012fdb5f7824806aecc9fc9ad167eb711968ed80a26289f44853dcfd3c0e5c31cc42dd5b136728faf496856b8b00089db5425d14a467a47771ac106b7b442f60,,01/06/2025 01:50:00 PM,10,UNKNOWN,UNKNOWN,CLOUDY/OVERCAST,DAYLIGHT,REAR TO FRONT,NOT DIVIDED,,STRAIGHT AND LEVEL,UNKNOWN,NO DEFECTS,NOT ON SCENE (DESK REPORT),NO INJURY / DRIVE AWAY,,,,"OVER $1,500",01/06/2025 02:15:00 PM,UNABLE TO DETERMINE,NOT APPLICABLE,3636,N,WESTERN AVE,1921.0,,,,,,,2,NO INDICATION OF INJURY,0.0,0.0,0.0,0.0,0.0,2.0,0.0,13,2,1,41.947834549,-87.688437714,POINT (-87.688437714407 41.947834548942),2025-01-06 13:50:00
2518849b01eb87c57b2caee1f13e5cb8c2bc6e7b483cce4f7cdeb099d5ce3b39ff06b1d744bd7d4457d503ebcc0a05e964f0cb911cb7d46a2865b047b67432e2,,01/06/2025 01:50:00 PM,30,TRAFFIC SIGNAL,FUNCTIONING PROPERLY,SNOW,DAYLIGHT,REAR END,DIVIDED - W/MEDIAN (NOT RAISED),,STRAIGHT AND LEVEL,SNOW OR SLUSH,NO DEFECTS,NOT ON SCENE (DESK REPORT),NO INJURY / DRIVE AWAY,Y,,,"OVER $1,500",01/06/2025 11:45:00 PM,FAILING TO REDUCE SPEED TO AVOID CRASH,WEATHER,6100,N,SHERIDAN RD,2433.0,,,,,,,2,NO INDICATION OF INJURY,0.0,0.0,0.0,0.0,0.0,2.0,0.0,13,2,1,41.992469072,-87.655606601,POINT (-87.655606600521 41.992469072321),2025-01-06 13:50:00
08cd05f542f89b53935335488f5218b00e9bb913ac39e45c7e5e2ea312022c6ee5a2b5496875d496271cbb92167c43b0b5f9f6c47800a1051c2502e4794acdd8,,01/06/2025 01:42:00 PM,30,NO CONTROLS,NO CONTROLS,CLEAR,DAYLIGHT,REAR END,NOT DIVIDED,,STRAIGHT AND LEVEL,WET,NO DEFECTS,ON SCENE,NO INJURY / DRIVE AWAY,,,,"OVER $1,500",01/06/2025 01:45:00 PM,UNABLE TO DETERMINE,UNABLE TO DETERMINE,5300,S,CICERO AVE,814.0,,,,,,,2,NO INDICATION OF INJURY,0.0,0.0,0.0,0.0,0.0,2.0,0.0,13,2,1,41.796606075,-87.743004026,POINT (-87.743004025677 41.796606074549),2025-01-06 13:42:00
36e13ebb8b0f155af19f5413dd32d6eedf0c10bc328dcd72ccdd23fce9b2724487e227bfc26c0834f78bd75915fac3247ee0b79c95a2fb1407116feace167f6c,,01/06/2025 01:42:00 PM,30,UNKNOWN,UNKNOWN,FREEZING RAIN/DRIZZLE,DAYLIGHT,REAR END,NOT DIVIDED,,STRAIGHT AND LEVEL,ICE,NO DEFECTS,NOT ON SCENE (DESK REPORT),NO INJURY / DRIVE AWAY,,,,"OVER $1,500",01/06/2025 02:15:00 PM,UNABLE TO DETERMINE,NOT APPLICABLE,5256,W,WABANSIA AVE,2532.0,,,,,,,2,NO INDICATION OF INJURY,0.0,0.0,0.0,0.0,0.0,3.0,0.0,13,2,1,41.911417952,-87.758035082,POINT (-87.758035082244 41.911417951621),2025-01-06 13:42:00
02d5b0ee62bbe88a90bc5e163ca601bbe1697b0b247127d9d5a47741eca0a6d809cb49d4672bcb8c73a6a424b1bb3a0c27d06f5dbbf3da3a2e6f4aff76d5552d,,01/06/2025 01:40:00 PM,30,NO CONTROLS,NO CONTROLS,CLEAR,DAYLIGHT,TURNING,NOT DIVIDED,,STRAIGHT AND LEVEL,WET,UNKNOWN,NOT ON SCENE (DESK REPORT),INJURY AND / OR TOW DUE TO CRASH,,,,"OVER $1,500",01/06/2025 03:55:00 PM,DRIVING SKILLS/KNOWLEDGE/EXPERIENCE,NOT APPLICABLE,4700,S,KEDZIE AVE,821.0,,,,,,,2,NO INDICATION OF INJURY,0.0,0.0,0.0,0.0,0.0,3.0,0.0,13,2,1,41.808047272,-87.704118822,POINT (-87.704118822299 41.80804727165),2025-01-06 13:40:00
c7902aba4388fef120dc14b77b8ac052b2a952f3e8ed4bad12c026e29c6578a292b9f0b37e11343846b820ada2bc5f4f0b0272a11a1f2873af6ddafc0c304942,,01/06/2025 01:36:00 PM,30,STOP SIGN/FLASHER,FUNCTIONING PROPERLY,CLEAR,DAYLIGHT,ANGLE,NOT REPORTED,,STRAIGHT AND LEVEL,ICE,NO DEFECTS,ON SCENE,NO INJURY / DRIVE AWAY,Y,,,"OVER $1,500",01/06/2025 02:28:00 PM,FAILING TO YIELD RIGHT-OF-WAY,NOT APPLICABLE,3127,W,DEVON AVE,2413.0,,,,,,,2,NO INDICATION OF INJURY,0.0,0.0,0.0,0.0,0.0,2.0,0.0,13,2,1,41.99730081,-87.708097522,POINT (-87.708097522425 41.997300809892),2025-01-06 13:36:00
ce7f5882e25b361c13da91d27d939b48914d73539dee29e76a5a2ad678f9d5b148c9a7bb03f02af264337ca4236fc6227aa4ef2ac7851e190ecf24968b7cb889,,01/06/2025 01:36:00 PM,20,NO CONTROLS,NO CONTROLS,SNOW,DAYLIGHT,PARKED MOTOR VEHICLE,ONE-WAY,,STRAIGHT AND LEVEL,ICE,UNKNOWN,NOT ON SCENE (DESK REPORT),NO INJURY / DRIVE AWAY,,,,"OVER $1,500",01/06/2025 03:30:00 PM,WEATHER,NOT APPLICABLE,5005,W,OAKDALE AVE,2521.0,,,,,,,2,NO INDICATION OF INJURY,0.0,0.0,0.0,0.0,0.0,1.0,0.0,13,2,1,41.934091589,-87.751885461,POINT (-87.751885461351 41.934091589295),2025-01-06 13:36:00
b8482baa4e83117fafa8ebee7a282322d288758cfe1c0ab2dc49a78d2fe5277db11fa5cab87e1d77b13e2402e6a2505303e521e07b0d781230982ea6ad5cb205,,01/06/2025 01:30:00 PM,30,STOP SIGN/FLASHER,FUNCTIONING PROPERLY,CLEAR,DAYLIGHT,REAR END,NOT DIVIDED,,STRAIGHT AND LEVEL,SNOW OR SLUSH,NO DEFECTS,NOT ON SCENE (DESK REPORT),NO INJURY / DRIVE AWAY,,,,"$501 - $1,500",01/06/2025 03:00:00 PM,WEATHER,FAILING TO REDUCE SPEED TO AVOID CRASH,5300,W,WABANSIA AVE,2532.0,,,,,,,2,NO INDICATION OF INJURY,0.0,0.0,0.0,0.0,0.0,2.0,0.0,13,2,1,41.911415029,-87.758235846,POINT (-87.758235845508 41.911415028556),2025-01-06 13:30:00
1bc4b09568bef19ea6ee38028c484de1b7df3a115928e0cf5f4c391197100b0fb1efe5f15460c482273f8085c18c6828878e04fdf1c2d57fe3177c3754003e78,,01/06/2025 01:26:00 PM,30,TRAFFIC SIGNAL,FUNCTIONING PROPERLY,CLOUDY/OVERCAST,DAYLIGHT,REAR END,FOUR WAY,,STRAIGHT AND LEVEL,DRY,NO DEFECTS,NOT ON SCENE (DESK REPORT),NO INJURY / DRIVE AWAY,,,,"OVER $1,500",01/06/2025 08:30:00 PM,FOLLOWING TOO CLOSELY,NOT APPLICABLE,1600,W,35TH ST,912.0,,,,,,,2,NO INDICATION OF INJURY,0.0,0.0,0.0,0.0,0.0,2.0,0.0,13,2,1,41.830610397,-87.665629019,POINT (-87.665629019397 41.830610397462),2025-01-06 13:26:00
43483aba07920f76615170754334db780d17b1e6bf2d41112859b105224e17c6040a3397d17a5938b497fadb82e08cff39902b09a88e34ee4bf742feab6e180d,,01/06/2025 01:15:00 PM,30,STOP SIGN/FLASHER,FUNCTIONING PROPERLY,SNOW,DAYLIGHT,TURNING,T-INTERSECTION,,STRAIGHT AND LEVEL,SNOW OR SLUSH,NO DEFECTS,NOT ON SCENE (DESK REPORT),NO INJURY / DRIVE AWAY,Y,,,"$501 - $1,500",01/08/2025 03:25:00 PM,FAILING TO YIELD RIGHT-OF-WAY,NOT APPLICABLE,2147,W,FARGO AVE,2424.0,,,,,,,2,NO INDICATION OF INJURY,0.0,0.0,0.0,0.0,0.0,2.0,0.0,13,2,1,42.016386079,-87.684234481,POINT (-87.684234480948 42.016386079482),2025-01-06 13:15:00
c6ffe93ed4b998d1264d1a93a38bc560ba3470a242117e033dd3e237537b59f351e2abcab02d71e66de8fc0a6ee57688a126c403468cd0bb0f82b679bc746762,,01/06/2025 01:15:00 PM,35,UNKNOWN,UNKNOWN,SNOW,DAYLIGHT,REAR END,NOT DIVIDED,,STRAIGHT AND LEVEL,SNOW OR SLUSH,UNKNOWN,ON SCENE,INJURY AND / OR TOW DUE TO CRASH,,,,"OVER $1,500",01/06/2025 02:53:00 PM,EQUIPMENT - VEHICLE CONDITION,EQUIPMENT - VEHICLE CONDITION,300,N,LAKE SHORE DR NB,114.0,,,,,,,4,NO INDICATION OF INJURY,0.0,0.0,0.0,0.0,0.0,4.0,0.0,13,2,1,41.886140488,-87.614274106,POINT (-87.614274106164 41.8861404879),2025-01-06 13:15:00
7454a6969e27ac987b188549c2bfa1040859298168397314084d4eaece398cf34f52d7d66127e143c5246f0a7b107263e027f065978a2e7e2d38a665f27b7503,,01/06/2025 01:07:00 PM,30,STOP SIGN/FLASHER,FUNCTIONING PROPERLY,CLEAR,DAYLIGHT,REAR END,ONE-WAY,,STRAIGHT AND LEVEL,DRY,NO DEFECTS,NOT ON SCENE (DESK REPORT),NO INJURY / DRIVE AWAY,Y,,,"$501 - $1,500",01/06/2025 02:30:00 PM,FAILING TO REDUCE SPEED TO AVOID CRASH,FOLLOWING TOO CLOSELY,2730,N,LARAMIE AVE,2514.0,,,,,,,2,NO INDICATION OF INJURY,0.0,0.0,0.0,0.0,0.0,2.0,0.0,13,2,1,41.930535738,-87.756534935,POINT (-87.756534935045 41.93053573836),2025-01-06 13:07:00
06e485246cc44669afabbbc6d36f7a663c649872b7a1c3cbfaeae1847d640ecad1d421ccc0d047429d6b9ee2268fecc8e10cfd344d0eac1abfbc19a7b99c00d0,,01/06/2025 01:05:00 PM,30,TRAFFIC SIGNAL,FUNCTIONING PROPERLY,CLOUDY/OVERCAST,DAYLIGHT,TURNING,FOUR WAY,,STRAIGHT AND LEVEL,DRY,UNKNOWN,,NO INJURY / DRIVE AWAY,Y,,Y,"OVER $1,500",01/06/2025 01:15:00 PM,IMPROPER TURNING/NO SIGNAL,NOT APPLICABLE,800,E,67TH ST,321.0,,,,,,,2,NO INDICATION OF INJURY,0.0,0.0,0.0,0.0,0.0,2.0,0.0,13,2,1,41.773251439,-87.605710865,POINT (-87.605710864958 41.77325143947),2025-01-06 13:05:00
2edbd8cf2856a515f6111e3fb1ebf4153a51d0f424f539d5419e0184236be077bf4c122e33244987e96fd2545f4ec5772dc5ddcdd7d7d7afeaa9677108f2e0e1,,01/06/2025 01:05:00 PM,30,YIELD,FUNCTIONING PROPERLY,RAIN,DAYLIGHT,ANGLE,T-INTERSECTION,,STRAIGHT AND LEVEL,WET,NO DEFECTS,ON SCENE,INJURY AND / OR TOW DUE TO CRASH,Y,,,"OVER $1,500",01/06/2025 01:36:00 PM,DISREGARDING YIELD SIGN,DISREGARDING YIELD SIGN,2159,E,71ST ST,333.0,,,,,,,2,NONINCAPACITATING INJURY,2.0,0.0,0.0,2.0,0.0,0.0,0.0,13,2,1,41.766010712,-87.571518746,POINT (-87.57151874607 41.76601071201),2025-01-06 13:05:00
20d694bd054c71a9990b7436d125ff250f84fb85309f289612657c94bbaf5cd50d5bb2e999419b025ccd571d0ead69354f9a9101feaaeb51299ab4ec22f60486,,01/06/2025 01:00:00 PM,40,NO CONTROLS,NO CONTROLS,UNKNOWN,UNKNOWN,REAR END,RAMP,,STRAIGHT AND LEVEL,UNKNOWN,UNKNOWN,,NO INJURY / DRIVE AWAY,,,,"$501 - $1,500",01/06/2025 01:40:00 PM,UNABLE TO DETERMINE,NOT APPLICABLE,5600,N,LAKE SHORE DR NB,2022.0,,,,,,,2,NO INDICATION OF INJURY,0.0,0.0,0.0,0.0,0.0,3.0,0.0,13,2,1,41.983951946,-87.653215108,POINT (-87.653215108266 41.983951946132),2025-01-06 13:00:00
79c8faf3f9dfb231208e1a613c0dd9b22651b49dfef5bd2b9d49f1c2a7f196bcc2b953c703e18a548578009fd9cadb9df4651e643a7c2d5ad990e5681ea9c301,,01/06/2025 01:00:00 PM,30,NO CONTROLS,NO CONTROLS,CLEAR,DAYLIGHT,REAR END,NOT DIVIDED,,STRAIGHT AND LEVEL,WET,NO DEFECTS,NOT ON SCENE (DESK REPORT),INJURY AND / OR TOW DUE TO CRASH,,,,"OVER $1,500",01/06/2025 02:15:00 PM,FOLLOWING TOO CLOSELY,NOT APPLICABLE,109,E,83RD ST,632.0,,,,,,,2,"REPORTED, NOT EVIDENT",1.0,0.0,0.0,0.0,1.0,1.0,0.0,13,2,1,41.743603337,-87.62073773,POINT (-87.620737729559 41.743603337487),2025-01-06 13:00:00
f250e033fe9088f6523a379be5c3655b929a1ec6536c7aeb4bc300e9abbdd02f233ce6854b492145400588c26fb63bb24388b27a2489442abbc21f46936f017f,,01/06/2025 01:00:00 PM,25,NO CONTROLS,NO CONTROLS,FREEZING RAIN/DRIZZLE,DAYLIGHT,REAR END,ONE-WAY,,STRAIGHT AND LEVEL,WET,NO DEFECTS,ON SCENE,NO INJURY / DRIVE AWAY,,,,"$501 - $1,500",01/06/2025 01:18:00 PM,WEATHER,NOT APPLICABLE,3438,N,OZARK AVE,1631.0,,,,,,,2,NO INDICATION OF INJURY,0.0,0.0,0.0,0.0,0.0,2.0,0.0,13,2,1,41.942454239,-87.820509671,POINT (-87.820509671074 41.942454239083),2025-01-06 13:00:00