CRASH_RECORD_ID,CRASH_DATE_EST_I,CRASH_DATE,POSTED_SPEED_LIMIT,TRAFFIC_CONTROL_DEVICE,DEVICE_CONDITION,WEATHER_CONDITION,LIGHTING_CONDITION,FIRST_CRASH_TYPE,TRAFFICWAY_TYPE,LANE_CNT,ALIGNMENT,ROADWAY_SURFACE_COND,ROAD_DEFECT,REPORT_TYPE,CRASH_TYPE,INTERSECTION_RELATED_I,NOT_RIGHT_OF_WAY_I,HIT_AND_RUN_I,DAMAGE,DATE_POLICE_NOTIFIED,PRIM_CONTRIBUTORY_CAUSE,SEC_CONTRIBUTORY_CAUSE,STREET_NO,STREET_DIRECTION,STREET_NAME,BEAT_OF_OCCURRENCE,PHOTOS_TAKEN_I,STATEMENTS_TAKEN_I,DOORING_I,WORK_ZONE_I,WORK_ZONE_TYPE,WORKERS_PRESENT_I,NUM_UNITS,MOST_SEVERE_INJURY,INJURIES_TOTAL,INJURIES_FATAL,INJURIES_INCAPACITATING,INJURIES_NON_INCAPACITATING,INJURIES_REPORTED_NOT_EVIDENT,INJURIES_NO_INDICATION,INJURIES_UNKNOWN,CRASH_HOUR,CRASH_DAY_OF_WEEK,CRASH_MONTH,LATITUDE,LONGITUDE,LOCATION,timestamp
46e028630059e4481a0a2e058a3d5b1e16680c280769ded953aa7d2ceed607f423d1f4cad02f87a769ce055a564bcc8ce88720d5c14aa3bca0e374ad51e2155c,,01/06/2025 12:57:00 PM,25,NO CONTROLS,NO CONTROLS,CLEAR,DAYLIGHT,HEAD ON,NOT DIVIDED,,STRAIGHT AND LEVEL,WET,NO DEFECTS,ON SCENE,INJURY AND / OR TOW DUE TO CRASH,,,,"OVER $1,500",01/06/2025 01:01:00 PM,DRIVING SKILLS/KNOWLEDGE/EXPERIENCE,FAILING TO REDUCE SPEED TO AVOID CRASH,11511,S,LONGWOOD DR,2212.0,,,,,,,4,NONINCAPACITATING INJURY,2.0,0.0,0.0,2.0,0.0,1.0,0.0,12,2,1,41.684262231,-87.673420483,POINT (-87.673420482531 41.684262231285),2025-01-06 12:57:00
f785cb8bc37f179737ce9ad816ad7a7789953d80c41d6979678960d8f4023a534d5c165f833d0bad7b80aa73e859b6a99cbd59857753e8068f209cec71aaadc8,,01/06/2025 12:55:00 PM,30,NO CONTROLS,NO CONTROLS,CLEAR,DAYLIGHT,REAR END,NOT DIVIDED,,STRAIGHT AND LEVEL,ICE,NO DEFECTS,NOT ON SCENE (DESK REPORT),NO INJURY / DRIVE AWAY,,,,"$501 - $1,500",01/09/2025 07:58:00 PM,NOT APPLICABLE,NOT APPLICABLE,4800,N,AUSTIN AVE,1622.0,,,,,,,2,NO INDICATION OF INJURY,0.0,0.0,0.0,0.0,0.0,2.0,0.0,12,2,1,41.967624849,-87.777430736,POINT (-87.777430736114 41.967624849006),2025-01-06 12:55:00
e1318bd8cf03cdb96f10d72984736606bf6ddc39eb5f8af0f4544e88f096f1d18e879e2816e4786061a002cac2d01f16dd19f534ad0ed51d3b0e8d5219485fde,,01/06/2025 12:52:00 PM,20,STOP SIGN/FLASHER,NO CONTROLS,SNOW,DAYLIGHT,PARKED MOTOR VEHICLE,ONE-WAY,,STRAIGHT AND LEVEL,ICE,NO DEFECTS,ON SCENE,NO INJURY / DRIVE AWAY,Y,,Y,"$501 - $1,500",01/06/2025 02:30:00 PM,IMPROPER TURNING/NO SIGNAL,NOT APPLICABLE,5401,W,BERENICE AVE,1633.0,,,,,,,3,NO INDICATION OF INJURY,0.0,0.0,0.0,0.0,0.0,1.0,0.0,12,2,1,41.950476137,-87.762111901,POINT (-87.762111901287 41.950476137104),2025-01-06 12:52:00
4d2f6750a188facdc3a7f6b02704be6417235f71095cba00b80a511c0da61492798695fd211131b714c1d3a0444bbc7f4aa76d153c259cb01b89a116ee4cb3c8,,01/06/2025 12:50:00 PM,30,NO CONTROLS,NO CONTROLS,SNOW,DAYLIGHT,SIDESWIPE SAME DIRECTION,DIVIDED - W/MEDIAN (NOT RAISED),,STRAIGHT AND LEVEL,WET,UNKNOWN,NOT ON SCENE (DESK REPORT),NO INJURY / DRIVE AWAY,,,,"OVER $1,500",01/06/2025 01:20:00 PM,FAILING TO YIELD RIGHT-OF-WAY,NOT APPLICABLE,2200,W,NORTH AVE,1434.0,,,,,,,2,NO INDICATION OF INJURY,0.0,0.0,0.0,0.0,0.0,3.0,0.0,12,2,1,41.910502517,-87.682409763,POINT (-87.682409763192 41.910502517499),2025-01-06 12:50:00
5e15a82b383fa8b3baa18429353a221d260dedd583cd7f6c3c32640556dced0100a5b68a21fc94e3b080c69f3b0aeaad2d57243b866c48ab032fc36322094313,,01/06/2025 12:35:00 PM,30,NO CONTROLS,NO CONTROLS,CLOUDY/OVERCAST,DAYLIGHT,REAR END,DIVIDED - W/MEDIAN (NOT RAISED),,STRAIGHT AND LEVEL,WET,NO DEFECTS,ON SCENE,INJURY AND / OR TOW DUE TO CRASH,,,,$500 OR LESS,01/06/2025 12:37:00 PM,DISTRACTION - FROM INSIDE VEHICLE,NOT APPLICABLE,2322,W,LOGAN BLVD,1432.0,,,,,,,2,"REPORTED, NOT EVIDENT",1.0,0.0,0.0,0.0,1.0,3.0,0.0,12,2,1,41.930046573,-87.686125694,POINT (-87.686125693517 41.930046573345),2025-01-06 12:35:00
b5ba789e035017eb025d225ccd2b367f335c0dc5d576a68db0e799fec48da796fd6433135dd2c581e35827b6d2b5713b01ba5c678229cac22f0ef58f1524686f,,01/06/2025 12:30:00 PM,30,TRAFFIC SIGNAL,FUNCTIONING PROPERLY,CLEAR,DAYLIGHT,SIDESWIPE SAME DIRECTION,NOT DIVIDED,,STRAIGHT AND LEVEL,WET,NO DEFECTS,ON SCENE,INJURY AND / OR TOW DUE TO CRASH,,,,"OVER $1,500",01/06/2025 12:49:00 PM,UNABLE TO DETERMINE,NOT APPLICABLE,6258,S,KOSTNER AVE,813.0,,,,,,,2,NO INDICATION OF INJURY,0.0,0.0,0.0,0.0,0.0,3.0,0.0,12,2,1,41.778632468,-87.732675117,POINT (-87.732675117409 41.778632468127),2025-01-06 12:30:00
a7031888f26390028683efca4b9bfb962c02d903aea8578a3e7ee454c57a3b6f7f7ce98c8c745d03501358970b7ac22125bb1f6917df95a9d3bb86dfcd6ef7a0,,01/06/2025 12:23:00 PM,30,NO CONTROLS,NO CONTROLS,CLEAR,DAYLIGHT,PARKED MOTOR VEHICLE,DIVIDED - W/MEDIAN (NOT RAISED),,STRAIGHT AND LEVEL,WET,NO DEFECTS,ON SCENE,NO INJURY / DRIVE AWAY,,,,"OVER $1,500",01/06/2025 12:26:00 PM,NOT APPLICABLE,NOT APPLICABLE,2544,W,FULLERTON AVE,1431.0,,,,,,,2,NO INDICATION OF INJURY,0.0,0.0,0.0,0.0,0.0,1.0,0.0,12,2,1,41.92496955,-87.691938103,POINT (-87.691938102877 41.924969550129),2025-01-06 12:23:00
481ad52af3e6f8a442e473758fcd24aac035e9707950b116da6a9f7e908910a9b0e0dfcc4e5b746eabc22556abe6c61caf6a394c543a1e50e89d0d7e6d2a4793,,01/06/2025 12:20:00 PM,35,NO CONTROLS,NO CONTROLS,CLEAR,DAYLIGHT,REAR TO FRONT,DIVIDED - W/MEDIAN BARRIER,,STRAIGHT AND LEVEL,DRY,NO DEFECTS,ON SCENE,NO INJURY / DRIVE AWAY,,,,"OVER $1,500",01/06/2025 12:20:00 PM,FAILING TO REDUCE SPEED TO AVOID CRASH,FAILING TO REDUCE SPEED TO AVOID CRASH,1699,S,DAMEN AVE,1234.0,,,,,,,2,NO INDICATION OF INJURY,0.0,0.0,0.0,0.0,0.0,2.0,0.0,12,2,1,41.858619377,-87.675873771,POINT (-87.675873770614 41.858619376504),2025-01-06 12:20:00
f2952a932d5d63706eefeda6fc8e9c1c8f3b2afbf35d2464d6d64c87804736317de9b23665079bd0b69e396db57e93b0d90cc05a7852bdb85ebfd0f1cf0464ea,,01/06/2025 12:20:00 PM,30,NO CONTROLS,NO CONTROLS,SNOW,DAYLIGHT,PARKED MOTOR VEHICLE,T-INTERSECTION,,STRAIGHT AND LEVEL,ICE,NO DEFECTS,ON SCENE,NO INJURY / DRIVE AWAY,,,,"$501 - $1,500",01/06/2025 12:24:00 PM,WEATHER,NOT APPLICABLE,4301,W,PARKER AVE,2524.0,,,,,,,2,NO INDICATION OF INJURY,0.0,0.0,0.0,0.0,0.0,2.0,0.0,12,2,1,41.93066968,-87.734438019,POINT (-87.734438019387 41.930669680311),2025-01-06 12:20:00
43fd3450e6f036b4990f9864d51f221d020ca12ec8b49d9bb0ed0753742a7518e3f0308935c2ea30904301bf137652f28e1f7a07db0dff20994875fba6770240,,01/06/2025 12:19:00 PM,30,NO CONTROLS,NO CONTROLS,CLEAR,DAYLIGHT,PARKED MOTOR VEHICLE,PARKING LOT,,STRAIGHT AND LEVEL,WET,UNKNOWN,NOT ON SCENE (DESK REPORT),NO INJURY / DRIVE AWAY,,,Y,"OVER $1,500",01/06/2025 02:50:00 PM,UNABLE TO DETERMINE,NOT APPLICABLE,1341,N,PAULINA ST,1433.0,,,,,,,2,NO INDICATION OF INJURY,0.0,0.0,0.0,0.0,0.0,1.0,0.0,12,2,1,41.906243703,-87.669862281,POINT (-87.669862281285 41.906243703085),2025-01-06 12:19:00
ab8d6974a91f13e32b4788d5838aec55bdd5e59ee010e545e1a6b1261f9ade22d9e4c9ef624b647a55aa96f267a781f61be5793d298f9a10ed8b8b81519fb461,Y,01/06/2025 12:15:00 PM,25,TRAFFIC SIGNAL,FUNCTIONING PROPERLY,SLEET/HAIL,DAYLIGHT,FIXED OBJECT,NOT DIVIDED,,STRAIGHT AND LEVEL,UNKNOWN,NO DEFECTS,ON SCENE,INJURY AND / OR TOW DUE TO CRASH,,,Y,"OVER $1,500",01/06/2025 12:15:00 PM,UNABLE TO DETERMINE,UNABLE TO DETERMINE,3946,S,DR MARTIN LUTHER KING JR DR,213.0,,,,,,,1,NO INDICATION OF INJURY,0.0,0.0,0.0,0.0,0.0,1.0,0.0,12,2,1,41.822423386,-87.617105575,POINT (-87.617105574672 41.822423385947),2025-01-06 12:15:00
c4222f63498c7b5d3bb431c2cf07c7d3959c47a642172603fe555c42558fd1190db72de30751835587303c803a7f79187916da3612472cf518f9140653a452a4,,01/06/2025 12:05:00 PM,25,STOP SIGN/FLASHER,FUNCTIONING PROPERLY,CLOUDY/OVERCAST,DAYLIGHT,REAR END,ONE-WAY,,STRAIGHT AND LEVEL,WET,NO DEFECTS,NOT ON SCENE (DESK REPORT),NO INJURY / DRIVE AWAY,Y,,Y,"OVER $1,500",01/06/2025 02:00:00 PM,UNABLE TO DETERMINE,UNABLE TO DETERMINE,5602,W,WEST END AVE,1512.0,,,,,,,2,NO INDICATION OF INJURY,0.0,0.0,0.0,0.0,0.0,2.0,0.0,12,2,1,41.884343227,-87.765168883,POINT (-87.7651688828 41.884343227042),2025-01-06 12:05:00
2ae6e2e59f751c99812676700eff82e345f76bfda1d8868676e904a1d307eb24631e673d287832545848281667978c38e39ffcfaefa598d039a2f5ef8cbd0acb,,01/06/2025 12:00:00 PM,30,NO CONTROLS,NO CONTROLS,SNOW,DAYLIGHT,PARKED MOTOR VEHICLE,NOT DIVIDED,,STRAIGHT AND LEVEL,WET,NO DEFECTS,NOT ON SCENE (DESK REPORT),NO INJURY / DRIVE AWAY,,,Y,"OVER $1,500",01/06/2025 09:30:00 PM,UNABLE TO DETERMINE,UNABLE TO DETERMINE,2323,S,WENTWORTH AVE,914.0,,,,,,,2,NO INDICATION OF INJURY,0.0,0.0,0.0,0.0,0.0,1.0,0.0,12,2,1,41.850290431,-87.631812166,POINT (-87.631812165587 41.850290430695),2025-01-06 12:00:00
848fbb06c54f027becd1b54742d50a441570f0afe0ab3cb63352c4ed7bdcecd9cf6e82d659868cc349d0fba89c52baab2c1b642f238152a6eb9ca081010989b6,,01/06/2025 12:00:00 PM,30,UNKNOWN,UNKNOWN,OTHER,DAYLIGHT,REAR END,NOT DIVIDED,,STRAIGHT AND LEVEL,UNKNOWN,UNKNOWN,NOT ON SCENE (DESK REPORT),NO INJURY / DRIVE AWAY,,,,"OVER $1,500",01/06/2025 12:50:00 PM,UNABLE TO DETERMINE,NOT APPLICABLE,2859,N,SPRINGFIELD AVE,2523.0,,,,,,,2,NO INDICATION OF INJURY,0.0,0.0,0.0,0.0,0.0,2.0,0.0,12,2,1,41.93355884,-87.724435414,POINT (-87.724435414354 41.933558839592),2025-01-06 12:00:00
c2357e3b50fad54e4437432868696099654bef7e045ba38c7f0490a8e983e14ac3e2fa8ae8e000293b97bd865c10be7f6accdd9e752440b02ea25755e0a7a71e,,01/06/2025 12:00:00 PM,30,UNKNOWN,UNKNOWN,UNKNOWN,UNKNOWN,PARKED MOTOR VEHICLE,UNKNOWN,,STRAIGHT AND LEVEL,UNKNOWN,UNKNOWN,NOT ON SCENE (DESK REPORT),NO INJURY / DRIVE AWAY,,,Y,$500 OR LESS,01/06/2025 01:39:00 PM,UNABLE TO DETERMINE,UNABLE TO DETERMINE,1145,W,WILSON AVE,1913.0,,,,,,,2,NO INDICATION OF INJURY,0.0,0.0,0.0,0.0,0.0,1.0,0.0,12,2,1,41.965267395,-87.659237977,POINT (-87.659237977312 41.965267394985),2025-01-06 12:00:00
c50af0649caeda468b8e350287f149dceedcf2cc875570520e866699314e33ea7345cbc21f6b1e5b4a8232af400a52005fe27b96174bcd02ead0ebee54ec9185,,01/06/2025 12:00:00 PM,30,NO CONTROLS,NO CONTROLS,SNOW,DAYLIGHT,PARKED MOTOR VEHICLE,ONE-WAY,,STRAIGHT AND LEVEL,DRY,NO DEFECTS,NOT ON SCENE (DESK REPORT),NO INJURY / DRIVE AWAY,,,Y,"OVER $1,500",01/06/2025 03:50:00 PM,UNABLE TO DETERMINE,UNABLE TO DETERMINE,817,N,KEDVALE AVE,1111.0,,,,,,,2,NO INDICATION OF INJURY,0.0,0.0,0.0,0.0,0.0,1.0,0.0,12,2,1,41.895868274,-87.729648797,POINT (-87.729648797187 41.895868273705),2025-01-06 12:00:00
db875e527179d79d807117bde710fefd1f2272a6a318efe6eda4e3b75a42ff1d60253bb2afe82947d0b6f76d1967334c7d327b92ea13cc1c04406ee9bc799b02,,01/06/2025 11:45:00 AM,30,STOP SIGN/FLASHER,FUNCTIONING PROPERLY,CLEAR,DAYLIGHT,REAR END,FOUR WAY,,STRAIGHT AND LEVEL,DRY,UNKNOWN,NOT ON SCENE (DESK REPORT),NO INJURY / DRIVE AWAY,Y,,,"OVER $1,500",01/06/2025 12:10:00 PM,UNABLE TO DETERMINE,NOT APPLICABLE,9500,S,VINCENNES AVE,2213.0,,,,,,,2,NO INDICATION OF INJURY,0.0,0.0,0.0,0.0,0.0,2.0,0.0,11,2,1,41.721345885,-87.650796334,POINT (-87.650796333578 41.721345885031),2025-01-06 11:45:00
a36ee4460aebd06d1f7e3031cd4485434858e071ba8a503b4e15ca3db7fc0ba6cab1f0748db36b246f22bfd3b621e20f50e41283f6abfbb7d2fee019044821f9,,01/06/2025 11:43:00 AM,30,TRAFFIC SIGNAL,FUNCTIONING PROPERLY,CLEAR,DAYLIGHT,TURNING,NOT DIVIDED,,STRAIGHT AND LEVEL,DRY,NO DEFECTS,NOT ON SCENE (DESK REPORT),NO INJURY / DRIVE AWAY,,,Y,"OVER $1,500",01/06/2025 01:24:00 PM,FAILING TO YIELD RIGHT-OF-WAY,UNABLE TO DETERMINE,5118,S,LAKE PARK AVE,234.0,,,,,,,2,NO INDICATION OF INJURY,0.0,0.0,0.0,0.0,0.0,2.0,0.0,11,2,1,41.801829631,-87.587826048,POINT (-87.587826047696 41.801829631168),2025-01-06 11:43:00
e4a5925b2719a476614c9d3e38506550e66c752ff753263d626e786fde0514bb0f36383fd663ed03908bea62cec4b9ad4aa8046e159cde8f19717ccd1b08c682,,01/06/2025 11:40:00 AM,30,TRAFFIC SIGNAL,FUNCTIONING PROPERLY,CLOUDY/OVERCAST,DAYLIGHT,TURNING,FOUR WAY,,STRAIGHT AND LEVEL,DRY,NO DEFECTS,NOT ON SCENE (DESK REPORT),NO INJURY / DRIVE AWAY,Y,,,"OVER $1,500",01/06/2025 12:00:00 PM,UNABLE TO DETERMINE,UNABLE TO DETERMINE,4700,S,HALSTED ST,933.0,,,,,,,2,NO INDICATION OF INJURY,0.0,0.0,0.0,0.0,0.0,2.0,0.0,11,2,1,41.808815039,-87.645682953,POINT (-87.645682953152 41.808815039296),2025-01-06 11:40:00
e6c9635e62003b024ca383d11dbb2d24bb3afabfd0822fb234ed041aa470f01011ae40bf84ed5d9b971635f4572c19eccd2b898aef4cf147c999d01123de8fbd,,01/06/2025 11:40:00 AM,25,NO CONTROLS,NO CONTROLS,CLEAR,DAYLIGHT,PARKED MOTOR VEHICLE,ONE-WAY,,STRAIGHT AND LEVEL,DRY,NO DEFECTS,NOT ON SCENE (DESK REPORT),NO INJURY / DRIVE AWAY,,,,"OVER $1,500",01/06/2025 01:00:00 PM,UNABLE TO DETERMINE,UNABLE TO DETERMINE,290,S,GREEN ST,1232.0,,,,,,,2,NO INDICATION OF INJURY,0.0,0.0,0.0,0.0,0.0,1.0,0.0,11,2,1,41.877990996,-87.648560148,POINT (-87.648560148253 41.877990996414),2025-01-06 11:40:00
fc87723d4bce850432d6eefc331756e5cd91d16877f0519cf0ea1ff08e12d8917159fbc30fb23e770621e5b52167073ddf31219f85155c0a3cfb9fe281bcaf24,,01/06/2025 11:40:00 AM,30,TRAFFIC SIGNAL,FUNCTIONING PROPERLY,CLEAR,DAYLIGHT,ANGLE,NOT DIVIDED,,STRAIGHT AND LEVEL,DRY,NO DEFECTS,ON SCENE,NO INJURY / DRIVE AWAY,Y,,,"OVER $1,500",01/06/2025 11:46:00 AM,FAILING TO YIELD RIGHT-OF-WAY,UNABLE TO DETERMINE,1600,E,79TH ST,411.0,,,,,,,2,NO INDICATION OF INJURY,0.0,0.0,0.0,0.0,0.0,3.0,0.0,11,2,1,41.751611523,-87.585592284,POINT (-87.585592284288 41.751611523273),2025-01-06 11:40:00
d2560cc89a31af214416f354d51368d5eb6f759ee1c732e8aad750f76981e2c78a2c26dd9e09229268e7bbb16d49189c590f741ed9085bf8b1db5ac9f640dc15,,01/06/2025 11:30:00 AM,30,NO CONTROLS,NO CONTROLS,CLEAR,DAYLIGHT,TURNING,NOT DIVIDED,,STRAIGHT AND LEVEL,DRY,UNKNOWN,NOT ON SCENE (DESK REPORT),NO INJURY / DRIVE AWAY,,,,"$501 - $1,500",01/06/2025 12:00:00 PM,UNABLE TO DETERMINE,UNABLE TO DETERMINE,9901,S,HALSTED ST,2232.0,,,,,,,2,NO INDICATION OF INJURY,0.0,0.0,0.0,0.0,0.0,2.0,0.0,11,2,1,41.714125649,-87.642852547,POINT (-87.642852547443 41.714125649277),2025-01-06 11:30:00
313167723ac3159f492e8c035d4d6adc3b453f9aba5b2bdb2ed931245fe117d387672b4f2f3baf2497dd0e5fd10f451c187e09d8b80e52fa487ab0b327a4d46b,Y,01/06/2025 11:24:00 AM,30,TRAFFIC SIGNAL,FUNCTIONING PROPERLY,UNKNOWN,DAYLIGHT,TURNING,FOUR WAY,,STRAIGHT AND LEVEL,UNKNOWN,UNKNOWN,ON SCENE,INJURY AND / OR TOW DUE TO CRASH,,,,"$501 - $1,500",01/11/2025 03:00:00 PM,FAILING TO YIELD RIGHT-OF-WAY,DRIVING SKILLS/KNOWLEDGE/EXPERIENCE,800,W,47TH ST,925.0,,,,,,,2,NONINCAPACITATING INJURY,1.0,0.0,0.0,1.0,0.0,1.0,0.0,11,2,1,41.808976991,-87.645656689,POINT (-87.645656688873 41.808976990618),2025-01-06 11:24:00
1116f664524159292343548fd1dc4785c936e7769789b46eac7c19e8cfa0a0da4bf7e7eed2698294ee4dd22740ceb3dd5a69ed696f9f8475c91c66bd15b7efb4,,01/06/2025 11:09:00 AM,15,NO CONTROLS,NO CONTROLS,UNKNOWN,DAYLIGHT,PARKED MOTOR VEHICLE,PARKING LOT,,STRAIGHT AND LEVEL,UNKNOWN,NO DEFECTS,NOT ON SCENE (DESK REPORT),NO INJURY / DRIVE AWAY,,,Y,"OVER $1,500",01/06/2025 05:40:00 PM,UNABLE TO DETERMINE,UNABLE TO DETERMINE,5215,N,CALIFORNIA AVE,2011.0,,,,,,,2,NO INDICATION OF INJURY,0.0,0.0,0.0,0.0,0.0,1.0,0.0,11,2,1,41.976346215,-87.698794423,POINT (-87.698794423049 41.976346214824),2025-01-06 11:09:00
ce782d53f7a03446dc9512ce5bf5590c2e863b8d1f84a65aa5b296ed0d3d3ef1d9d40dd510d23683d4b46a80c5a0dd09caa9b77f6670fe7e9745818f7cd1e42b,,01/06/2025 11:09:00 AM,30,STOP SIGN/FLASHER,FUNCTIONING PROPERLY,CLOUDY/OVERCAST,DAYLIGHT,ANGLE,NOT REPORTED,,STRAIGHT AND LEVEL,ICE,NO DEFECTS,ON SCENE,NO INJURY / DRIVE AWAY,Y,,,"OVER $1,500",01/06/2025 11:48:00 AM,DISREGARDING STOP SIGN,NOT APPLICABLE,6499,N,ALBANY AVE,2412.0,,,,,,,2,NO INDICATION OF INJURY,0.0,0.0,0.0,0.0,0.0,3.0,0.0,11,2,1,41.999163369,-87.706869387,POINT (-87.706869387283 41.999163369352),2025-01-06 11:09:00
e0c6fc0395a63c1cf2694eb55498ae767654292c35920c27a407000b16696a25245645070f8a3e708494858d02ce280c6b946dd19efc7171bd230bf4438e464e,,01/06/2025 11:06:00 AM,35,NO CONTROLS,NO CONTROLS,UNKNOWN,DAYLIGHT,SIDESWIPE SAME DIRECTION,NOT DIVIDED,,STRAIGHT AND LEVEL,UNKNOWN,UNKNOWN,NOT ON SCENE (DESK REPORT),NO INJURY / DRIVE AWAY,,,,"OVER $1,500",01/06/2025 11:51:00 AM,UNABLE TO DETERMINE,NOT APPLICABLE,6244,N,HARLEM AVE,1612.0,,,,,,,2,NO INDICATION OF INJURY,0.0,0.0,0.0,0.0,0.0,2.0,0.0,11,2,1,41.994808795,-87.806971932,POINT (-87.806971932112 41.994808795168),2025-01-06 11:06:00
06b6661d2ecf696ab6243d021c73d83b4573d72b32964b4ef813f0be63d5424fe959e4ea2a25bc919b11338b0303e29afd3bc8c26d285aec4c7f93c71c6b55b5,,01/06/2025 11:00:00 AM,30,NO CONTROLS,NO CONTROLS,OTHER,DAYLIGHT,PARKED MOTOR VEHICLE,DIVIDED - W/MEDIAN (NOT RAISED),,STRAIGHT AND LEVEL,UNKNOWN,UNKNOWN,NOT ON SCENE (DESK REPORT),NO INJURY / DRIVE AWAY,,,Y,"OVER $1,500",01/06/2025 01:15:00 PM,UNABLE TO DETERMINE,NOT APPLICABLE,6272,W,NORTH AVE,2513.0,,,,,,,2,NO INDICATION OF INJURY,0.0,0.0,0.0,0.0,0.0,1.0,0.0,11,2,1,41.909283132,-87.782999073,POINT (-87.782999072624 41.909283132498),2025-01-06 11:00:00
e92e80fec6915e2721ba8c6681b41f4604a2c9f81eb178eb45965be18c47f803c07f79bd33125e221ac772437a729ebaf1c865b644e00cb6a5b215fd35ac7634,,01/06/2025 11:00:00 AM,35,NO CONTROLS,NO CONTROLS,SNOW,DAYLIGHT,REAR END,NOT DIVIDED,,STRAIGHT AND LEVEL,ICE,SHOULDER DEFECT,NOT ON SCENE (DESK REPORT),NO INJURY / DRIVE AWAY,,,,"$501 - $1,500",01/06/2025 12:12:00 PM,FOLLOWING TOO CLOSELY,FOLLOWING TOO CLOSELY,5155,N,KIMBALL AVE,1713.0,,,,,,,2,NO INDICATION OF INJURY,0.0,0.0,0.0,0.0,0.0,2.0,0.0,11,2,1,41.975491677,-87.713409546,POINT (-87.713409545706 41.975491677384),2025-01-06 11:00:00
6da5e6122aed71f7e8f5744a54d6c441c4ab0217cae6382757aa4a5cb9ee628fe6f2beeb68ca3fa16d7f00d3a6da2b05edcfc207f4f626f11313343c98b20476,Y,01/06/2025 10:54:00 AM,30,NO CONTROLS,NO CONTROLS,UNKNOWN,UNKNOWN,PARKED MOTOR VEHICLE,DIVIDED - W/MEDIAN (NOT RAISED),,STRAIGHT AND LEVEL,DRY,NO DEFECTS,ON SCENE,INJURY AND / OR TOW DUE TO CRASH,,,Y,"OVER $1,500",01/06/2025 10:54:00 AM,UNABLE TO DETERMINE,UNABLE TO DETERMINE,1649,W,83RD ST,614.0,,,,,,,2,NO INDICATION OF INJURY,0.0,0.0,0.0,0.0,0.0,1.0,0.0,10,2,1,41.742936176,-87.665198081,POINT (-87.665198080905 41.742936176151),2025-01-06 10:54:00
61d543b72fad4ecb76aefdaee566ffa3042fb5607dcdb1b3cffa09aa2d0b43a95e7f068a3492fbbdc7d834eaae035fc2dd72561090383ed7dc3f239107a4ffdd,Y,01/06/2025 10:30:00 AM,30,TRAFFIC SIGNAL,FUNCTIONING PROPERLY,UNKNOWN,DAYLIGHT,REAR END,CENTER TURN LANE,,STRAIGHT AND LEVEL,UNKNOWN,UNKNOWN,NOT ON SCENE (DESK REPORT),NO INJURY / DRIVE AWAY,Y,,,$500 OR LESS,01/07/2025 02:30:00 PM,FOLLOWING TOO CLOSELY,NOT APPLICABLE,2400,N,DAMEN AVE,1432.0,,,,,,,2,NO INDICATION OF INJURY,0.0,0.0,0.0,0.0,0.0,2.0,0.0,10,2,1,41.925038006,-87.678047191,POINT (-87.678047191013 41.92503800641),2025-01-06 10:30:00
fc6b60101544eefc512f58e8f480c95b538890da204779bf2601f4637384c62e79f1ac31858016ce40334a0d19556eae15a4cd1532a06b17546cc8333c15cffd,,01/06/2025 10:25:00 AM,30,NO CONTROLS,NO CONTROLS,CLEAR,DAYLIGHT,TURNING,NOT DIVIDED,,STRAIGHT AND LEVEL,DRY,NO DEFECTS,ON SCENE,NO INJURY / DRIVE AWAY,,,,"OVER $1,500",01/06/2025 10:30:00 AM,DRIVING SKILLS/KNOWLEDGE/EXPERIENCE,NOT APPLICABLE,2352,E,76TH ST,414.0,,,,,,,2,NO INDICATION OF INJURY,0.0,0.0,0.0,0.0,0.0,2.0,0.0,10,2,1,41.757264904,-87.566645463,POINT (-87.566645462819 41.757264903869),2025-01-06 10:25:00
6cd9827540e78785d2be8ba3314561d361175a5716361556b8d90443994ab4254bb1b34f25cd0c552b36d0292ced14b77ea5d39137ff3f338ad8b77290cb55ee,,01/06/2025 10:12:00 AM,25,STOP SIGN/FLASHER,FUNCTIONING PROPERLY,SLEET/HAIL,DAYLIGHT,ANGLE,FOUR WAY,,STRAIGHT AND LEVEL,ICE,NO DEFECTS,ON SCENE,NO INJURY / DRIVE AWAY,Y,,,$500 OR LESS,01/06/2025 10:33:00 AM,WEATHER,FAILING TO REDUCE SPEED TO AVOID CRASH,4699,N,MONTICELLO AVE,1723.0,,,,,,,3,NO INDICATION OF INJURY,0.0,0.0,0.0,0.0,0.0,2.0,0.0,10,2,1,41.966427182,-87.719269676,POINT (-87.719269675657 41.966427182014),2025-01-06 10:12:00
9e099c27c1b783fc075ca338d12d99842e4a73e4e640432e56629914ed118bf31003b43c76798f66f5a1b172a0186f8bd9418c2cf6d034c01b5b63d892ffd357,,01/06/2025 10:10:00 AM,30,STOP SIGN/FLASHER,FUNCTIONING PROPERLY,CLOUDY/OVERCAST,DAYLIGHT,ANGLE,ONE-WAY,,STRAIGHT AND LEVEL,ICE,NO DEFECTS,ON SCENE,NO INJURY / DRIVE AWAY,Y,,Y,"$501 - $1,500",01/06/2025 12:40:00 PM,DRIVING SKILLS/KNOWLEDGE/EXPERIENCE,NOT APPLICABLE,600,N,MAYFIELD AVE,1511.0,,,,,,,2,NO INDICATION OF INJURY,0.0,0.0,0.0,0.0,0.0,2.0,0.0,10,2,1,41.891068869,-87.772308948,POINT (-87.772308947774 41.891068868857),2025-01-06 10:10:00