CRASH_RECORD_ID,CRASH_DATE_EST_I,CRASH_DATE,POSTED_SPEED_LIMIT,TRAFFIC_CONTROL_DEVICE,DEVICE_CONDITION,WEATHER_CONDITION,LIGHTING_CONDITION,FIRST_CRASH_TYPE,TRAFFICWAY_TYPE,LANE_CNT,ALIGNMENT,ROADWAY_SURFACE_COND,ROAD_DEFECT,REPORT_TYPE,CRASH_TYPE,INTERSECTION_RELATED_I,NOT_RIGHT_OF_WAY_I,HIT_AND_RUN_I,DAMAGE,DATE_POLICE_NOTIFIED,PRIM_CONTRIBUTORY_CAUSE,SEC_CONTRIBUTORY_CAUSE,STREET_NO,STREET_DIRECTION,STREET_NAME,BEAT_OF_OCCURRENCE,PHOTOS_TAKEN_I,STATEMENTS_TAKEN_I,DOORING_I,WORK_ZONE_I,WORK_ZONE_TYPE,WORKERS_PRESENT_I,NUM_UNITS,MOST_SEVERE_INJURY,INJURIES_TOTAL,INJURIES_FATAL,INJURIES_INCAPACITATING,INJURIES_NON_INCAPACITATING,INJURIES_REPORTED_NOT_EVIDENT,INJURIES_NO_INDICATION,INJURIES_UNKNOWN,CRASH_HOUR,CRASH_DAY_OF_WEEK,CRASH_MONTH,LATITUDE,LONGITUDE,LOCATION,timestamp
1df032b14dee819b19f23443d916507f1c76e844ca119832b6cfb5a1cbd512b6712a9c8d840293dcd5eb1e54818812f23a51d3b922c6b3dcc7813ad4c6049548,,01/06/2025 10:05:00 AM,25,STOP SIGN/FLASHER,FUNCTIONING PROPERLY,FREEZING RAIN/DRIZZLE,DAYLIGHT,ANGLE,ONE-WAY,,STRAIGHT AND LEVEL,WET,NO DEFECTS,NOT ON SCENE (DESK REPORT),NO INJURY / DRIVE AWAY,Y,,,"OVER $1,500",01/06/2025 10:50:00 AM,FAILING TO YIELD RIGHT-OF-WAY,NOT APPLICABLE,3300,N,ORANGE AVE,1631.0,,,,,,,2,NO INDICATION OF INJURY,0.0,0.0,0.0,0.0,0.0,2.0,0.0,10,2,1,41.939554529,-87.824066447,POINT (-87.824066447111 41.939554528847),2025-01-06 10:05:00
339d7fe8445b7d289dc31c875771a80bb0c2a41f426dbcd452bc1dcc64daf616dcc7c41de375d89b1906db16ed1949bd66ad7279c69732b4fd1b362972571478,,01/06/2025 10:00:00 AM,30,TRAFFIC SIGNAL,FUNCTIONING PROPERLY,CLEAR,DAYLIGHT,SIDESWIPE SAME DIRECTION,DIVIDED - W/MEDIAN (NOT RAISED),,STRAIGHT AND LEVEL,DRY,UNKNOWN,,NO INJURY / DRIVE AWAY,Y,,,"OVER $1,500",01/06/2025 11:10:00 AM,UNABLE TO DETERMINE,NOT APPLICABLE,15,W,87TH ST,634.0,,,,,,,2,NO INDICATION OF INJURY,0.0,0.0,0.0,0.0,0.0,3.0,0.0,10,2,1,41.73617002,-87.625011157,POINT (-87.625011156926 41.736170020176),2025-01-06 10:00:00
6e33a189cec2588c3f4b2494786501d5aa494f0e0be2a652bd2e340514af757315877100b75db1c8fd0791cf17642e467cebd8ff37426804c3c61c0df5a77d6b,,01/06/2025 10:00:00 AM,30,UNKNOWN,UNKNOWN,UNKNOWN,UNKNOWN,PARKED MOTOR VEHICLE,UNKNOWN,,STRAIGHT AND LEVEL,UNKNOWN,UNKNOWN,NOT ON SCENE (DESK REPORT),NO INJURY / DRIVE AWAY,,,,"$501 - $1,500",01/06/2025 10:00:00 AM,UNABLE TO DETERMINE,NOT APPLICABLE,5215,N,CALIFORNIA AVE,2011.0,,,,,,,2,NO INDICATION OF INJURY,0.0,0.0,0.0,0.0,0.0,2.0,0.0,10,2,1,41.976346215,-87.698794423,POINT (-87.698794423049 41.976346214824),2025-01-06 10:00:00
c3f92cde5372c5515b3041ff919c545329467ba09737bc32b1941631a771b675d33b605e26f17f51d214d2dccee949e1af99c59faab0fb1cb018e302bb39f8bb,,01/06/2025 10:00:00 AM,30,TRAFFIC SIGNAL,FUNCTIONING PROPERLY,CLEAR,DAYLIGHT,TURNING,FOUR WAY,,STRAIGHT AND LEVEL,SNOW OR SLUSH,NO DEFECTS,ON SCENE,NO INJURY / DRIVE AWAY,Y,,,"OVER $1,500",01/06/2025 10:16:00 AM,WEATHER,DRIVING SKILLS/KNOWLEDGE/EXPERIENCE,800,W,98TH PL,2223.0,,,,,,,2,NO INDICATION OF INJURY,0.0,0.0,0.0,0.0,0.0,2.0,0.0,10,2,1,41.715221236,-87.643105271,POINT (-87.643105270846 41.715221236147),2025-01-06 10:00:00
c257a8f41462e32cb48e3b5894ff3d73e4813206d06942474f76c3bd84b9d0ba2f23310dffbc49a7b7fac3e88326a4da148e02ea8330d62c387e4d442cdb52c6,,01/06/2025 09:47:00 AM,30,STOP SIGN/FLASHER,FUNCTIONING PROPERLY,FREEZING RAIN/DRIZZLE,DAYLIGHT,TURNING,NOT DIVIDED,,STRAIGHT AND LEVEL,WET,NO DEFECTS,ON SCENE,NO INJURY / DRIVE AWAY,Y,,,"OVER $1,500",01/06/2025 09:47:00 AM,FAILING TO YIELD RIGHT-OF-WAY,UNABLE TO DETERMINE,817,S,AUSTIN BLVD,1513.0,,,,,,,2,NO INDICATION OF INJURY,0.0,0.0,0.0,0.0,0.0,2.0,0.0,9,2,1,,,,2025-01-06 09:47:00
35f8eb04d45f4f25f19b409b95cbd9f47e3a63f7d97c8f47b2199c968d6c5c22a6addb5a14cbb5dc74fe172e365c69ea7cf344fba1bc848c85b276138e92b3b8,,01/06/2025 09:30:00 AM,25,STOP SIGN/FLASHER,NO CONTROLS,CLEAR,DAYLIGHT,PARKED MOTOR VEHICLE,NOT DIVIDED,,STRAIGHT ON GRADE,WET,NO DEFECTS,NOT ON SCENE (DESK REPORT),NO INJURY / DRIVE AWAY,,,Y,"$501 - $1,500",01/06/2025 04:25:00 PM,UNABLE TO DETERMINE,UNABLE TO DETERMINE,4332,W,62ND ST,813.0,,,,,,,2,NO INDICATION OF INJURY,0.0,0.0,0.0,0.0,0.0,1.0,0.0,9,2,1,41.780487995,-87.73142077,POINT (-87.731420770232 41.78048799507),2025-01-06 09:30:00
a9c52a1a9ff526282de6920f08f1bb8e9ea494a74bee4b769fdfca99305e4b042a4e40bbee9f829866c70603276e1900004e1c4eb95fe4ac8b36286a49b17b0b,,01/06/2025 09:30:00 AM,30,NO CONTROLS,NO CONTROLS,FREEZING RAIN/DRIZZLE,DAYLIGHT,ANGLE,OTHER,,STRAIGHT AND LEVEL,ICE,NO DEFECTS,ON SCENE,INJURY AND / OR TOW DUE TO CRASH,,,,"OVER $1,500",01/06/2025 09:33:00 AM,WEATHER,WEATHER,2959,W,LAWRENCE AVE,1713.0,,,,,,,2,NONINCAPACITATING INJURY,1.0,0.0,0.0,1.0,0.0,2.0,0.0,9,2,1,41.968384802,-87.703567797,POINT (-87.703567796881 41.968384802057),2025-01-06 09:30:00
bbccc4a539c0e870e47f2bff2e037004575b169d3cc8cf3f9327ba8b6f83081be469fec63e697f089074a79777eb44fa0178944d7332a524b758019d7f770731,,01/06/2025 09:30:00 AM,15,STOP SIGN/FLASHER,NO CONTROLS,CLOUDY/OVERCAST,DAYLIGHT,ANGLE,NOT DIVIDED,,STRAIGHT AND LEVEL,UNKNOWN,NO DEFECTS,NOT ON SCENE (DESK REPORT),NO INJURY / DRIVE AWAY,Y,,,"OVER $1,500",01/06/2025 11:15:00 AM,UNABLE TO DETERMINE,UNABLE TO DETERMINE,2959,N,LONG AVE,2514.0,,,,,,,2,NO INDICATION OF INJURY,0.0,0.0,0.0,0.0,0.0,2.0,0.0,9,2,1,41.934946695,-87.761316176,POINT (-87.761316176 41.934946694675),2025-01-06 09:30:00
c06c711282d77fa1bf1ec9772be54a59b5fbe44e2326805dec94fc196d75681d6c1a061c0e489836de08e6bdbc5a9c8c324c209e614e69d12b7ef840e371eee3,,01/06/2025 09:29:00 AM,20,NO CONTROLS,NO CONTROLS,CLOUDY/OVERCAST,DAYLIGHT,PARKED MOTOR VEHICLE,NOT DIVIDED,,STRAIGHT AND LEVEL,ICE,NO DEFECTS,ON SCENE,NO INJURY / DRIVE AWAY,,,,"OVER $1,500",01/06/2025 09:32:00 AM,UNABLE TO DETERMINE,NOT APPLICABLE,7158,S,HOYNE AVE,735.0,,,,,,,2,NO INDICATION OF INJURY,0.0,0.0,0.0,0.0,0.0,1.0,0.0,9,2,1,41.763005914,-87.676058226,POINT (-87.676058226389 41.763005913611),2025-01-06 09:29:00
0bfdebc2528714324927183955eb6f074820277eb70910f4279a57200c8465579fed3e4d1bea8351a2eef048ee544cc8b56a837859ea8a39d9bcb8a260367991,,01/06/2025 09:20:00 AM,30,NO CONTROLS,NO CONTROLS,FREEZING RAIN/DRIZZLE,DAYLIGHT,ANGLE,ONE-WAY,,STRAIGHT AND LEVEL,ICE,NO DEFECTS,ON SCENE,INJURY AND / OR TOW DUE TO CRASH,Y,,,"OVER $1,500",01/06/2025 09:20:00 AM,FAILING TO YIELD RIGHT-OF-WAY,WEATHER,3832,W,LE MOYNE ST,2535.0,,,,,,,2,"REPORTED, NOT EVIDENT",1.0,0.0,0.0,0.0,1.0,3.0,0.0,9,2,1,41.908221247,-87.722763574,POINT (-87.722763574269 41.908221247181),2025-01-06 09:20:00
de92209d7de2000951f61742964a19d53d256acd07a4812dac72508362873a45f5eae425bad7b53f3be3fab2a3edfe2b109b013100b8cf7952f41a5fddf3a3d1,,01/06/2025 09:20:00 AM,25,NO CONTROLS,NO CONTROLS,SNOW,"DARKNESS, LIGHTED ROAD",PARKED MOTOR VEHICLE,NOT DIVIDED,,STRAIGHT AND LEVEL,SNOW OR SLUSH,NO DEFECTS,NOT ON SCENE (DESK REPORT),NO INJURY / DRIVE AWAY,,,Y,"OVER $1,500",01/06/2025 04:15:00 PM,UNABLE TO DETERMINE,UNABLE TO DETERMINE,201,N,KENNETH AVE,1113.0,,,,,,,2,NO INDICATION OF INJURY,0.0,0.0,0.0,0.0,0.0,1.0,0.0,9,2,1,41.883299298,-87.736643484,POINT (-87.736643483815 41.883299298132),2025-01-06 09:20:00
b0c79843cea3b5661a4fa02c59476f6784544f669ccb05a79448bce6207955a142b0d0d7eb6b20a6a2ffdd5c26e775dd2b555533b916371907042e516d9b9fbf,,01/06/2025 09:18:00 AM,15,NO CONTROLS,NO CONTROLS,RAIN,DAYLIGHT,PARKED MOTOR VEHICLE,ONE-WAY,,STRAIGHT AND LEVEL,WET,NO DEFECTS,NOT ON SCENE (DESK REPORT),NO INJURY / DRIVE AWAY,,,,"OVER $1,500",01/06/2025 10:40:00 AM,UNABLE TO DETERMINE,UNABLE TO DETERMINE,3930,W,WELLINGTON AVE,2523.0,,,,,,,2,NO INDICATION OF INJURY,0.0,0.0,0.0,0.0,0.0,1.0,0.0,9,2,1,41.935549373,-87.725816999,POINT (-87.725816999271 41.935549373166),2025-01-06 09:18:00
66d99cce5800c501d9f91575de2bec786d6b5bb53d1fc829843027df1423f303b40ea101ba46d8924de7884b1ae333598aa4af4d20cd67ba95796643fc07c170,,01/06/2025 09:15:00 AM,25,UNKNOWN,UNKNOWN,CLEAR,DAYLIGHT,ANGLE,NOT DIVIDED,,STRAIGHT AND LEVEL,WET,UNKNOWN,NOT ON SCENE (DESK REPORT),NO INJURY / DRIVE AWAY,,,,"OVER $1,500",01/06/2025 09:50:00 AM,UNABLE TO DETERMINE,UNABLE TO DETERMINE,1500,N,HONORE ST,1424.0,,,,,,,2,NO INDICATION OF INJURY,0.0,0.0,0.0,0.0,0.0,2.0,0.0,9,2,1,41.908767808,-87.674906351,POINT (-87.674906350867 41.908767807919),2025-01-06 09:15:00
c7095d9e195492c7ed905c6f86251455fc75a4b8fc8fb5768bf12678456fa08fc08d0a63ff28019cdd200fce931d0454488385c79a3658729d9ff3bb19c8c106,,01/06/2025 09:15:00 AM,35,NO CONTROLS,NO CONTROLS,CLEAR,DAYLIGHT,REAR END,NOT DIVIDED,,STRAIGHT AND LEVEL,ICE,NO DEFECTS,NOT ON SCENE (DESK REPORT),NO INJURY / DRIVE AWAY,,,Y,"$501 - $1,500",01/06/2025 11:20:00 AM,FOLLOWING TOO CLOSELY,FOLLOWING TOO CLOSELY,3951,N,KIMBALL AVE,1733.0,,,,,,,2,NO INDICATION OF INJURY,0.0,0.0,0.0,0.0,0.0,2.0,0.0,9,2,1,41.95354369,-87.712743465,POINT (-87.71274346541 41.953543690256),2025-01-06 09:15:00
23833136d482e5bc0e1a4830ba0d310b73ee195513e8f9d6f0d91e6bf0e13320bd31fa103ac847d1c1d540cbe7d0b10835bc8e06bcc1d8394a58ba3b2da83a6f,,01/06/2025 09:10:00 AM,30,TRAFFIC SIGNAL,FUNCTIONING PROPERLY,CLOUDY/OVERCAST,DAYLIGHT,REAR END,DIVIDED - W/MEDIAN (NOT RAISED),,STRAIGHT AND LEVEL,ICE,NO DEFECTS,NOT ON SCENE (DESK REPORT),NO INJURY / DRIVE AWAY,Y,,Y,"$501 - $1,500",01/06/2025 11:10:00 AM,UNABLE TO DETERMINE,UNABLE TO DETERMINE,7172,W,IRVING PARK RD,1632.0,,,,,,,2,NO INDICATION OF INJURY,0.0,0.0,0.0,0.0,0.0,2.0,0.0,9,2,1,41.952877032,-87.806298372,POINT (-87.806298371963 41.952877032275),2025-01-06 09:10:00
b68b5dc3ba2b5e8a885d7a4d0d625717e3fcaec4898d70886bd3ea09d42c06d76b2e23c0c74f0971112ed6eee9cc0254ae5a4db6ecbf91ab9a2adeefc3c9eb22,,01/06/2025 09:09:00 AM,10,NO CONTROLS,NO CONTROLS,CLEAR,DAYLIGHT,SIDESWIPE SAME DIRECTION,OTHER,,STRAIGHT AND LEVEL,DRY,NO DEFECTS,NOT ON SCENE (DESK REPORT),NO INJURY / DRIVE AWAY,,Y,Y,"$501 - $1,500",01/06/2025 09:50:00 AM,UNABLE TO DETERMINE,NOT APPLICABLE,10,E,CHICAGO AVE,1833.0,,,,,,,2,NO INDICATION OF INJURY,0.0,0.0,0.0,0.0,0.0,2.0,0.0,9,2,1,41.896792874,-87.627787578,POINT (-87.627787578417 41.896792874374),2025-01-06 09:09:00
6ce3e6fcaf9733109605290b5fb20980d83958f1901712926d580039090f68a55aa87a73e52a9ce090d60042171746cb5bff46efe13b43afcdd5bda7489e23ae,,01/06/2025 09:00:00 AM,30,TRAFFIC SIGNAL,FUNCTIONING PROPERLY,CLEAR,"DARKNESS, LIGHTED ROAD",SIDESWIPE SAME DIRECTION,DIVIDED - W/MEDIAN BARRIER,,STRAIGHT AND LEVEL,DRY,NO DEFECTS,ON SCENE,NO INJURY / DRIVE AWAY,,,,"OVER $1,500",01/06/2025 09:05:00 AM,DRIVING SKILLS/KNOWLEDGE/EXPERIENCE,UNABLE TO DETERMINE,6401,N,MANNHEIM RD,1654.0,,,,,,,2,NO INDICATION OF INJURY,0.0,0.0,0.0,0.0,0.0,2.0,0.0,9,2,1,41.995081239,-87.884395246,POINT (-87.884395245688 41.995081239342),2025-01-06 09:00:00
b5e29660146f9b45f92aee0e7f31d66de6d45d3d1d6405488d889b6c4a928dc8174c54059e053b03af94d08cd85535e3583bf2a58ffa42c2fcb4853ef23b4583,,01/06/2025 09:00:00 AM,25,STOP SIGN/FLASHER,UNKNOWN,UNKNOWN,UNKNOWN,ANGLE,NOT DIVIDED,,STRAIGHT AND LEVEL,UNKNOWN,UNKNOWN,NOT ON SCENE (DESK REPORT),NO INJURY / DRIVE AWAY,Y,,,"OVER $1,500",01/06/2025 09:29:00 AM,UNABLE TO DETERMINE,NOT APPLICABLE,2500,W,BRYN MAWR AVE,2011.0,,,,,,,2,NO INDICATION OF INJURY,0.0,0.0,0.0,0.0,0.0,2.0,0.0,9,2,1,41.983267228,-87.691935218,POINT (-87.691935218275 41.983267228221),2025-01-06 09:00:00
302fe77e3e31f1ef6c691e8cc3f29a44ba9c838793405d1069ffff44f71639de3f7d265a7051a4e00801498ea8fb53242e388b05b59b0c2768bbc23dc5640651,,01/06/2025 08:55:00 AM,35,NO CONTROLS,NO CONTROLS,CLEAR,DAYLIGHT,PARKED MOTOR VEHICLE,NOT DIVIDED,,STRAIGHT AND LEVEL,WET,NO DEFECTS,ON SCENE,NO INJURY / DRIVE AWAY,,,,$500 OR LESS,01/06/2025 12:15:00 PM,UNABLE TO DETERMINE,UNABLE TO DETERMINE,73,E,BANKS ST,1824.0,,,,,,,2,NO INDICATION OF INJURY,0.0,0.0,0.0,0.0,0.0,1.0,0.0,8,2,1,41.906695986,-87.625949325,POINT (-87.625949324878 41.906695986268),2025-01-06 08:55:00
ddee63f23beec671fafb1120c84d211b79b6f2b64781a54063970c32649943383e4c748d61178c0cb4b5dc638b29f9df951dec7177a99696051302f5e1337a54,,01/06/2025 08:55:00 AM,30,STOP SIGN/FLASHER,FUNCTIONING PROPERLY,SNOW,DAYLIGHT,TURNING,NOT REPORTED,,STRAIGHT AND LEVEL,ICE,NO DEFECTS,ON SCENE,INJURY AND / OR TOW DUE TO CRASH,,,,"OVER $1,500",01/06/2025 08:58:00 AM,WEATHER,FAILING TO REDUCE SPEED TO AVOID CRASH,4029,W,LE MOYNE ST,2534.0,,,,,,,2,NO INDICATION OF INJURY,0.0,0.0,0.0,0.0,0.0,2.0,0.0,8,2,1,41.907948903,-87.727631082,POINT (-87.727631081503 41.907948903244),2025-01-06 08:55:00
af1791171b44da8a27443fad5d8c95290a7a8789dc88d9bb12586bbdd5cc4e80785d3323e8b875393990baae46079b64502de14a17af0c68cc5a44be977dbcec,,01/06/2025 08:51:00 AM,30,TRAFFIC SIGNAL,FUNCTIONING PROPERLY,SLEET/HAIL,DAYLIGHT,REAR END,ONE-WAY,,STRAIGHT AND LEVEL,SNOW OR SLUSH,NO DEFECTS,ON SCENE,INJURY AND / OR TOW DUE TO CRASH,,,,"OVER $1,500",01/06/2025 09:20:00 AM,WEATHER,NOT APPLICABLE,4801,W,HIRSCH ST,2533.0,,,,,,,2,NO INDICATION OF INJURY,0.0,0.0,0.0,0.0,0.0,3.0,0.0,8,2,1,41.905877194,-87.746157874,POINT (-87.746157874018 41.905877193784),2025-01-06 08:51:00
1aad371b82847afcd537e340c18aa7eca932d1dd3cb37f0614e7da26b0b9b5609c0104e7e275b0bd7cf629f5611c4c883e30965a913033b67274a311ba9471af,,01/06/2025 08:47:00 AM,30,NO CONTROLS,NO CONTROLS,CLEAR,DAYLIGHT,REAR END,NOT DIVIDED,,STRAIGHT AND LEVEL,DRY,UNKNOWN,ON SCENE,NO INJURY / DRIVE AWAY,,,,"OVER $1,500",01/06/2025 08:47:00 AM,UNABLE TO DETERMINE,NOT APPLICABLE,300,E,71ST ST,322.0,,,,,,,2,NO INDICATION OF INJURY,0.0,0.0,0.0,0.0,0.0,2.0,0.0,8,2,1,41.765756463,-87.61840179,POINT (-87.618401789921 41.76575646325),2025-01-06 08:47:00
13454df0668d9e57d7be46d1d4e9999f89ea9a6b6956e7f688e477b865cf215f2e014da27f0db9c84ae96ab8533ee560b098c75d5cca86e1f6a56d1d95ded18f,,01/06/2025 08:35:00 AM,20,NO CONTROLS,NO CONTROLS,SNOW,DAYLIGHT,ANGLE,ONE-WAY,,STRAIGHT AND LEVEL,ICE,NO DEFECTS,ON SCENE,INJURY AND / OR TOW DUE TO CRASH,,,,"OVER $1,500",01/06/2025 08:35:00 AM,WEATHER,NOT APPLICABLE,4016,N,LEAMINGTON AVE,1624.0,,,,,,,2,NO INDICATION OF INJURY,0.0,0.0,0.0,0.0,0.0,4.0,0.0,8,2,1,41.953855643,-87.756080931,POINT (-87.756080931486 41.95385564295),2025-01-06 08:35:00
467d59e1d9f60b16083e6cfaa369dc8898463d954649b9efff4ab7e1f3feb102547982212a2c32455a838e46b1bc4520c0679e734cb12210a11e186decaaf08a,,01/06/2025 08:35:00 AM,30,NO CONTROLS,NO CONTROLS,CLOUDY/OVERCAST,DAYLIGHT,SIDESWIPE SAME DIRECTION,DIVIDED - W/MEDIAN (NOT RAISED),,STRAIGHT AND LEVEL,WET,NO DEFECTS,ON SCENE,INJURY AND / OR TOW DUE TO CRASH,,,,"OVER $1,500",01/06/2025 09:05:00 AM,IMPROPER LANE USAGE,UNABLE TO DETERMINE,6284,N,CICERO AVE,1621.0,,,,,,,2,NO INDICATION OF INJURY,0.0,0.0,0.0,0.0,0.0,2.0,0.0,8,2,1,41.995333313,-87.748486215,POINT (-87.748486215454 41.995333313447),2025-01-06 08:35:00
d573def5f5c639807bea12a8e23132d49334ebf28c0a9cf14ebc971540076ac87f2db512490f1434cd1e93b00949096cc5373b2bda5843736bf0969d19826b4d,,01/06/2025 08:35:00 AM,30,NO CONTROLS,NO CONTROLS,SNOW,DAYLIGHT,OTHER OBJECT,NOT DIVIDED,,STRAIGHT AND LEVEL,ICE,NO DEFECTS,ON SCENE,NO INJURY / DRIVE AWAY,,,,"$501 - $1,500",01/06/2025 08:39:00 AM,WEATHER,UNABLE TO DETERMINE,7725,W,SHERWIN AVE,1611.0,,,,,,,2,NO INDICATION OF INJURY,0.0,0.0,0.0,0.0,0.0,1.0,0.0,8,2,1,42.014005898,-87.819842456,POINT (-87.81984245645 42.01400589779),2025-01-06 08:35:00
3d996dbcda2ff8847dd02f99647035902f8021200a9eb68f4b5cbf2c2b6c2b823406e02c797645707e323e43702fda99cc02ac8236a3ba38070c6d3e3ca51db0,,01/06/2025 08:34:00 AM,25,NO CONTROLS,NO CONTROLS,FREEZING RAIN/DRIZZLE,DAYLIGHT,PARKED MOTOR VEHICLE,ONE-WAY,,STRAIGHT AND LEVEL,ICE,NO DEFECTS,ON SCENE,INJURY AND / OR TOW DUE TO CRASH,,,,"OVER $1,500",01/06/2025 08:35:00 AM,FAILING TO REDUCE SPEED TO AVOID CRASH,WEATHER,4943,W,LEXINGTON ST,1533.0,,,,,,,3,NO INDICATION OF INJURY,0.0,0.0,0.0,0.0,0.0,1.0,0.0,8,2,1,41.871006756,-87.748769448,POINT (-87.748769448372 41.871006755901),2025-01-06 08:34:00
5828c14557e42659cf6699659c10f4911a57631c6e97ec92f18e6c41b6bc377ab81794c382b11a7f4b3f72ea4ca85b1831758afdaaceabd840db53f5b4418daf,,01/06/2025 08:34:00 AM,30,TRAFFIC SIGNAL,FUNCTIONING PROPERLY,CLEAR,DAYLIGHT,REAR END,DIVIDED - W/MEDIAN BARRIER,,STRAIGHT AND LEVEL,DRY,NO DEFECTS,,NO INJURY / DRIVE AWAY,,,,"OVER $1,500",01/06/2025 05:45:00 PM,EQUIPMENT - VEHICLE CONDITION,NOT APPLICABLE,90,E,LOWER WACKER DR,111.0,,,,,,,2,NO INDICATION OF INJURY,0.0,0.0,0.0,0.0,0.0,2.0,0.0,8,2,1,41.888465169,-87.625007258,POINT (-87.625007257932 41.888465169453),2025-01-06 08:34:00
1da6d4d7d59bcceccea6c6dd914aea55f9a30185cdb8639f466a2a0da1b2641c1f5813ab522a4abe3e6df709b2f70bcb0bbffa3392576c3b376d9f83807948b5,,01/06/2025 08:30:00 AM,30,NO CONTROLS,NO CONTROLS,CLEAR,DAYLIGHT,REAR END,NOT DIVIDED,,STRAIGHT AND LEVEL,DRY,NO DEFECTS,NOT ON SCENE (DESK REPORT),NO INJURY / DRIVE AWAY,,,,"OVER $1,500",01/06/2025 09:00:00 AM,UNABLE TO DETERMINE,NOT APPLICABLE,900,W,DIVERSEY PKWY,1933.0,,,,,,,2,NO INDICATION OF INJURY,0.0,0.0,0.0,0.0,0.0,2.0,0.0,8,2,1,41.9327877,-87.651501852,POINT (-87.651501852385 41.932787700128),2025-01-06 08:30:00
5273430ba26bc51fec795fccde84c06750789bca196e9282ba6484ab31599019f479aeba3f911b6ac458565e5cb7247659cbcd66d55a048888d84b1418feabbc,,01/06/2025 08:30:00 AM,30,NO CONTROLS,NO CONTROLS,CLEAR,DAYLIGHT,SIDESWIPE SAME DIRECTION,DIVIDED - W/MEDIAN (NOT RAISED),,STRAIGHT AND LEVEL,DRY,NO DEFECTS,NOT ON SCENE (DESK REPORT),NO INJURY / DRIVE AWAY,,,,"$501 - $1,500",01/07/2025 11:30:00 AM,IMPROPER LANE USAGE,UNABLE TO DETERMINE,5253,N,NAGLE AVE,1622.0,,,,,,,2,NO INDICATION OF INJURY,0.0,0.0,0.0,0.0,0.0,2.0,0.0,8,2,1,41.977231053,-87.787696839,POINT (-87.787696839446 41.977231052548),2025-01-06 08:30:00
9dfb2c8c47cdd49a176bf39d0d4b88254194d064db2868528e245263360aeb6e9898a2eae405bf4d365bc5404e7ac701f130e0bcc4e4db4963908de9ab958634,,01/06/2025 08:30:00 AM,30,UNKNOWN,UNKNOWN,UNKNOWN,UNKNOWN,REAR END,UNKNOWN,,STRAIGHT AND LEVEL,UNKNOWN,UNKNOWN,NOT ON SCENE (DESK REPORT),NO INJURY / DRIVE AWAY,,,,"OVER $1,500",01/15/2025 07:00:00 PM,UNABLE TO DETERMINE,NOT APPLICABLE,5359,W,BERENICE AVE,1634.0,,,,,,,2,NO INDICATION OF INJURY,0.0,0.0,0.0,0.0,0.0,2.0,0.0,8,2,1,41.950396345,-87.761863679,POINT (-87.761863678675 41.950396344678),2025-01-06 08:30:00
80995dd43f60e1d59680de0a9263923030ed55a8d44ec965801a143c30c1107d04b826521477a97daa0c4b554d269067c6284a48a4baa0ba5ed05e340b5b9b31,,01/06/2025 08:27:00 AM,30,TRAFFIC SIGNAL,FUNCTIONING PROPERLY,CLOUDY/OVERCAST,DAYLIGHT,SIDESWIPE SAME DIRECTION,DIVIDED - W/MEDIAN BARRIER,,STRAIGHT AND LEVEL,WET,NO DEFECTS,ON SCENE,NO INJURY / DRIVE AWAY,Y,,Y,"OVER $1,500",01/06/2025 08:40:00 AM,UNABLE TO DETERMINE,UNABLE TO DETERMINE,1804,S,WESTERN AVE,1023.0,,,,,,,2,NO INDICATION OF INJURY,0.0,0.0,0.0,0.0,0.0,2.0,0.0,8,2,1,41.857316394,-87.685947708,POINT (-87.685947707517 41.857316394302),2025-01-06 08:27:00
21baec9408981ec0ff3e9965d9af3297b4f8577ef0607ca676ae77744b1c6e4c0ad71682ddd6a5416d77f4e6196d84e5e59a168efa79b30cf2663650fa98f173,,01/06/2025 08:26:00 AM,30,TRAFFIC SIGNAL,FUNCTIONING PROPERLY,CLEAR,DAYLIGHT,SIDESWIPE SAME DIRECTION,DIVIDED - W/MEDIAN (NOT RAISED),,STRAIGHT AND LEVEL,DRY,UNKNOWN,NOT ON SCENE (DESK REPORT),NO INJURY / DRIVE AWAY,,,,"$501 - $1,500",01/06/2025 09:10:00 AM,IMPROPER LANE USAGE,UNABLE TO DETERMINE,60,E,VAN BUREN ST,113.0,,,,,,,2,NO INDICATION OF INJURY,0.0,0.0,0.0,0.0,0.0,2.0,0.0,8,2,1,41.87709818,-87.625421129,POINT (-87.625421129173 41.877098179652),2025-01-06 08:26:00