CRASH_RECORD_ID,CRASH_DATE_EST_I,CRASH_DATE,POSTED_SPEED_LIMIT,TRAFFIC_CONTROL_DEVICE,DEVICE_CONDITION,WEATHER_CONDITION,LIGHTING_CONDITION,FIRST_CRASH_TYPE,TRAFFICWAY_TYPE,LANE_CNT,ALIGNMENT,ROADWAY_SURFACE_COND,ROAD_DEFECT,REPORT_TYPE,CRASH_TYPE,INTERSECTION_RELATED_I,NOT_RIGHT_OF_WAY_I,HIT_AND_RUN_I,DAMAGE,DATE_POLICE_NOTIFIED,PRIM_CONTRIBUTORY_CAUSE,SEC_CONTRIBUTORY_CAUSE,STREET_NO,STREET_DIRECTION,STREET_NAME,BEAT_OF_OCCURRENCE,PHOTOS_TAKEN_I,STATEMENTS_TAKEN_I,DOORING_I,WORK_ZONE_I,WORK_ZONE_TYPE,WORKERS_PRESENT_I,NUM_UNITS,MOST_SEVERE_INJURY,INJURIES_TOTAL,INJURIES_FATAL,INJURIES_INCAPACITATING,INJURIES_NON_INCAPACITATING,INJURIES_REPORTED_NOT_EVIDENT,INJURIES_NO_INDICATION,INJURIES_UNKNOWN,CRASH_HOUR,CRASH_DAY_OF_WEEK,CRASH_MONTH,LATITUDE,LONGITUDE,LOCATION,timestamp
8482efe3fce68835c128744fa80b653d42ca3af166e8882649a14a2086d5ca6b44fddfd41aaf317ae5b7f3cb3a6ba4ff9f1f5ada2f92dae9c6535f037e1817b8,,01/06/2025 08:18:00 AM,25,NO CONTROLS,NO CONTROLS,CLEAR,DAYLIGHT,REAR END,DIVIDED - W/MEDIAN (NOT RAISED),,STRAIGHT AND LEVEL,DRY,NO DEFECTS,ON SCENE,NO INJURY / DRIVE AWAY,,,Y,"OVER $1,500",01/06/2025 09:02:00 AM,FOLLOWING TOO CLOSELY,UNABLE TO DETERMINE,1314,W,DIVERSEY PKWY,1932.0,,,,,,,2,NO INDICATION OF INJURY,0.0,0.0,0.0,0.0,0.0,2.0,0.0,8,2,1,41.932618053,-87.661742859,POINT (-87.661742858736 41.932618052976),2025-01-06 08:18:00
af0ff693d3d7bfb6e57e6d8a2b716514109993211cd1347dab64442bfcb30368f415bc5052ccf012c4b81271a67adb3d3b36285ea90f765d05bf0de9e149167f,,01/06/2025 08:15:00 AM,35,TRAFFIC SIGNAL,FUNCTIONING PROPERLY,SNOW,DAYLIGHT,TURNING,NOT DIVIDED,,STRAIGHT AND LEVEL,UNKNOWN,UNKNOWN,NOT ON SCENE (DESK REPORT),NO INJURY / DRIVE AWAY,Y,,,"OVER $1,500",01/06/2025 09:00:00 AM,NOT APPLICABLE,NOT APPLICABLE,2100,W,CERMAK RD,1234.0,,,,,,,2,NO INDICATION OF INJURY,0.0,0.0,0.0,0.0,0.0,5.0,0.0,8,2,1,41.852245186,-87.678417888,POINT (-87.67841788835 41.852245185595),2025-01-06 08:15:00
07dd8d5947af51adb44e1d9907932b2c79614c241477f897743b8a476b6b5c974849ee5ad0a0e48952f41fcfa8c2116657a58dc64884c7dfa2f4ce5880115507,,01/06/2025 08:08:00 AM,30,TRAFFIC SIGNAL,FUNCTIONING PROPERLY,SNOW,DAYLIGHT,PARKED MOTOR VEHICLE,NOT DIVIDED,,STRAIGHT AND LEVEL,ICE,UNKNOWN,ON SCENE,INJURY AND / OR TOW DUE TO CRASH,,,,"OVER $1,500",01/06/2025 08:08:00 AM,UNABLE TO DETERMINE,NOT APPLICABLE,4152,W,LAKE ST,1114.0,,,,,,,2,NO INDICATION OF INJURY,0.0,0.0,0.0,0.0,0.0,1.0,0.0,8,2,1,41.885831365,-87.730362142,POINT (-87.730362142016 41.885831365461),2025-01-06 08:08:00
08854bd6d5dc7faab123ef813392760811cde65ac90022cfd75ff5202a7ce3e875a32150c679efbdf7fc1ba32e96b8bb2b3a9d0d0e24ed9863345dcc49477f43,,01/06/2025 08:00:00 AM,30,NO CONTROLS,NO CONTROLS,CLEAR,DAYLIGHT,PARKED MOTOR VEHICLE,NOT DIVIDED,,STRAIGHT AND LEVEL,DRY,NO DEFECTS,NOT ON SCENE (DESK REPORT),NO INJURY / DRIVE AWAY,,,Y,"$501 - $1,500",01/06/2025 08:30:00 AM,IMPROPER TURNING/NO SIGNAL,NOT APPLICABLE,947,W,MONTROSE AVE,1915.0,,,,,,,2,NO INDICATION OF INJURY,0.0,0.0,0.0,0.0,0.0,1.0,0.0,8,2,1,41.96167705,-87.65417438,POINT (-87.654174380104 41.961677049582),2025-01-06 08:00:00
163cb95dcdc64cefb1aaa75191e33176af3f04663003254837acf23c2a6be3e55c0d544344ba3844766d664b686a5dcd17a63e768492f429c988c3e113e36c5a,,01/06/2025 08:00:00 AM,20,NO CONTROLS,NO CONTROLS,CLEAR,DAYLIGHT,FIXED OBJECT,PARKING LOT,,STRAIGHT AND LEVEL,ICE,NO DEFECTS,NOT ON SCENE (DESK REPORT),NO INJURY / DRIVE AWAY,,Y,,"OVER $1,500",01/06/2025 08:25:00 AM,WEATHER,NOT APPLICABLE,3128,W,HARRISON ST,1134.0,,,,,,,1,NO INDICATION OF INJURY,0.0,0.0,0.0,0.0,0.0,1.0,0.0,8,2,1,41.873810603,-87.704655579,POINT (-87.704655579491 41.873810603491),2025-01-06 08:00:00
2a73cc3dbe308afdaa8b1bef9ef4155d348380b551f4effa75f6491992749260a310ec584115b7889c5e14dd95838a0a3dbbab6fbcf14f68e63178cec29949d8,,01/06/2025 08:00:00 AM,35,UNKNOWN,UNKNOWN,CLEAR,DAYLIGHT,REAR END,NOT DIVIDED,,STRAIGHT AND LEVEL,DRY,NO DEFECTS,NOT ON SCENE (DESK REPORT),NO INJURY / DRIVE AWAY,,,,"$501 - $1,500",01/06/2025 06:00:00 PM,UNABLE TO DETERMINE,NOT APPLICABLE,5200,W,CULLOM AVE,1624.0,,,,,,,2,NO INDICATION OF INJURY,0.0,0.0,0.0,0.0,0.0,2.0,0.0,8,2,1,41.958885048,-87.757450938,POINT (-87.757450937962 41.958885048452),2025-01-06 08:00:00
52abbaa517339b35739ef7163d972bdf299eef51ab50f401bf6a13d32cd1be797c1dd9e6fe241df1146702c0459e6172ca61114188b342ce87639d4b3f41136f,,01/06/2025 08:00:00 AM,30,NO CONTROLS,NO CONTROLS,SNOW,DAYLIGHT,TURNING,DIVIDED - W/MEDIAN (NOT RAISED),,STRAIGHT AND LEVEL,WET,NO DEFECTS,ON SCENE,NO INJURY / DRIVE AWAY,Y,,,"OVER $1,500",01/06/2025 08:02:00 AM,FAILING TO YIELD RIGHT-OF-WAY,FAILING TO YIELD RIGHT-OF-WAY,4531,W,ADDISON ST,1731.0,,,,,,,2,NO INDICATION OF INJURY,0.0,0.0,0.0,0.0,0.0,2.0,0.0,8,2,1,41.946090268,-87.740873744,POINT (-87.740873743681 41.946090267806),2025-01-06 08:00:00
661c799d85f5413bc146fb8724a00eb8443097098255bb57de6109085e26e45693a85c32106bcfd829232ee49ba42e3878fd1f4dcde78f0e1da007f474e50c4c,,01/06/2025 08:00:00 AM,30,TRAFFIC SIGNAL,UNKNOWN,UNKNOWN,UNKNOWN,TURNING,FOUR WAY,,STRAIGHT AND LEVEL,UNKNOWN,UNKNOWN,NOT ON SCENE (DESK REPORT),NO INJURY / DRIVE AWAY,Y,,,"$501 - $1,500",01/06/2025 01:00:00 PM,UNABLE TO DETERMINE,NOT APPLICABLE,733,N,WELLS ST,1832.0,,,,,,,2,NO INDICATION OF INJURY,0.0,0.0,0.0,0.0,0.0,2.0,0.0,8,2,1,41.895715914,-87.634031896,POINT (-87.634031895784 41.895715914395),2025-01-06 08:00:00
ee9f6108b63c44acf16c419993224ce4bc2b7e87bf52a4d5cc60c5c037c5d08cd09254d3b91e6a099ecbc74882db4ddeec8fff9d5c9f7505b47b35eca6086cdd,,01/06/2025 08:00:00 AM,30,STOP SIGN/FLASHER,FUNCTIONING PROPERLY,CLEAR,DAYLIGHT,ANGLE,DIVIDED - W/MEDIAN (NOT RAISED),,STRAIGHT AND LEVEL,UNKNOWN,UNKNOWN,NOT ON SCENE (DESK REPORT),INJURY AND / OR TOW DUE TO CRASH,,,,"OVER $1,500",01/09/2025 02:00:00 PM,UNABLE TO DETERMINE,NOT APPLICABLE,4338,W,WABANSIA AVE,2534.0,,,,,,,2,NO INDICATION OF INJURY,0.0,0.0,0.0,0.0,0.0,3.0,0.0,8,2,1,41.911700944,-87.735251515,POINT (-87.735251514729 41.911700944025),2025-01-06 08:00:00
afc9befef209188486277cab3d33db49837ad4fd316e592e955f7cb6f973487737ec881d007a0d5e61ec2921183ae8f7773c5c1f701e45a0e1b576d615279c4d,,01/06/2025 07:59:00 AM,20,NO CONTROLS,NO CONTROLS,SNOW,DAYLIGHT,SIDESWIPE SAME DIRECTION,ONE-WAY,,STRAIGHT AND LEVEL,SNOW OR SLUSH,NO DEFECTS,ON SCENE,NO INJURY / DRIVE AWAY,,,,$500 OR LESS,01/06/2025 08:00:00 AM,UNABLE TO DETERMINE,UNABLE TO DETERMINE,6910,S,WASHTENAW AVE,831.0,,,,,,,2,NO INDICATION OF INJURY,0.0,0.0,0.0,0.0,0.0,2.0,0.0,7,2,1,41.767841017,-87.690813152,POINT (-87.690813151799 41.76784101701),2025-01-06 07:59:00
70e51a142b172d8ba2646da13746dede42806d3242f62e70197056b1999ad25885ea9253981af7f20a7987d455eac1ba9a70c1a510c67f76eaeb6d4cedad8d14,,01/06/2025 07:50:00 AM,30,STOP SIGN/FLASHER,FUNCTIONING PROPERLY,CLEAR,DAYLIGHT,REAR END,DIVIDED - W/MEDIAN (NOT RAISED),,STRAIGHT AND LEVEL,WET,UNKNOWN,NOT ON SCENE (DESK REPORT),NO INJURY / DRIVE AWAY,,,,"OVER $1,500",01/06/2025 09:10:00 AM,FOLLOWING TOO CLOSELY,UNABLE TO DETERMINE,2445,N,ELSTON AVE,1432.0,,,,,,,2,NO INDICATION OF INJURY,0.0,0.0,0.0,0.0,0.0,2.0,0.0,7,2,1,41.92592075,-87.678511707,POINT (-87.678511707371 41.92592074951),2025-01-06 07:50:00
771b660240ff2043dbe0a6a7c27139fd3d2e6d23531d644e5da2472b936ecb5f18934cd6d1da0e7edf9cfe9f68597a487e1f7eac50fcb55300d1d582d19045f8,,01/06/2025 07:50:00 AM,25,NO CONTROLS,NO CONTROLS,CLEAR,DAYLIGHT,REAR END,ONE-WAY,,STRAIGHT AND LEVEL,ICE,NO DEFECTS,ON SCENE,NO INJURY / DRIVE AWAY,,,,"$501 - $1,500",01/06/2025 07:53:00 AM,WEATHER,NOT APPLICABLE,1831,N,SAYRE AVE,2513.0,,,,,,,2,NO INDICATION OF INJURY,0.0,0.0,0.0,0.0,0.0,2.0,0.0,7,2,1,41.913542453,-87.800276765,POINT (-87.8002767654 41.913542452568),2025-01-06 07:50:00
8b9fc1037c4bfe97a6a4dbb8bf8f08ca3cda6fa0c7f4a03d0f6bdb5aab01045a453b3346500147f8794dfa45ed02fd6f5f8df4ee38b5ed7aed4ba214ff431f28,,01/06/2025 07:50:00 AM,30,NO CONTROLS,NO CONTROLS,CLEAR,DAYLIGHT,PARKED MOTOR VEHICLE,NOT DIVIDED,,STRAIGHT AND LEVEL,DRY,NO DEFECTS,NOT ON SCENE (DESK REPORT),INJURY AND / OR TOW DUE TO CRASH,,,Y,"OVER $1,500",01/06/2025 10:00:00 AM,DRIVING SKILLS/KNOWLEDGE/EXPERIENCE,UNABLE TO DETERMINE,12247,S,STATE ST,532.0,,,,,,,2,NO INDICATION OF INJURY,0.0,0.0,0.0,0.0,0.0,1.0,0.0,7,2,1,41.671159989,-87.622308084,POINT (-87.622308083928 41.671159989303),2025-01-06 07:50:00
8b93921f53814ca1a506c92d1095665214bebeabfb515e0e7a3b3c02466a768e631d709d576f008dad0c84f5edb7442efdc303e7c6dce00a5cb8e8e33c2f26fe,,01/06/2025 07:45:00 AM,30,STOP SIGN/FLASHER,FUNCTIONING PROPERLY,SNOW,DAYLIGHT,REAR END,DIVIDED - W/MEDIAN (NOT RAISED),,STRAIGHT AND LEVEL,SNOW OR SLUSH,UNKNOWN,NOT ON SCENE (DESK REPORT),INJURY AND / OR TOW DUE TO CRASH,,,,"OVER $1,500",01/06/2025 08:35:00 PM,FOLLOWING TOO CLOSELY,NOT APPLICABLE,4300,N,ALBANY AVE,1724.0,,,,,,,2,"REPORTED, NOT EVIDENT",1.0,0.0,0.0,0.0,1.0,1.0,0.0,7,2,1,41.959469629,-87.705894808,POINT (-87.705894808044 41.959469629157),2025-01-06 07:45:00
50d2b3713582b4f0497e795824673d5701dfb1a11c5fccac40982aa3e65a32cde1006bfc744025f2db95537911b4ebc8f75aed7827dc02761203a8d21bea759c,,01/06/2025 07:40:00 AM,30,TRAFFIC SIGNAL,FUNCTIONING PROPERLY,CLEAR,DAYLIGHT,SIDESWIPE SAME DIRECTION,NOT DIVIDED,,STRAIGHT AND LEVEL,SNOW OR SLUSH,NO DEFECTS,NOT ON SCENE (DESK REPORT),NO INJURY / DRIVE AWAY,Y,,,"$501 - $1,500",01/06/2025 05:25:00 PM,UNABLE TO DETERMINE,NOT APPLICABLE,4900,W,FULLERTON AVE,2521.0,,,,,,,2,NO INDICATION OF INJURY,0.0,0.0,0.0,0.0,0.0,2.0,0.0,7,2,1,41.924314797,-87.748883945,POINT (-87.748883944595 41.924314796598),2025-01-06 07:40:00
07ea3f17762b007141d6426e5c540a39e15db12ec2983468b533c6d065c978fb24ed07a1edd92b1291635be6dd7c4ffeb8123e7676dcb38503eb901a97645e37,,01/06/2025 07:35:00 AM,30,UNKNOWN,UNKNOWN,UNKNOWN,UNKNOWN,SIDESWIPE SAME DIRECTION,UNKNOWN,,STRAIGHT AND LEVEL,UNKNOWN,UNKNOWN,NOT ON SCENE (DESK REPORT),NO INJURY / DRIVE AWAY,,,,$500 OR LESS,01/06/2025 02:54:00 PM,UNABLE TO DETERMINE,UNABLE TO DETERMINE,6200,N,RICHMOND ST,2413.0,,,,,,,2,NO INDICATION OF INJURY,0.0,0.0,0.0,0.0,0.0,2.0,0.0,7,2,1,41.994023019,-87.703307231,POINT (-87.703307231091 41.994023019463),2025-01-06 07:35:00
34f5c2442cf58ffb34c8a21943d7485cca9f6cd15e1397a2df1b143dc237417465e880df35d90115c4155956d1cfbf944248a649cdce25af7b2f22b30512ad42,,01/06/2025 07:35:00 AM,30,TRAFFIC SIGNAL,FUNCTIONING PROPERLY,CLEAR,DAYLIGHT,REAR END,DIVIDED - W/MEDIAN (NOT RAISED),,STRAIGHT AND LEVEL,DRY,UNKNOWN,NOT ON SCENE (DESK REPORT),NO INJURY / DRIVE AWAY,,,,"OVER $1,500",01/06/2025 08:35:00 AM,UNABLE TO DETERMINE,UNABLE TO DETERMINE,3501,S,WESTERN AVE,911.0,,,,,,,2,NO INDICATION OF INJURY,0.0,0.0,0.0,0.0,0.0,2.0,0.0,7,2,1,41.830192538,-87.684884479,POINT (-87.684884479439 41.83019253816),2025-01-06 07:35:00
973781998e50660367b28d1bbece8b68b83f94db0c4195f71dd02ec74390d97902a88653934465e8392e89337202407416ac3aae7ca36711f388257bbfb2d039,,01/06/2025 07:35:00 AM,30,TRAFFIC SIGNAL,FUNCTIONING PROPERLY,SNOW,DAYLIGHT,SIDESWIPE SAME DIRECTION,NOT DIVIDED,,STRAIGHT AND LEVEL,ICE,NO DEFECTS,ON SCENE,NO INJURY / DRIVE AWAY,,,,"OVER $1,500",01/06/2025 07:50:00 AM,WEATHER,WEATHER,4358,W,ROOSEVELT RD,1131.0,,,,,,,2,NO INDICATION OF INJURY,0.0,0.0,0.0,0.0,0.0,2.0,0.0,7,2,1,41.866143539,-87.734905998,POINT (-87.734905998265 41.866143539318),2025-01-06 07:35:00
207e2efad107c3696e7278d1e29f16edc6430bacc66307a6bdd20b11cf9f6172e77f1118d0351e808cbf0ada0de5984c4d27e7f0c015681bc1736637dea9aff8,,01/06/2025 07:30:00 AM,30,NO CONTROLS,NO CONTROLS,CLOUDY/OVERCAST,DAYLIGHT,REAR END,DIVIDED - W/MEDIAN (NOT RAISED),,STRAIGHT AND LEVEL,SNOW OR SLUSH,NO DEFECTS,NOT ON SCENE (DESK REPORT),NO INJURY / DRIVE AWAY,,,,$500 OR LESS,01/06/2025 07:50:00 AM,FOLLOWING TOO CLOSELY,UNABLE TO DETERMINE,3901,W,BRYN MAWR AVE,1712.0,,,,,,,2,NO INDICATION OF INJURY,0.0,0.0,0.0,0.0,0.0,2.0,0.0,7,2,1,41.982738277,-87.725745468,POINT (-87.725745468178 41.982738277143),2025-01-06 07:30:00
60ab6955014b89a903b2f38cebffbfbc69b704a6ff8b25abdf05719958bc20f9f56c521ce8b5d6fd7bf4b73c5930d8b46001c07e3f49d041a480cd193e5acf26,,01/06/2025 07:30:00 AM,30,TRAFFIC SIGNAL,FUNCTIONING PROPERLY,CLEAR,DAYLIGHT,REAR END,Y-INTERSECTION,,STRAIGHT AND LEVEL,ICE,NO DEFECTS,NOT ON SCENE (DESK REPORT),NO INJURY / DRIVE AWAY,Y,,,$500 OR LESS,01/06/2025 08:20:00 AM,UNABLE TO DETERMINE,NOT APPLICABLE,1600,N,HALSTED ST,1813.0,,,,,,,2,NO INDICATION OF INJURY,0.0,0.0,0.0,0.0,0.0,2.0,0.0,7,2,1,41.910940644,-87.648419043,POINT (-87.64841904273 41.910940643916),2025-01-06 07:30:00
6877afb050a52930ad6017127c19f0302a34799af5748f8d0b2ea9074b047bb56e5cff46f1116d79aae3c0390fbd4ff766238628cce0e79d83349c07f05bdaef,,01/06/2025 07:30:00 AM,35,NO CONTROLS,NO CONTROLS,CLEAR,DAYLIGHT,PARKED MOTOR VEHICLE,NOT DIVIDED,,STRAIGHT AND LEVEL,DRY,NO DEFECTS,NOT ON SCENE (DESK REPORT),NO INJURY / DRIVE AWAY,,,Y,"OVER $1,500",01/06/2025 04:14:00 PM,UNABLE TO DETERMINE,UNABLE TO DETERMINE,1358,E,47TH ST,222.0,,,,,,,2,NO INDICATION OF INJURY,0.0,0.0,0.0,0.0,0.0,1.0,0.0,7,2,1,41.809794307,-87.592790418,POINT (-87.592790418075 41.809794306835),2025-01-06 07:30:00
8320b68f7e26384e9415b923c73dbdf23eea6bdbe84550ebd2de6179ba9d61b555624ab37966bfc30b7dcee9945e41f34b255dfd7c0d08398e0e3880b2d2cc2f,,01/06/2025 07:30:00 AM,30,NO CONTROLS,NO CONTROLS,SNOW,DAYLIGHT,ANGLE,NOT DIVIDED,,STRAIGHT ON GRADE,ICE,NO DEFECTS,ON SCENE,INJURY AND / OR TOW DUE TO CRASH,,,Y,"OVER $1,500",01/06/2025 07:40:00 AM,UNABLE TO DETERMINE,UNABLE TO DETERMINE,4815,W,51ST ST,814.0,,,,,,,2,NO INDICATION OF INJURY,0.0,0.0,0.0,0.0,0.0,2.0,0.0,7,2,1,41.800209667,-87.743661998,POINT (-87.743661997728 41.80020966738),2025-01-06 07:30:00
bc95621f91c15ff3a039f449782f4320ae7c096ab6e649939fa981bcb1570f42a0345acbfacd4c3235a127164c91a76bc31fc77c9178e17baaf1f42898661607,,01/06/2025 07:30:00 AM,30,TRAFFIC SIGNAL,FUNCTIONING IMPROPERLY,UNKNOWN,DAYLIGHT,REAR END,DIVIDED - W/MEDIAN (NOT RAISED),,STRAIGHT AND LEVEL,UNKNOWN,UNKNOWN,NOT ON SCENE (DESK REPORT),INJURY AND / OR TOW DUE TO CRASH,,,,"OVER $1,500",01/07/2025 06:40:00 PM,UNABLE TO DETERMINE,NOT APPLICABLE,2354,N,AVERS AVE,2525.0,,,,,,,2,"REPORTED, NOT EVIDENT",2.0,0.0,0.0,0.0,2.0,1.0,0.0,7,2,1,41.924322042,-87.723241065,POINT (-87.723241064844 41.924322041816),2025-01-06 07:30:00
ff4f54722260601730acb59d895a09435f744dae717eed99defab521654aa803f23d8ba9f476291902358d57634916ebf984d625cc835e3a7a2b64c5eff5ba78,,01/06/2025 07:30:00 AM,30,NO CONTROLS,NO CONTROLS,SNOW,DAYLIGHT,REAR END,DIVIDED - W/MEDIAN (NOT RAISED),,STRAIGHT AND LEVEL,ICE,UNKNOWN,ON SCENE,NO INJURY / DRIVE AWAY,,,,"OVER $1,500",01/06/2025 07:31:00 AM,WEATHER,FOLLOWING TOO CLOSELY,6440,W,IRVING PARK RD,1632.0,,,,,,,2,NO INDICATION OF INJURY,0.0,0.0,0.0,0.0,0.0,4.0,0.0,7,2,1,41.953004922,-87.788048252,POINT (-87.788048252438 41.953004922183),2025-01-06 07:30:00
015cf4904ec95a7dbec6d266052264554d4a653883a81b079785c20f5605d1ba7bc4b6bee7e10de7ccb3f667bb4bade93bb5355e738cd9923a7501005e047133,Y,01/06/2025 07:20:00 AM,30,TRAFFIC SIGNAL,FUNCTIONING PROPERLY,FREEZING RAIN/DRIZZLE,DAWN,ANGLE,NOT DIVIDED,,STRAIGHT AND LEVEL,ICE,NO DEFECTS,NOT ON SCENE (DESK REPORT),NO INJURY / DRIVE AWAY,Y,,,"OVER $1,500",01/06/2025 07:35:00 AM,WEATHER,NOT APPLICABLE,4400,W,ROOSEVELT RD,1131.0,,,,,,,2,NO INDICATION OF INJURY,0.0,0.0,0.0,0.0,0.0,2.0,0.0,7,2,1,41.866140868,-87.73508956,POINT (-87.735089560082 41.866140867642),2025-01-06 07:20:00
60f04e1505133d0127fc51f599db44d66e6547825a4db339e9f082ac2f0958e77968fb2f065ddecdd10a2d99cff8f2eda4fdb7f23d705d1c442bc47c203c63c2,,01/06/2025 07:20:00 AM,30,STOP SIGN/FLASHER,FUNCTIONING PROPERLY,SNOW,DAYLIGHT,TURNING,ONE-WAY,,STRAIGHT AND LEVEL,SNOW OR SLUSH,NO DEFECTS,ON SCENE,NO INJURY / DRIVE AWAY,,,,"$501 - $1,500",01/06/2025 07:22:00 AM,UNABLE TO DETERMINE,NOT APPLICABLE,5058,W,HUTCHINSON ST,1624.0,,,,,,,2,NO INDICATION OF INJURY,0.0,0.0,0.0,0.0,0.0,3.0,0.0,7,2,1,41.958008354,-87.754406731,POINT (-87.754406731398 41.958008353847),2025-01-06 07:20:00
bf8f0a72baf1968206a3c15a5c62a46f50e7069536d763084b8a6a4cb5710874aff0fb7ff455e0c8b74d55057ace281a5b2e2790af4f87d022adfa08cef81398,,01/06/2025 07:20:00 AM,25,NO CONTROLS,NO CONTROLS,BLOWING SNOW,DAYLIGHT,PARKED MOTOR VEHICLE,NOT DIVIDED,,STRAIGHT AND LEVEL,WET,NO DEFECTS,NOT ON SCENE (DESK REPORT),NO INJURY / DRIVE AWAY,,,Y,$500 OR LESS,01/07/2025 04:05:00 PM,UNABLE TO DETERMINE,UNABLE TO DETERMINE,1858,W,38TH ST,912.0,,,,,,,2,NO INDICATION OF INJURY,0.0,0.0,0.0,0.0,0.0,1.0,0.0,7,2,1,41.825054745,-87.672631165,POINT (-87.672631165215 41.82505474465),2025-01-06 07:20:00
c8fd4de497f0a70fa147ab9ecefa066eeea23852d3f9d9a3b3d0724994aa7ac26e2c7122c402fdfcd055ce856e52101e7ad90edc997d4bf6e9ae20dfdab6f9a1,,01/06/2025 07:20:00 AM,35,TRAFFIC SIGNAL,FUNCTIONING PROPERLY,CLEAR,DAYLIGHT,ANGLE,NOT DIVIDED,,STRAIGHT AND LEVEL,DRY,NO DEFECTS,,INJURY AND / OR TOW DUE TO CRASH,N,,,"OVER $1,500",01/06/2025 10:09:00 AM,FAILING TO YIELD RIGHT-OF-WAY,FAILING TO YIELD RIGHT-OF-WAY,1998,W,CONGRESS PKWY,1225.0,,,,,,,2,NO INDICATION OF INJURY,0.0,0.0,0.0,0.0,0.0,2.0,0.0,7,2,1,41.87513259,-87.676348246,POINT (-87.676348245583 41.875132590393),2025-01-06 07:20:00
88be230b03f19ef3fa1c823cc11ef0d28ae7d91fe551ecd0ae82bec59e2c4f32ab74ca890f6f8cac9675de78a4fd82dc0b40691a1fdd22f5364d037e426c658e,,01/06/2025 07:15:00 AM,30,NO CONTROLS,NO CONTROLS,CLEAR,DAYLIGHT,REAR END,DIVIDED - W/MEDIAN BARRIER,,STRAIGHT AND LEVEL,DRY,NO DEFECTS,NOT ON SCENE (DESK REPORT),NO INJURY / DRIVE AWAY,,,,"OVER $1,500",01/07/2025 08:14:00 AM,FOLLOWING TOO CLOSELY,UNABLE TO DETERMINE,7131,S,PULASKI RD,833.0,,,,,,,2,NO INDICATION OF INJURY,0.0,0.0,0.0,0.0,0.0,3.0,0.0,7,2,1,41.763170535,-87.722184147,POINT (-87.722184146502 41.763170534633),2025-01-06 07:15:00
91db1f349445d878b7aad9c61a98ad3530f643ca009eea29944812d9637bbb75a2bbb7c66ab56dd82820f108d7a5baaaa10638c20bf23e551e7311786e04ad6f,,01/06/2025 07:15:00 AM,30,STOP SIGN/FLASHER,FUNCTIONING PROPERLY,SNOW,DAYLIGHT,TURNING,NOT DIVIDED,,STRAIGHT AND LEVEL,UNKNOWN,UNKNOWN,NOT ON SCENE (DESK REPORT),NO INJURY / DRIVE AWAY,Y,,,"OVER $1,500",01/06/2025 07:27:00 PM,WEATHER,WEATHER,6000,W,58TH ST,811.0,,,,,,,2,NO INDICATION OF INJURY,0.0,0.0,0.0,0.0,0.0,2.0,0.0,7,2,1,41.787148761,-87.771915965,POINT (-87.77191596534 41.787148760538),2025-01-06 07:15:00
74b8ec71a9b47d380f2efee269c49bd9eb3d1d18cfbfd742ddf7fde8ad8acd2d7a6f663cf7b61fecd1a8c08d054af00bc983d56e410bfc4ef63c82e7d552455f,,01/06/2025 07:10:00 AM,30,NO CONTROLS,NO CONTROLS,SNOW,DAYLIGHT,PARKED MOTOR VEHICLE,ONE-WAY,,STRAIGHT AND LEVEL,ICE,NO DEFECTS,ON SCENE,NO INJURY / DRIVE AWAY,,,,"OVER $1,500",01/06/2025 07:54:00 AM,FAILING TO REDUCE SPEED TO AVOID CRASH,FOLLOWING TOO CLOSELY,3042,N,DRAKE AVE,1412.0,,,,,,,2,NO INDICATION OF INJURY,0.0,0.0,0.0,0.0,0.0,1.0,0.0,7,2,1,41.936894891,-87.716249117,POINT (-87.716249116602 41.936894891331),2025-01-06 07:10:00
780f6826f92ff921015a516a4187a0e5288d4df69356df80c0dfe58b756bf1708079003ce025ec3d847259c6e9c46d25ddd8f45926c65afde927de962eb26c0b,,01/06/2025 07:10:00 AM,30,TRAFFIC SIGNAL,FUNCTIONING PROPERLY,SNOW,DAYLIGHT,TURNING,FOUR WAY,,STRAIGHT AND LEVEL,WET,NO DEFECTS,ON SCENE,NO INJURY / DRIVE AWAY,Y,,,"$501 - $1,500",01/06/2025 07:14:00 AM,UNABLE TO DETERMINE,UNABLE TO DETERMINE,4835,N,WESTERN AVE,2031.0,,,,,,,2,NO INDICATION OF INJURY,0.0,0.0,0.0,0.0,0.0,2.0,0.0,7,2,1,41.969693264,-87.68879319,POINT (-87.688793189663 41.969693264065),2025-01-06 07:10:00
0ced2b001236ddac9d2317bc8c23d7f670900a2f9cdfcfc41498bf37d6e4c88b1610d67aaed90365c46fb228434a50ed6cafdfdb4c0ce854026031e7db3c3481,,01/06/2025 07:05:00 AM,30,STOP SIGN/FLASHER,FUNCTIONING PROPERLY,SNOW,DAYLIGHT,ANGLE,FOUR WAY,,STRAIGHT AND LEVEL,SNOW OR SLUSH,NO DEFECTS,ON SCENE,NO INJURY / DRIVE AWAY,Y,,,"OVER $1,500",01/06/2025 07:08:00 AM,FAILING TO YIELD RIGHT-OF-WAY,FAILING TO REDUCE SPEED TO AVOID CRASH,5200,W,HENDERSON ST,1634.0,,,,,,,3,NO INDICATION OF INJURY,0.0,0.0,0.0,0.0,0.0,4.0,0.0,7,2,1,41.941545979,-87.756905254,POINT (-87.756905254212 41.9415459792),2025-01-06 07:05:00