CRASH_RECORD_ID,CRASH_DATE_EST_I,CRASH_DATE,POSTED_SPEED_LIMIT,TRAFFIC_CONTROL_DEVICE,DEVICE_CONDITION,WEATHER_CONDITION,LIGHTING_CONDITION,FIRST_CRASH_TYPE,TRAFFICWAY_TYPE,LANE_CNT,ALIGNMENT,ROADWAY_SURFACE_COND,ROAD_DEFECT,REPORT_TYPE,CRASH_TYPE,INTERSECTION_RELATED_I,NOT_RIGHT_OF_WAY_I,HIT_AND_RUN_I,DAMAGE,DATE_POLICE_NOTIFIED,PRIM_CONTRIBUTORY_CAUSE,SEC_CONTRIBUTORY_CAUSE,STREET_NO,STREET_DIRECTION,STREET_NAME,BEAT_OF_OCCURRENCE,PHOTOS_TAKEN_I,STATEMENTS_TAKEN_I,DOORING_I,WORK_ZONE_I,WORK_ZONE_TYPE,WORKERS_PRESENT_I,NUM_UNITS,MOST_SEVERE_INJURY,INJURIES_TOTAL,INJURIES_FATAL,INJURIES_INCAPACITATING,INJURIES_NON_INCAPACITATING,INJURIES_REPORTED_NOT_EVIDENT,INJURIES_NO_INDICATION,INJURIES_UNKNOWN,CRASH_HOUR,CRASH_DAY_OF_WEEK,CRASH_MONTH,LATITUDE,LONGITUDE,LOCATION,timestamp
341b575d8c29046e61937ce19031ba381a24bfc11e5e55e1a1608976c0a45ed4678cf0ea4aa88f4ebb37bc5ad0c16929207efb679698d3b752dbdf8ce1b336ac,Y,01/06/2025 07:00:00 AM,0,UNKNOWN,UNKNOWN,SNOW,UNKNOWN,PARKED MOTOR VEHICLE,PARKING LOT,,STRAIGHT AND LEVEL,SNOW OR SLUSH,UNKNOWN,ON SCENE,NO INJURY / DRIVE AWAY,,,N,$500 OR LESS,01/07/2025 08:35:00 AM,UNABLE TO DETERMINE,NOT APPLICABLE,3510,S,MICHIGAN AVE,213.0,,,,,,,2,NO INDICATION OF INJURY,0.0,0.0,0.0,0.0,0.0,1.0,0.0,7,2,1,41.830701687,-87.623395346,POINT (-87.623395345899 41.830701687298),2025-01-06 07:00:00
6e86c382540721cd01e807f9aa2e11b6dae819bcdf8721c1b9d567ebd80526d51f38b086a788f79657a64db71372e7a4b4152ec32d06dac2039d199a2116f4cf,,01/06/2025 07:00:00 AM,30,NO CONTROLS,NO CONTROLS,UNKNOWN,DAYLIGHT,TURNING,ALLEY,,STRAIGHT AND LEVEL,UNKNOWN,UNKNOWN,NOT ON SCENE (DESK REPORT),NO INJURY / DRIVE AWAY,,,,"OVER $1,500",01/07/2025 04:45:00 PM,UNABLE TO DETERMINE,UNABLE TO DETERMINE,1916,W,PRATT BLVD,2424.0,,,,,,,2,NO INDICATION OF INJURY,0.0,0.0,0.0,0.0,0.0,3.0,0.0,7,2,1,42.005350517,-87.678643447,POINT (-87.678643447467 42.005350516572),2025-01-06 07:00:00
c6e76822c19f67d9fd8d733a2132e0b557fad34d3e3de86669d11395682d12d870cdc7932dacc3bc76dc4aa21abe973bbfbd6b072915094cab7aa9f7fb6ff670,,01/06/2025 07:00:00 AM,30,TRAFFIC SIGNAL,FUNCTIONING PROPERLY,SNOW,DAWN,REAR END,FOUR WAY,,STRAIGHT AND LEVEL,WET,NO DEFECTS,NOT ON SCENE (DESK REPORT),NO INJURY / DRIVE AWAY,Y,,,"OVER $1,500",01/06/2025 07:35:00 AM,UNABLE TO DETERMINE,NOT APPLICABLE,448,W,LAKE ST,1214.0,,,,,,,2,NO INDICATION OF INJURY,0.0,0.0,0.0,0.0,0.0,2.0,0.0,7,2,1,41.885829704,-87.639806436,POINT (-87.639806435619 41.885829703835),2025-01-06 07:00:00
dd5798d7dda7f92a62c714b0b9bf83bdb763d87a59202a9c1cde4e0ba7e7de47603c9a112a69f27915a8c6b770f3f87e5b6bc87284d5bd26f52fde0aa42a993d,,01/06/2025 07:00:00 AM,30,NO CONTROLS,NO CONTROLS,CLEAR,DAYLIGHT,ANGLE,OTHER,,STRAIGHT AND LEVEL,WET,NO DEFECTS,NOT ON SCENE (DESK REPORT),NO INJURY / DRIVE AWAY,,,,"OVER $1,500",01/06/2025 08:00:00 AM,FAILING TO YIELD RIGHT-OF-WAY,NOT APPLICABLE,1714,W,PRATT BLVD,2424.0,,,,,,,2,NO INDICATION OF INJURY,0.0,0.0,0.0,0.0,0.0,3.0,0.0,7,2,1,42.005431023,-87.67372965,POINT (-87.673729649799 42.005431022848),2025-01-06 07:00:00
77b87bd4466cbb8275c09d033019a6b2af01dc0b40146ff1cc343ae5c9c16798c1d099914c13ab2be7c58828a93cd67f21476242e29b48f0c59643b309074601,,01/06/2025 06:45:00 AM,30,TRAFFIC SIGNAL,FUNCTIONING PROPERLY,SNOW,DAWN,REAR END,FOUR WAY,,STRAIGHT AND LEVEL,ICE,NO DEFECTS,ON SCENE,NO INJURY / DRIVE AWAY,,,,"OVER $1,500",01/06/2025 07:42:00 AM,WEATHER,WEATHER,4358,W,ROOSEVELT RD,1131.0,,,,,,,3,NO INDICATION OF INJURY,0.0,0.0,0.0,0.0,0.0,3.0,0.0,6,2,1,41.866143539,-87.734905998,POINT (-87.734905998265 41.866143539318),2025-01-06 06:45:00
ac00fafc16b5aacbb6718690c0772ea6a1e2aeca147eee9df1c56739e46cc005d29bd5d3cb08960a757c50f1026dafa480f4ec3d85af772b42e8cb49f4784d42,,01/06/2025 06:45:00 AM,30,TRAFFIC SIGNAL,FUNCTIONING PROPERLY,FREEZING RAIN/DRIZZLE,DAYLIGHT,SIDESWIPE SAME DIRECTION,NOT DIVIDED,,STRAIGHT AND LEVEL,WET,NO DEFECTS,NOT ON SCENE (DESK REPORT),NO INJURY / DRIVE AWAY,Y,,,$500 OR LESS,01/06/2025 07:30:00 AM,UNABLE TO DETERMINE,UNABLE TO DETERMINE,2359,N,AUSTIN AVE,2515.0,,,,,,,2,NO INDICATION OF INJURY,0.0,0.0,0.0,0.0,0.0,2.0,0.0,6,2,1,41.923806569,-87.775567818,POINT (-87.77556781808 41.923806568882),2025-01-06 06:45:00
c4b3e9e18abf1161bddca84a9306441542959dfd2de2559929f98db68a864c9bc090eb85b4231b78bf33ac90d49ee208c639edb0842e1ac8cf76e0398ef6ded9,,01/06/2025 06:38:00 AM,25,NO CONTROLS,NO CONTROLS,OTHER,DAWN,PARKED MOTOR VEHICLE,ONE-WAY,,STRAIGHT AND LEVEL,ICE,NO DEFECTS,ON SCENE,NO INJURY / DRIVE AWAY,,,,"OVER $1,500",01/06/2025 06:38:00 AM,WEATHER,WEATHER,4315,S,MICHIGAN AVE,215.0,,,,,,,3,NO INDICATION OF INJURY,0.0,0.0,0.0,0.0,0.0,2.0,0.0,6,2,1,41.816057392,-87.622871891,POINT (-87.622871890831 41.816057392167),2025-01-06 06:38:00
40d46b5c2a7cfc53989be2d0eeb80b225f2b591818c8a5f1324e4a00deca6ad348a8fd54786e59539b77c63138c9fa8ddb6783f4e776c526df1b8d2f40fa6863,,01/06/2025 06:36:00 AM,30,STOP SIGN/FLASHER,FUNCTIONING PROPERLY,CLOUDY/OVERCAST,DAWN,PEDESTRIAN,FOUR WAY,,STRAIGHT AND LEVEL,WET,NO DEFECTS,ON SCENE,INJURY AND / OR TOW DUE TO CRASH,Y,,Y,$500 OR LESS,01/06/2025 06:46:00 AM,FAILING TO YIELD RIGHT-OF-WAY,UNABLE TO DETERMINE,1701,W,GRAND AVE,1215.0,,,,,,,2,NONINCAPACITATING INJURY,1.0,0.0,0.0,1.0,0.0,1.0,0.0,6,2,1,41.890833351,-87.66961897,POINT (-87.669618969651 41.890833350909),2025-01-06 06:36:00
97cb773915d285092dcf8708c52a09dc6b74dafa4428b34bc7be4ae2d92553300be977921f8ce0b12b8c34f446c93ea7d7d81d9514b9fda82ba0250e8b74b29e,,01/06/2025 06:30:00 AM,30,NO CONTROLS,NO CONTROLS,SNOW,DAWN,TURNING,NOT DIVIDED,,STRAIGHT AND LEVEL,ICE,NO DEFECTS,ON SCENE,INJURY AND / OR TOW DUE TO CRASH,Y,,,"OVER $1,500",01/06/2025 06:35:00 AM,DISREGARDING ROAD MARKINGS,IMPROPER TURNING/NO SIGNAL,5310,W,FULLERTON AVE,2515.0,,,,,,,2,NONINCAPACITATING INJURY,1.0,0.0,0.0,1.0,0.0,1.0,0.0,6,2,1,41.924179416,-87.759065787,POINT (-87.759065787317 41.924179416264),2025-01-06 06:30:00
f10b0639d39b837631f56f8c970e53a561d46e2de1ecac5405c82dfe5024a30f51d872aa0b2d0fda04bdbdf19669ae9f5216e3c0448c13e6ff3a2b2dc321c404,Y,01/06/2025 06:15:00 AM,30,NO CONTROLS,NO CONTROLS,SNOW,DAYLIGHT,PARKED MOTOR VEHICLE,NOT DIVIDED,,STRAIGHT AND LEVEL,ICE,NO DEFECTS,NOT ON SCENE (DESK REPORT),NO INJURY / DRIVE AWAY,,,,"$501 - $1,500",01/07/2025 10:30:00 AM,UNABLE TO DETERMINE,UNABLE TO DETERMINE,3414,N,KENTON AVE,1731.0,,,,,,,2,NO INDICATION OF INJURY,0.0,0.0,0.0,0.0,0.0,1.0,0.0,6,2,1,41.943038845,-87.742172019,POINT (-87.742172019057 41.943038845499),2025-01-06 06:15:00
29bc7fdaf2e03982ff8ac37ef69474ef3a9602995a267ee53c5d33434f5c9df901c5554c04398a8bd401b3aa1916bd528eb2d6a89dd7ce7db3ef4fb0f7d0915a,,01/06/2025 06:00:00 AM,30,NO CONTROLS,NO CONTROLS,SNOW,DARKNESS,PARKED MOTOR VEHICLE,ONE-WAY,,STRAIGHT AND LEVEL,ICE,NO DEFECTS,NOT ON SCENE (DESK REPORT),NO INJURY / DRIVE AWAY,,,Y,"OVER $1,500",01/07/2025 02:10:00 PM,UNABLE TO DETERMINE,UNABLE TO DETERMINE,2056,N,LAWLER AVE,2522.0,,,,,,,2,NO INDICATION OF INJURY,0.0,0.0,0.0,0.0,0.0,1.0,0.0,6,2,1,41.918528491,-87.752450439,POINT (-87.752450438606 41.918528490996),2025-01-06 06:00:00
a23ac5257582d00e00a5156eaf615a0240e778300ab0fc5a2767f9c207db8da08b42a880b4c7e17652ceeac0a88145cca7be15f12fbe884517dff0833426b91f,,01/06/2025 05:50:00 AM,30,UNKNOWN,NO CONTROLS,SNOW,"DARKNESS, LIGHTED ROAD",TURNING,NOT DIVIDED,,STRAIGHT AND LEVEL,WET,UNKNOWN,,INJURY AND / OR TOW DUE TO CRASH,Y,,,"OVER $1,500",01/06/2025 05:57:00 AM,IMPROPER TURNING/NO SIGNAL,FAILING TO YIELD RIGHT-OF-WAY,4545,W,CHICAGO AVE,1111.0,,,,,,,2,NONINCAPACITATING INJURY,1.0,0.0,0.0,1.0,0.0,2.0,0.0,5,2,1,41.895000133,-87.740093765,POINT (-87.740093765257 41.895000133241),2025-01-06 05:50:00
11e766aefc5365198e4289fa64d2dd254cc341b4120d4112fe00d1dcf63acc30b8301c27c279a87b4f614d3faf352129f05a68862a6ecc2efcec9887fbef0185,,01/06/2025 05:48:00 AM,30,TRAFFIC SIGNAL,FUNCTIONING PROPERLY,CLEAR,DARKNESS,SIDESWIPE SAME DIRECTION,ONE-WAY,,STRAIGHT AND LEVEL,DRY,NO DEFECTS,NOT ON SCENE (DESK REPORT),NO INJURY / DRIVE AWAY,Y,,,"$501 - $1,500",01/06/2025 06:54:00 AM,UNABLE TO DETERMINE,NOT APPLICABLE,7100,S,YATES BLVD,334.0,,,,,,,2,NO INDICATION OF INJURY,0.0,0.0,0.0,0.0,0.0,2.0,0.0,5,2,1,41.766287701,-87.566633266,POINT (-87.566633265847 41.766287700895),2025-01-06 05:48:00
b9c2e6315089fb40cfe634e091774b62b7aab98efe28b18dcd6660ca4331f73fc7f73a4f153869122368092b7094906e5f16a62e2a3a58f0416361aa40a36b11,,01/06/2025 05:48:00 AM,30,TRAFFIC SIGNAL,FUNCTIONING PROPERLY,SNOW,DAYLIGHT,REAR END,NOT DIVIDED,,STRAIGHT AND LEVEL,WET,NO DEFECTS,NOT ON SCENE (DESK REPORT),NO INJURY / DRIVE AWAY,,,,"OVER $1,500",01/06/2025 06:30:00 AM,UNABLE TO DETERMINE,NOT APPLICABLE,3401,W,FULLERTON AVE,1413.0,,,,,,,2,NO INDICATION OF INJURY,0.0,0.0,0.0,0.0,0.0,3.0,0.0,5,2,1,41.924550137,-87.712162758,POINT (-87.712162758497 41.924550136562),2025-01-06 05:48:00
47e470a34fce0d1d7066e091dd335fd64d575d41645462ca32813d840cde4981f63b1b93f5d8479253b40d53597171a375b8912a86b6b6ecd0dba19331d821c8,,01/06/2025 05:45:00 AM,25,TRAFFIC SIGNAL,FUNCTIONING IMPROPERLY,CLEAR,"DARKNESS, LIGHTED ROAD",TURNING,NOT DIVIDED,,STRAIGHT ON GRADE,WET,NO DEFECTS,NOT ON SCENE (DESK REPORT),NO INJURY / DRIVE AWAY,,,,"$501 - $1,500",01/06/2025 03:12:00 PM,FAILING TO YIELD RIGHT-OF-WAY,FAILING TO YIELD RIGHT-OF-WAY,4801,S,LAWNDALE AVE,821.0,,,,,,,2,NO INDICATION OF INJURY,0.0,0.0,0.0,0.0,0.0,2.0,0.0,5,2,1,41.806658765,-87.716033044,POINT (-87.716033044428 41.806658764758),2025-01-06 05:45:00
6984136ace67a264dc8822d819aa07610bb2a1dd82ce8fb65f3095efc27fc3835824acc5ffab5190a8e4d06bc31af1b5f09232b75c456b8648547825c823f4fe,,01/06/2025 05:45:00 AM,30,NO CONTROLS,NO CONTROLS,CLEAR,DAYLIGHT,TURNING,NOT DIVIDED,,STRAIGHT AND LEVEL,WET,NO DEFECTS,NOT ON SCENE (DESK REPORT),NO INJURY / DRIVE AWAY,,,,"OVER $1,500",01/06/2025 11:00:00 AM,FAILING TO YIELD RIGHT-OF-WAY,NOT APPLICABLE,4801,S,LAWNDALE AVE,821.0,,,,,,,2,NO INDICATION OF INJURY,0.0,0.0,0.0,0.0,0.0,2.0,0.0,5,2,1,41.806658765,-87.716033044,POINT (-87.716033044428 41.806658764758),2025-01-06 05:45:00
4da65d315054456cb6fe220fd04a12322a12215ccdd056efcd9a4aa55e907c38584a17eb9c269bc2fa72fdc943d4a4301c4a3b3e849207f749c7d8ece8c4ac32,,01/06/2025 05:30:00 AM,30,TRAFFIC SIGNAL,FUNCTIONING PROPERLY,FREEZING RAIN/DRIZZLE,DUSK,ANGLE,NOT DIVIDED,,STRAIGHT AND LEVEL,WET,NO DEFECTS,,INJURY AND / OR TOW DUE TO CRASH,Y,,,"OVER $1,500",01/06/2025 05:42:00 AM,DISREGARDING OTHER TRAFFIC SIGNS,NOT APPLICABLE,4300,S,MICHIGAN AVE,215.0,,,,,,,2,"REPORTED, NOT EVIDENT",1.0,0.0,0.0,0.0,1.0,1.0,0.0,5,2,1,41.816447072,-87.623175874,POINT (-87.623175873911 41.816447071893),2025-01-06 05:30:00
388c2ff135320e410e2a680909a927c28aa6d4dcc5041885b8149799385a85a2838cd30d7aa7b9836706d8dfafa40a671d01bc0c3a63be06238f0b587567c95c,,01/06/2025 05:25:00 AM,25,STOP SIGN/FLASHER,NO CONTROLS,FREEZING RAIN/DRIZZLE,"DARKNESS, LIGHTED ROAD",REAR END,NOT DIVIDED,,STRAIGHT AND LEVEL,WET,NO DEFECTS,ON SCENE,NO INJURY / DRIVE AWAY,,,,"$501 - $1,500",01/06/2025 05:30:00 AM,FAILING TO REDUCE SPEED TO AVOID CRASH,NOT APPLICABLE,5299,N,KIMBALL AVE,1712.0,,,,,,,2,NO INDICATION OF INJURY,0.0,0.0,0.0,0.0,0.0,2.0,0.0,5,2,1,41.977436715,-87.713438969,POINT (-87.713438968589 41.9774367154),2025-01-06 05:25:00
5daaba8488321a7f3a6478864a09c28786d2e734a0dc1a064470ee1b864ff55f39dcf3092672551d4e4f20dfa88e239be9c217064a103f9819d3b7cd2901c5fb,,01/06/2025 05:17:00 AM,3,PEDESTRIAN CROSSING SIGN,FUNCTIONING PROPERLY,SNOW,DARKNESS,FIXED OBJECT,NOT DIVIDED,,STRAIGHT AND LEVEL,SNOW OR SLUSH,NO DEFECTS,ON SCENE,NO INJURY / DRIVE AWAY,,,,"OVER $1,500",01/06/2025 05:21:00 AM,UNABLE TO DETERMINE,WEATHER,836,W,WELLINGTON AVE,1933.0,,,,,,,1,NO INDICATION OF INJURY,0.0,0.0,0.0,0.0,0.0,2.0,0.0,5,2,1,41.936450168,-87.650552452,POINT (-87.650552452041 41.936450167582),2025-01-06 05:17:00
2e05c358b25221415880f50f25c97000a390c9bfe4b9024da1c50a181f521536065ef1cf7721ed659fc7d1b76deb9d567c7e7fef715659ca54b6f029f3b1b2ca,,01/06/2025 04:25:00 AM,30,TRAFFIC SIGNAL,FUNCTIONING PROPERLY,FREEZING RAIN/DRIZZLE,"DARKNESS, LIGHTED ROAD",PARKED MOTOR VEHICLE,DIVIDED - W/MEDIAN (NOT RAISED),,STRAIGHT AND LEVEL,ICE,UNKNOWN,ON SCENE,INJURY AND / OR TOW DUE TO CRASH,,,,"OVER $1,500",01/06/2025 04:28:00 AM,NOT APPLICABLE,WEATHER,4000,N,LARAMIE AVE,1624.0,,,,,,,2,NO INDICATION OF INJURY,0.0,0.0,0.0,0.0,0.0,1.0,0.0,4,2,1,41.95334314,-87.757295931,POINT (-87.757295931494 41.953343139922),2025-01-06 04:25:00
03ce3025b31bacf2eb939cb7a9ae5a957eab8d6576580e7466d17373348d5474fc53474602477ed3d0f017052f9cbd03594750f8f16215419581380f644b2125,,01/06/2025 04:21:00 AM,25,NO CONTROLS,NO CONTROLS,SNOW,DARKNESS,PARKED MOTOR VEHICLE,NOT DIVIDED,,STRAIGHT AND LEVEL,SNOW OR SLUSH,NO DEFECTS,NOT ON SCENE (DESK REPORT),INJURY AND / OR TOW DUE TO CRASH,,,Y,"OVER $1,500",01/06/2025 09:40:00 AM,UNABLE TO DETERMINE,NOT APPLICABLE,6498,W,SOMERSET AVE,1612.0,,,,,,,2,NO INDICATION OF INJURY,0.0,0.0,0.0,0.0,0.0,1.0,0.0,4,2,1,41.984367844,-87.7885084,POINT (-87.788508399921 41.984367843935),2025-01-06 04:21:00
405a3927d7229b9a6c483ce2dc735e226833813bbcdf901b4c373b44594aecb18f713c680b560d234e7cc5fb1f250aad99eef232a0125b71e0706dea31d594ee,,01/06/2025 04:00:00 AM,30,NO CONTROLS,NO CONTROLS,OTHER,"DARKNESS, LIGHTED ROAD",FIXED OBJECT,PARKING LOT,,STRAIGHT AND LEVEL,DRY,NO DEFECTS,ON SCENE,NO INJURY / DRIVE AWAY,,Y,,$500 OR LESS,01/06/2025 04:43:00 AM,IMPROPER BACKING,NOT APPLICABLE,1025,W,ADDISON ST,1924.0,,,,,,,1,NO INDICATION OF INJURY,0.0,0.0,0.0,0.0,0.0,2.0,0.0,4,2,1,41.947117748,-87.655381162,POINT (-87.655381162212 41.947117748352),2025-01-06 04:00:00
b07e2b87cc4f435c92e8c52bd9e95fd07fda3cb710a6e11598240bd45168fa61f0fe4948a9e9867d0e7694df1555f7a326d52892c77090f7834fcc9dda65fadb,,01/06/2025 04:00:00 AM,30,NO CONTROLS,NO CONTROLS,FREEZING RAIN/DRIZZLE,"DARKNESS, LIGHTED ROAD",FIXED OBJECT,NOT DIVIDED,,STRAIGHT AND LEVEL,ICE,NO DEFECTS,NOT ON SCENE (DESK REPORT),INJURY AND / OR TOW DUE TO CRASH,,,,"OVER $1,500",01/07/2025 09:00:00 AM,WEATHER,WEATHER,1835,N,CICERO AVE,2533.0,,,,,,,1,NO INDICATION OF INJURY,0.0,0.0,0.0,0.0,0.0,1.0,0.0,4,2,1,41.91435179,-87.745857938,POINT (-87.745857937517 41.914351789607),2025-01-06 04:00:00
4e2c52136eacdc41e61752cbac0520c0ad1f650610b2147380f6a0eadfbb89fd71de3f63dfaebe94a3669ba32499558985be02d8114ba8c670361f4905573c32,,01/06/2025 03:53:00 AM,30,NO CONTROLS,NO CONTROLS,CLEAR,"DARKNESS, LIGHTED ROAD",PARKED MOTOR VEHICLE,NOT DIVIDED,,STRAIGHT AND LEVEL,DRY,NO DEFECTS,,NO INJURY / DRIVE AWAY,,,Y,"OVER $1,500",01/06/2025 03:53:00 AM,UNABLE TO DETERMINE,NOT APPLICABLE,3705,N,BROADWAY,1925.0,,,,,,,3,NO INDICATION OF INJURY,0.0,0.0,0.0,0.0,0.0,1.0,0.0,3,2,1,41.94936481,-87.648331354,POINT (-87.648331353772 41.94936481049),2025-01-06 03:53:00
f74d116d25df3a4f0875c4222d073ed27baca0a81ae872c249e8b6ba0d0ddf7f66b368d13a534be86a5972a3db6010685e07441e45d8eca43e769dc50458a1b0,,01/06/2025 03:45:00 AM,30,NO CONTROLS,NO CONTROLS,FREEZING RAIN/DRIZZLE,"DARKNESS, LIGHTED ROAD",FIXED OBJECT,ONE-WAY,,"CURVE, LEVEL",ICE,UNKNOWN,ON SCENE,INJURY AND / OR TOW DUE TO CRASH,,,,"OVER $1,500",01/06/2025 03:48:00 AM,WEATHER,NOT APPLICABLE,102,W,I190 EXPY,1654.0,,,,,,,1,NONINCAPACITATING INJURY,1.0,0.0,0.0,1.0,0.0,1.0,0.0,3,2,1,,,,2025-01-06 03:45:00
445addc05845bcff26494323f2f79ffc09bd3306ad20d78f00f795dc4951794396ed4ceeb864b9ee08777af2abacecbd50d8a19e48b532e1651feb27eec3c039,,01/06/2025 03:34:00 AM,30,NO CONTROLS,NO CONTROLS,CLEAR,"DARKNESS, LIGHTED ROAD",PARKED MOTOR VEHICLE,PARKING LOT,,STRAIGHT AND LEVEL,SNOW OR SLUSH,NO DEFECTS,ON SCENE,NO INJURY / DRIVE AWAY,,,,"OVER $1,500",01/06/2025 03:36:00 AM,"OPERATING VEHICLE IN ERRATIC, RECKLESS, CARELESS, NEGLIGENT OR AGGRESSIVE MANNER",NOT APPLICABLE,1857,S,WESTERN AVE,1234.0,,,,,,,2,NO INDICATION OF INJURY,0.0,0.0,0.0,0.0,0.0,1.0,0.0,3,2,1,41.85582655,-87.685592597,POINT (-87.685592597233 41.855826549588),2025-01-06 03:34:00
93dd52e6fccfa7ae4793c26d814185de99164cf85467aa97a8d3f2dd61b77ac928aa279e0a4e7c766a75a60777cafe2b851d2e53d034c8ae82b3ee40ad34c65e,,01/06/2025 03:30:00 AM,35,TRAFFIC SIGNAL,FUNCTIONING PROPERLY,CLEAR,"DARKNESS, LIGHTED ROAD",TURNING,NOT DIVIDED,,STRAIGHT AND LEVEL,WET,NO DEFECTS,ON SCENE,INJURY AND / OR TOW DUE TO CRASH,Y,,,"OVER $1,500",01/07/2025 03:32:00 AM,IMPROPER TURNING/NO SIGNAL,FAILING TO YIELD RIGHT-OF-WAY,6700,S,WESTERN AVE,832.0,,,,,,,3,INCAPACITATING INJURY,2.0,0.0,1.0,1.0,0.0,1.0,0.0,3,2,1,41.771884028,-87.683588402,POINT (-87.683588402063 41.771884027712),2025-01-06 03:30:00
834605e02099e0337ef6b7709d653a3a3adfced41d1ac4baf700b4746935ee100bb438d5dfeef3e3960e7a2a7a9b9ee2446ee8b069d21e5b410cfde8dbded174,,01/06/2025 03:22:00 AM,30,NO CONTROLS,NO CONTROLS,UNKNOWN,"DARKNESS, LIGHTED ROAD",PARKED MOTOR VEHICLE,NOT DIVIDED,,STRAIGHT AND LEVEL,UNKNOWN,NO DEFECTS,NOT ON SCENE (DESK REPORT),INJURY AND / OR TOW DUE TO CRASH,,,Y,$500 OR LESS,01/06/2025 05:58:00 AM,"OPERATING VEHICLE IN ERRATIC, RECKLESS, CARELESS, NEGLIGENT OR AGGRESSIVE MANNER",NOT APPLICABLE,2119,W,GLADYS AVE,1225.0,,,,,,,2,NO INDICATION OF INJURY,0.0,0.0,0.0,0.0,0.0,3.0,0.0,3,2,1,41.876805321,-87.679739748,POINT (-87.679739748375 41.876805320755),2025-01-06 03:22:00
ce76caa28df99645371877640cab2c3e1850893bbe3883176ba466531dcaed84fe5c7fcca1b9ac0d49c155b911633840e0a5a712a2377f04e73f6bda92aa93be,,01/06/2025 02:30:00 AM,30,NO CONTROLS,NO CONTROLS,OTHER,"DARKNESS, LIGHTED ROAD",PARKED MOTOR VEHICLE,DIVIDED - W/MEDIAN BARRIER,,STRAIGHT AND LEVEL,ICE,NO DEFECTS,ON SCENE,NO INJURY / DRIVE AWAY,,,,"OVER $1,500",01/06/2025 02:37:00 AM,IMPROPER LANE USAGE,IMPROPER LANE USAGE,3810,N,ASHLAND AVE,1922.0,,,,,,,2,NO INDICATION OF INJURY,0.0,0.0,0.0,0.0,0.0,2.0,0.0,2,2,1,41.95101267,-87.669115784,POINT (-87.669115783722 41.951012669559),2025-01-06 02:30:00
7b42904d3c71f65591091578c727bc7e9d0709d7ff860688da8c4f5d02b7ed4df84132f92bf5b353b5ac07cd7921bb022cb638ae0292515b56a465f8367204f1,,01/06/2025 02:15:00 AM,30,STOP SIGN/FLASHER,FUNCTIONING PROPERLY,CLEAR,DARKNESS,ANGLE,FOUR WAY,,STRAIGHT AND LEVEL,DRY,NO DEFECTS,ON SCENE,INJURY AND / OR TOW DUE TO CRASH,Y,,,"OVER $1,500",01/06/2025 02:19:00 AM,DRIVING ON WRONG SIDE/WRONG WAY,NOT APPLICABLE,5466,S,WENTWORTH AVE,225.0,,,,,,,2,NO INDICATION OF INJURY,0.0,0.0,0.0,0.0,0.0,2.0,0.0,2,2,1,,,,2025-01-06 02:15:00
f0d35f8558ab59c3261f99b1e392aed1a6d64bda34cf591d193a23ad6e60cfe023ca747e968e7f33e1a7301d55d8936ba664cecf7926c693217dadda4bc0ccc9,,01/06/2025 02:04:00 AM,30,TRAFFIC SIGNAL,FUNCTIONING PROPERLY,SNOW,"DARKNESS, LIGHTED ROAD",FIXED OBJECT,T-INTERSECTION,,STRAIGHT AND LEVEL,SNOW OR SLUSH,UNKNOWN,ON SCENE,INJURY AND / OR TOW DUE TO CRASH,,,,"OVER $1,500",01/06/2025 02:06:00 AM,WEATHER,UNABLE TO DETERMINE,2900,S,STATE ST,133.0,,,,,,,1,NO INDICATION OF INJURY,0.0,0.0,0.0,0.0,0.0,5.0,0.0,2,2,1,41.841828583,-87.627016962,POINT (-87.627016962139 41.841828582576),2025-01-06 02:04:00
70a74a42149ba235f43bb2c06a9877e5036fff88caa4a94afb460389997038ad1693415df4aca752ecb460cdc71d63798aa79e91ba2868428908476777c3bd46,,01/06/2025 02:00:00 AM,15,NO CONTROLS,NO CONTROLS,FREEZING RAIN/DRIZZLE,"DARKNESS, LIGHTED ROAD",PARKED MOTOR VEHICLE,OTHER,,STRAIGHT AND LEVEL,SNOW OR SLUSH,OTHER,ON SCENE,INJURY AND / OR TOW DUE TO CRASH,,,Y,"OVER $1,500",01/06/2025 02:45:00 PM,WEATHER,UNABLE TO DETERMINE,5013,S,PAULINA ST,931.0,,,,,,,2,NO INDICATION OF INJURY,0.0,0.0,0.0,0.0,0.0,1.0,0.0,2,2,1,41.802688763,-87.667101132,POINT (-87.66710113214 41.802688762534),2025-01-06 02:00:00