CRASH_RECORD_ID,CRASH_DATE_EST_I,CRASH_DATE,POSTED_SPEED_LIMIT,TRAFFIC_CONTROL_DEVICE,DEVICE_CONDITION,WEATHER_CONDITION,LIGHTING_CONDITION,FIRST_CRASH_TYPE,TRAFFICWAY_TYPE,LANE_CNT,ALIGNMENT,ROADWAY_SURFACE_COND,ROAD_DEFECT,REPORT_TYPE,CRASH_TYPE,INTERSECTION_RELATED_I,NOT_RIGHT_OF_WAY_I,HIT_AND_RUN_I,DAMAGE,DATE_POLICE_NOTIFIED,PRIM_CONTRIBUTORY_CAUSE,SEC_CONTRIBUTORY_CAUSE,STREET_NO,STREET_DIRECTION,STREET_NAME,BEAT_OF_OCCURRENCE,PHOTOS_TAKEN_I,STATEMENTS_TAKEN_I,DOORING_I,WORK_ZONE_I,WORK_ZONE_TYPE,WORKERS_PRESENT_I,NUM_UNITS,MOST_SEVERE_INJURY,INJURIES_TOTAL,INJURIES_FATAL,INJURIES_INCAPACITATING,INJURIES_NON_INCAPACITATING,INJURIES_REPORTED_NOT_EVIDENT,INJURIES_NO_INDICATION,INJURIES_UNKNOWN,CRASH_HOUR,CRASH_DAY_OF_WEEK,CRASH_MONTH,LATITUDE,LONGITUDE,LOCATION,timestamp
e4c13c8108080068146c2f90bbeb91dd2023920dd6a1c3259a0c9c799c02d76093dd8f067b705e7186da97708ccfc822c8c614a4e456c3447b3fe67d3f07a1a6,,01/06/2025 02:00:00 AM,30,NO CONTROLS,NO CONTROLS,CLEAR,"DARKNESS, LIGHTED ROAD",FIXED OBJECT,NOT DIVIDED,,STRAIGHT AND LEVEL,WET,UNKNOWN,ON SCENE,INJURY AND / OR TOW DUE TO CRASH,,,,"OVER $1,500",01/06/2025 02:00:00 AM,"OPERATING VEHICLE IN ERRATIC, RECKLESS, CARELESS, NEGLIGENT OR AGGRESSIVE MANNER",WEATHER,5957,W,JACKSON BLVD,1513.0,,,,,,,1,NO INDICATION OF INJURY,0.0,0.0,0.0,0.0,0.0,5.0,0.0,2,2,1,41.876818997,-87.77311793,POINT (-87.773117930226 41.876818997383),2025-01-06 02:00:00
86f49a0c1c0f2dad735bc86a2a01fa806007810a866dbc2afbbb9c14b3344c53d13c9f99d3b8d4e9cc7147b500692b594df3970e51d5aa15af42444e62713d1f,,01/06/2025 01:45:00 AM,30,NO CONTROLS,NO CONTROLS,CLEAR,DAYLIGHT,PARKED MOTOR VEHICLE,NOT DIVIDED,,STRAIGHT AND LEVEL,DRY,NO DEFECTS,ON SCENE,NO INJURY / DRIVE AWAY,,,Y,$500 OR LESS,01/06/2025 01:50:00 AM,UNABLE TO DETERMINE,NOT APPLICABLE,929,W,34TH ST,913.0,,,,,,,2,NO INDICATION OF INJURY,0.0,0.0,0.0,0.0,0.0,1.0,0.0,1,2,1,41.832649184,-87.649758255,POINT (-87.649758254946 41.832649184352),2025-01-06 01:45:00
2f9dc0f039bf0697cfcc32d2ec7ad2e16166db38e24ab74b548661c022983f55c5665c7cfd8df8a4de03ab2374850b097f7451e724f9d850760fed2c2ce7ae63,,01/06/2025 01:11:00 AM,30,NO CONTROLS,NO CONTROLS,SNOW,"DARKNESS, LIGHTED ROAD",FIXED OBJECT,NOT DIVIDED,,STRAIGHT AND LEVEL,ICE,UNKNOWN,ON SCENE,INJURY AND / OR TOW DUE TO CRASH,,,,"OVER $1,500",01/06/2025 01:13:00 AM,WEATHER,NOT APPLICABLE,4816,W,LAKE ST,1532.0,,,,,,,2,"REPORTED, NOT EVIDENT",1.0,0.0,0.0,0.0,1.0,0.0,0.0,1,2,1,41.886784174,-87.746220024,POINT (-87.746220023581 41.886784173671),2025-01-06 01:11:00
678190f838f8261dbe71d356bcc50485a04fc8878b0b884d8dcc0614623538f4fc3b1dde35a852ad9aed2305bdc7fc718153988c6e0c7654fa3a413d9b3ddf43,,01/06/2025 01:00:00 AM,30,TRAFFIC SIGNAL,FUNCTIONING PROPERLY,CLEAR,"DARKNESS, LIGHTED ROAD",ANGLE,FOUR WAY,,STRAIGHT AND LEVEL,DRY,NO DEFECTS,ON SCENE,INJURY AND / OR TOW DUE TO CRASH,Y,,,"OVER $1,500",01/06/2025 01:05:00 AM,DISREGARDING TRAFFIC SIGNALS,NOT APPLICABLE,200,W,57TH ST,225.0,,,,,,,2,NONINCAPACITATING INJURY,2.0,0.0,0.0,2.0,0.0,0.0,0.0,1,2,1,41.791017532,-87.630419485,POINT (-87.630419485248 41.79101753183),2025-01-06 01:00:00
bf6acc94436d98fb821ee7bc46f7c6be2357bb68236acae85875f11b41f9a472992b1365b780937da92cdd6a9c70d4583b07a13169cfe3e2cae43c020f7370dd,,01/06/2025 01:00:00 AM,30,NO CONTROLS,NO CONTROLS,CLEAR,DARKNESS,TURNING,NOT DIVIDED,,STRAIGHT AND LEVEL,UNKNOWN,UNKNOWN,NOT ON SCENE (DESK REPORT),NO INJURY / DRIVE AWAY,,,Y,$500 OR LESS,01/06/2025 10:49:00 AM,UNABLE TO DETERMINE,NOT APPLICABLE,221,E,121ST PL,532.0,,,,,,,2,NO INDICATION OF INJURY,0.0,0.0,0.0,0.0,0.0,2.0,0.0,1,2,1,41.673438024,-87.616845117,POINT (-87.616845116708 41.673438024325),2025-01-06 01:00:00
070c3bd001005d9ef98c64a3ce1643863f1d678c09a999e40dd4a1e8017803679300e9e92692c840deb91bfc07723e5ef3148dd9b979225279b2392499b78762,,01/06/2025 12:51:00 AM,30,NO CONTROLS,NO CONTROLS,CLEAR,"DARKNESS, LIGHTED ROAD",PARKED MOTOR VEHICLE,UNKNOWN,,STRAIGHT AND LEVEL,WET,NO DEFECTS,ON SCENE,INJURY AND / OR TOW DUE TO CRASH,,,,"OVER $1,500",01/06/2025 12:52:00 AM,WEATHER,WEATHER,2114,N,CICERO AVE,2522.0,,,,,,,2,NO INDICATION OF INJURY,0.0,0.0,0.0,0.0,0.0,1.0,0.0,0,2,1,41.919211532,-87.746326905,POINT (-87.746326905365 41.919211532413),2025-01-06 00:51:00
8eb2a448cfc175ea8dac55b28014f7e71fdaaa126c943183cb243e29aac883d1f45196b4b2ce17bf5d88660b0d3373e12f01d74ba3619feae1f4c7f898565481,,01/06/2025 12:20:00 AM,30,TRAFFIC SIGNAL,FUNCTIONING PROPERLY,FREEZING RAIN/DRIZZLE,UNKNOWN,TURNING,NOT DIVIDED,,STRAIGHT AND LEVEL,ICE,UNKNOWN,NOT ON SCENE (DESK REPORT),INJURY AND / OR TOW DUE TO CRASH,Y,,,"$501 - $1,500",01/06/2025 09:00:00 AM,WEATHER,UNABLE TO DETERMINE,3955,W,MARQUETTE RD,833.0,,,,,,,2,NO INDICATION OF INJURY,0.0,0.0,0.0,0.0,0.0,2.0,0.0,0,2,1,41.771268353,-87.722298314,POINT (-87.722298313515 41.771268352674),2025-01-06 00:20:00
b04fc5a6038b5d7ca490dd138832a444dff9bca1546627942e174a736639b979c6deb61a310de9ada615e4b8a8b7d76ff25b763e54e7d2688f7e54644af318df,Y,01/06/2025 12:12:00 AM,25,NO CONTROLS,NO CONTROLS,FREEZING RAIN/DRIZZLE,"DARKNESS, LIGHTED ROAD",PARKED MOTOR VEHICLE,ONE-WAY,,STRAIGHT AND LEVEL,ICE,NO DEFECTS,ON SCENE,NO INJURY / DRIVE AWAY,,,Y,"OVER $1,500",01/06/2025 08:31:00 AM,UNABLE TO DETERMINE,UNABLE TO DETERMINE,5605,W,POTOMAC AVE,2531.0,,,,,,,3,NO INDICATION OF INJURY,0.0,0.0,0.0,0.0,0.0,1.0,0.0,0,2,1,41.903839823,-87.76595954,POINT (-87.765959540017 41.903839823166),2025-01-06 00:12:00
18bce3db4847d5626293259264db6c657a6cf5bb6ba202a4857c857332e2457e96982dc5200869de740f17af6c87c14b824d3867b44144a310d5c2e78b050c89,,01/06/2025 12:05:00 AM,30,TRAFFIC SIGNAL,FUNCTIONING PROPERLY,SNOW,"DARKNESS, LIGHTED ROAD",SIDESWIPE SAME DIRECTION,ONE-WAY,,STRAIGHT AND LEVEL,UNKNOWN,UNKNOWN,NOT ON SCENE (DESK REPORT),NO INJURY / DRIVE AWAY,Y,,Y,"$501 - $1,500",01/06/2025 12:23:00 AM,IMPROPER LANE USAGE,IMPROPER LANE USAGE,40,W,ONTARIO ST,1832.0,,,,,,,2,NO INDICATION OF INJURY,0.0,0.0,0.0,0.0,0.0,2.0,0.0,0,2,1,41.893360017,-87.629619981,POINT (-87.629619981007 41.893360017289),2025-01-06 00:05:00
6e4d404822a15cd7c9b520e95c4361aa7b4ea09cf322d46420bd3ae53007ef8336660fa8fbb9d89295fc6e9dca974cb787d854a26d490ab9831f5fd286d21ba6,,01/06/2025 12:00:00 AM,30,UNKNOWN,UNKNOWN,UNKNOWN,DARKNESS,SIDESWIPE SAME DIRECTION,NOT DIVIDED,,STRAIGHT AND LEVEL,UNKNOWN,UNKNOWN,,INJURY AND / OR TOW DUE TO CRASH,,,Y,"OVER $1,500",01/07/2025 08:00:00 PM,UNABLE TO DETERMINE,UNABLE TO DETERMINE,12202,S,WENTWORTH AVE,523.0,,,,,,,2,NONINCAPACITATING INJURY,2.0,0.0,0.0,1.0,1.0,1.0,0.0,0,2,1,41.672355812,-87.627445038,POINT (-87.627445037518 41.672355811912),2025-01-06 00:00:00
adad0ecd8cf127b1491c4be370fff12654e1ed26c7e51613b598e5c18c8b9dc31e375fcc04dc640b318143d5417d99bf5b11cb19eeaeaa6a776e3d0a06fcc143,,01/06/2025 12:00:00 AM,30,STOP SIGN/FLASHER,FUNCTIONING PROPERLY,UNKNOWN,UNKNOWN,PARKED MOTOR VEHICLE,ONE-WAY,,STRAIGHT AND LEVEL,UNKNOWN,NO DEFECTS,ON SCENE,NO INJURY / DRIVE AWAY,,,Y,"OVER $1,500",01/06/2025 07:57:00 AM,UNABLE TO DETERMINE,NOT APPLICABLE,5041,W,DICKENS AVE,2522.0,,,,,,,2,NO INDICATION OF INJURY,0.0,0.0,0.0,0.0,0.0,1.0,0.0,0,2,1,41.918562574,-87.752759995,POINT (-87.752759994544 41.918562574027),2025-01-06 00:00:00
4176589c0342eabd8b707c43b4e14a1a6378dca8818ac141fb5abd32d00b8795c3a3f254684e4eb53b41e5f8a863f9aae4471df0cb0b662dd609ccc619b774df,,01/05/2025 11:57:00 PM,30,TRAFFIC SIGNAL,FUNCTIONING PROPERLY,CLEAR,"DARKNESS, LIGHTED ROAD",ANGLE,FOUR WAY,,STRAIGHT AND LEVEL,SNOW OR SLUSH,NO DEFECTS,ON SCENE,INJURY AND / OR TOW DUE TO CRASH,Y,,,"OVER $1,500",01/06/2025 12:03:00 AM,UNDER THE INFLUENCE OF ALCOHOL/DRUGS (USE WHEN ARREST IS EFFECTED),DISREGARDING TRAFFIC SIGNALS,2200,S,ASHLAND AVE,1034.0,,,,,,,2,NO INDICATION OF INJURY,0.0,0.0,0.0,0.0,0.0,2.0,0.0,23,1,1,41.852217997,-87.666170162,POINT (-87.666170161509 41.852217996528),2025-01-05 23:57:00
5d6290d012ce6bc5cea8e06fcc13b16d4ff246e7ba7d50d0149906d88da5e1951405a7acf7fba2715495d65e27ca743405de4d989cde675dd79b7a832558460b,,01/05/2025 11:55:00 PM,35,TRAFFIC SIGNAL,FUNCTIONING PROPERLY,FREEZING RAIN/DRIZZLE,"DARKNESS, LIGHTED ROAD",TURNING,FOUR WAY,,STRAIGHT AND LEVEL,WET,NO DEFECTS,ON SCENE,INJURY AND / OR TOW DUE TO CRASH,Y,,,"OVER $1,500",01/05/2025 11:59:00 PM,DISREGARDING TRAFFIC SIGNALS,NOT APPLICABLE,4000,N,ASHLAND AVE,1912.0,,,,,,,4,NONINCAPACITATING INJURY,2.0,0.0,0.0,2.0,0.0,4.0,0.0,23,1,1,41.954379326,-87.66919912,POINT (-87.669199119804 41.954379326213),2025-01-05 23:55:00
87224809a4beca24b9afc76195ddf52a1ab0c18c60d2c0f0c89763878954969a10a945abf3ea7984deb4c70915f9ccfc1b7c3ead02730eb9c5009ff3706c9aa9,,01/05/2025 11:45:00 PM,30,NO CONTROLS,NO CONTROLS,SNOW,DARKNESS,REAR END,PARKING LOT,,STRAIGHT AND LEVEL,SNOW OR SLUSH,NO DEFECTS,ON SCENE,INJURY AND / OR TOW DUE TO CRASH,,,Y,"OVER $1,500",01/06/2025 12:20:00 AM,IMPROPER BACKING,UNABLE TO DETERMINE,2355,W,ADDISON ST,1921.0,,,,,,,2,"REPORTED, NOT EVIDENT",1.0,0.0,0.0,0.0,1.0,1.0,0.0,23,1,1,41.946623228,-87.688026832,POINT (-87.688026832456 41.946623228221),2025-01-05 23:45:00
b6dfce07b4160a7a2cd3f06505601b04e3116ac7a1c554eff8cf0823dbdf62fbd9d042a256ad7329651d3dd47200ae636e0078286ef244b73b0373c04c60040e,,01/05/2025 11:42:00 PM,30,NO CONTROLS,NO CONTROLS,SNOW,"DARKNESS, LIGHTED ROAD",PARKED MOTOR VEHICLE,NOT DIVIDED,,STRAIGHT AND LEVEL,ICE,NO DEFECTS,ON SCENE,NO INJURY / DRIVE AWAY,,,,"OVER $1,500",01/05/2025 11:43:00 PM,WEATHER,NOT APPLICABLE,2999,S,BONAPARTE ST,913.0,,,,,,,2,NO INDICATION OF INJURY,0.0,0.0,0.0,0.0,0.0,2.0,0.0,23,1,1,41.839316466,-87.660500072,POINT (-87.660500071994 41.839316465823),2025-01-05 23:42:00
ba1f851cad8090377b9b21c29465085fb94306c59face8103e791404f8780225cb208971a69dd89c301bf9cc63679dae96d859145f05b2db3a5ab064e04f1a7f,,01/05/2025 11:40:00 PM,30,TRAFFIC SIGNAL,FUNCTIONING PROPERLY,SNOW,"DARKNESS, LIGHTED ROAD",REAR END,DIVIDED - W/MEDIAN (NOT RAISED),,STRAIGHT AND LEVEL,SNOW OR SLUSH,NO DEFECTS,NOT ON SCENE (DESK REPORT),NO INJURY / DRIVE AWAY,Y,,,"OVER $1,500",01/05/2025 11:55:00 PM,FOLLOWING TOO CLOSELY,NOT APPLICABLE,3100,W,FULLERTON AVE,1414.0,,,,,,,2,NO INDICATION OF INJURY,0.0,0.0,0.0,0.0,0.0,2.0,0.0,23,1,1,41.924850614,-87.704755958,POINT (-87.704755958287 41.924850614016),2025-01-05 23:40:00
94788dc220769dcae51362991fe09cb8942a514b56d5c32828617fffc461957dc408e47c8fae9885c7070694bea076e0727f18d061318e2100405c2fd508a57b,,01/05/2025 11:39:00 PM,30,STOP SIGN/FLASHER,UNKNOWN,SNOW,"DARKNESS, LIGHTED ROAD",ANGLE,NOT DIVIDED,,STRAIGHT AND LEVEL,SNOW OR SLUSH,NO DEFECTS,ON SCENE,INJURY AND / OR TOW DUE TO CRASH,Y,,,"OVER $1,500",01/05/2025 11:41:00 PM,FAILING TO YIELD RIGHT-OF-WAY,WEATHER,3820,N,CICERO AVE,1634.0,,,,,,,2,NO INDICATION OF INJURY,0.0,0.0,0.0,0.0,0.0,2.0,0.0,23,1,1,41.95039106,-87.747378671,POINT (-87.747378670637 41.950391059973),2025-01-05 23:39:00
863925ce91078693f1cb9bd4338249fae6d21a5c153aab33ca07e454656711fd98d7d1483526ece59429c918c711fbbbb360fc6bddc5bbe17e899f8227db2e6b,,01/05/2025 11:27:00 PM,30,UNKNOWN,UNKNOWN,SNOW,"DARKNESS, LIGHTED ROAD",SIDESWIPE SAME DIRECTION,NOT DIVIDED,,STRAIGHT AND LEVEL,WET,UNKNOWN,ON SCENE,NO INJURY / DRIVE AWAY,,,Y,"OVER $1,500",01/05/2025 11:29:00 PM,IMPROPER OVERTAKING/PASSING,NOT APPLICABLE,131,S,DEARBORN ST,112.0,,,,,,,2,NO INDICATION OF INJURY,0.0,0.0,0.0,0.0,0.0,2.0,0.0,23,1,1,41.87988544,-87.629211595,POINT (-87.629211594803 41.879885440301),2025-01-05 23:27:00
1414c31d8637b75d116667b5b5c8936ad88c8638e49dafc4cb063608f9f10fe04e25fe414d1f30e95b31a6f02cb17eca14525a7e26ff4d5ca1e23935e7d9db6e,,01/05/2025 11:15:00 PM,35,NO CONTROLS,NO CONTROLS,CLEAR,DAYLIGHT,REAR END,NOT DIVIDED,,STRAIGHT AND LEVEL,WET,NO DEFECTS,NOT ON SCENE (DESK REPORT),NO INJURY / DRIVE AWAY,,,,"$501 - $1,500",01/06/2025 08:00:00 AM,UNABLE TO DETERMINE,UNABLE TO DETERMINE,5953,N,PULASKI RD,1711.0,,,,,,,2,NO INDICATION OF INJURY,0.0,0.0,0.0,0.0,0.0,2.0,0.0,23,1,1,41.989886811,-87.728478153,POINT (-87.728478153437 41.989886810857),2025-01-05 23:15:00
388dff558206fa2a912e477cb4419c94c00c93005a9557f2eba7df053bc1950106a27c0f8c6eca8e683ed5db0be0d4ded564a7987c5b6f21b7192e9395519bfa,,01/05/2025 11:10:00 PM,30,NO CONTROLS,NO CONTROLS,SNOW,"DARKNESS, LIGHTED ROAD",HEAD ON,DIVIDED - W/MEDIAN (NOT RAISED),,STRAIGHT AND LEVEL,SNOW OR SLUSH,UNKNOWN,ON SCENE,INJURY AND / OR TOW DUE TO CRASH,,,Y,"OVER $1,500",01/05/2025 11:11:00 PM,UNABLE TO DETERMINE,NOT APPLICABLE,5322,W,MONTROSE AVE,1623.0,,,,,,,3,NO INDICATION OF INJURY,0.0,0.0,0.0,0.0,0.0,2.0,0.0,23,1,1,41.960669467,-87.7608182,POINT (-87.760818200109 41.960669466762),2025-01-05 23:10:00
008af79d40b10c6f0f8c04a96c03d3c403f326a27acdc39ad28f5beb74a1fdb2fce8002785bf6bf667c335153975e73adf3094426e28252719b649a250f33d9a,,01/05/2025 11:00:00 PM,20,NO CONTROLS,NO CONTROLS,CLEAR,DAYLIGHT,PARKED MOTOR VEHICLE,ONE-WAY,,STRAIGHT AND LEVEL,DRY,NO DEFECTS,NOT ON SCENE (DESK REPORT),NO INJURY / DRIVE AWAY,,,Y,"OVER $1,500",01/07/2025 03:15:00 PM,"OPERATING VEHICLE IN ERRATIC, RECKLESS, CARELESS, NEGLIGENT OR AGGRESSIVE MANNER",NOT APPLICABLE,6725,S,EVANS AVE,321.0,,,,,,,2,NO INDICATION OF INJURY,0.0,0.0,0.0,0.0,0.0,1.0,0.0,23,1,1,41.772352714,-87.606862346,POINT (-87.606862346477 41.772352714192),2025-01-05 23:00:00
3b14d33e87459dc88cfcecdfb1ed6beeedc1c0ba3272efe037446fa0fafaa7eee560a0da67f974f74769e793d52a2eb7f9b6b1ddcfc31d36e64c3e421ccfb60f,,01/05/2025 11:00:00 PM,30,NO CONTROLS,NO CONTROLS,SNOW,"DARKNESS, LIGHTED ROAD",OTHER OBJECT,DIVIDED - W/MEDIAN (NOT RAISED),,STRAIGHT AND LEVEL,SNOW OR SLUSH,NO DEFECTS,ON SCENE,INJURY AND / OR TOW DUE TO CRASH,,Y,,"OVER $1,500",01/05/2025 11:17:00 PM,WEATHER,DRIVING SKILLS/KNOWLEDGE/EXPERIENCE,5362,N,CICERO AVE,1621.0,,,,,,,1,NO INDICATION OF INJURY,0.0,0.0,0.0,0.0,0.0,1.0,0.0,23,1,1,41.979807962,-87.748285992,POINT (-87.748285992001 41.979807961568),2025-01-05 23:00:00
8353d48f9da5483b2fdf33a4327bdecba5111dc5d2db4d612d521727a7a26258115badceaf5a0ccd5dd550974a38f3e1ec5fc3b73c0b2ff40e5100ea64ae063f,,01/05/2025 10:58:00 PM,20,STOP SIGN/FLASHER,FUNCTIONING PROPERLY,CLEAR,"DARKNESS, LIGHTED ROAD",SIDESWIPE SAME DIRECTION,DIVIDED - W/MEDIAN (NOT RAISED),,STRAIGHT AND LEVEL,UNKNOWN,UNKNOWN,NOT ON SCENE (DESK REPORT),NO INJURY / DRIVE AWAY,Y,,,"OVER $1,500",01/06/2025 04:45:00 PM,FAILING TO YIELD RIGHT-OF-WAY,UNABLE TO DETERMINE,601,S,CICERO AVE,1131.0,,,,,,,2,NO INDICATION OF INJURY,0.0,0.0,0.0,0.0,0.0,2.0,0.0,22,1,1,41.873100153,-87.744850226,POINT (-87.744850226374 41.873100153311),2025-01-05 22:58:00
f3c7ae3badd48f3481989c728cdce742d7f877723eb46fa7436a43ce26d25af5e5a212f3c8b7c6105f2c2a13b4611d8ae61c24c18fe2f6443f28823e3d289933,,01/05/2025 10:57:00 PM,30,UNKNOWN,UNKNOWN,UNKNOWN,DARKNESS,SIDESWIPE SAME DIRECTION,FOUR WAY,,STRAIGHT AND LEVEL,ICE,UNKNOWN,ON SCENE,INJURY AND / OR TOW DUE TO CRASH,,,Y,"OVER $1,500",01/05/2025 10:59:00 PM,IMPROPER OVERTAKING/PASSING,NOT APPLICABLE,3828,W,IRVING PARK RD,1723.0,,,,,,,2,NONINCAPACITATING INJURY,1.0,0.0,0.0,1.0,0.0,1.0,0.0,22,1,1,41.953815377,-87.72388344,POINT (-87.723883440448 41.953815376968),2025-01-05 22:57:00
aa8bb8aafbebd17d21d2784ac299568b23c4b6805debb2c176623036bdc65e912c286195c0e19f763df16f34ea02b2858a0e3664621371d630dbf4bad60f500e,,01/05/2025 10:55:00 PM,30,STOP SIGN/FLASHER,FUNCTIONING PROPERLY,FREEZING RAIN/DRIZZLE,"DARKNESS, LIGHTED ROAD",REAR END,NOT DIVIDED,,STRAIGHT AND LEVEL,ICE,NO DEFECTS,ON SCENE,INJURY AND / OR TOW DUE TO CRASH,Y,,,"OVER $1,500",01/05/2025 11:05:00 PM,WEATHER,WEATHER,1,W,PARKING LOT E ST,1654.0,,Y,,,,,2,NO INDICATION OF INJURY,0.0,0.0,0.0,0.0,0.0,2.0,0.0,22,1,1,,,,2025-01-05 22:55:00
f7ecb9a77064935884b84ed8818ad5456da54854cefcd8f83f09d96b67e80ea64e7f7eda4e8d4f81762d8c4d39e54e65e9139f9e0b868208d18e15aa1b917f55,,01/05/2025 10:55:00 PM,25,TRAFFIC SIGNAL,FUNCTIONING PROPERLY,SNOW,"DARKNESS, LIGHTED ROAD",REAR END,NOT DIVIDED,,STRAIGHT AND LEVEL,WET,UNKNOWN,ON SCENE,NO INJURY / DRIVE AWAY,,,Y,"OVER $1,500",01/05/2025 11:00:00 PM,UNABLE TO DETERMINE,UNABLE TO DETERMINE,5200,W,MADISON ST,1522.0,,,,,,,2,NO INDICATION OF INJURY,0.0,0.0,0.0,0.0,0.0,3.0,0.0,22,1,1,41.880480752,-87.755130433,POINT (-87.755130432965 41.880480751702),2025-01-05 22:55:00
5a3068a036e5788889c56ecdc20c6a6ca40558aa49961032edd9b8fc5edc34150b58e7cad8877157a455904ea16a9af0082c97c6d6574fb52a66349c3317208a,,01/05/2025 10:40:00 PM,15,NO CONTROLS,NO CONTROLS,SNOW,"DARKNESS, LIGHTED ROAD",PARKED MOTOR VEHICLE,NOT DIVIDED,,STRAIGHT AND LEVEL,ICE,NO DEFECTS,ON SCENE,NO INJURY / DRIVE AWAY,,,Y,"OVER $1,500",01/05/2025 10:50:00 PM,UNABLE TO DETERMINE,UNABLE TO DETERMINE,1419,N,KARLOV AVE,2534.0,,,,,,,2,NO INDICATION OF INJURY,0.0,0.0,0.0,0.0,0.0,1.0,0.0,22,1,1,41.90695234,-87.728732249,POINT (-87.728732249102 41.906952340195),2025-01-05 22:40:00
a8b9c301f8866cc4332bfb101b0c5ee6f5d8cbbab52f7d110e0c57bc37369cdf1b753a1b3cac8ec3b4de5551b6fd6ed18318096ed7d5c6cca898802a2234d2ca,,01/05/2025 10:38:00 PM,30,STOP SIGN/FLASHER,UNKNOWN,SNOW,"DARKNESS, LIGHTED ROAD",REAR END,NOT DIVIDED,,STRAIGHT AND LEVEL,ICE,UNKNOWN,ON SCENE,NO INJURY / DRIVE AWAY,,,,$500 OR LESS,01/05/2025 10:49:00 PM,WEATHER,WEATHER,3858,W,59TH ST,822.0,,,,,,,2,NO INDICATION OF INJURY,0.0,0.0,0.0,0.0,0.0,2.0,0.0,22,1,1,41.786089294,-87.720387209,POINT (-87.720387208865 41.786089294028),2025-01-05 22:38:00
6f23aee411c894f8e291881c7f3c6891de7b66d0e0d4ded353209cbc4fdea7677e842959426f21e61d8d8f1ff85cfb11f3e49882a38a59110a222a1ac98b7e70,,01/05/2025 10:36:00 PM,30,TRAFFIC SIGNAL,FUNCTIONING PROPERLY,SNOW,"DARKNESS, LIGHTED ROAD",TURNING,NOT DIVIDED,,STRAIGHT AND LEVEL,SNOW OR SLUSH,UNKNOWN,ON SCENE,INJURY AND / OR TOW DUE TO CRASH,,,,"OVER $1,500",01/05/2025 10:36:00 PM,NOT APPLICABLE,NOT APPLICABLE,5958,W,ADDISON ST,1633.0,,,,,,,2,NO INDICATION OF INJURY,0.0,0.0,0.0,0.0,0.0,5.0,0.0,22,1,1,41.945882771,-87.776383716,POINT (-87.776383716179 41.945882771254),2025-01-05 22:36:00
61fabb838a4f471a28667fee44226ed0a0fc3c5a3c485a24f82a08bbb6ef0dddb12af3f1398b91ab6ec2b4cc99bca35efe396c8fc9d057aca962a2e60959fa45,,01/05/2025 10:30:00 PM,30,NO CONTROLS,NO CONTROLS,SNOW,DARKNESS,PARKED MOTOR VEHICLE,ALLEY,,STRAIGHT AND LEVEL,WET,NO DEFECTS,NOT ON SCENE (DESK REPORT),NO INJURY / DRIVE AWAY,,,,"OVER $1,500",01/05/2025 11:30:00 PM,FOLLOWING TOO CLOSELY,FOLLOWING TOO CLOSELY,55,W,MONROE ST,112.0,,,,,,,2,NO INDICATION OF INJURY,0.0,0.0,0.0,0.0,0.0,1.0,0.0,22,1,1,41.880598955,-87.629907391,POINT (-87.629907390518 41.880598955013),2025-01-05 22:30:00
6a84b1cac635b619216e58dc23f0eb4d28469e59171be117937b770459e9b3644825ec3e9e92a0fd467e1a15b3279d0751daa33f6fde99b1e7ac2a31e8ba2de7,,01/05/2025 10:30:00 PM,30,TRAFFIC SIGNAL,FUNCTIONING PROPERLY,CLEAR,"DARKNESS, LIGHTED ROAD",TURNING,FOUR WAY,,STRAIGHT AND LEVEL,SNOW OR SLUSH,NO DEFECTS,NOT ON SCENE (DESK REPORT),NO INJURY / DRIVE AWAY,Y,,,"OVER $1,500",01/05/2025 10:55:00 PM,FAILING TO REDUCE SPEED TO AVOID CRASH,UNABLE TO DETERMINE,3958,W,ADDISON ST,1732.0,,,,,,,2,NO INDICATION OF INJURY,0.0,0.0,0.0,0.0,0.0,3.0,0.0,22,1,1,41.946483691,-87.727341887,POINT (-87.727341886952 41.946483690762),2025-01-05 22:30:00
b463861a2f0ad6c35d4a6c3ad20fdde4954420de9ca7db439f935b058cecfd19fd342edc600d9ab4de69615e6fee159a3afd104845b9eccc23dba167f27b43d0,,01/05/2025 10:30:00 PM,30,STOP SIGN/FLASHER,UNKNOWN,SNOW,"DARKNESS, LIGHTED ROAD",REAR END,DIVIDED - W/MEDIAN (NOT RAISED),,STRAIGHT AND LEVEL,SNOW OR SLUSH,UNKNOWN,NOT ON SCENE (DESK REPORT),NO INJURY / DRIVE AWAY,,,,$500 OR LESS,01/05/2025 10:45:00 PM,FAILING TO REDUCE SPEED TO AVOID CRASH,NOT APPLICABLE,1456,W,ADDISON ST,1922.0,,,,,,,2,NO INDICATION OF INJURY,0.0,0.0,0.0,0.0,0.0,2.0,0.0,22,1,1,41.947141557,-87.666298351,POINT (-87.666298351242 41.947141556725),2025-01-05 22:30:00