CRASH_RECORD_ID,CRASH_DATE_EST_I,CRASH_DATE,POSTED_SPEED_LIMIT,TRAFFIC_CONTROL_DEVICE,DEVICE_CONDITION,WEATHER_CONDITION,LIGHTING_CONDITION,FIRST_CRASH_TYPE,TRAFFICWAY_TYPE,LANE_CNT,ALIGNMENT,ROADWAY_SURFACE_COND,ROAD_DEFECT,REPORT_TYPE,CRASH_TYPE,INTERSECTION_RELATED_I,NOT_RIGHT_OF_WAY_I,HIT_AND_RUN_I,DAMAGE,DATE_POLICE_NOTIFIED,PRIM_CONTRIBUTORY_CAUSE,SEC_CONTRIBUTORY_CAUSE,STREET_NO,STREET_DIRECTION,STREET_NAME,BEAT_OF_OCCURRENCE,PHOTOS_TAKEN_I,STATEMENTS_TAKEN_I,DOORING_I,WORK_ZONE_I,WORK_ZONE_TYPE,WORKERS_PRESENT_I,NUM_UNITS,MOST_SEVERE_INJURY,INJURIES_TOTAL,INJURIES_FATAL,INJURIES_INCAPACITATING,INJURIES_NON_INCAPACITATING,INJURIES_REPORTED_NOT_EVIDENT,INJURIES_NO_INDICATION,INJURIES_UNKNOWN,CRASH_HOUR,CRASH_DAY_OF_WEEK,CRASH_MONTH,LATITUDE,LONGITUDE,LOCATION,timestamp
d4bf33abe86a7c6f8233f46a25104e057c1f4e9f7c79a774aa13b8bacc94526b050ae537859da31cc99ad6a568631315682995d42d7a91e28a85b6a3e13b0413,Y,01/05/2025 10:20:00 PM,35,TRAFFIC SIGNAL,FUNCTIONING PROPERLY,FREEZING RAIN/DRIZZLE,"DARKNESS, LIGHTED ROAD",TURNING,FOUR WAY,,STRAIGHT AND LEVEL,ICE,NO DEFECTS,ON SCENE,INJURY AND / OR TOW DUE TO CRASH,Y,,,"OVER $1,500",01/05/2025 10:50:00 PM,WEATHER,FAILING TO YIELD RIGHT-OF-WAY,156,W,IDA B WELLS DR,122.0,,,,,,,2,INCAPACITATING INJURY,3.0,0.0,2.0,1.0,0.0,0.0,0.0,22,1,1,41.875699082,-87.632628587,POINT (-87.63262858655 41.875699081661),2025-01-05 22:20:00
122d5bcea602d8626c408d9dc524cd5cab298061b4eafa2f50106a60482be4533a770c73b2e9337ad2410ffc4ce8ecdac62a919a72e4015179215964e139f6f6,,01/05/2025 10:00:00 PM,30,NO CONTROLS,NO CONTROLS,CLEAR,DARKNESS,PARKED MOTOR VEHICLE,ONE-WAY,,STRAIGHT AND LEVEL,DRY,NO DEFECTS,NOT ON SCENE (DESK REPORT),NO INJURY / DRIVE AWAY,,,Y,"OVER $1,500",01/06/2025 01:13:00 PM,UNABLE TO DETERMINE,UNABLE TO DETERMINE,4041,W,CULLERTON ST,1012.0,,,,,,,2,NO INDICATION OF INJURY,0.0,0.0,0.0,0.0,0.0,1.0,0.0,22,1,1,41.85427633,-87.726462374,POINT (-87.726462374034 41.85427632968),2025-01-05 22:00:00
29b5cb1f7af8b982ec5476c755377ea2c7b4b38104be58c41f9dcb988f0c4ea71fd0e501c76c80ee67225e4898b79f7583ec97aa10815c8f5f1708c47ea082c6,,01/05/2025 10:00:00 PM,30,NO CONTROLS,UNKNOWN,SNOW,"DARKNESS, LIGHTED ROAD",SIDESWIPE SAME DIRECTION,FOUR WAY,,STRAIGHT AND LEVEL,SNOW OR SLUSH,UNKNOWN,NOT ON SCENE (DESK REPORT),NO INJURY / DRIVE AWAY,,,,"OVER $1,500",01/10/2025 10:30:00 AM,UNABLE TO DETERMINE,NOT APPLICABLE,3844,W,BELMONT AVE,1732.0,,,,,,,2,NO INDICATION OF INJURY,0.0,0.0,0.0,0.0,0.0,3.0,0.0,22,1,1,41.939242842,-87.723901261,POINT (-87.72390126142 41.939242841962),2025-01-05 22:00:00
53c75c32a5942e7fd28cd05928b1c710fe63c7f58113bd399ed0a4fd36deaf8b2a41792f60e365834c75a72eee14fec81b0740aaae4ae8fb1f037a754390c224,,01/05/2025 10:00:00 PM,30,NO CONTROLS,NO CONTROLS,SNOW,"DARKNESS, LIGHTED ROAD",PARKED MOTOR VEHICLE,NOT DIVIDED,,STRAIGHT AND LEVEL,SNOW OR SLUSH,UNKNOWN,ON SCENE,INJURY AND / OR TOW DUE TO CRASH,,,Y,"OVER $1,500",01/06/2025 03:58:00 PM,UNABLE TO DETERMINE,NOT APPLICABLE,5011,N,HARDING AVE,1712.0,,,,,,,2,NO INDICATION OF INJURY,0.0,0.0,0.0,0.0,0.0,1.0,0.0,22,1,1,41.972236987,-87.726781921,POINT (-87.726781921331 41.972236987494),2025-01-05 22:00:00
e3db89dedbed200e51b38f9de293e800d666b6aa95f5efd7cc815f60a221ca52a6962ce4e9c7bbcd0f0617fd060db6031702e8ec518a498a198870781a4b6d94,N,01/05/2025 10:00:00 PM,15,UNKNOWN,UNKNOWN,SNOW,"DARKNESS, LIGHTED ROAD",OTHER OBJECT,ALLEY,,STRAIGHT AND LEVEL,SNOW OR SLUSH,UNKNOWN,NOT ON SCENE (DESK REPORT),NO INJURY / DRIVE AWAY,,,,$500 OR LESS,01/05/2025 11:30:00 PM,NOT APPLICABLE,NOT APPLICABLE,5844,S,MAPLEWOOD AVE,824.0,,Y,,,,,1,NO INDICATION OF INJURY,0.0,0.0,0.0,0.0,0.0,2.0,0.0,22,1,1,41.786989817,-87.687659009,POINT (-87.687659008858 41.786989816788),2025-01-05 22:00:00
3f9c42bf4b042aa308e7aaa48a3d75a8d6bd5ebc06ccfdbd0ad1f7b0f8611715285846250f43e39cddb57bf816c1c1506034720b191284489caf47cebe31956e,,01/05/2025 09:50:00 PM,40,TRAFFIC SIGNAL,FUNCTIONING PROPERLY,CLEAR,"DARKNESS, LIGHTED ROAD",REAR END,NOT DIVIDED,,STRAIGHT AND LEVEL,UNKNOWN,NO DEFECTS,NOT ON SCENE (DESK REPORT),NO INJURY / DRIVE AWAY,,,,"OVER $1,500",01/08/2025 07:15:00 PM,FAILING TO REDUCE SPEED TO AVOID CRASH,NOT APPLICABLE,6701,S,PULASKI RD,833.0,,,,,,,2,NO INDICATION OF INJURY,0.0,0.0,0.0,0.0,0.0,2.0,0.0,21,1,1,41.771330473,-87.722428179,POINT (-87.72242817856 41.771330472676),2025-01-05 21:50:00
d04b65cbc11bbfe70aa3c30f7bd036dd52367dca945e424075cfa5cf91782954a4ced6a625c5e044a4ef3d60a5aefb10a0498904bab214b6b49615fa10b661bd,,01/05/2025 09:50:00 PM,30,NO CONTROLS,NO CONTROLS,SNOW,"DARKNESS, LIGHTED ROAD",SIDESWIPE SAME DIRECTION,ONE-WAY,,STRAIGHT AND LEVEL,WET,NO DEFECTS,NOT ON SCENE (DESK REPORT),NO INJURY / DRIVE AWAY,,,,"OVER $1,500",01/06/2025 04:00:00 PM,FAILING TO YIELD RIGHT-OF-WAY,FAILING TO YIELD RIGHT-OF-WAY,152,S,CLARK ST,122.0,,,,,,,2,NO INDICATION OF INJURY,0.0,0.0,0.0,0.0,0.0,3.0,0.0,21,1,1,41.879444145,-87.630967702,POINT (-87.630967701832 41.879444145218),2025-01-05 21:50:00
1b1a42efb148a01cbc3e30775c6b85e48c0a66a10b87e13b851e48ed3cbba10ee2e85d546f6a0624a723ede37e5942ee573dd4e48e3e3e4620aa133db9f40d1b,,01/05/2025 09:41:00 PM,30,UNKNOWN,UNKNOWN,SNOW,"DARKNESS, LIGHTED ROAD",PARKED MOTOR VEHICLE,NOT DIVIDED,,STRAIGHT AND LEVEL,SNOW OR SLUSH,UNKNOWN,ON SCENE,NO INJURY / DRIVE AWAY,Y,,,"OVER $1,500",01/05/2025 09:41:00 PM,FAILING TO REDUCE SPEED TO AVOID CRASH,WEATHER,6762,N,SHERIDAN RD,2432.0,,,,,,,2,NO INDICATION OF INJURY,0.0,0.0,0.0,0.0,0.0,1.0,0.0,21,1,1,42.005380035,-87.661037166,POINT (-87.661037165834 42.005380034891),2025-01-05 21:41:00
e7c99d458b1e16f77b84e95e298bd3d125c64434321f355c497dc0040092d060fe367bce9afdaeb4c304854a32d10fd9e44be17b81c53f30586312133e442288,,01/05/2025 09:40:00 PM,30,NO CONTROLS,NO CONTROLS,SNOW,"DARKNESS, LIGHTED ROAD",PARKED MOTOR VEHICLE,ONE-WAY,,STRAIGHT AND LEVEL,SNOW OR SLUSH,NO DEFECTS,,INJURY AND / OR TOW DUE TO CRASH,,,,"OVER $1,500",01/05/2025 09:40:00 PM,WEATHER,WEATHER,5659,S,ROCKWELL ST,824.0,,,,,,,2,NO INDICATION OF INJURY,0.0,0.0,0.0,0.0,0.0,1.0,0.0,21,1,1,41.790226953,-87.688675385,POINT (-87.688675385323 41.79022695278),2025-01-05 21:40:00
0d5cf27b4b6f767aaa5212ffec7f426f3f28804f8d1381755ca7acc56b377dcad0c7bd77fee13160279cb42012b4ecc0326087895bd93dac68f621303cef2cc9,,01/05/2025 09:39:00 PM,30,NO CONTROLS,NO CONTROLS,SNOW,DARKNESS,FIXED OBJECT,DIVIDED - W/MEDIAN BARRIER,,STRAIGHT AND LEVEL,SNOW OR SLUSH,UNKNOWN,ON SCENE,INJURY AND / OR TOW DUE TO CRASH,,,,"OVER $1,500",01/05/2025 10:03:00 PM,WEATHER,NOT APPLICABLE,4111,W,DEVON AVE,1711.0,,,,,,,1,NONINCAPACITATING INJURY,1.0,0.0,0.0,1.0,0.0,0.0,0.0,21,1,1,41.997132245,-87.731855949,POINT (-87.731855949012 41.997132244812),2025-01-05 21:39:00
6a27479afe09e07651a4b536391cf17f8c83709be34acfded4c456e999f089ea10bd263f9235e53ccce1a670b76ff0b1eccf2015dc510657a90b59c9e5e6d619,,01/05/2025 09:34:00 PM,25,STOP SIGN/FLASHER,FUNCTIONING PROPERLY,SNOW,"DARKNESS, LIGHTED ROAD",ANGLE,FOUR WAY,,STRAIGHT AND LEVEL,SNOW OR SLUSH,NO DEFECTS,ON SCENE,INJURY AND / OR TOW DUE TO CRASH,Y,,Y,"$501 - $1,500",01/05/2025 09:35:00 PM,UNABLE TO DETERMINE,UNABLE TO DETERMINE,5700,S,ROCKWELL ST,824.0,,,,,,,2,NO INDICATION OF INJURY,0.0,0.0,0.0,0.0,0.0,4.0,0.0,21,1,1,41.790040154,-87.68896361,POINT (-87.688963610142 41.790040154214),2025-01-05 21:34:00
cf034f87177a45a909705ba46ed3f7c67a8d999d49f2da0a5eefb5da6bf9284c1a7ad06089636834c85d928730ec065facc10ded91c130c8fe612327bfb6fcb2,,01/05/2025 09:30:00 PM,30,UNKNOWN,UNKNOWN,SNOW,"DARKNESS, LIGHTED ROAD",REAR END,DIVIDED - W/MEDIAN BARRIER,,STRAIGHT AND LEVEL,SNOW OR SLUSH,UNKNOWN,ON SCENE,NO INJURY / DRIVE AWAY,,,,"OVER $1,500",01/05/2025 10:30:00 PM,FOLLOWING TOO CLOSELY,NOT APPLICABLE,7971,S,CICERO AVE,834.0,Y,Y,,,,,2,NO INDICATION OF INJURY,0.0,0.0,0.0,0.0,0.0,3.0,0.0,21,1,1,41.747681998,-87.741157266,POINT (-87.741157266283 41.74768199829),2025-01-05 21:30:00
ed6b82bb52d67ddab1332ee6f9c947d2943f08333a6a0ea31a4693f0ae2c0ea3c742b0a9c9401b8be77ca12bbbe2be2411ce730120bed3f31827473bc918530c,,01/05/2025 09:30:00 PM,25,NO CONTROLS,NO CONTROLS,CLEAR,DAYLIGHT,REAR END,NOT DIVIDED,,STRAIGHT AND LEVEL,WET,UNKNOWN,NOT ON SCENE (DESK REPORT),NO INJURY / DRIVE AWAY,Y,,Y,"OVER $1,500",01/06/2025 04:10:00 PM,FOLLOWING TOO CLOSELY,UNABLE TO DETERMINE,2600,S,PULASKI RD,1031.0,,,,,,,2,NO INDICATION OF INJURY,0.0,0.0,0.0,0.0,0.0,2.0,0.0,21,1,1,41.844157586,-87.724693809,POINT (-87.72469380877 41.844157585905),2025-01-05 21:30:00
490d61ec5ff20f6050d867b6551ed9c7d80bfe3a6a679eb5c2c7ee8225ef156b8fa99444827a78c54a9264dcf8cc69ae4516822315f647caef6bb30d2e789a40,,01/05/2025 09:20:00 PM,30,NO CONTROLS,NO CONTROLS,CLEAR,"DARKNESS, LIGHTED ROAD",SIDESWIPE SAME DIRECTION,NOT DIVIDED,,STRAIGHT AND LEVEL,UNKNOWN,UNKNOWN,NOT ON SCENE (DESK REPORT),NO INJURY / DRIVE AWAY,,,Y,"$501 - $1,500",01/05/2025 09:40:00 PM,IMPROPER OVERTAKING/PASSING,NOT APPLICABLE,2421,N,CLARK ST,1935.0,,,,,,,2,NO INDICATION OF INJURY,0.0,0.0,0.0,0.0,0.0,2.0,0.0,21,1,1,41.926213484,-87.640706527,POINT (-87.640706526701 41.926213484061),2025-01-05 21:20:00
3aea41e141f54f3416bbc79190c9e9954ef3aaab062ea8df0cc9980befb2a6cf91bee3060313dfbac295175211987ebad3b3386264af6b2569dfd59a72b836ef,,01/05/2025 09:15:00 PM,30,NO CONTROLS,NO CONTROLS,CLEAR,"DARKNESS, LIGHTED ROAD",SIDESWIPE SAME DIRECTION,NOT DIVIDED,,STRAIGHT AND LEVEL,WET,NO DEFECTS,NOT ON SCENE (DESK REPORT),NO INJURY / DRIVE AWAY,,,,"OVER $1,500",01/06/2025 02:40:00 PM,DRIVING SKILLS/KNOWLEDGE/EXPERIENCE,NOT APPLICABLE,332,N,CICERO AVE,1532.0,,,,,,,2,NO INDICATION OF INJURY,0.0,0.0,0.0,0.0,0.0,2.0,0.0,21,1,1,41.886361978,-87.745637075,POINT (-87.745637075174 41.886361978401),2025-01-05 21:15:00
fca11c7280d5ae23de24afb1a1a25b8b84c74c800fc03618d4e09723ab00d46572373eb250e289c4f531f02b9058d36e8341ba33df0e008bbd4fc114f34d6e2f,,01/05/2025 09:15:00 PM,20,NO CONTROLS,NO CONTROLS,BLOWING SNOW,"DARKNESS, LIGHTED ROAD",PARKED MOTOR VEHICLE,ONE-WAY,,STRAIGHT AND LEVEL,SNOW OR SLUSH,NO DEFECTS,NOT ON SCENE (DESK REPORT),NO INJURY / DRIVE AWAY,,,Y,"OVER $1,500",01/05/2025 09:35:00 PM,IMPROPER OVERTAKING/PASSING,NOT APPLICABLE,6204,W,CORNELIA AVE,1633.0,,,,,,,2,NO INDICATION OF INJURY,0.0,0.0,0.0,0.0,0.0,1.0,0.0,21,1,1,41.943993839,-87.781573246,POINT (-87.781573245655 41.943993838677),2025-01-05 21:15:00
308bd60add03d6f604eddd644402130eaec249fa02241b12ea7df7c424dfc6f4fb84a5b4cc51d73e23fd5e96611606daf5b60e3acca8e5c27ad3e7a5dbe88c7d,,01/05/2025 09:10:00 PM,30,TRAFFIC SIGNAL,UNKNOWN,SNOW,DARKNESS,REAR END,NOT DIVIDED,,STRAIGHT AND LEVEL,SNOW OR SLUSH,UNKNOWN,NOT ON SCENE (DESK REPORT),NO INJURY / DRIVE AWAY,,,Y,"$501 - $1,500",01/05/2025 09:30:00 PM,FOLLOWING TOO CLOSELY,NOT APPLICABLE,4041,S,KEDZIE AVE,921.0,Y,Y,,,,,2,NO INDICATION OF INJURY,0.0,0.0,0.0,0.0,0.0,2.0,0.0,21,1,1,41.819623138,-87.704276012,POINT (-87.704276012188 41.819623137571),2025-01-05 21:10:00
6ed67b0a0fc4a7a0c5d5cb69c2ecbb506dfd1ddd222fb268c671d20183373424be3912acdc83bad9b2c6a02a4bdb36d3d96af4bd49d3f26049087bc1f60ef680,,01/05/2025 09:05:00 PM,30,NO CONTROLS,NO CONTROLS,SNOW,"DARKNESS, LIGHTED ROAD",REAR END,NOT DIVIDED,,STRAIGHT AND LEVEL,SNOW OR SLUSH,NO DEFECTS,ON SCENE,NO INJURY / DRIVE AWAY,,,Y,"$501 - $1,500",01/05/2025 09:09:00 PM,FOLLOWING TOO CLOSELY,WEATHER,2353,N,CALIFORNIA AVE,1431.0,,,,,,,2,NO INDICATION OF INJURY,0.0,0.0,0.0,0.0,0.0,2.0,0.0,21,1,1,41.924362822,-87.697255396,POINT (-87.697255395673 41.924362821568),2025-01-05 21:05:00
284ad95bb4bd7b812da5b96f740ce336439697b4689477c79ae7524ada8adc57f88d64d2308d75f831e543d03c23424ff42caae4156233fdbe2d11fb542874a3,,01/05/2025 09:03:00 PM,30,TRAFFIC SIGNAL,FUNCTIONING PROPERLY,CLEAR,"DARKNESS, LIGHTED ROAD",REAR END,DIVIDED - W/MEDIAN (NOT RAISED),,STRAIGHT AND LEVEL,DRY,NO DEFECTS,NOT ON SCENE (DESK REPORT),NO INJURY / DRIVE AWAY,,,,"OVER $1,500",01/05/2025 10:00:00 PM,UNABLE TO DETERMINE,UNABLE TO DETERMINE,8701,S,STONY ISLAND AVE,412.0,,,,,,,2,NO INDICATION OF INJURY,0.0,0.0,0.0,0.0,0.0,4.0,0.0,21,1,1,41.736827829,-87.58506058,POINT (-87.585060580126 41.73682782899),2025-01-05 21:03:00
198ceab2c40e544d42993348fbdebfc3d561758b5cba65a929633f68bbc32a0279c18dd9e2e81024db844320fb58be0c6b08a9cf5628a59f845924129d380010,,01/05/2025 09:00:00 PM,30,TRAFFIC SIGNAL,FUNCTIONING PROPERLY,SNOW,"DARKNESS, LIGHTED ROAD",SIDESWIPE SAME DIRECTION,NOT DIVIDED,,STRAIGHT AND LEVEL,SNOW OR SLUSH,UNKNOWN,ON SCENE,INJURY AND / OR TOW DUE TO CRASH,Y,,,"OVER $1,500",01/05/2025 09:04:00 PM,HAD BEEN DRINKING (USE WHEN ARREST IS NOT MADE),NOT APPLICABLE,300,S,WABASH AVE,113.0,,,,,,,2,NO INDICATION OF INJURY,0.0,0.0,0.0,0.0,0.0,3.0,0.0,21,1,1,41.878181705,-87.626228938,POINT (-87.62622893831 41.878181705359),2025-01-05 21:00:00
b6c6ed2c9b191f767ec2a3b669f3c9b85fe781abe14e59fc38f392f9c7762e0b40ce2c23a0978d262865f9b4de898ba8b557170ac5eaf244ef7567d20595ae0e,,01/05/2025 09:00:00 PM,30,TRAFFIC SIGNAL,FUNCTIONING PROPERLY,SNOW,"DARKNESS, LIGHTED ROAD",TURNING,FOUR WAY,,STRAIGHT AND LEVEL,WET,NO DEFECTS,ON SCENE,INJURY AND / OR TOW DUE TO CRASH,Y,,,"OVER $1,500",01/05/2025 09:02:00 PM,DRIVING SKILLS/KNOWLEDGE/EXPERIENCE,NOT APPLICABLE,1700,E,53RD ST,234.0,,,,,,,3,NO INDICATION OF INJURY,0.0,0.0,0.0,0.0,0.0,2.0,0.0,21,1,1,41.799729101,-87.583974985,POINT (-87.583974985364 41.799729101474),2025-01-05 21:00:00
a09f593c1dc708409eaf7270687abdf75aa076a5339376e7764b49c7c936cd8562c41993b5f7a4f333dbeaf01cab473156cc34b52163217d3842b97d799d54ee,,01/05/2025 08:53:00 PM,0,TRAFFIC SIGNAL,FUNCTIONING PROPERLY,CLEAR,"DARKNESS, LIGHTED ROAD",ANGLE,FOUR WAY,,STRAIGHT AND LEVEL,DRY,NO DEFECTS,,INJURY AND / OR TOW DUE TO CRASH,Y,,,"OVER $1,500",01/05/2025 10:53:00 PM,DISREGARDING TRAFFIC SIGNALS,UNABLE TO DETERMINE,7899,S,JEFFERY BLVD,414.0,,,,,,,4,NO INDICATION OF INJURY,0.0,0.0,0.0,0.0,0.0,5.0,0.0,20,1,1,41.751699273,-87.575837663,POINT (-87.575837662926 41.751699272542),2025-01-05 20:53:00
ff5f1deec88907443fb1eb24678d2b6e68e33c049fbd6bfb613e01dc80d6567a77e7ecd5a51f1c82c0bbef7f9966d17fcb8c8f089d7c21c1ea611f8806713d32,,01/05/2025 08:50:00 PM,30,TRAFFIC SIGNAL,FUNCTIONING PROPERLY,CLEAR,"DARKNESS, LIGHTED ROAD",REAR END,FOUR WAY,,STRAIGHT AND LEVEL,DRY,NO DEFECTS,NOT ON SCENE (DESK REPORT),NO INJURY / DRIVE AWAY,Y,,Y,"OVER $1,500",01/05/2025 09:15:00 PM,FAILING TO REDUCE SPEED TO AVOID CRASH,UNABLE TO DETERMINE,7500,S,STATE ST,623.0,,,,,,,2,NO INDICATION OF INJURY,0.0,0.0,0.0,0.0,0.0,2.0,0.0,20,1,1,41.758092176,-87.624902228,POINT (-87.624902228247 41.758092176383),2025-01-05 20:50:00
a7057aa13018f090b8de5751f9870bbdbc69136c9a7724f25ae375968cb89f71b16088c4c7038c1d3fbb25ac69d1efb31db185cc31c158d1444bb70770d29896,,01/05/2025 08:46:00 PM,30,TRAFFIC SIGNAL,FUNCTIONING PROPERLY,SNOW,DARKNESS,TURNING,FOUR WAY,,STRAIGHT AND LEVEL,SNOW OR SLUSH,NO DEFECTS,ON SCENE,NO INJURY / DRIVE AWAY,,,Y,"OVER $1,500",01/05/2025 09:23:00 PM,UNABLE TO DETERMINE,UNABLE TO DETERMINE,1201,S,PULASKI RD,1011.0,,,,,,,2,NO INDICATION OF INJURY,0.0,0.0,0.0,0.0,0.0,2.0,0.0,20,1,1,41.866082749,-87.725012334,POINT (-87.725012334303 41.866082749052),2025-01-05 20:46:00
65501d7f361dbe2ecdcdfc19acdb9293a21bd8c390c73a323781e2a0489ed5c5f92fab4bbdaedaae7554d0283c35019e1a611a0f3b29693fe28b8e93312b0185,,01/05/2025 08:30:00 PM,30,NO CONTROLS,NO CONTROLS,CLOUDY/OVERCAST,"DARKNESS, LIGHTED ROAD",REAR END,DIVIDED - W/MEDIAN BARRIER,,STRAIGHT AND LEVEL,DRY,UNKNOWN,NOT ON SCENE (DESK REPORT),NO INJURY / DRIVE AWAY,,,,"OVER $1,500",01/06/2025 05:25:00 PM,UNABLE TO DETERMINE,NOT APPLICABLE,900,N,LAKE SHORE DR SB,1833.0,,,,,,,2,NO INDICATION OF INJURY,0.0,0.0,0.0,0.0,0.0,2.0,0.0,20,1,1,41.899322279,-87.618738433,POINT (-87.618738433114 41.899322278833),2025-01-05 20:30:00
ed3ff5c58992a4f012b00e8491b07d824a9a6dccb939d59856078c2780862a95b14e0a63fc63bdcdce13ad8a51393ca9d43968b34ded80ae44f8625259e29b99,,01/05/2025 08:30:00 PM,30,NO CONTROLS,NO CONTROLS,FREEZING RAIN/DRIZZLE,"DARKNESS, LIGHTED ROAD",SIDESWIPE SAME DIRECTION,ONE-WAY,,STRAIGHT AND LEVEL,WET,UNKNOWN,ON SCENE,INJURY AND / OR TOW DUE TO CRASH,,,,"$501 - $1,500",01/05/2025 08:37:00 PM,IMPROPER LANE USAGE,NOT APPLICABLE,320,N,DEARBORN ST,1831.0,,,,,,,2,"REPORTED, NOT EVIDENT",1.0,0.0,0.0,0.0,1.0,1.0,0.0,20,1,1,41.888070378,-87.629692257,POINT (-87.629692256722 41.888070377638),2025-01-05 20:30:00
436a5138daa0f00b32446dee15f8743e834d886df8933a877930606bac01634e839948cbded0c125c21d4ecff39ceca46640ee9b7a94187e29f67be19e479654,,01/05/2025 08:21:00 PM,30,NO CONTROLS,NO CONTROLS,CLEAR,"DARKNESS, LIGHTED ROAD",ANGLE,ONE-WAY,,STRAIGHT AND LEVEL,DRY,NO DEFECTS,ON SCENE,INJURY AND / OR TOW DUE TO CRASH,,,Y,"OVER $1,500",01/05/2025 08:25:00 PM,FAILING TO YIELD RIGHT-OF-WAY,FAILING TO YIELD RIGHT-OF-WAY,10,N,KOSTNER AVE,1113.0,,,,,,,2,"REPORTED, NOT EVIDENT",1.0,0.0,0.0,0.0,1.0,1.0,0.0,20,1,1,41.880937475,-87.735634214,POINT (-87.735634214478 41.880937475026),2025-01-05 20:21:00
2ba73f2ce40375347c44a98c66ebfc73d4d453098f815e5e985df392871ac7c026b175432dac76c32cec4ce13a87641cbe03ef8040ca9550c64696f55f3e64bd,,01/05/2025 08:08:00 PM,20,NO CONTROLS,NO CONTROLS,CLEAR,"DARKNESS, LIGHTED ROAD",PARKED MOTOR VEHICLE,ONE-WAY,,STRAIGHT AND LEVEL,DRY,UNKNOWN,ON SCENE,NO INJURY / DRIVE AWAY,,,,"OVER $1,500",01/05/2025 08:13:00 PM,IMPROPER TURNING/NO SIGNAL,NOT APPLICABLE,4514,N,KARLOV AVE,1722.0,,,,,,,3,NO INDICATION OF INJURY,0.0,0.0,0.0,0.0,0.0,1.0,0.0,20,1,1,41.963011064,-87.730458789,POINT (-87.730458789043 41.963011063997),2025-01-05 20:08:00
694f2bfd63858e4db4c45aa68caa5a9f5cd5ad9eae1219ba35fb53402f7afed1f7ee5ed2655950caec7faddcc8b89382a7ce18652d2454e95e66d717f35ede0d,,01/05/2025 08:05:00 PM,30,TRAFFIC SIGNAL,UNKNOWN,UNKNOWN,UNKNOWN,REAR END,NOT DIVIDED,,STRAIGHT AND LEVEL,UNKNOWN,UNKNOWN,NOT ON SCENE (DESK REPORT),NO INJURY / DRIVE AWAY,,,Y,"OVER $1,500",01/05/2025 08:35:00 PM,FOLLOWING TOO CLOSELY,NOT APPLICABLE,9501,S,COTTAGE GROVE AVE,511.0,,,,,,,2,NO INDICATION OF INJURY,0.0,0.0,0.0,0.0,0.0,4.0,0.0,20,1,1,41.721934481,-87.603058969,POINT (-87.603058968556 41.721934480956),2025-01-05 20:05:00
c56c08ea74ce0ff53580ba8e53936359d024ec79239618a088074921aff75ce7a485eb902c68b380e434a119bad063f05b640df6d07107f28d5bca06f6f2bc3c,,01/05/2025 08:00:00 PM,30,TRAFFIC SIGNAL,FUNCTIONING PROPERLY,SNOW,"DARKNESS, LIGHTED ROAD",REAR END,NOT DIVIDED,,STRAIGHT AND LEVEL,ICE,NO DEFECTS,NOT ON SCENE (DESK REPORT),NO INJURY / DRIVE AWAY,,,,"OVER $1,500",01/05/2025 11:45:00 PM,WEATHER,NOT APPLICABLE,2949,N,PULASKI RD,2523.0,,,,,,,2,NO INDICATION OF INJURY,0.0,0.0,0.0,0.0,0.0,2.0,0.0,20,1,1,41.935061814,-87.726922931,POINT (-87.726922931324 41.935061814474),2025-01-05 20:00:00
f426f8737fe611dca7cee9a3b82ec466bd952f318f3318c6013935226889423c8f22baf147f2f1b8d8d538fb7237101fcba187305fce0f29135f220f74a7e49b,,01/05/2025 08:00:00 PM,30,NO CONTROLS,NO CONTROLS,CLEAR,"DARKNESS, LIGHTED ROAD",ANGLE,NOT DIVIDED,,STRAIGHT AND LEVEL,DRY,NO DEFECTS,,NO INJURY / DRIVE AWAY,,,Y,"$501 - $1,500",01/05/2025 09:15:00 PM,FAILING TO YIELD RIGHT-OF-WAY,NOT APPLICABLE,4400,W,NORTH AVE,2533.0,,,,,,,2,NO INDICATION OF INJURY,0.0,0.0,0.0,0.0,0.0,3.0,0.0,20,1,1,41.909863573,-87.736380296,POINT (-87.736380296054 41.909863573402),2025-01-05 20:00:00
8948d626edce719762f252db4c7235243ca6a54e8dc1bea2c184af604adb2ec6d069edf17507fb1ca7a611b54fba19618db745622774d0049d1360c9cfb7190f,,01/05/2025 07:55:00 PM,30,NO CONTROLS,NO CONTROLS,CLEAR,"DARKNESS, LIGHTED ROAD",ANIMAL,NOT DIVIDED,,STRAIGHT AND LEVEL,DRY,NO DEFECTS,ON SCENE,INJURY AND / OR TOW DUE TO CRASH,,Y,,"OVER $1,500",01/05/2025 07:56:00 PM,ANIMAL,ANIMAL,6157,N,CALDWELL AVE,1621.0,,,,,,,1,NONINCAPACITATING INJURY,1.0,0.0,0.0,1.0,0.0,0.0,0.0,19,1,1,41.993159631,-87.75755405,POINT (-87.757554050034 41.993159631201),2025-01-05 19:55:00