CRASH_RECORD_ID,CRASH_DATE_EST_I,CRASH_DATE,POSTED_SPEED_LIMIT,TRAFFIC_CONTROL_DEVICE,DEVICE_CONDITION,WEATHER_CONDITION,LIGHTING_CONDITION,FIRST_CRASH_TYPE,TRAFFICWAY_TYPE,LANE_CNT,ALIGNMENT,ROADWAY_SURFACE_COND,ROAD_DEFECT,REPORT_TYPE,CRASH_TYPE,INTERSECTION_RELATED_I,NOT_RIGHT_OF_WAY_I,HIT_AND_RUN_I,DAMAGE,DATE_POLICE_NOTIFIED,PRIM_CONTRIBUTORY_CAUSE,SEC_CONTRIBUTORY_CAUSE,STREET_NO,STREET_DIRECTION,STREET_NAME,BEAT_OF_OCCURRENCE,PHOTOS_TAKEN_I,STATEMENTS_TAKEN_I,DOORING_I,WORK_ZONE_I,WORK_ZONE_TYPE,WORKERS_PRESENT_I,NUM_UNITS,MOST_SEVERE_INJURY,INJURIES_TOTAL,INJURIES_FATAL,INJURIES_INCAPACITATING,INJURIES_NON_INCAPACITATING,INJURIES_REPORTED_NOT_EVIDENT,INJURIES_NO_INDICATION,INJURIES_UNKNOWN,CRASH_HOUR,CRASH_DAY_OF_WEEK,CRASH_MONTH,LATITUDE,LONGITUDE,LOCATION,timestamp
e898d7091e4fb094ec87e457f472710d41309f27dd1338da12a51b6c2bc277d55b211082bc4215719e1fa03f3f9564abffd7b45269d8a4badf11ac0c60c15756,,01/05/2025 07:55:00 PM,30,NO CONTROLS,NO CONTROLS,CLEAR,"DARKNESS, LIGHTED ROAD",PARKED MOTOR VEHICLE,ONE-WAY,,STRAIGHT AND LEVEL,DRY,NO DEFECTS,ON SCENE,INJURY AND / OR TOW DUE TO CRASH,,,,"OVER $1,500",01/05/2025 07:57:00 PM,IMPROPER OVERTAKING/PASSING,NOT APPLICABLE,1339,W,LUNT AVE,2431.0,,,,,,,4,NO INDICATION OF INJURY,0.0,0.0,0.0,0.0,0.0,1.0,0.0,19,1,1,42.009027958,-87.665157828,POINT (-87.665157828041 42.009027957657),2025-01-05 19:55:00
859f8c2b018bb76c7a73b6300ca93add971bfbcee87d6363e9f915c0136a0c6fb5e0bc37d614fee5329b5136cbd1ed025a329c050a4c3a593eca8f886eef9556,,01/05/2025 07:50:00 PM,30,TRAFFIC SIGNAL,FUNCTIONING PROPERLY,CLEAR,"DARKNESS, LIGHTED ROAD",FIXED OBJECT,DIVIDED - W/MEDIAN (NOT RAISED),,STRAIGHT AND LEVEL,DRY,NO DEFECTS,ON SCENE,INJURY AND / OR TOW DUE TO CRASH,,,,"$501 - $1,500",01/05/2025 07:56:00 PM,IMPROPER TURNING/NO SIGNAL,DRIVING SKILLS/KNOWLEDGE/EXPERIENCE,101,E,ROOSEVELT RD,132.0,,,,,,,1,NO INDICATION OF INJURY,0.0,0.0,0.0,0.0,0.0,1.0,0.0,19,1,1,41.867347013,-87.624092218,POINT (-87.624092218405 41.867347013088),2025-01-05 19:50:00
4f76fff033a4e673198645fdcf89700f2d08182df7c338fe99509c8c5dc84b1ce92744aa4e6b0eb81ac1b6c8c132a2071b656851843660a803c0c774674f904d,,01/05/2025 07:27:00 PM,30,TRAFFIC SIGNAL,FUNCTIONING PROPERLY,CLEAR,"DARKNESS, LIGHTED ROAD",ANGLE,DIVIDED - W/MEDIAN (NOT RAISED),,STRAIGHT AND LEVEL,DRY,NO DEFECTS,ON SCENE,INJURY AND / OR TOW DUE TO CRASH,,,,"OVER $1,500",01/05/2025 07:29:00 PM,DISREGARDING TRAFFIC SIGNALS,FAILING TO YIELD RIGHT-OF-WAY,8300,S,YATES BLVD,412.0,,,,,,,2,NONINCAPACITATING INJURY,1.0,0.0,0.0,1.0,0.0,2.0,0.0,19,1,1,41.744369301,-87.566270711,POINT (-87.566270711305 41.744369300555),2025-01-05 19:27:00
9034bfbbd067c53b2163ef68f0beecf40c359a8aa7eaecdac3e3bcbeff3b5b3c59ddd4b30a3d52688d1f2ef5a15eef8c1da786e7331a9b8b2356f9305d1bfb3d,,01/05/2025 07:20:00 PM,30,NO CONTROLS,NO CONTROLS,CLOUDY/OVERCAST,"DARKNESS, LIGHTED ROAD",REAR END,ONE-WAY,,STRAIGHT AND LEVEL,DRY,UNKNOWN,NOT ON SCENE (DESK REPORT),NO INJURY / DRIVE AWAY,,,Y,$500 OR LESS,01/06/2025 04:20:00 PM,UNABLE TO DETERMINE,NOT APPLICABLE,729,W,RANDOLPH ST,1224.0,,,,,,,2,NO INDICATION OF INJURY,0.0,0.0,0.0,0.0,0.0,3.0,0.0,19,1,1,41.884301422,-87.646865877,POINT (-87.646865876812 41.884301421606),2025-01-05 19:20:00
3109ce1c7eb0526281f5849887b358fe5d989d9d1570b3c89dc3e61ffa7079b50ca81f9e6294bbfa71a134f2123584778e25275277c65ab35d6b0a5827705f27,,01/05/2025 07:04:00 PM,25,TRAFFIC SIGNAL,FUNCTIONING PROPERLY,CLEAR,"DARKNESS, LIGHTED ROAD",TURNING,TRAFFIC ROUTE,,STRAIGHT AND LEVEL,DRY,NO DEFECTS,NOT ON SCENE (DESK REPORT),NO INJURY / DRIVE AWAY,,,,"OVER $1,500",01/05/2025 08:15:00 PM,IMPROPER BACKING,DISTRACTION - FROM OUTSIDE VEHICLE,9549,S,STONY ISLAND AVE,431.0,,,,,,,2,NO INDICATION OF INJURY,0.0,0.0,0.0,0.0,0.0,3.0,0.0,19,1,1,41.720681488,-87.584816407,POINT (-87.58481640711 41.720681488169),2025-01-05 19:04:00
4d1db9c20f3574419e8adc7780acd194235c2310287fe14abb7cc855bea610b4ce734e3b29c8ebad437adb6807adbddf6ce4d4e1031848add18f9da717d275e1,,01/05/2025 07:04:00 PM,25,NO CONTROLS,NO CONTROLS,CLEAR,"DARKNESS, LIGHTED ROAD",FIXED OBJECT,DIVIDED - W/MEDIAN BARRIER,,STRAIGHT AND LEVEL,WET,NO DEFECTS,ON SCENE,INJURY AND / OR TOW DUE TO CRASH,,,,"OVER $1,500",01/05/2025 07:05:00 PM,FAILING TO REDUCE SPEED TO AVOID CRASH,DRIVING SKILLS/KNOWLEDGE/EXPERIENCE,1040,N,LAKE SHORE DR SB,1824.0,,,,,,,1,INCAPACITATING INJURY,1.0,0.0,1.0,0.0,0.0,1.0,0.0,19,1,1,41.902009909,-87.623801345,POINT (-87.623801345342 41.902009908918),2025-01-05 19:04:00
779b97d32ebcc091d66ab0802651e6a1a41965e417ffc7b8fba8725ccb8e338fe4964af4619e49aa7dcadb0cd85bc0c5fb988b6bad9f54d31ca1c825592b5e26,,01/05/2025 06:56:00 PM,5,NO CONTROLS,NO CONTROLS,CLEAR,DAYLIGHT,PARKED MOTOR VEHICLE,PARKING LOT,,STRAIGHT AND LEVEL,DRY,UNKNOWN,ON SCENE,NO INJURY / DRIVE AWAY,,,Y,"OVER $1,500",01/05/2025 06:56:00 PM,UNABLE TO DETERMINE,UNABLE TO DETERMINE,3800,S,WESTERN BLVD,911.0,,,,,,,2,NO INDICATION OF INJURY,0.0,0.0,0.0,0.0,0.0,2.0,0.0,18,1,1,41.824680989,-87.684450673,POINT (-87.684450672656 41.824680988664),2025-01-05 18:56:00
f6fcc66a24c4a6079c330d24479cd74e81f10909512c72e97399ff47b6e64852dd09fe87457327372e29fdf072d7514c166bbc07c75c62ac0f66550e24ebe991,,01/05/2025 06:46:00 PM,10,NO CONTROLS,NO CONTROLS,CLEAR,DARKNESS,REAR END,PARKING LOT,,STRAIGHT AND LEVEL,DRY,NO DEFECTS,ON SCENE,NO INJURY / DRIVE AWAY,,,,"OVER $1,500",01/05/2025 06:57:00 PM,IMPROPER BACKING,IMPROPER BACKING,3526,N,HARLEM AVE,1631.0,,,,,,,2,NO INDICATION OF INJURY,0.0,0.0,0.0,0.0,0.0,3.0,0.0,18,1,1,41.944267966,-87.807118254,POINT (-87.807118254092 41.944267965788),2025-01-05 18:46:00
6b2e693d5be138c26f863940ca9351d04d9c45e44839b4c3ec51e10210508dc90fa37c67eb057f52fb0542ada533e2b2aa639282665af12aa6b2c98c7267bf50,,01/05/2025 06:44:00 PM,30,TRAFFIC SIGNAL,FUNCTIONING PROPERLY,CLEAR,"DARKNESS, LIGHTED ROAD",TURNING,FOUR WAY,,STRAIGHT AND LEVEL,ICE,UNKNOWN,,INJURY AND / OR TOW DUE TO CRASH,Y,,,"OVER $1,500",01/05/2025 06:44:00 PM,FAILING TO YIELD RIGHT-OF-WAY,FAILING TO YIELD RIGHT-OF-WAY,5501,S,ASHLAND AVE,713.0,,,,,,,2,NO INDICATION OF INJURY,0.0,0.0,0.0,0.0,0.0,2.0,0.0,18,1,1,41.793591294,-87.664427637,POINT (-87.664427637221 41.793591294116),2025-01-05 18:44:00
d985ac72250b10acc02bf37868401e0f06c032048a41f9bfa26530bb8b88420deb5ddeadc4a6e430713ed20b4cf5cfc02fbfd8ac15a94f41ea53f0f94586163e,,01/05/2025 06:30:00 PM,25,NO CONTROLS,NO CONTROLS,CLEAR,DUSK,PARKED MOTOR VEHICLE,NOT DIVIDED,,STRAIGHT AND LEVEL,DRY,NO DEFECTS,ON SCENE,NO INJURY / DRIVE AWAY,,,Y,"$501 - $1,500",01/05/2025 06:50:00 PM,UNABLE TO DETERMINE,NOT APPLICABLE,9859,S,LOOMIS ST,2213.0,,,,,,,2,NO INDICATION OF INJURY,0.0,0.0,0.0,0.0,0.0,1.0,0.0,18,1,1,41.7140811,-87.657350485,POINT (-87.65735048465 41.714081100476),2025-01-05 18:30:00
112cebe0d066bb4fe5e697f6d5a2bfc6bf445bd94dd8a70fc5cb4d2a549835b1e2ee98fb3901c9c0ffbd331c0d649f16914e60cb7f3e4b589c32b1c72b8a4112,,01/05/2025 06:20:00 PM,30,TRAFFIC SIGNAL,NO CONTROLS,CLEAR,"DARKNESS, LIGHTED ROAD",PARKED MOTOR VEHICLE,NOT DIVIDED,,STRAIGHT AND LEVEL,DRY,NO DEFECTS,ON SCENE,NO INJURY / DRIVE AWAY,,,,"$501 - $1,500",01/05/2025 06:28:00 PM,UNABLE TO DETERMINE,NOT APPLICABLE,3201,N,ASHLAND AVE,1922.0,,,,,,,2,NO INDICATION OF INJURY,0.0,0.0,0.0,0.0,0.0,2.0,0.0,18,1,1,41.939744616,-87.668516101,POINT (-87.668516101064 41.939744615735),2025-01-05 18:20:00
c8cbb1c9d8e0865499819d9bfe7096d2fe3a4290b4a0a5d88dda37c8b641003043da3b6fe046b4d538a6a173b43174a359bcc363b40dd46a3d77272d9f3f8d55,,01/05/2025 06:10:00 PM,30,UNKNOWN,UNKNOWN,CLEAR,"DARKNESS, LIGHTED ROAD",ANGLE,DIVIDED - W/MEDIAN (NOT RAISED),,STRAIGHT AND LEVEL,DRY,NO DEFECTS,ON SCENE,INJURY AND / OR TOW DUE TO CRASH,,,,"OVER $1,500",01/05/2025 06:18:00 PM,UNABLE TO DETERMINE,UNABLE TO DETERMINE,3265,N,MILWAUKEE AVE,1732.0,,,,,,,2,"REPORTED, NOT EVIDENT",2.0,0.0,0.0,0.0,2.0,0.0,0.0,18,1,1,41.940417492,-87.725786488,POINT (-87.725786488226 41.940417491686),2025-01-05 18:10:00
4d0f21962e07ca09c7401b876df3cbbd47725c3c97a10f090fb286820174384a28f8d8e31a0365ec30bbce3db3f07a95b1d861b6ceaa7657d7941f119d37e066,,01/05/2025 06:06:00 PM,20,NO CONTROLS,NO CONTROLS,CLEAR,DARKNESS,ANGLE,T-INTERSECTION,,STRAIGHT AND LEVEL,DRY,NO DEFECTS,ON SCENE,NO INJURY / DRIVE AWAY,Y,,,"OVER $1,500",01/05/2025 06:15:00 PM,DRIVING SKILLS/KNOWLEDGE/EXPERIENCE,DRIVING SKILLS/KNOWLEDGE/EXPERIENCE,10909,W,HIGGINS RD,1654.0,,,,,,,2,NO INDICATION OF INJURY,0.0,0.0,0.0,0.0,0.0,2.0,0.0,18,1,1,,,,2025-01-05 18:06:00
6fc0fdf463039ad24bfb316b4a7375edbeb02a44e6c6d4c80d71aa5a67ec742eb5c56c5de3e9b7e07f9f878325fc6d9b80399e5745c71f53e130768f87180337,Y,01/05/2025 05:54:00 PM,35,UNKNOWN,UNKNOWN,CLEAR,"DARKNESS, LIGHTED ROAD",ANGLE,T-INTERSECTION,,STRAIGHT AND LEVEL,UNKNOWN,UNKNOWN,,INJURY AND / OR TOW DUE TO CRASH,Y,,,"OVER $1,500",01/05/2025 05:54:00 PM,UNABLE TO DETERMINE,UNABLE TO DETERMINE,10064,S,EWING AVE,432.0,,,,,,,2,"REPORTED, NOT EVIDENT",1.0,0.0,0.0,0.0,1.0,2.0,0.0,17,1,1,41.712014795,-87.53542493,POINT (-87.535424930221 41.712014794981),2025-01-05 17:54:00
aeae335bbfa2954db0d81ed5c8d2d0737b5ce096e94e7b7473a5f7d3ebaa2d86142ad400a2ce5594f000f1697020b7206d931bf6ae0679920dba9a9ce7cde249,,01/05/2025 05:50:00 PM,30,NO CONTROLS,UNKNOWN,CLEAR,"DARKNESS, LIGHTED ROAD",HEAD ON,FOUR WAY,,STRAIGHT AND LEVEL,DRY,UNKNOWN,ON SCENE,INJURY AND / OR TOW DUE TO CRASH,Y,,,"OVER $1,500",01/05/2025 06:41:00 PM,UNABLE TO DETERMINE,UNABLE TO DETERMINE,5200,S,ARCHER AVE,815.0,,,,,,,2,NO INDICATION OF INJURY,0.0,0.0,0.0,0.0,0.0,2.0,0.0,17,1,1,41.800107535,-87.734468273,POINT (-87.734468273475 41.800107535416),2025-01-05 17:50:00
3e81ad83214d5a407ceeb8d3f491adda6a93f7d4551836e6f435bc03a33b166dcbfd1701a1f0b4a31ef181ab272776c43f9bc575f3304f30c3dcdcb2916dbac8,,01/05/2025 05:45:00 PM,30,TRAFFIC SIGNAL,FUNCTIONING PROPERLY,CLEAR,"DARKNESS, LIGHTED ROAD",TURNING,FOUR WAY,,STRAIGHT AND LEVEL,SNOW OR SLUSH,NO DEFECTS,NOT ON SCENE (DESK REPORT),INJURY AND / OR TOW DUE TO CRASH,Y,,,"$501 - $1,500",01/05/2025 07:00:00 PM,FAILING TO YIELD RIGHT-OF-WAY,UNABLE TO DETERMINE,700,W,ROOSEVELT RD,1232.0,,,,,,,2,"REPORTED, NOT EVIDENT",1.0,0.0,0.0,0.0,1.0,1.0,0.0,17,1,1,41.867287162,-87.645246942,POINT (-87.645246941532 41.867287162218),2025-01-05 17:45:00
fcb26c011952f2bd8735fddee5b686f5de5e29902bdd2fc08de1b17e6780401914998425851f8d9e46fa71a4ae30e2c50b87b5a7cfedcf1c9512f77b6f31ed02,,01/05/2025 05:40:00 PM,30,NO CONTROLS,NO CONTROLS,CLOUDY/OVERCAST,"DARKNESS, LIGHTED ROAD",REAR END,ONE-WAY,,STRAIGHT AND LEVEL,WET,NO DEFECTS,ON SCENE,NO INJURY / DRIVE AWAY,,,Y,"OVER $1,500",01/05/2025 05:46:00 PM,FOLLOWING TOO CLOSELY,UNABLE TO DETERMINE,32,N,LAVERGNE AVE,1533.0,,,,,,,2,NO INDICATION OF INJURY,0.0,0.0,0.0,0.0,0.0,2.0,0.0,17,1,1,41.881485407,-87.75035875,POINT (-87.750358749896 41.881485407488),2025-01-05 17:40:00
884208ed33d086d16c7f4a977f9e7bb6ce088019053b1433e005d08c8cd94d5ea3d14c8ffac4f6d05e034f63d8fc69cb66511ae93fd9a07539b9e5a156f644a3,,01/05/2025 05:39:00 PM,30,TRAFFIC SIGNAL,FUNCTIONING PROPERLY,CLEAR,"DARKNESS, LIGHTED ROAD",TURNING,FOUR WAY,,STRAIGHT AND LEVEL,DRY,UNKNOWN,ON SCENE,NO INJURY / DRIVE AWAY,Y,,,"OVER $1,500",01/05/2025 05:40:00 PM,IMPROPER TURNING/NO SIGNAL,NOT APPLICABLE,2601,S,MICHIGAN AVE,133.0,,,,,,,2,NO INDICATION OF INJURY,0.0,0.0,0.0,0.0,0.0,3.0,0.0,17,1,1,41.84557618,-87.623243109,POINT (-87.623243108916 41.845576179839),2025-01-05 17:39:00
c2fc780ed4fd07854de61e252cb67318eb9b30090be624efa7e56ca50338f099c3dcfd4ad28f50c126be08ff6e2e0d8bfffb9463d607694b1073150edf9e5ce4,,01/05/2025 05:30:00 PM,30,NO CONTROLS,NO CONTROLS,CLEAR,DAYLIGHT,REAR END,NOT DIVIDED,,STRAIGHT AND LEVEL,DRY,NO DEFECTS,NOT ON SCENE (DESK REPORT),NO INJURY / DRIVE AWAY,,,,$500 OR LESS,01/07/2025 09:16:00 AM,FOLLOWING TOO CLOSELY,NOT APPLICABLE,100,W,LA SALLE DR,1814.0,,,,,,,2,NO INDICATION OF INJURY,0.0,0.0,0.0,0.0,0.0,2.0,0.0,17,1,1,41.913483316,-87.631808682,POINT (-87.631808681867 41.913483315672),2025-01-05 17:30:00
3b4b346cd0313190d6f601f30689b7c9a1ad64ed8eb52ba1d2a9e88766086ad22fa47d20e10ff2738fb82d0e6deab5e3b5c7e4df4035ae7fb32778db1fb283ff,,01/05/2025 05:27:00 PM,25,TRAFFIC SIGNAL,FUNCTIONING PROPERLY,CLEAR,"DARKNESS, LIGHTED ROAD",SIDESWIPE SAME DIRECTION,FOUR WAY,,STRAIGHT AND LEVEL,DRY,UNKNOWN,ON SCENE,NO INJURY / DRIVE AWAY,Y,,Y,"OVER $1,500",01/05/2025 05:27:00 PM,"OPERATING VEHICLE IN ERRATIC, RECKLESS, CARELESS, NEGLIGENT OR AGGRESSIVE MANNER",IMPROPER LANE USAGE,51,W,76TH ST,623.0,,,,,,,2,NO INDICATION OF INJURY,0.0,0.0,0.0,0.0,0.0,3.0,0.0,17,1,1,41.756243065,-87.626736636,POINT (-87.62673663556 41.756243065363),2025-01-05 17:27:00
9ef44ae76fb632ab10ca1ed8fd489c3fd703917e32c8cec0ced4d0e4cf061a1a93e172abc6f5bac97295fdebd887ae60f82d7b8dd59cade63110a31db6200fa3,,01/05/2025 05:25:00 PM,35,TRAFFIC SIGNAL,FUNCTIONING PROPERLY,CLEAR,"DARKNESS, LIGHTED ROAD",REAR END,FOUR WAY,,STRAIGHT AND LEVEL,DRY,NO DEFECTS,ON SCENE,NO INJURY / DRIVE AWAY,,,,"$501 - $1,500",01/05/2025 05:27:00 PM,FOLLOWING TOO CLOSELY,UNABLE TO DETERMINE,8300,S,STONY ISLAND AVE,412.0,,,,,,,2,NO INDICATION OF INJURY,0.0,0.0,0.0,0.0,0.0,2.0,0.0,17,1,1,41.744151639,-87.585945067,POINT (-87.585945066953 41.744151639042),2025-01-05 17:25:00
3784a76a5229d2c2131ad3e59f503e1379cd92cf7d94efb3fafb18d4aaf6e1b0224a4c1ef4fb19f3ea49d97729d0da0d33b4c277b6ddb7fe313bcac3b7d212ba,,01/05/2025 05:15:00 PM,25,TRAFFIC SIGNAL,FUNCTIONING PROPERLY,CLEAR,DUSK,SIDESWIPE SAME DIRECTION,NOT DIVIDED,,STRAIGHT AND LEVEL,DRY,NO DEFECTS,NOT ON SCENE (DESK REPORT),NO INJURY / DRIVE AWAY,,Y,,"OVER $1,500",01/05/2025 06:00:00 PM,IMPROPER LANE USAGE,IMPROPER LANE USAGE,5100,S,LAKE PARK AVE,234.0,,,,,,,2,NO INDICATION OF INJURY,0.0,0.0,0.0,0.0,0.0,2.0,0.0,17,1,1,41.80237973,-87.587979407,POINT (-87.587979406628 41.802379729614),2025-01-05 17:15:00
cb109cbf01017799595bf262b193e534afa31ad6c0d729a89b380bb03a0a4b4198644e205334bbef437d1e1a20b40f44b7590c6586c00f053cf65758f6c9332a,,01/05/2025 05:15:00 PM,30,TRAFFIC SIGNAL,FUNCTIONING PROPERLY,CLEAR,"DARKNESS, LIGHTED ROAD",REAR END,DIVIDED - W/MEDIAN (NOT RAISED),,STRAIGHT AND LEVEL,DRY,NO DEFECTS,NOT ON SCENE (DESK REPORT),NO INJURY / DRIVE AWAY,N,,Y,"$501 - $1,500",01/05/2025 05:35:00 PM,FOLLOWING TOO CLOSELY,NOT APPLICABLE,5450,W,MONTROSE AVE,1623.0,,,,,,,2,NO INDICATION OF INJURY,0.0,0.0,0.0,0.0,0.0,2.0,0.0,17,1,1,41.960626909,-87.764351687,POINT (-87.76435168715 41.960626909203),2025-01-05 17:15:00
81d8a9f7a79f83410b183587ce4843739686589211c27a3a26972722f9fbac1b94204450ed68bf984bcb2491527fee94fdc8ad3612d2202ba5818b4caab4ab50,,01/05/2025 05:05:00 PM,20,UNKNOWN,NO CONTROLS,CLEAR,DAWN,REAR TO SIDE,PARKING LOT,,STRAIGHT AND LEVEL,DRY,NO DEFECTS,ON SCENE,INJURY AND / OR TOW DUE TO CRASH,,,,"OVER $1,500",01/05/2025 05:05:00 PM,IMPROPER BACKING,NOT APPLICABLE,3520,W,LAWRENCE AVE,1712.0,,,,,,,3,NO INDICATION OF INJURY,0.0,0.0,0.0,0.0,0.0,5.0,0.0,17,1,1,41.968476103,-87.716789678,POINT (-87.716789678035 41.968476103317),2025-01-05 17:05:00
6334e434577c3d0784f66ae4a2a6773de86e0d4c50c0b89f252b2c5704b9d46a33c9dc21db79f6c16d3b03ff536ec98ff3de7cdf46548e6192915f98a8113aee,,01/05/2025 04:55:00 PM,30,UNKNOWN,UNKNOWN,CLEAR,"DARKNESS, LIGHTED ROAD",PARKED MOTOR VEHICLE,UNKNOWN,,STRAIGHT AND LEVEL,DRY,UNKNOWN,NOT ON SCENE (DESK REPORT),NO INJURY / DRIVE AWAY,,,,$500 OR LESS,01/05/2025 06:50:00 PM,UNABLE TO DETERMINE,UNABLE TO DETERMINE,1676,W,OGDEN AVE,1224.0,,,,,,,2,NO INDICATION OF INJURY,0.0,0.0,0.0,0.0,0.0,2.0,0.0,16,1,1,41.879204555,-87.668994911,POINT (-87.668994911406 41.879204554691),2025-01-05 16:55:00
632352e408063b1e8bbc3b634a808a1f56b75cbd462097082ab267116d9d1a67205e6e0700b0815768f05195e323f402feb4b162123682a8c48a402da1233d75,,01/05/2025 04:40:00 PM,30,STOP SIGN/FLASHER,FUNCTIONING PROPERLY,CLEAR,DUSK,ANGLE,NOT DIVIDED,,STRAIGHT AND LEVEL,DRY,NO DEFECTS,NOT ON SCENE (DESK REPORT),NO INJURY / DRIVE AWAY,Y,,,"OVER $1,500",01/06/2025 05:00:00 PM,UNABLE TO DETERMINE,NOT APPLICABLE,4400,N,SPAULDING AVE,1724.0,,,,,,,2,NO INDICATION OF INJURY,0.0,0.0,0.0,0.0,0.0,2.0,0.0,16,1,1,41.961250436,-87.71083704,POINT (-87.710837039779 41.961250436454),2025-01-05 16:40:00
c22d80d11e44e2d525668fe7573453a44546c4213dc2a8e8b8ef740ea47577d8dd3cefa8ffade4eceb0891b7c389c9128ba8765464f7a01a600f8b87b1c43f58,,01/05/2025 04:40:00 PM,30,NO CONTROLS,NO CONTROLS,CLEAR,UNKNOWN,SIDESWIPE SAME DIRECTION,NOT DIVIDED,,STRAIGHT AND LEVEL,DRY,NO DEFECTS,NOT ON SCENE (DESK REPORT),NO INJURY / DRIVE AWAY,,,,"OVER $1,500",01/12/2025 01:35:00 PM,IMPROPER LANE USAGE,NOT APPLICABLE,3340,W,ADDISON ST,1733.0,,,,,,,2,NO INDICATION OF INJURY,0.0,0.0,0.0,0.0,0.0,2.0,0.0,16,1,1,41.946688178,-87.711950354,POINT (-87.71195035447 41.94668817835),2025-01-05 16:40:00
7513e4e2d9c75c72bcb0cdb6d5c8b90f8873e851e3cf9536c1cee73cba3db013bd4f6c1f88cf9ad3d4d6cc0975163a278916d6b6bbf64ace475bfdbe5c2f4a6b,,01/05/2025 04:37:00 PM,30,TRAFFIC SIGNAL,FUNCTIONING PROPERLY,CLEAR,DAYLIGHT,TURNING,NOT DIVIDED,,STRAIGHT AND LEVEL,DRY,NO DEFECTS,NOT ON SCENE (DESK REPORT),NO INJURY / DRIVE AWAY,Y,,,"OVER $1,500",01/05/2025 05:30:00 PM,NOT APPLICABLE,NOT APPLICABLE,300,S,CENTRAL AVE,1513.0,,,,,,,2,NO INDICATION OF INJURY,0.0,0.0,0.0,0.0,0.0,2.0,0.0,16,1,1,41.876490114,-87.764870101,POINT (-87.764870101157 41.876490113701),2025-01-05 16:37:00
142a5499122846f9024065c0360aa9c8fbd4216b28fd42c4e9758312efa8c963bac876abe1082689b5cbe785a451101d10e31276631d2f6ee307f5ca0d561b73,,01/05/2025 04:25:00 PM,30,TRAFFIC SIGNAL,FUNCTIONING PROPERLY,CLEAR,DAYLIGHT,TURNING,FOUR WAY,,STRAIGHT AND LEVEL,UNKNOWN,UNKNOWN,NOT ON SCENE (DESK REPORT),NO INJURY / DRIVE AWAY,Y,,,"OVER $1,500",01/05/2025 05:17:00 PM,UNABLE TO DETERMINE,NOT APPLICABLE,3106,W,PETERSON AVE,2413.0,,,,,,,2,NO INDICATION OF INJURY,0.0,0.0,0.0,0.0,0.0,2.0,0.0,16,1,1,41.990505936,-87.707104849,POINT (-87.707104848675 41.990505936199),2025-01-05 16:25:00
ea9e117437a845e19853545b959dfcba6958e4f0b4e5b77351e483161e2798585dca979360dc57231354f97addc1ce21f7c6aff992f908c4c123b6690c2566c9,,01/05/2025 04:09:00 PM,30,TRAFFIC SIGNAL,FUNCTIONING PROPERLY,CLEAR,DUSK,SIDESWIPE SAME DIRECTION,NOT DIVIDED,,STRAIGHT AND LEVEL,DRY,NO DEFECTS,ON SCENE,NO INJURY / DRIVE AWAY,,,Y,"$501 - $1,500",01/05/2025 04:16:00 PM,IMPROPER OVERTAKING/PASSING,UNABLE TO DETERMINE,2559,N,WESTERN AVE,1432.0,,,,,,,2,NO INDICATION OF INJURY,0.0,0.0,0.0,0.0,0.0,2.0,0.0,16,1,1,41.928621826,-87.687626377,POINT (-87.68762637655 41.928621826255),2025-01-05 16:09:00
d56c2d7da6a452104943e60720e9995ccd8b13b5df47a079ee9078c3c5c54b41c72eef3f1d1c81ce5c30001b9b2b518af2a0044ae48e031da6384784ccbf8e71,,01/05/2025 04:00:00 PM,30,STOP SIGN/FLASHER,UNKNOWN,UNKNOWN,UNKNOWN,TURNING,FOUR WAY,,STRAIGHT AND LEVEL,UNKNOWN,UNKNOWN,NOT ON SCENE (DESK REPORT),NO INJURY / DRIVE AWAY,Y,,,"$501 - $1,500",01/05/2025 05:00:00 PM,UNABLE TO DETERMINE,NOT APPLICABLE,7443,N,PAULINA ST,2422.0,,,,,,,2,NO INDICATION OF INJURY,0.0,0.0,0.0,0.0,0.0,2.0,0.0,16,1,1,42.017241342,-87.672381756,POINT (-87.672381756213 42.017241342293),2025-01-05 16:00:00
175a4a95aedc93b762bf8370bdae8ffe248e6017b02fcc99b3d4bab696bfbc04ba78bb91be4044ac7a58ee22ed6304683d919e37407d133007bc83970bf54989,,01/05/2025 03:58:00 PM,30,NO CONTROLS,NO CONTROLS,CLOUDY/OVERCAST,DUSK,FIXED OBJECT,NOT DIVIDED,,STRAIGHT AND LEVEL,DRY,UNKNOWN,ON SCENE,INJURY AND / OR TOW DUE TO CRASH,,,,"OVER $1,500",01/05/2025 04:31:00 PM,IMPROPER TURNING/NO SIGNAL,NOT APPLICABLE,2300,S,LAFLIN ST,1235.0,,,,,,,1,NO INDICATION OF INJURY,0.0,0.0,0.0,0.0,0.0,3.0,0.0,15,1,1,41.850347741,-87.663699765,POINT (-87.663699764874 41.85034774111),2025-01-05 15:58:00