CRASH_RECORD_ID,CRASH_DATE_EST_I,CRASH_DATE,POSTED_SPEED_LIMIT,TRAFFIC_CONTROL_DEVICE,DEVICE_CONDITION,WEATHER_CONDITION,LIGHTING_CONDITION,FIRST_CRASH_TYPE,TRAFFICWAY_TYPE,LANE_CNT,ALIGNMENT,ROADWAY_SURFACE_COND,ROAD_DEFECT,REPORT_TYPE,CRASH_TYPE,INTERSECTION_RELATED_I,NOT_RIGHT_OF_WAY_I,HIT_AND_RUN_I,DAMAGE,DATE_POLICE_NOTIFIED,PRIM_CONTRIBUTORY_CAUSE,SEC_CONTRIBUTORY_CAUSE,STREET_NO,STREET_DIRECTION,STREET_NAME,BEAT_OF_OCCURRENCE,PHOTOS_TAKEN_I,STATEMENTS_TAKEN_I,DOORING_I,WORK_ZONE_I,WORK_ZONE_TYPE,WORKERS_PRESENT_I,NUM_UNITS,MOST_SEVERE_INJURY,INJURIES_TOTAL,INJURIES_FATAL,INJURIES_INCAPACITATING,INJURIES_NON_INCAPACITATING,INJURIES_REPORTED_NOT_EVIDENT,INJURIES_NO_INDICATION,INJURIES_UNKNOWN,CRASH_HOUR,CRASH_DAY_OF_WEEK,CRASH_MONTH,LATITUDE,LONGITUDE,LOCATION,timestamp
5a3c81a27447e0af452d170ba1b3536bd7d26f0f03ca85be86c7a361cd6ddd6a1ef1ccfe7ef5ddfe0bbda8f10172af71511985db2eddfbd386170f1009c43e2c,,01/05/2025 03:45:00 PM,30,NO CONTROLS,NO CONTROLS,UNKNOWN,DAYLIGHT,REAR END,DIVIDED - W/MEDIAN (NOT RAISED),,STRAIGHT AND LEVEL,UNKNOWN,UNKNOWN,NOT ON SCENE (DESK REPORT),NO INJURY / DRIVE AWAY,,,,"OVER $1,500",01/11/2025 02:05:00 PM,UNABLE TO DETERMINE,NOT APPLICABLE,6354,W,NORTH AVE,2513.0,,,,,,,2,NO INDICATION OF INJURY,0.0,0.0,0.0,0.0,0.0,2.0,0.0,15,1,1,41.909258433,-87.784921995,POINT (-87.784921994803 41.909258432645),2025-01-05 15:45:00
b5197199ef61290ded901bfbb9e947879fb33f263ad64e0c9f715e5e6a4aa74355d2e5918ad16525213dcd4085c3b3559ca52196ae0759d3cc29d7b2e26e38a9,,01/05/2025 03:45:00 PM,30,NO CONTROLS,NO CONTROLS,CLEAR,DAYLIGHT,REAR END,NOT DIVIDED,,STRAIGHT AND LEVEL,DRY,NO DEFECTS,NOT ON SCENE (DESK REPORT),NO INJURY / DRIVE AWAY,,,Y,"OVER $1,500",01/05/2025 06:00:00 PM,NOT APPLICABLE,NOT APPLICABLE,17,S,AUSTIN BLVD,1513.0,,,,,,,2,NO INDICATION OF INJURY,0.0,0.0,0.0,0.0,0.0,2.0,0.0,15,1,1,41.87952374,-87.774490507,POINT (-87.774490506918 41.879523739759),2025-01-05 15:45:00
cb5782e42f8d4c665d120eccbc5c68a5f6a32524a318ab9ed3dbf5dd615290cabc8e70753eb0ea56672db6cfc632225e9b052c5dab1b6e73ce2d17b97824dea4,,01/05/2025 03:31:00 PM,10,NO CONTROLS,NO CONTROLS,CLOUDY/OVERCAST,DAYLIGHT,ANGLE,PARKING LOT,,STRAIGHT AND LEVEL,DRY,NO DEFECTS,NOT ON SCENE (DESK REPORT),NO INJURY / DRIVE AWAY,,,,"OVER $1,500",01/05/2025 03:51:00 PM,IMPROPER BACKING,NOT APPLICABLE,8401,S,WESTERN AVE,614.0,,,,,,,2,NO INDICATION OF INJURY,0.0,0.0,0.0,0.0,0.0,2.0,0.0,15,1,1,41.740988566,-87.682492762,POINT (-87.6824927624 41.740988566299),2025-01-05 15:31:00
9f82e94079a62e6ea50dacb795de9158af0d6c64aef0ef4b804b553be360a3a0d4c87db35528ac6cb0f949bc5b427f0e55cde7ef396e60f772c6af6d4900259f,,01/05/2025 03:30:00 PM,30,NO CONTROLS,NO CONTROLS,CLOUDY/OVERCAST,DAYLIGHT,PARKED MOTOR VEHICLE,NOT DIVIDED,,STRAIGHT AND LEVEL,DRY,NO DEFECTS,NOT ON SCENE (DESK REPORT),NO INJURY / DRIVE AWAY,,,Y,"OVER $1,500",01/05/2025 04:00:00 PM,UNABLE TO DETERMINE,NOT APPLICABLE,3201,N,KILBOURN AVE,1731.0,,,,,,,2,NO INDICATION OF INJURY,0.0,0.0,0.0,0.0,0.0,1.0,0.0,15,1,1,41.939022225,-87.739353992,POINT (-87.73935399224 41.939022224805),2025-01-05 15:30:00
27736b8336e0a7c94d26e957b6a8c5a7970ff70378873e6cb4d78c201b9c1f7fb4045e7df4fcda842aebc9609ab38f8ad9567bb22ed0d911f3b038090aca54f9,,01/05/2025 03:25:00 PM,30,NO CONTROLS,NO CONTROLS,CLEAR,DAYLIGHT,TURNING,ALLEY,,STRAIGHT AND LEVEL,DRY,NO DEFECTS,ON SCENE,NO INJURY / DRIVE AWAY,,,Y,$500 OR LESS,01/05/2025 03:25:00 PM,FAILING TO REDUCE SPEED TO AVOID CRASH,UNABLE TO DETERMINE,6412,N,DAMEN AVE,2412.0,N,N,,,,,2,NO INDICATION OF INJURY,0.0,0.0,0.0,0.0,0.0,3.0,0.0,15,1,1,41.998320203,-87.680298265,POINT (-87.680298264688 41.998320202767),2025-01-05 15:25:00
e2461dc2f43f024b7743d4bb13ea9e93f0f35d86aa646903f9b0bd5d1637462d2d31404f2175212238a44239c64acc033c23880dd35da3b3c0cf7ecf6cd4d856,,01/05/2025 03:25:00 PM,30,NO CONTROLS,NO CONTROLS,CLEAR,DAYLIGHT,TURNING,ALLEY,,STRAIGHT AND LEVEL,DRY,NO DEFECTS,ON SCENE,NO INJURY / DRIVE AWAY,,,Y,$500 OR LESS,01/05/2025 03:25:00 PM,FAILING TO REDUCE SPEED TO AVOID CRASH,UNABLE TO DETERMINE,6412,N,DAMEN AVE,2412.0,,,,,,,2,NO INDICATION OF INJURY,0.0,0.0,0.0,0.0,0.0,3.0,0.0,15,1,1,41.998320203,-87.680298265,POINT (-87.680298264688 41.998320202767),2025-01-05 15:25:00
34d6af8a4133ed9896539e12260a3c90b2280e05a568eb75655b679176cf0ac844388ee108b41d7331dc4abbc3fdc8708525a5c1fcf6dea884da9ee212e07b1e,,01/05/2025 03:20:00 PM,20,TRAFFIC SIGNAL,FUNCTIONING PROPERLY,CLEAR,DUSK,TURNING,DIVIDED - W/MEDIAN (NOT RAISED),,STRAIGHT AND LEVEL,DRY,NO DEFECTS,NOT ON SCENE (DESK REPORT),NO INJURY / DRIVE AWAY,,,Y,$500 OR LESS,01/05/2025 03:58:00 PM,FOLLOWING TOO CLOSELY,NOT APPLICABLE,5220,N,HARLEM AVE,1613.0,,,,,,,2,NO INDICATION OF INJURY,0.0,0.0,0.0,0.0,0.0,3.0,0.0,15,1,1,41.975202108,-87.807211287,POINT (-87.8072112874 41.975202108224),2025-01-05 15:20:00
f8708c486e0bd613e5953aa462927de5433f93a9f3c43d58e8d9997a53ed92812cb4a4c13f23fe97a891c523293dd9cd9779a805961b9ad6010580ba26d735de,,01/05/2025 03:15:00 PM,15,NO CONTROLS,NO CONTROLS,CLEAR,DAYLIGHT,REAR TO FRONT,PARKING LOT,,STRAIGHT AND LEVEL,DRY,NO DEFECTS,NOT ON SCENE (DESK REPORT),NO INJURY / DRIVE AWAY,,,,"OVER $1,500",01/05/2025 03:30:00 PM,UNABLE TO DETERMINE,UNABLE TO DETERMINE,745,W,31ST ST,915.0,,,,,,,2,NO INDICATION OF INJURY,0.0,0.0,0.0,0.0,0.0,2.0,0.0,15,1,1,41.83794347,-87.645627581,POINT (-87.645627580783 41.837943469585),2025-01-05 15:15:00
02ccc1168edc837c29a7294f1483aae49c30978fc68702559213bdf9208a257c0c0b22011717698930cb1d7a444cb6a8040795fb70ae68fe7dd1b6da23ef515b,,01/05/2025 03:11:00 PM,30,NO CONTROLS,NO CONTROLS,CLOUDY/OVERCAST,DAYLIGHT,SIDESWIPE SAME DIRECTION,NOT DIVIDED,,STRAIGHT AND LEVEL,DRY,NO DEFECTS,ON SCENE,INJURY AND / OR TOW DUE TO CRASH,,,,"OVER $1,500",01/05/2025 03:24:00 PM,IMPROPER OVERTAKING/PASSING,UNABLE TO DETERMINE,4808,W,ARMITAGE AVE,2522.0,,,,,,,2,NO INDICATION OF INJURY,0.0,0.0,0.0,0.0,0.0,8.0,0.0,15,1,1,41.91703929,-87.746530048,POINT (-87.746530048134 41.917039290179),2025-01-05 15:11:00
12fd9bc7caba6771962451117852a2fc473a0e43db1d4f2d905f8a75b9752791e5efeeb028379530b41d8f024bb317c518d55f5c49a261654b1945d61d99270e,,01/05/2025 02:50:00 PM,30,UNKNOWN,UNKNOWN,UNKNOWN,UNKNOWN,SIDESWIPE SAME DIRECTION,UNKNOWN,,STRAIGHT AND LEVEL,UNKNOWN,UNKNOWN,NOT ON SCENE (DESK REPORT),NO INJURY / DRIVE AWAY,,,Y,$500 OR LESS,01/05/2025 04:44:00 PM,UNABLE TO DETERMINE,UNABLE TO DETERMINE,5265,N,SHERIDAN RD,2023.0,,,,,,,2,NO INDICATION OF INJURY,0.0,0.0,0.0,0.0,0.0,2.0,0.0,14,1,1,41.978252358,-87.654884516,POINT (-87.654884515645 41.978252358015),2025-01-05 14:50:00
d2452b09235df8c223793455ee64c7b94837a12b49297e7dad0c79775a0b571fa68e79981fc6b60fe9ce63c2e15ade471ecc0dd2a695dd0861ab962f50a264b0,,01/05/2025 02:50:00 PM,30,TRAFFIC SIGNAL,FUNCTIONING PROPERLY,CLOUDY/OVERCAST,DAYLIGHT,REAR END,NOT DIVIDED,,STRAIGHT AND LEVEL,DRY,NO DEFECTS,NOT ON SCENE (DESK REPORT),NO INJURY / DRIVE AWAY,,,,"OVER $1,500",01/06/2025 04:25:00 PM,FOLLOWING TOO CLOSELY,NOT APPLICABLE,6022,N,RAVENSWOOD AVE,2413.0,,,,,,,2,NO INDICATION OF INJURY,0.0,0.0,0.0,0.0,0.0,3.0,0.0,14,1,1,41.991440918,-87.675425976,POINT (-87.675425975855 41.991440918068),2025-01-05 14:50:00
84cfd46c6592bea555313d4c9ed3a03a6c3cc6095c00cefbb5d13926d53535f9cbcd0593b5d5888af992698722c530763e3fce35b7675325afc49470e26e817d,,01/05/2025 02:36:00 PM,30,TRAFFIC SIGNAL,FUNCTIONING PROPERLY,CLEAR,DAYLIGHT,SIDESWIPE SAME DIRECTION,ONE-WAY,,STRAIGHT AND LEVEL,DRY,NO DEFECTS,ON SCENE,INJURY AND / OR TOW DUE TO CRASH,,,Y,"OVER $1,500",01/05/2025 02:49:00 PM,FOLLOWING TOO CLOSELY,IMPROPER OVERTAKING/PASSING,223,W,OHIO ST,1831.0,,,,,,,2,NO INDICATION OF INJURY,0.0,0.0,0.0,0.0,0.0,2.0,0.0,14,1,1,41.892266139,-87.635093188,POINT (-87.635093188138 41.892266139497),2025-01-05 14:36:00
4212c4cbce120b19c9a050af34b9edd15a732f5ce903ec0d96e297ec2c5eb8ac3b952c7133dd7789ba8bee23d72c164527f7233cbfd52fa1b8862bc2bc392919,,01/05/2025 02:32:00 PM,20,STOP SIGN/FLASHER,FUNCTIONING PROPERLY,CLEAR,DAYLIGHT,REAR END,NOT DIVIDED,,STRAIGHT AND LEVEL,DRY,UNKNOWN,NOT ON SCENE (DESK REPORT),NO INJURY / DRIVE AWAY,,,Y,$500 OR LESS,01/05/2025 04:00:00 PM,FAILING TO REDUCE SPEED TO AVOID CRASH,FAILING TO REDUCE SPEED TO AVOID CRASH,5398,W,LE MOYNE ST,2532.0,,,,,,,2,NO INDICATION OF INJURY,0.0,0.0,0.0,0.0,0.0,2.0,0.0,14,1,1,41.907735588,-87.760815605,POINT (-87.760815605221 41.907735588058),2025-01-05 14:32:00
7fb76e24cb56bfd6a9a164c32a78e41504e2529a98f3c531eceae03ae17ec9e4e8863290e9a18b43e96d4827dfcaeb0a0588e66066f6bc085655bd16a70421b0,,01/05/2025 02:30:00 PM,30,NO CONTROLS,NO CONTROLS,CLEAR,DAYLIGHT,SIDESWIPE SAME DIRECTION,DIVIDED - W/MEDIAN (NOT RAISED),,STRAIGHT AND LEVEL,DRY,NO DEFECTS,NOT ON SCENE (DESK REPORT),NO INJURY / DRIVE AWAY,,,Y,"$501 - $1,500",01/05/2025 04:20:00 PM,IMPROPER OVERTAKING/PASSING,FOLLOWING TOO CLOSELY,1614,N,HUMBOLDT BLVD,1421.0,,,,,,,2,NO INDICATION OF INJURY,0.0,0.0,0.0,0.0,0.0,4.0,0.0,14,1,1,41.910633803,-87.70202722,POINT (-87.702027219945 41.910633803293),2025-01-05 14:30:00
2f2b6639ad2e22338e7db3f00a541d05ef3d39b5fefb4a69a2650e41562b7d4084e4b38efd9d821ffc52042aabcc42af5f6ac7f10e6d2cb0c0b48b447d3e090a,,01/05/2025 02:25:00 PM,30,NO CONTROLS,NO CONTROLS,CLEAR,DAYLIGHT,REAR END,DIVIDED - W/MEDIAN (NOT RAISED),,STRAIGHT AND LEVEL,DRY,NO DEFECTS,NOT ON SCENE (DESK REPORT),NO INJURY / DRIVE AWAY,,,,"OVER $1,500",01/05/2025 02:50:00 PM,FOLLOWING TOO CLOSELY,UNABLE TO DETERMINE,5049,W,GRAND AVE,2533.0,,,,,,,2,NO INDICATION OF INJURY,0.0,0.0,0.0,0.0,0.0,2.0,0.0,14,1,1,41.916495123,-87.752828031,POINT (-87.752828031277 41.916495123487),2025-01-05 14:25:00
e910caf4bfd275bb7ea94814838cc88be1df820afbbb8fba2ff15d57ae0cdb7e76c11b7363450b6a971d106f05246eebafae54f66e0b6f1ccfad5d3cd8514f35,,01/05/2025 02:25:00 PM,30,TRAFFIC SIGNAL,FUNCTIONING PROPERLY,CLEAR,DAYLIGHT,REAR END,FOUR WAY,,STRAIGHT AND LEVEL,DRY,NO DEFECTS,,NO INJURY / DRIVE AWAY,,,N,"OVER $1,500",01/05/2025 02:25:00 PM,UNABLE TO DETERMINE,NOT APPLICABLE,400,E,79TH ST,624.0,Y,,,,,,2,NO INDICATION OF INJURY,0.0,0.0,0.0,0.0,0.0,4.0,0.0,14,1,1,41.751224094,-87.614896961,POINT (-87.614896961253 41.751224094299),2025-01-05 14:25:00
6064cacf514739277c5a6223ba55e3c42d42c45d89447a771dc438d3dd4ee9e5170a57ae2831db2eba51fc2d534e95121ea388b0f73f9e24b2758cf3b0fba320,,01/05/2025 02:21:00 PM,30,NO CONTROLS,NO CONTROLS,CLEAR,DAYLIGHT,TURNING,DIVIDED - W/MEDIAN (NOT RAISED),,STRAIGHT AND LEVEL,DRY,UNKNOWN,NOT ON SCENE (DESK REPORT),NO INJURY / DRIVE AWAY,,,,"OVER $1,500",01/05/2025 03:00:00 PM,IMPROPER TURNING/NO SIGNAL,IMPROPER TURNING/NO SIGNAL,5544,W,FULLERTON AVE,2515.0,,,,,,,2,NO INDICATION OF INJURY,0.0,0.0,0.0,0.0,0.0,2.0,0.0,14,1,1,41.924099202,-87.765379204,POINT (-87.765379203981 41.924099202441),2025-01-05 14:21:00
65a99261b5a061aa90972a72a03742596e723a2b439b3e7abf64ef842ee79de9452ba189fb5e737ac9a8a7a4f82500151f2613db5503b84b5b3fb92e7ea7314f,Y,01/05/2025 02:20:00 PM,30,NO CONTROLS,NO CONTROLS,CLEAR,DAYLIGHT,PARKED MOTOR VEHICLE,ONE-WAY,,STRAIGHT AND LEVEL,DRY,NO DEFECTS,NOT ON SCENE (DESK REPORT),NO INJURY / DRIVE AWAY,,,Y,"OVER $1,500",01/05/2025 06:00:00 PM,UNABLE TO DETERMINE,NOT APPLICABLE,8241,S,WOODLAWN AVE,411.0,,,,,,,2,NO INDICATION OF INJURY,0.0,0.0,0.0,0.0,0.0,1.0,0.0,14,1,1,41.744656109,-87.595182225,POINT (-87.595182224887 41.744656108631),2025-01-05 14:20:00
54e6a439f6560aa95178661d6daee5099f0c41b57ed665c83a1e5f052ca85e3610939c7f7dc81a4126c62437d0b91c83394737f66aebcd61d852c6a10b9e7b26,,01/05/2025 02:00:00 PM,30,UNKNOWN,UNKNOWN,UNKNOWN,DAYLIGHT,OTHER OBJECT,DIVIDED - W/MEDIAN BARRIER,,STRAIGHT AND LEVEL,UNKNOWN,UNKNOWN,NOT ON SCENE (DESK REPORT),NO INJURY / DRIVE AWAY,,,,"OVER $1,500",01/09/2025 03:00:00 PM,UNABLE TO DETERMINE,UNABLE TO DETERMINE,999,N,MICHIGAN AVE,1833.0,,,,,,,1,NO INDICATION OF INJURY,0.0,0.0,0.0,0.0,0.0,1.0,0.0,14,1,1,41.900758851,-87.623984255,POINT (-87.623984254519 41.900758851116),2025-01-05 14:00:00
a37d270465388b4f626fb186fbfc99fa2b6dcf63612937d91b57ebd4f5d35b1f783b4262140a9d2af710e7e3bad4c103babe4e57348d88af3c2d60ebe7c36074,,01/05/2025 02:00:00 PM,25,NO CONTROLS,NO CONTROLS,CLOUDY/OVERCAST,DAYLIGHT,PARKED MOTOR VEHICLE,NOT DIVIDED,,STRAIGHT AND LEVEL,DRY,UNKNOWN,NOT ON SCENE (DESK REPORT),NO INJURY / DRIVE AWAY,,Y,Y,$500 OR LESS,01/06/2025 03:30:00 PM,UNABLE TO DETERMINE,UNABLE TO DETERMINE,752,E,114TH ST,531.0,,,,,,,2,NO INDICATION OF INJURY,0.0,0.0,0.0,0.0,0.0,1.0,0.0,14,1,1,41.687573842,-87.603379355,POINT (-87.603379355427 41.687573842443),2025-01-05 14:00:00
70fcddd372ebb09dd2ce659139481f9149c4c68531b2dfbf076af4d1f160d8f1fdfba968f5e5b6086091a1c6611cb098e34738f444f41bf5f5babed8cc396b68,,01/05/2025 01:56:00 PM,30,TRAFFIC SIGNAL,FUNCTIONING PROPERLY,CLEAR,DAYLIGHT,ANGLE,FOUR WAY,,STRAIGHT AND LEVEL,DRY,NO DEFECTS,,INJURY AND / OR TOW DUE TO CRASH,Y,,,"OVER $1,500",01/05/2025 02:00:00 PM,DISREGARDING TRAFFIC SIGNALS,NOT APPLICABLE,1,E,18TH ST,131.0,,,,,,,2,NONINCAPACITATING INJURY,1.0,0.0,0.0,1.0,0.0,4.0,0.0,13,1,1,41.857701805,-87.627152094,POINT (-87.627152094212 41.857701804976),2025-01-05 13:56:00
0c0a6fa824efc8b8b742a14f937b5684ddf65565a2697e7569ba1600c1a754a587342ebf9efe4619280d030ac5193c0a093072283223cdb189e7528bcbdecf49,,01/05/2025 01:55:00 PM,30,NO CONTROLS,NO CONTROLS,CLEAR,DAYLIGHT,PARKED MOTOR VEHICLE,NOT DIVIDED,,STRAIGHT AND LEVEL,DRY,NO DEFECTS,NOT ON SCENE (DESK REPORT),NO INJURY / DRIVE AWAY,,,Y,"OVER $1,500",01/05/2025 03:30:00 PM,UNABLE TO DETERMINE,NOT APPLICABLE,1321,E,HYDE PARK BLVD,234.0,,,,,,,2,NO INDICATION OF INJURY,0.0,0.0,0.0,0.0,0.0,1.0,0.0,13,1,1,41.802286722,-87.594202894,POINT (-87.594202893913 41.802286722143),2025-01-05 13:55:00
3dd7533d5be45040f1c1cd67d6c5dcc34a9c2312e01e3b80bd614aca0699c7baa19d07af132f6d543b88b8298a5f29de28fb3cc4475f44379d4960ebe6595023,,01/05/2025 01:53:00 PM,30,NO CONTROLS,NO CONTROLS,UNKNOWN,UNKNOWN,PARKED MOTOR VEHICLE,NOT DIVIDED,,STRAIGHT AND LEVEL,UNKNOWN,UNKNOWN,NOT ON SCENE (DESK REPORT),NO INJURY / DRIVE AWAY,,,,"$501 - $1,500",01/06/2025 05:00:00 PM,UNABLE TO DETERMINE,NOT APPLICABLE,7449,N,SEELEY AVE,2424.0,,,,,,,2,NO INDICATION OF INJURY,0.0,0.0,0.0,0.0,0.0,1.0,0.0,13,1,1,42.017289049,-87.681500762,POINT (-87.681500761619 42.01728904898),2025-01-05 13:53:00
f7a434cfde91499f5c7ec39e3cccd42e88eb4723268d43040ad4e04bff1a86601e53062409b9d82aeff86a86ea7b5a40ac07c52b7081bc48525d46d13c69ed18,,01/05/2025 01:51:00 PM,30,NO CONTROLS,NO CONTROLS,CLEAR,DAYLIGHT,SIDESWIPE SAME DIRECTION,DIVIDED - W/MEDIAN (NOT RAISED),,STRAIGHT AND LEVEL,DRY,NO DEFECTS,ON SCENE,NO INJURY / DRIVE AWAY,,,,"OVER $1,500",01/05/2025 01:51:00 PM,FAILING TO YIELD RIGHT-OF-WAY,NOT APPLICABLE,2446,W,DEVON AVE,2412.0,,,,,,,2,NO INDICATION OF INJURY,0.0,0.0,0.0,0.0,0.0,2.0,0.0,13,1,1,41.997810042,-87.691759277,POINT (-87.691759277311 41.997810041873),2025-01-05 13:51:00
180608739d77440be8b1ef3ab8ca1c640eae7c8c6ea26cf07869e73d2e18e77337e27c00069c212f66707736a2d1008d7d440498e7abad2b4b21aac82d9fe59c,,01/05/2025 01:40:00 PM,30,NO CONTROLS,FUNCTIONING PROPERLY,CLEAR,DAYLIGHT,ANGLE,FOUR WAY,,STRAIGHT AND LEVEL,DRY,NO DEFECTS,ON SCENE,INJURY AND / OR TOW DUE TO CRASH,Y,,,"OVER $1,500",01/05/2025 01:48:00 PM,FAILING TO YIELD RIGHT-OF-WAY,UNABLE TO DETERMINE,1,N,LA SALLE ST,122.0,,N,,,,,2,NO INDICATION OF INJURY,0.0,0.0,0.0,0.0,0.0,4.0,0.0,13,1,1,41.881990074,-87.632212876,POINT (-87.632212875914 41.881990073783),2025-01-05 13:40:00
b43fa0aa301fea810ca260ec27429715233843e96e4b342b91a5ee492566774277dbcc23702b150fb90859ca6e85a33af7b5d9d277e90366213a3a61367310d3,,01/05/2025 01:30:00 PM,35,NO CONTROLS,NO CONTROLS,CLEAR,DAYLIGHT,PARKED MOTOR VEHICLE,ONE-WAY,,STRAIGHT AND LEVEL,DRY,NO DEFECTS,NOT ON SCENE (DESK REPORT),NO INJURY / DRIVE AWAY,,,,"OVER $1,500",01/05/2025 02:30:00 PM,UNABLE TO DETERMINE,NOT APPLICABLE,7440,S,EXCHANGE AVE,334.0,,,,,,,2,NO INDICATION OF INJURY,0.0,0.0,0.0,0.0,0.0,3.0,0.0,13,1,1,41.759786057,-87.561112051,POINT (-87.561112051446 41.759786057006),2025-01-05 13:30:00
edd81c09bbdec21630c1141e4504153dfe22132d5378b68ad72ec5349a9f85ef3efaa63a8c14a6cfe5df2d0a2a8154acb6f99ba55596c221a230abc478f4dc1d,,01/05/2025 01:30:00 PM,25,STOP SIGN/FLASHER,FUNCTIONING PROPERLY,CLOUDY/OVERCAST,DAYLIGHT,SIDESWIPE SAME DIRECTION,ONE-WAY,,STRAIGHT AND LEVEL,DRY,NO DEFECTS,NOT ON SCENE (DESK REPORT),NO INJURY / DRIVE AWAY,,,,"OVER $1,500",01/05/2025 01:40:00 PM,UNABLE TO DETERMINE,UNABLE TO DETERMINE,2,N,LONG AVE,1522.0,,,,,,,2,NO INDICATION OF INJURY,0.0,0.0,0.0,0.0,0.0,2.0,0.0,13,1,1,41.880404892,-87.760269965,POINT (-87.760269964656 41.880404892205),2025-01-05 13:30:00
c5813ccd716a81bc368de46bfe801c2953cbd2e23843e54fb9f28f49ca0fff79d78c773761de52b5b8c5e5d2bfd946a23d40baa1bae1267e3a01b96d34db6e4c,,01/05/2025 01:20:00 PM,25,NO CONTROLS,NO CONTROLS,CLEAR,DAYLIGHT,SIDESWIPE SAME DIRECTION,NOT DIVIDED,,STRAIGHT AND LEVEL,DRY,NO DEFECTS,ON SCENE,INJURY AND / OR TOW DUE TO CRASH,,,,"$501 - $1,500",01/05/2025 01:24:00 PM,IMPROPER OVERTAKING/PASSING,IMPROPER OVERTAKING/PASSING,2230,S,WENTWORTH AVE,914.0,,Y,,,,,2,"REPORTED, NOT EVIDENT",1.0,0.0,0.0,0.0,1.0,4.0,0.0,13,1,1,41.852010428,-87.632141867,POINT (-87.632141867082 41.85201042802),2025-01-05 13:20:00
a824761855ccbda4c2335f9fa7aeca78c2d771ea3c3452d77dd8ddab44e6cd6145d343708302b7473298a761f3c92ef08404ac7423c9d667dfa6476a9d2d1650,,01/05/2025 01:13:00 PM,15,NO CONTROLS,NO CONTROLS,CLEAR,DAYLIGHT,ANGLE,PARKING LOT,,STRAIGHT AND LEVEL,DRY,NO DEFECTS,ON SCENE,NO INJURY / DRIVE AWAY,,,,"OVER $1,500",01/05/2025 01:14:00 PM,IMPROPER BACKING,NOT APPLICABLE,3517,N,SPAULDING AVE,1733.0,,,,,,,2,NO INDICATION OF INJURY,0.0,0.0,0.0,0.0,0.0,2.0,0.0,13,1,1,41.945347214,-87.709656198,POINT (-87.709656198289 41.945347213718),2025-01-05 13:13:00
29a2c88b403966b3e695532c72ff5df342d368a008c8e5f96ce118ae29f35157dab8224d42c05d1746a3828a06b16df960a09d23535f1dd7b81bb10db1b85b13,,01/05/2025 01:00:00 PM,30,NO CONTROLS,NO CONTROLS,CLEAR,DAYLIGHT,PARKED MOTOR VEHICLE,ONE-WAY,,STRAIGHT AND LEVEL,DRY,NO DEFECTS,ON SCENE,NO INJURY / DRIVE AWAY,,,Y,"$501 - $1,500",01/05/2025 02:51:00 PM,UNABLE TO DETERMINE,UNABLE TO DETERMINE,6355,S,MAPLEWOOD AVE,825.0,,,,,,,2,NO INDICATION OF INJURY,0.0,0.0,0.0,0.0,0.0,1.0,0.0,13,1,1,41.777536931,-87.687110015,POINT (-87.687110014856 41.777536931247),2025-01-05 13:00:00
415f463b0cc3c4fa8c9d4374657ea2d82ee044234585b39870fa266e374a69b05e1b0922d4f6b5b958182c1271e36acaca3f12f6cd757ebfa7128088ba012522,,01/05/2025 01:00:00 PM,35,NO CONTROLS,NO CONTROLS,CLEAR,DAYLIGHT,PEDESTRIAN,DIVIDED - W/MEDIAN (NOT RAISED),,STRAIGHT AND LEVEL,DRY,UNKNOWN,NOT ON SCENE (DESK REPORT),INJURY AND / OR TOW DUE TO CRASH,,,Y,"OVER $1,500",01/07/2025 07:30:00 PM,UNABLE TO DETERMINE,UNABLE TO DETERMINE,3815,W,ROOSEVELT RD,1011.0,,,,,,,2,NONINCAPACITATING INJURY,1.0,0.0,0.0,1.0,0.0,1.0,0.0,13,1,1,41.866122373,-87.720706386,POINT (-87.720706385783 41.866122373115),2025-01-05 13:00:00
ca1dbbb60ae884ac6bd0c325f7f0f1b08ee0b1f20f82c8f69ad999a2cd47d0caef7ae6186ca34c04c68f04168864f560d1c1f6dd65b5f7d3f3542f972e5867c0,,01/05/2025 01:00:00 PM,30,TRAFFIC SIGNAL,FUNCTIONING PROPERLY,CLEAR,DAYLIGHT,REAR END,T-INTERSECTION,,STRAIGHT AND LEVEL,DRY,NO DEFECTS,NOT ON SCENE (DESK REPORT),NO INJURY / DRIVE AWAY,Y,,Y,"$501 - $1,500",01/05/2025 01:10:00 PM,DRIVING SKILLS/KNOWLEDGE/EXPERIENCE,UNABLE TO DETERMINE,701,E,111TH ST,531.0,,,,,,,2,NO INDICATION OF INJURY,0.0,0.0,0.0,0.0,0.0,2.0,0.0,13,1,1,41.692706201,-87.605968741,POINT (-87.605968741054 41.692706200767),2025-01-05 13:00:00
d88cee66bac1014f0355bf9330c2e08e8648a0aa8d37ddb205f3daf5c0be5003f386f6e37d1f5a2084db4a8024f6c48f50286dda6ae9680737cb13a59026d833,,01/05/2025 12:45:00 PM,30,NO CONTROLS,NO CONTROLS,UNKNOWN,DAYLIGHT,ANGLE,DIVIDED - W/MEDIAN (NOT RAISED),,STRAIGHT AND LEVEL,UNKNOWN,NO DEFECTS,NOT ON SCENE (DESK REPORT),NO INJURY / DRIVE AWAY,,,,"OVER $1,500",01/06/2025 01:40:00 PM,FAILING TO YIELD RIGHT-OF-WAY,FAILING TO REDUCE SPEED TO AVOID CRASH,1953,N,CLYBOURN AVE,1811.0,,,,,,,2,NO INDICATION OF INJURY,0.0,0.0,0.0,0.0,0.0,2.0,0.0,12,1,1,41.916550298,-87.657165481,POINT (-87.657165480654 41.916550298294),2025-01-05 12:45:00