CRASH_RECORD_ID,CRASH_DATE_EST_I,CRASH_DATE,POSTED_SPEED_LIMIT,TRAFFIC_CONTROL_DEVICE,DEVICE_CONDITION,WEATHER_CONDITION,LIGHTING_CONDITION,FIRST_CRASH_TYPE,TRAFFICWAY_TYPE,LANE_CNT,ALIGNMENT,ROADWAY_SURFACE_COND,ROAD_DEFECT,REPORT_TYPE,CRASH_TYPE,INTERSECTION_RELATED_I,NOT_RIGHT_OF_WAY_I,HIT_AND_RUN_I,DAMAGE,DATE_POLICE_NOTIFIED,PRIM_CONTRIBUTORY_CAUSE,SEC_CONTRIBUTORY_CAUSE,STREET_NO,STREET_DIRECTION,STREET_NAME,BEAT_OF_OCCURRENCE,PHOTOS_TAKEN_I,STATEMENTS_TAKEN_I,DOORING_I,WORK_ZONE_I,WORK_ZONE_TYPE,WORKERS_PRESENT_I,NUM_UNITS,MOST_SEVERE_INJURY,INJURIES_TOTAL,INJURIES_FATAL,INJURIES_INCAPACITATING,INJURIES_NON_INCAPACITATING,INJURIES_REPORTED_NOT_EVIDENT,INJURIES_NO_INDICATION,INJURIES_UNKNOWN,CRASH_HOUR,CRASH_DAY_OF_WEEK,CRASH_MONTH,LATITUDE,LONGITUDE,LOCATION,timestamp
e3a913655e01ba84656efec05ea50a7ba90ec3c63434b9e10a98db3db565a7956b026b109d988e0ce942b6b82ce30d80a5d98c81556041b5e3d18969c7593601,,01/05/2025 12:45:00 PM,30,NO CONTROLS,NO CONTROLS,CLEAR,DAYLIGHT,PARKED MOTOR VEHICLE,ONE-WAY,,STRAIGHT AND LEVEL,DRY,NO DEFECTS,ON SCENE,NO INJURY / DRIVE AWAY,,,N,"$501 - $1,500",01/05/2025 12:45:00 PM,FAILING TO REDUCE SPEED TO AVOID CRASH,DRIVING SKILLS/KNOWLEDGE/EXPERIENCE,743,N,SPAULDING AVE,1121.0,,,,,,,2,NO INDICATION OF INJURY,0.0,0.0,0.0,0.0,0.0,2.0,0.0,12,1,1,41.894986981,-87.708834984,POINT (-87.708834984132 41.89498698069),2025-01-05 12:45:00
b338e23e9e1c6e834356a8155c9826d3a09c21153e8bbd8a009468db0518c4a3be49691e6c1f7ed418a3baeaa684366e35ae56e282bddc9b65b7c7e5234ae829,,01/05/2025 12:30:00 PM,30,TRAFFIC SIGNAL,FUNCTIONING PROPERLY,UNKNOWN,DARKNESS,TURNING,FOUR WAY,,STRAIGHT AND LEVEL,UNKNOWN,UNKNOWN,NOT ON SCENE (DESK REPORT),NO INJURY / DRIVE AWAY,Y,,,"OVER $1,500",01/05/2025 04:00:00 PM,IMPROPER TURNING/NO SIGNAL,NOT APPLICABLE,1600,E,67TH ST,331.0,,,,,,,2,NO INDICATION OF INJURY,0.0,0.0,0.0,0.0,0.0,2.0,0.0,12,1,1,41.773454665,-87.586086981,POINT (-87.586086981214 41.773454664759),2025-01-05 12:30:00
8defb8951c4a41b3fab38a3d685217bb6326e396b6000ca88f0c49ad576156e3bb5c888dcbc6ec46f80fabaea26c30b1480e81d5932d4858856a08fb9e1d37e7,,01/05/2025 12:25:00 PM,25,NO CONTROLS,NO CONTROLS,CLEAR,DAYLIGHT,PARKED MOTOR VEHICLE,NOT DIVIDED,,STRAIGHT AND LEVEL,DRY,NO DEFECTS,NOT ON SCENE (DESK REPORT),NO INJURY / DRIVE AWAY,,,Y,"OVER $1,500",01/05/2025 12:35:00 PM,IMPROPER BACKING,IMPROPER BACKING,1455,W,CULLERTON ST,1235.0,,,,,,,2,NO INDICATION OF INJURY,0.0,0.0,0.0,0.0,0.0,1.0,0.0,12,1,1,41.855012723,-87.663382026,POINT (-87.663382026294 41.855012722577),2025-01-05 12:25:00
81805e13bdb7ae589b7cbfb2da21b13ea1ad8d8e1a1ff49427bb6954d619a00c5c4114ddc2193290658a51d77152c9fc883294f0f5dca71ac216d9df86cd7078,,01/05/2025 12:05:00 PM,25,TRAFFIC SIGNAL,FUNCTIONING PROPERLY,CLEAR,DAYLIGHT,TURNING,FOUR WAY,,STRAIGHT AND LEVEL,DRY,NO DEFECTS,ON SCENE,NO INJURY / DRIVE AWAY,Y,,,"$501 - $1,500",01/05/2025 12:09:00 PM,DRIVING SKILLS/KNOWLEDGE/EXPERIENCE,IMPROPER TURNING/NO SIGNAL,1200,W,WILSON AVE,1913.0,,,,,,,2,NO INDICATION OF INJURY,0.0,0.0,0.0,0.0,0.0,2.0,0.0,12,1,1,41.965475453,-87.659701562,POINT (-87.659701561519 41.965475453158),2025-01-05 12:05:00
a0368499facc0a2d5e49b96ccf24282ab44f56a7891bd8083fbd1eb4fe155e3f80d1599e3f80bfb90684fdea374c359f6e9c67785c6b0866344f7b1c48fb4354,,01/05/2025 12:00:00 PM,30,NO CONTROLS,NO CONTROLS,CLEAR,DAYLIGHT,PARKED MOTOR VEHICLE,ONE-WAY,,STRAIGHT AND LEVEL,UNKNOWN,UNKNOWN,NOT ON SCENE (DESK REPORT),NO INJURY / DRIVE AWAY,,,Y,"OVER $1,500",01/05/2025 01:50:00 PM,DRIVING SKILLS/KNOWLEDGE/EXPERIENCE,NOT APPLICABLE,5116,S,SPAULDING AVE,822.0,,,,,,,2,NO INDICATION OF INJURY,0.0,0.0,0.0,0.0,0.0,1.0,0.0,12,1,1,41.800240535,-87.706346775,POINT (-87.706346775473 41.800240534937),2025-01-05 12:00:00
b58b5b1ba2eff20e5a1fd35032312afdd85d9a93d42b29ecf5727f77d61f6dc5c7a841c49c87d271d6c3f3d7776842fcd8d4c1433b43a4a807803405810b2db9,Y,01/05/2025 12:00:00 PM,15,NO CONTROLS,NO CONTROLS,UNKNOWN,UNKNOWN,PARKED MOTOR VEHICLE,ONE-WAY,,STRAIGHT AND LEVEL,UNKNOWN,NO DEFECTS,ON SCENE,NO INJURY / DRIVE AWAY,,,Y,"OVER $1,500",01/05/2025 05:21:00 PM,UNABLE TO DETERMINE,UNABLE TO DETERMINE,3910,W,BARRY AVE,2523.0,,,,,,,2,NO INDICATION OF INJURY,0.0,0.0,0.0,0.0,0.0,1.0,0.0,12,1,1,41.936385839,-87.724209685,POINT (-87.724209684648 41.93638583851),2025-01-05 12:00:00
d9c997f918ebae15cf149af479913e5762303314f6cf7bc51de7990e7ee209b736d4e80d8e30ce26b8317c4585f00a2348a3d0d39c13f70ba0268537a68da41b,,01/05/2025 12:00:00 PM,30,TRAFFIC SIGNAL,FUNCTIONING PROPERLY,CLEAR,DAYLIGHT,REAR END,RAMP,,STRAIGHT AND LEVEL,DRY,NO DEFECTS,ON SCENE,NO INJURY / DRIVE AWAY,Y,,,"$501 - $1,500",01/05/2025 12:05:00 PM,FOLLOWING TOO CLOSELY,NOT APPLICABLE,1,N,BESSIE COLEMAN DR,1654.0,,,,,,,2,NO INDICATION OF INJURY,0.0,0.0,0.0,0.0,0.0,2.0,0.0,12,1,1,,,,2025-01-05 12:00:00
afd48d159cdff475d6117940eb2ecf1dbafcaabe2cb9281f8fc03e58bf01565add139f872ed5ba843c53e71d0985a515f64d07a6ea041f5cccfb58025555e275,,01/05/2025 11:50:00 AM,15,NO CONTROLS,NO CONTROLS,CLEAR,DAYLIGHT,PARKED MOTOR VEHICLE,ONE-WAY,,STRAIGHT AND LEVEL,DRY,NO DEFECTS,,NO INJURY / DRIVE AWAY,,Y,,"OVER $1,500",01/05/2025 01:40:00 PM,FOLLOWING TOO CLOSELY,UNABLE TO DETERMINE,2735,W,79TH ST,835.0,,,,,,,2,NO INDICATION OF INJURY,0.0,0.0,0.0,0.0,0.0,1.0,0.0,11,1,1,41.749779587,-87.691513449,POINT (-87.691513449424 41.749779587095),2025-01-05 11:50:00
17877b68ff8e860b5147bc107e47324bc0e0aa0e3c32856a08f6c3abcd76225c5563e33e08027cfe826a0bb64560f8da3faa2edf056cd21e399fcd66ba07adea,,01/05/2025 11:42:00 AM,30,NO CONTROLS,NO CONTROLS,CLEAR,DAYLIGHT,ANGLE,NOT DIVIDED,,STRAIGHT AND LEVEL,DRY,UNKNOWN,ON SCENE,NO INJURY / DRIVE AWAY,,,,"OVER $1,500",01/05/2025 11:47:00 AM,FAILING TO YIELD RIGHT-OF-WAY,FAILING TO YIELD RIGHT-OF-WAY,1400,S,MICHIGAN AVE,131.0,,,,,,,2,NO INDICATION OF INJURY,0.0,0.0,0.0,0.0,0.0,3.0,0.0,11,1,1,41.864001544,-87.624225729,POINT (-87.62422572914 41.86400154355),2025-01-05 11:42:00
07ea7ecdb0eb0fc91a1683349cebc48894f3f0b4abcc4ebd695df2f4450a4480c6276e558f12e9bc7bdaef6dcb1a8e1656c4a1050c1a17ee37a2888be69946c0,,01/05/2025 11:30:00 AM,20,NO CONTROLS,NO CONTROLS,CLEAR,DAYLIGHT,PARKED MOTOR VEHICLE,ONE-WAY,,STRAIGHT AND LEVEL,DRY,NO DEFECTS,NOT ON SCENE (DESK REPORT),NO INJURY / DRIVE AWAY,,,,"$501 - $1,500",01/05/2025 11:40:00 AM,UNABLE TO DETERMINE,NOT APPLICABLE,3,W,TERMINAL ST,1653.0,,,,,,,2,NO INDICATION OF INJURY,0.0,0.0,0.0,0.0,0.0,1.0,0.0,11,1,1,,,,2025-01-05 11:30:00
1df116b2585543cf9ff013f9bbce9f663f0551fb4f7ba1c3589fed08333c8533b740bd66cf7b89f98896aa8347eed33767488774498e6500667e37e8b023754e,,01/05/2025 11:30:00 AM,30,TRAFFIC SIGNAL,FUNCTIONING PROPERLY,CLEAR,DAYLIGHT,SIDESWIPE SAME DIRECTION,NOT DIVIDED,,STRAIGHT AND LEVEL,DRY,NO DEFECTS,NOT ON SCENE (DESK REPORT),NO INJURY / DRIVE AWAY,,,,"OVER $1,500",01/05/2025 01:30:00 PM,UNABLE TO DETERMINE,NOT APPLICABLE,2398,W,79TH ST,835.0,Y,,,,,,2,NO INDICATION OF INJURY,0.0,0.0,0.0,0.0,0.0,3.0,0.0,11,1,1,41.750212214,-87.682779801,POINT (-87.682779801214 41.750212213649),2025-01-05 11:30:00
51b77901604b5409f95eb490da0a687ab47b7842d78e03d28f57a6bb4f3f2c3a8014406d2b91cbb5f8d40873a7f964d5ade3c8d09e7809d6d44cdfaff5482069,,01/05/2025 11:30:00 AM,10,NO CONTROLS,NO CONTROLS,CLEAR,DAYLIGHT,PARKED MOTOR VEHICLE,PARKING LOT,,STRAIGHT AND LEVEL,DRY,UNKNOWN,NOT ON SCENE (DESK REPORT),NO INJURY / DRIVE AWAY,,,Y,$500 OR LESS,01/05/2025 02:24:00 PM,UNABLE TO DETERMINE,NOT APPLICABLE,752,E,114TH ST,531.0,,,,,,,2,NO INDICATION OF INJURY,0.0,0.0,0.0,0.0,0.0,1.0,0.0,11,1,1,41.687573842,-87.603379355,POINT (-87.603379355427 41.687573842443),2025-01-05 11:30:00
a434f6bef980ac873f249992f39c3019fd6376f96c2d04f6072b02ed0cc9436681e28928b0137942bbf269293e6b46c49c63d6476c48cd42475b4c49e8433cd4,,01/05/2025 11:30:00 AM,30,NO CONTROLS,NO CONTROLS,CLEAR,DUSK,SIDESWIPE SAME DIRECTION,NOT DIVIDED,,STRAIGHT AND LEVEL,DRY,NO DEFECTS,NOT ON SCENE (DESK REPORT),NO INJURY / DRIVE AWAY,N,,Y,"$501 - $1,500",01/05/2025 11:30:00 AM,IMPROPER LANE USAGE,UNABLE TO DETERMINE,6313,S,EBERHART AVE,312.0,,,,,,,2,NO INDICATION OF INJURY,0.0,0.0,0.0,0.0,0.0,2.0,0.0,11,1,1,41.779854884,-87.613051502,POINT (-87.613051502181 41.779854884037),2025-01-05 11:30:00
2151a3d91a79bdb3178defa38dc05a8af7feaaed41552619b2ecb477317344f7e16cbc603240f752d8e1162280001a316bd9d1c5ba1c44066a8aa2b060816049,,01/05/2025 11:29:00 AM,30,TRAFFIC SIGNAL,FUNCTIONING PROPERLY,SNOW,"DARKNESS, LIGHTED ROAD",REAR END,FOUR WAY,,STRAIGHT AND LEVEL,SNOW OR SLUSH,UNKNOWN,ON SCENE,NO INJURY / DRIVE AWAY,Y,,,"OVER $1,500",01/05/2025 11:46:00 PM,FOLLOWING TOO CLOSELY,NOT APPLICABLE,3701,W,NORTH AVE,2535.0,,,,,,,2,NO INDICATION OF INJURY,0.0,0.0,0.0,0.0,0.0,3.0,0.0,11,1,1,41.909853878,-87.719278782,POINT (-87.719278781663 41.90985387831),2025-01-05 11:29:00
eb35b9ac9d751b3e8525957c8a391cfa8529711fcf4c4e11874f84faaac69f40a36db6b18628bf3f8cb5de11d2581d3577750823a9ae40f8dd5ac6549d5be47a,,01/05/2025 11:25:00 AM,30,NO CONTROLS,NO CONTROLS,UNKNOWN,UNKNOWN,TURNING,DIVIDED - W/MEDIAN (NOT RAISED),,STRAIGHT AND LEVEL,UNKNOWN,UNKNOWN,NOT ON SCENE (DESK REPORT),NO INJURY / DRIVE AWAY,,,,"OVER $1,500",01/06/2025 05:20:00 PM,UNABLE TO DETERMINE,NOT APPLICABLE,3934,W,DIVERSEY AVE,2523.0,,,,,,,2,NO INDICATION OF INJURY,0.0,0.0,0.0,0.0,0.0,3.0,0.0,11,1,1,41.931913273,-87.725980567,POINT (-87.725980567289 41.931913273072),2025-01-05 11:25:00
73910360bdb3700236a0f88d2394a2ddad8c5b5f12e783073b4d9ce5261cb237ff09e29ea99ab7f48d423a23bdaf2e44732caa49393d2b8bd528759b260e8a24,,01/05/2025 11:12:00 AM,30,TRAFFIC SIGNAL,FUNCTIONING PROPERLY,CLOUDY/OVERCAST,DAYLIGHT,REAR END,FOUR WAY,,STRAIGHT AND LEVEL,UNKNOWN,NO DEFECTS,ON SCENE,INJURY AND / OR TOW DUE TO CRASH,Y,,,"OVER $1,500",01/05/2025 11:12:00 AM,UNABLE TO DETERMINE,UNABLE TO DETERMINE,7180,W,GRAND AVE,2512.0,,,,,,,2,NONINCAPACITATING INJURY,2.0,0.0,0.0,2.0,0.0,3.0,0.0,11,1,1,41.92402118,-87.805624406,POINT (-87.805624406301 41.92402117963),2025-01-05 11:12:00
92b4781a45990b36d87ed558552ed9c8a0c796d1df2517e0dafac5750a4e4a92336739d778f72f79d35677913e72264f45dbcff4cc024d415376865c2e038e50,,01/05/2025 10:40:00 AM,30,NO CONTROLS,NO CONTROLS,CLEAR,DAYLIGHT,PARKED MOTOR VEHICLE,NOT DIVIDED,,STRAIGHT AND LEVEL,DRY,NO DEFECTS,NOT ON SCENE (DESK REPORT),NO INJURY / DRIVE AWAY,,,,"$501 - $1,500",01/08/2025 10:00:00 AM,FAILING TO REDUCE SPEED TO AVOID CRASH,NOT APPLICABLE,1133,W,PRATT BLVD,2432.0,,,,,,,2,NO INDICATION OF INJURY,0.0,0.0,0.0,0.0,0.0,1.0,0.0,10,1,1,42.005444457,-87.659967987,POINT (-87.65996798662 42.005444456687),2025-01-05 10:40:00
940f3d4ea8220f5a7f90e303da29a25a757fc8e806101bdf311e59284d9968e243e7e3de8556db9ceac0c0d1729cd79822c16ad19374c577d3398c71510f3dd5,,01/05/2025 10:15:00 AM,35,TRAFFIC SIGNAL,FUNCTIONING PROPERLY,CLEAR,DAYLIGHT,TURNING,DIVIDED - W/MEDIAN BARRIER,,STRAIGHT AND LEVEL,DRY,NO DEFECTS,ON SCENE,INJURY AND / OR TOW DUE TO CRASH,Y,,,"OVER $1,500",01/05/2025 10:16:00 AM,FAILING TO YIELD RIGHT-OF-WAY,FAILING TO REDUCE SPEED TO AVOID CRASH,2397,W,87TH ST,2221.0,,,,,,,2,NONINCAPACITATING INJURY,3.0,0.0,0.0,1.0,2.0,0.0,0.0,10,1,1,41.735418937,-87.682400818,POINT (-87.682400818392 41.735418936584),2025-01-05 10:15:00
e1e0f659d097cddaf7cf153c8bf0d4e5ddb7c7f67eb83865a05a2c886307925dbea1510f6f185e7a0aa48b1247862359317bfa7ce76bc573bd0f0440b263798f,,01/05/2025 10:15:00 AM,30,STOP SIGN/FLASHER,FUNCTIONING PROPERLY,CLOUDY/OVERCAST,DAYLIGHT,ANGLE,FOUR WAY,,STRAIGHT AND LEVEL,WET,NO DEFECTS,ON SCENE,INJURY AND / OR TOW DUE TO CRASH,Y,,,"OVER $1,500",01/05/2025 10:16:00 AM,FAILING TO YIELD RIGHT-OF-WAY,UNABLE TO DETERMINE,100,E,76TH ST,623.0,,,,,,,2,"REPORTED, NOT EVIDENT",3.0,0.0,0.0,0.0,3.0,0.0,0.0,10,1,1,41.756581399,-87.621423073,POINT (-87.621423072572 41.756581398914),2025-01-05 10:15:00
94a54d822d8197f8184b7445ec992e24b218fc04b3d223cb56ea59544697184ec87aa8e344977f1cd128d2cb054a3190631d8c031d8981a2aa14154384b4f20a,,01/05/2025 10:05:00 AM,30,NO CONTROLS,NO CONTROLS,CLEAR,DAYLIGHT,PARKED MOTOR VEHICLE,PARKING LOT,,STRAIGHT AND LEVEL,DRY,NO DEFECTS,NOT ON SCENE (DESK REPORT),NO INJURY / DRIVE AWAY,,,,"OVER $1,500",01/07/2025 05:54:00 PM,UNABLE TO DETERMINE,NOT APPLICABLE,5251,S,MC VICKER AVE,811.0,,,,,,,2,NO INDICATION OF INJURY,0.0,0.0,0.0,0.0,0.0,1.0,0.0,10,1,1,41.796533236,-87.773252689,POINT (-87.773252688825 41.796533236018),2025-01-05 10:05:00
d08e3e707af68571cba65ef99a059c27c9f50f2afa2f705ea6df470e5ceca1d91b644c30300525f7da83c232de4c3d1a57f802b46b93eb9cf34a051574dc2feb,,01/05/2025 10:01:00 AM,30,NO CONTROLS,NO CONTROLS,CLEAR,DAYLIGHT,PARKED MOTOR VEHICLE,NOT DIVIDED,,STRAIGHT AND LEVEL,DRY,NO DEFECTS,NOT ON SCENE (DESK REPORT),NO INJURY / DRIVE AWAY,,,Y,"OVER $1,500",01/05/2025 01:00:00 PM,UNABLE TO DETERMINE,UNABLE TO DETERMINE,3641,S,MORGAN ST,915.0,,,,,,,2,NO INDICATION OF INJURY,0.0,0.0,0.0,0.0,0.0,1.0,0.0,10,1,1,41.827628153,-87.650744613,POINT (-87.650744612706 41.827628152862),2025-01-05 10:01:00
805972da3e0526fe0f49168f8fb5f405bc2d2fd5ffa29432cc56d4bef4267ab5cc9fda61dac6a814a46fa3867aabd90371ef90fb56ee56ce8f930f13d1fd99ab,,01/05/2025 09:30:00 AM,30,NO CONTROLS,NO CONTROLS,CLEAR,DAYLIGHT,REAR TO SIDE,PARKING LOT,,STRAIGHT AND LEVEL,DRY,NO DEFECTS,NOT ON SCENE (DESK REPORT),NO INJURY / DRIVE AWAY,,,Y,"$501 - $1,500",01/05/2025 10:37:00 AM,UNABLE TO DETERMINE,NOT APPLICABLE,8900,S,COTTAGE GROVE AVE,633.0,,,,,,,2,NO INDICATION OF INJURY,0.0,0.0,0.0,0.0,0.0,2.0,0.0,9,1,1,41.732953023,-87.6048798,POINT (-87.604879799897 41.732953022881),2025-01-05 09:30:00
50f568c9e4fbf4a143ead1926e78f3e73ce009e9c595c5d4227f647f78a0eebe2217d6414a101c754677f42688ce45bc16d38779aa7556f8dcf8bbdbfab459e0,,01/05/2025 09:29:00 AM,30,STOP SIGN/FLASHER,FUNCTIONING PROPERLY,CLEAR,DAYLIGHT,TURNING,DIVIDED - W/MEDIAN (NOT RAISED),,STRAIGHT AND LEVEL,DRY,NO DEFECTS,ON SCENE,NO INJURY / DRIVE AWAY,,,,"OVER $1,500",01/05/2025 09:31:00 AM,UNABLE TO DETERMINE,UNABLE TO DETERMINE,4439,S,CICERO AVE,815.0,,,,,,,2,NO INDICATION OF INJURY,0.0,0.0,0.0,0.0,0.0,3.0,0.0,9,1,1,41.811933047,-87.743126668,POINT (-87.743126668043 41.811933046798),2025-01-05 09:29:00
0b508931c6b0f8b3a50e97b13b4da80aa6d070d91cee01ffe7736e029bde5a7b58f48b6ef50cff7d3af544e1c39dba46bef37ec299a66cb845040354f725d45e,,01/05/2025 09:18:00 AM,30,NO CONTROLS,NO CONTROLS,CLEAR,DAYLIGHT,FIXED OBJECT,ONE-WAY,,STRAIGHT AND LEVEL,DRY,NO DEFECTS,ON SCENE,NO INJURY / DRIVE AWAY,,,,"OVER $1,500",01/05/2025 10:09:00 AM,DRIVING SKILLS/KNOWLEDGE/EXPERIENCE,UNABLE TO DETERMINE,7421,S,OGLESBY AVE,334.0,,,,,,,1,NO INDICATION OF INJURY,0.0,0.0,0.0,0.0,0.0,1.0,0.0,9,1,1,41.760138668,-87.567466222,POINT (-87.567466221609 41.760138668486),2025-01-05 09:18:00
cf5c0687f6c32a6ec437ea7b075bcb5f4713aacb2fe921d6d0c76095cc8e99e210e55b53895792ff74c8cf5a6dd0e64cbdced39664a1cbaa62a29457bbae17ad,,01/05/2025 09:01:00 AM,30,TRAFFIC SIGNAL,FUNCTIONING PROPERLY,CLEAR,DAYLIGHT,TURNING,NOT DIVIDED,,STRAIGHT AND LEVEL,DRY,NO DEFECTS,NOT ON SCENE (DESK REPORT),NO INJURY / DRIVE AWAY,Y,,,"$501 - $1,500",01/06/2025 10:20:00 AM,IMPROPER TURNING/NO SIGNAL,UNABLE TO DETERMINE,973,N,DAMEN AVE,1212.0,,,,,,,2,NO INDICATION OF INJURY,0.0,0.0,0.0,0.0,0.0,2.0,0.0,9,1,1,41.899508479,-87.677007411,POINT (-87.677007411235 41.899508478514),2025-01-05 09:01:00
aec6124796d8fc2b7ea9c82e47c4fe5c157006d5ee76f17b10ebfa75cb8eac7d2f5760c7bb94c119eb3d0c5c74141ac1827c2914295d552fd1792a4018894470,Y,01/05/2025 09:00:00 AM,30,NO CONTROLS,NO CONTROLS,CLEAR,DAYLIGHT,PARKED MOTOR VEHICLE,ONE-WAY,,STRAIGHT AND LEVEL,UNKNOWN,UNKNOWN,NOT ON SCENE (DESK REPORT),NO INJURY / DRIVE AWAY,,,Y,"OVER $1,500",01/05/2025 04:45:00 PM,DRIVING SKILLS/KNOWLEDGE/EXPERIENCE,NOT APPLICABLE,6500,S,CENTRAL PARK AVE,833.0,,,,,,,2,NO INDICATION OF INJURY,0.0,0.0,0.0,0.0,0.0,1.0,0.0,9,1,1,41.775116457,-87.713222156,POINT (-87.713222156319 41.775116456684),2025-01-05 09:00:00
d7149b8bf14defe81d810cc70ca72ad4bcd3e023db77e88cfff298c03467c6a9075d172e36cca6913f05f70848ecff5db820329390579c9493a39b0db47611e0,,01/05/2025 09:00:00 AM,15,NO CONTROLS,NO CONTROLS,CLEAR,DAYLIGHT,PARKED MOTOR VEHICLE,PARKING LOT,,STRAIGHT AND LEVEL,DRY,NO DEFECTS,NOT ON SCENE (DESK REPORT),NO INJURY / DRIVE AWAY,,,,$500 OR LESS,01/05/2025 09:15:00 AM,UNABLE TO DETERMINE,NOT APPLICABLE,3900,S,ASHLAND AVE,924.0,,,,,,,2,NO INDICATION OF INJURY,0.0,0.0,0.0,0.0,0.0,1.0,0.0,9,1,1,41.823027657,-87.665744031,POINT (-87.665744031095 41.82302765704),2025-01-05 09:00:00
2e7f8c609c711d54abd3a75b1505f7cb2e672a11bc817aaded546e2354480510a1b394ecbcb80ea72763ca9f3fe6d42a792feec4b6cbde9653ea8250971347f9,,01/05/2025 08:00:00 AM,20,NO CONTROLS,NO CONTROLS,CLEAR,DAYLIGHT,ANGLE,NOT DIVIDED,,STRAIGHT AND LEVEL,DRY,NO DEFECTS,NOT ON SCENE (DESK REPORT),NO INJURY / DRIVE AWAY,,,,"OVER $1,500",01/12/2025 11:45:00 AM,FAILING TO YIELD RIGHT-OF-WAY,NOT APPLICABLE,2129,N,LEAVITT ST,1432.0,,,,,,,2,NO INDICATION OF INJURY,0.0,0.0,0.0,0.0,0.0,2.0,0.0,8,1,1,41.920743635,-87.682470288,POINT (-87.682470288053 41.920743635075),2025-01-05 08:00:00
5479bab13ac335955fd5a7484f50c91949a1c183f66201c95d23be3b12de7c6b7f58d845329a1852f07e506b434b3cf2ec32003d7f52c9302da94c0546a11108,,01/05/2025 08:00:00 AM,30,NO CONTROLS,NO CONTROLS,CLEAR,DAYLIGHT,PARKED MOTOR VEHICLE,ONE-WAY,,STRAIGHT AND LEVEL,DRY,NO DEFECTS,NOT ON SCENE (DESK REPORT),NO INJURY / DRIVE AWAY,,,Y,"OVER $1,500",01/08/2025 04:15:00 PM,UNABLE TO DETERMINE,UNABLE TO DETERMINE,7256,S,SEELEY AVE,735.0,,,,,,,2,NO INDICATION OF INJURY,0.0,0.0,0.0,0.0,0.0,1.0,0.0,8,1,1,41.761297148,-87.674801531,POINT (-87.674801530784 41.761297147809),2025-01-05 08:00:00
d5a4945f29107709de670aadfa61cd751f2f6c9aed97e96183cff1470954bb2095b63084e9fd27f2320b848ca23fe829f9624777feb09495d1f6ac4636c52d64,,01/05/2025 07:30:00 AM,30,TRAFFIC SIGNAL,FUNCTIONING PROPERLY,CLEAR,DAYLIGHT,REAR END,FOUR WAY,,STRAIGHT AND LEVEL,UNKNOWN,UNKNOWN,NOT ON SCENE (DESK REPORT),NO INJURY / DRIVE AWAY,Y,,Y,"$501 - $1,500",01/05/2025 08:20:00 AM,UNABLE TO DETERMINE,NOT APPLICABLE,8700,S,VINCENNES AVE,2222.0,,,,,,,2,NO INDICATION OF INJURY,0.0,0.0,0.0,0.0,0.0,2.0,0.0,7,1,1,41.736006565,-87.645341819,POINT (-87.64534181898 41.736006564585),2025-01-05 07:30:00
6790d38fcc1008fb98b308cd322accb6dfe59d26c6f30acef33702e90d9d87f9dbc757d0c58fba1762328ce71394906e02d7a5f5de46f7a2a2f3c08ca9f04db8,,01/05/2025 07:10:00 AM,25,TRAFFIC SIGNAL,FUNCTIONING PROPERLY,CLEAR,DAYLIGHT,REAR END,NOT DIVIDED,,STRAIGHT AND LEVEL,DRY,NO DEFECTS,NOT ON SCENE (DESK REPORT),NO INJURY / DRIVE AWAY,,,,"OVER $1,500",01/05/2025 07:55:00 AM,UNABLE TO DETERMINE,NOT APPLICABLE,2403,W,TOUHY AVE,2411.0,,,,,,,2,NO INDICATION OF INJURY,0.0,0.0,0.0,0.0,0.0,2.0,0.0,7,1,1,42.012169207,-87.690449209,POINT (-87.690449208827 42.012169207197),2025-01-05 07:10:00
8c3ea99068c364ec2cb062e59a64c75aa4bc205a15c56b434b504f2887c603a9b1b90bdbfecc5de9c286e3cb145fe4428706841a85fca8b0c309aada7353efbf,,01/05/2025 05:40:00 AM,30,NO CONTROLS,NO CONTROLS,CLEAR,"DARKNESS, LIGHTED ROAD",PARKED MOTOR VEHICLE,NOT DIVIDED,,STRAIGHT AND LEVEL,DRY,NO DEFECTS,ON SCENE,INJURY AND / OR TOW DUE TO CRASH,,,Y,"OVER $1,500",01/05/2025 06:35:00 AM,UNABLE TO DETERMINE,UNABLE TO DETERMINE,3829,W,MARQUETTE RD,833.0,,,,,,,4,NO INDICATION OF INJURY,0.0,0.0,0.0,0.0,0.0,1.0,0.0,5,1,1,41.771322051,-87.718857778,POINT (-87.718857778036 41.771322050579),2025-01-05 05:40:00