CRASH_RECORD_ID,CRASH_DATE_EST_I,CRASH_DATE,POSTED_SPEED_LIMIT,TRAFFIC_CONTROL_DEVICE,DEVICE_CONDITION,WEATHER_CONDITION,LIGHTING_CONDITION,FIRST_CRASH_TYPE,TRAFFICWAY_TYPE,LANE_CNT,ALIGNMENT,ROADWAY_SURFACE_COND,ROAD_DEFECT,REPORT_TYPE,CRASH_TYPE,INTERSECTION_RELATED_I,NOT_RIGHT_OF_WAY_I,HIT_AND_RUN_I,DAMAGE,DATE_POLICE_NOTIFIED,PRIM_CONTRIBUTORY_CAUSE,SEC_CONTRIBUTORY_CAUSE,STREET_NO,STREET_DIRECTION,STREET_NAME,BEAT_OF_OCCURRENCE,PHOTOS_TAKEN_I,STATEMENTS_TAKEN_I,DOORING_I,WORK_ZONE_I,WORK_ZONE_TYPE,WORKERS_PRESENT_I,NUM_UNITS,MOST_SEVERE_INJURY,INJURIES_TOTAL,INJURIES_FATAL,INJURIES_INCAPACITATING,INJURIES_NON_INCAPACITATING,INJURIES_REPORTED_NOT_EVIDENT,INJURIES_NO_INDICATION,INJURIES_UNKNOWN,CRASH_HOUR,CRASH_DAY_OF_WEEK,CRASH_MONTH,LATITUDE,LONGITUDE,LOCATION,timestamp
b316f68bc11d0778007ad01e8893a68653dc13d844ccaf8e7dee3b90373c4c36b8c2e7aaca3e192dd6f2ed8748e1189aeaf775920a192b44d9b3706143d53911,,01/05/2025 04:55:00 AM,30,TRAFFIC SIGNAL,FUNCTIONING PROPERLY,CLEAR,DUSK,SIDESWIPE SAME DIRECTION,DIVIDED - W/MEDIAN BARRIER,,STRAIGHT AND LEVEL,DRY,NO DEFECTS,NOT ON SCENE (DESK REPORT),NO INJURY / DRIVE AWAY,,,,"OVER $1,500",01/05/2025 05:55:00 AM,UNABLE TO DETERMINE,UNABLE TO DETERMINE,3157,S,DAMEN AVE,912.0,,,,,,,2,NO INDICATION OF INJURY,0.0,0.0,0.0,0.0,0.0,2.0,0.0,4,1,1,41.835968048,-87.67527696,POINT (-87.675276960115 41.835968047573),2025-01-05 04:55:00
3d0f88a555ad344c2a6d4d1488c389f91c41298d804279b6e877da4360b7153ffb05c1a1d1ffc92d8c172130eec3a77529cf63f563f82afa65097a19e8c4703e,Y,01/05/2025 04:50:00 AM,30,NO CONTROLS,NO CONTROLS,CLEAR,"DARKNESS, LIGHTED ROAD",PEDESTRIAN,ONE-WAY,,STRAIGHT AND LEVEL,DRY,UNKNOWN,ON SCENE,INJURY AND / OR TOW DUE TO CRASH,,,,$500 OR LESS,01/05/2025 04:58:00 AM,UNABLE TO DETERMINE,UNABLE TO DETERMINE,2604,W,60TH ST,824.0,,,,,,,2,FATAL,1.0,1.0,0.0,0.0,0.0,1.0,0.0,4,1,1,41.78476795,-87.688915384,POINT (-87.6889153842 41.784767949665),2025-01-05 04:50:00
124cf99e90d5693e09d1be2c37eac1324603bc8c32fecb3e66799c417bd8c59d3d1752e70fd67be70b0397e2e98690f20648134c78878870877f673ac3edd0d8,N,01/05/2025 04:30:00 AM,30,UNKNOWN,UNKNOWN,CLEAR,"DARKNESS, LIGHTED ROAD",PARKED MOTOR VEHICLE,NOT DIVIDED,,STRAIGHT AND LEVEL,DRY,NO DEFECTS,ON SCENE,NO INJURY / DRIVE AWAY,,,Y,"OVER $1,500",01/05/2025 05:45:00 AM,UNABLE TO DETERMINE,NOT APPLICABLE,2502,S,CENTRAL PARK AVE,1013.0,,,,,,,2,NO INDICATION OF INJURY,0.0,0.0,0.0,0.0,0.0,1.0,0.0,4,1,1,41.846069398,-87.714983312,POINT (-87.714983312419 41.846069397749),2025-01-05 04:30:00
3f12d401ac9d385aeeb130c105346444b01e709973051eaac25b951ef44d2caf37be898ffece0201ff5f6c0f27ea7ce52896336a14b5694e4bcdfe60c59198b5,,01/05/2025 04:30:00 AM,30,NO CONTROLS,NO CONTROLS,CLEAR,"DARKNESS, LIGHTED ROAD",PARKED MOTOR VEHICLE,OTHER,,STRAIGHT AND LEVEL,DRY,UNKNOWN,ON SCENE,INJURY AND / OR TOW DUE TO CRASH,,,Y,"OVER $1,500",01/05/2025 05:36:00 AM,UNABLE TO DETERMINE,NOT APPLICABLE,12143,S,YALE AVE,523.0,,,,,,,2,NO INDICATION OF INJURY,0.0,0.0,0.0,0.0,0.0,1.0,0.0,4,1,1,41.673046814,-87.628376363,POINT (-87.628376362883 41.673046813887),2025-01-05 04:30:00
f207cba239bcddcd66bee3f6270ab9da3f39bdcd2f62ba543e00beeb4c42b0a86a5a5806b6fa07f0b4c494039c51cd2808f0b06a3f7066703f16e2fea01d41af,,01/05/2025 04:23:00 AM,25,NO CONTROLS,FUNCTIONING PROPERLY,CLEAR,DARKNESS,FIXED OBJECT,NOT DIVIDED,,STRAIGHT AND LEVEL,DRY,NO DEFECTS,ON SCENE,INJURY AND / OR TOW DUE TO CRASH,,,,"OVER $1,500",01/05/2025 04:23:00 AM,UNABLE TO DETERMINE,UNABLE TO DETERMINE,843,E,MARQUETTE RD,321.0,,,,,,,1,"REPORTED, NOT EVIDENT",1.0,0.0,0.0,0.0,1.0,1.0,0.0,4,1,1,41.774869291,-87.604106145,POINT (-87.60410614531 41.774869290637),2025-01-05 04:23:00
38bb8df536abd0fe4ce338144f5987e7e5d6fefbf78a422eb86b40d9de14d2c0f9f5850554ccf499847cbe59afce788931f69d0a46f4a0dc5b15264a73495a30,,01/05/2025 03:45:00 AM,30,STOP SIGN/FLASHER,FUNCTIONING PROPERLY,CLEAR,"DARKNESS, LIGHTED ROAD",PARKED MOTOR VEHICLE,ONE-WAY,,STRAIGHT AND LEVEL,DRY,NO DEFECTS,ON SCENE,INJURY AND / OR TOW DUE TO CRASH,,,Y,"OVER $1,500",01/05/2025 04:00:00 AM,UNABLE TO DETERMINE,NOT APPLICABLE,11349,S,UNION AVE,2233.0,,,,,,,2,NO INDICATION OF INJURY,0.0,0.0,0.0,0.0,0.0,1.0,0.0,3,1,1,41.687308583,-87.639656239,POINT (-87.639656239221 41.687308583466),2025-01-05 03:45:00
31110aafcd8d642df347a37c18c3a72c2ed962b4ade30f269ffb56bc3b53c71dbcbe48223011c5b26380e0be4c73cfc69310a7d8e9a8fcca989390199c97254d,,01/05/2025 03:30:00 AM,30,NO CONTROLS,NO CONTROLS,CLEAR,DAYLIGHT,FIXED OBJECT,ONE-WAY,,STRAIGHT AND LEVEL,DRY,NO DEFECTS,NOT ON SCENE (DESK REPORT),INJURY AND / OR TOW DUE TO CRASH,Y,,,"OVER $1,500",01/06/2025 12:00:00 PM,UNABLE TO DETERMINE,UNABLE TO DETERMINE,9400,S,HARPER AVE,413.0,,,,,,,1,NO INDICATION OF INJURY,0.0,0.0,0.0,0.0,0.0,1.0,0.0,3,1,1,41.724121877,-87.586773335,POINT (-87.58677333532 41.724121876672),2025-01-05 03:30:00
7771a7c5d4e1358ae650830c5f765c50efb6984186bb11f7cb058e0744aa3f94edc3c47dbc5709f911d8671d2c1ad8dcf00162f82d53c688222a26e303a4e98f,,01/05/2025 03:30:00 AM,30,NO CONTROLS,NO CONTROLS,CLEAR,"DARKNESS, LIGHTED ROAD",PARKED MOTOR VEHICLE,NOT DIVIDED,,STRAIGHT AND LEVEL,DRY,NO DEFECTS,ON SCENE,INJURY AND / OR TOW DUE TO CRASH,,,,"OVER $1,500",01/05/2025 03:30:00 AM,IMPROPER LANE USAGE,PHYSICAL CONDITION OF DRIVER,7219,S,HALSTED ST,732.0,,,,,,,2,NO INDICATION OF INJURY,0.0,0.0,0.0,0.0,0.0,1.0,0.0,3,1,1,41.762785936,-87.64420481,POINT (-87.644204810302 41.76278593613),2025-01-05 03:30:00
ce0a6d630ef29cf5ab428079e2d166ea02ba6de55721824827a2ba5b061927a9c45a7f02517bd14b4ec8b42b2f1b5c3211f3306cd7cbf75418a470b710f00d77,,01/05/2025 03:20:00 AM,10,NO CONTROLS,NO CONTROLS,CLEAR,"DARKNESS, LIGHTED ROAD",SIDESWIPE OPPOSITE DIRECTION,PARKING LOT,,STRAIGHT ON GRADE,DRY,NO DEFECTS,ON SCENE,NO INJURY / DRIVE AWAY,,,,$500 OR LESS,01/05/2025 03:25:00 AM,IMPROPER BACKING,FAILING TO REDUCE SPEED TO AVOID CRASH,3140,N,CENTRAL AVE,2514.0,,,,,,,2,NO INDICATION OF INJURY,0.0,0.0,0.0,0.0,0.0,4.0,0.0,3,1,1,41.937971475,-87.766623502,POINT (-87.766623502376 41.937971475481),2025-01-05 03:20:00
bdafde37700ec6556bde17e6c14f7a49171519e7bd1f8bd3b933ed7a7863a0da69bbbd879130b05bbe48066452dda7e9891abee812437dc99d5482dc7a214d9c,,01/05/2025 03:16:00 AM,30,NO CONTROLS,NO CONTROLS,CLEAR,"DARKNESS, LIGHTED ROAD",PARKED MOTOR VEHICLE,ONE-WAY,,STRAIGHT AND LEVEL,DRY,NO DEFECTS,,INJURY AND / OR TOW DUE TO CRASH,,,,"OVER $1,500",01/05/2025 03:24:00 AM,UNDER THE INFLUENCE OF ALCOHOL/DRUGS (USE WHEN ARREST IS EFFECTED),NOT APPLICABLE,2144,N,LAPORTE AVE,2522.0,,,,,,,5,NO INDICATION OF INJURY,0.0,0.0,0.0,0.0,0.0,1.0,0.0,3,1,1,41.920046586,-87.750030354,POINT (-87.750030354239 41.92004658574),2025-01-05 03:16:00
9879e4b3f400c30a4dc3e7d679111cdb9bdbd2166a2546787ecc2ff60a0e0e2f30e0658414473c000164c2b83ebd807c5274bc732df5e300573ccd1ca8a24f47,,01/05/2025 03:15:00 AM,30,TRAFFIC SIGNAL,FUNCTIONING PROPERLY,CLEAR,"DARKNESS, LIGHTED ROAD",REAR END,UNKNOWN,,STRAIGHT AND LEVEL,DRY,UNKNOWN,NOT ON SCENE (DESK REPORT),NO INJURY / DRIVE AWAY,,,,"OVER $1,500",01/06/2025 05:40:00 PM,FOLLOWING TOO CLOSELY,UNABLE TO DETERMINE,345,N,CENTRAL AVE,1523.0,,,,,,,2,NO INDICATION OF INJURY,0.0,0.0,0.0,0.0,0.0,2.0,0.0,3,1,1,41.887087682,-87.764957251,POINT (-87.764957250728 41.887087681902),2025-01-05 03:15:00
e5f66f08eb7767453133433833090ea5c171f695a77bc9c4050b616475829ec88c8ef63a8ba79db955e40a6612dae78b8fd09bd454d004a149b6af2b4379578c,Y,01/05/2025 03:12:00 AM,30,TRAFFIC SIGNAL,FUNCTIONING PROPERLY,CLEAR,"DARKNESS, LIGHTED ROAD",FIXED OBJECT,DIVIDED - W/MEDIAN BARRIER,,STRAIGHT AND LEVEL,DRY,UNKNOWN,ON SCENE,INJURY AND / OR TOW DUE TO CRASH,,,,"OVER $1,500",01/05/2025 03:12:00 AM,UNABLE TO DETERMINE,NOT APPLICABLE,123,E,CERMAK RD,132.0,,,,,,,1,NONINCAPACITATING INJURY,1.0,0.0,0.0,1.0,0.0,0.0,0.0,3,1,1,41.852774163,-87.622758847,POINT (-87.622758847071 41.852774162945),2025-01-05 03:12:00
182a5fff83921145e80ffc71e9b111e67435a00b3bd70ceaebd09aa142f498cc6e5f2d57598c7c4c45a4cd3855acfd7b7d7d5f780888891be526d6b24f9d5cf4,,01/05/2025 03:11:00 AM,15,NO CONTROLS,NO CONTROLS,CLEAR,"DARKNESS, LIGHTED ROAD",SIDESWIPE SAME DIRECTION,ONE-WAY,,STRAIGHT AND LEVEL,DRY,NO DEFECTS,ON SCENE,INJURY AND / OR TOW DUE TO CRASH,,,,"OVER $1,500",01/05/2025 03:11:00 AM,UNABLE TO DETERMINE,NOT APPLICABLE,4028,N,CENTRAL PARK AVE,1723.0,,,,,,,2,NO INDICATION OF INJURY,0.0,0.0,0.0,0.0,0.0,2.0,0.0,3,1,1,41.954666475,-87.717985023,POINT (-87.7179850234 41.954666474548),2025-01-05 03:11:00
02ca603f7bb687e0f6d675a83cd9d2b4d0e28bfb980a7d7b5fde0da998aa0685ab753a73ec6b1e042699bc7d97ee99401cf8b55b3c6358d24addf019fc5b1314,,01/05/2025 03:00:00 AM,30,NO CONTROLS,NO CONTROLS,CLEAR,DARKNESS,PARKED MOTOR VEHICLE,ONE-WAY,,STRAIGHT AND LEVEL,DRY,NO DEFECTS,NOT ON SCENE (DESK REPORT),NO INJURY / DRIVE AWAY,,,Y,"OVER $1,500",01/05/2025 08:40:00 AM,DRIVING SKILLS/KNOWLEDGE/EXPERIENCE,UNABLE TO DETERMINE,11620,S,PRINCETON AVE,522.0,,,,,,,2,NO INDICATION OF INJURY,0.0,0.0,0.0,0.0,0.0,1.0,0.0,3,1,1,41.682753865,-87.630158451,POINT (-87.630158450735 41.68275386511),2025-01-05 03:00:00
8491f91e2b4b7bb14a1b8852ac26091237344909bb60eb717aba43d7df3063682a5d4cff902f769a4329aa153ce6884920ad8f6f0a4d72b44876fb240295743c,,01/05/2025 03:00:00 AM,15,NO CONTROLS,NO CONTROLS,CLOUDY/OVERCAST,"DARKNESS, LIGHTED ROAD",REAR END,NOT DIVIDED,,STRAIGHT AND LEVEL,DRY,NO DEFECTS,NOT ON SCENE (DESK REPORT),NO INJURY / DRIVE AWAY,,,,"OVER $1,500",01/05/2025 03:16:00 PM,FOLLOWING TOO CLOSELY,NOT APPLICABLE,5729,S,KEDZIE AVE,824.0,,,,,,,2,NO INDICATION OF INJURY,0.0,0.0,0.0,0.0,0.0,2.0,0.0,3,1,1,41.789004599,-87.703283025,POINT (-87.703283025249 41.789004599022),2025-01-05 03:00:00
af147a5171834d4f4a19b7949c39c02ffab6f811b01bceb94be37a8cbacfd731a9ddc8c0f9bc026c99312368ec47dabe01ee8358fd89f629e0fa0146b758d539,,01/05/2025 03:00:00 AM,30,NO CONTROLS,NO CONTROLS,CLEAR,"DARKNESS, LIGHTED ROAD",PARKED MOTOR VEHICLE,NOT DIVIDED,,STRAIGHT AND LEVEL,DRY,NO DEFECTS,NOT ON SCENE (DESK REPORT),NO INJURY / DRIVE AWAY,,,Y,"OVER $1,500",01/05/2025 02:55:00 PM,IMPROPER OVERTAKING/PASSING,UNABLE TO DETERMINE,6144,N,MILWAUKEE AVE,1611.0,,,,,,,2,NO INDICATION OF INJURY,0.0,0.0,0.0,0.0,0.0,1.0,0.0,3,1,1,41.993271341,-87.784179978,POINT (-87.784179978333 41.993271340699),2025-01-05 03:00:00
983af25b08bdfa862f79caba489c2ebf327d836004231a0425a162cc08ed0b32e59eecc6f6b055b7cf9d8b230b577f69dc517a5e649ac38e0aaba90eaff3e82a,,01/05/2025 02:50:00 AM,30,TRAFFIC SIGNAL,FUNCTIONING PROPERLY,CLEAR,"DARKNESS, LIGHTED ROAD",SIDESWIPE SAME DIRECTION,NOT DIVIDED,,STRAIGHT AND LEVEL,DRY,NO DEFECTS,ON SCENE,NO INJURY / DRIVE AWAY,Y,,Y,"OVER $1,500",01/05/2025 02:55:00 AM,"OPERATING VEHICLE IN ERRATIC, RECKLESS, CARELESS, NEGLIGENT OR AGGRESSIVE MANNER",IMPROPER OVERTAKING/PASSING,5111,S,KEDZIE AVE,923.0,,,,,,,2,NO INDICATION OF INJURY,0.0,0.0,0.0,0.0,0.0,7.0,0.0,2,1,1,41.800448037,-87.703609166,POINT (-87.703609166098 41.80044803671),2025-01-05 02:50:00
47a5626828ace1fd708d9a95a809e22327976a125ca83c088b5521f9e373e4b106bcc3decb4350d02382da1a945b80490ccc8da310da2315da796887bc2a18d0,,01/05/2025 02:30:00 AM,30,TRAFFIC SIGNAL,FUNCTIONING PROPERLY,FREEZING RAIN/DRIZZLE,DARKNESS,REAR END,DIVIDED - W/MEDIAN BARRIER,,STRAIGHT AND LEVEL,ICE,UNKNOWN,NOT ON SCENE (DESK REPORT),NO INJURY / DRIVE AWAY,Y,,,"OVER $1,500",01/06/2025 03:45:00 PM,WEATHER,NOT APPLICABLE,400,N,CENTRAL AVE,1512.0,,,,,,,2,NO INDICATION OF INJURY,0.0,0.0,0.0,0.0,0.0,3.0,0.0,2,1,1,41.887804621,-87.765268498,POINT (-87.765268498104 41.887804620535),2025-01-05 02:30:00
6b9949b96bf523f5f04bb1e272faae48b1eac4cb7e61c8cb430290b08a659189ee73d9a09da0c43bc666aa7154bc3fd8b23dfe24c9c9d1e2d076e40b8911a0e5,,01/05/2025 02:19:00 AM,30,UNKNOWN,NO CONTROLS,CLEAR,"DARKNESS, LIGHTED ROAD",PARKED MOTOR VEHICLE,ONE-WAY,,STRAIGHT AND LEVEL,UNKNOWN,NO DEFECTS,ON SCENE,NO INJURY / DRIVE AWAY,,,Y,"OVER $1,500",01/05/2025 02:32:00 AM,UNABLE TO DETERMINE,UNABLE TO DETERMINE,12116,S,WALLACE ST,523.0,,,,,,,2,NO INDICATION OF INJURY,0.0,0.0,0.0,0.0,0.0,1.0,0.0,2,1,1,41.673699642,-87.637106563,POINT (-87.63710656254 41.673699642024),2025-01-05 02:19:00
7f296679398174b296f745a9f1caef92b9a666e1f7d47fe6fa7a6afc6c968d7797ed82a7d78b4ad786f34b1bd4a270df5e51867204f1a4a1680f23a3bf2c303d,,01/05/2025 02:02:00 AM,30,TRAFFIC SIGNAL,FUNCTIONING PROPERLY,CLEAR,"DARKNESS, LIGHTED ROAD",ANGLE,FOUR WAY,,STRAIGHT AND LEVEL,DRY,UNKNOWN,NOT ON SCENE (DESK REPORT),NO INJURY / DRIVE AWAY,Y,,Y,"OVER $1,500",01/05/2025 02:45:00 AM,DRIVING ON WRONG SIDE/WRONG WAY,DRIVING ON WRONG SIDE/WRONG WAY,599,N,ORLEANS ST,1831.0,,,,,,,2,NO INDICATION OF INJURY,0.0,0.0,0.0,0.0,0.0,2.0,0.0,2,1,1,41.892335175,-87.636906716,POINT (-87.636906715632 41.89233517483),2025-01-05 02:02:00
ba10f5e05eb324d9c1376ba8d43e63b26357bd49cedba551bb8bf6dcfcd65c480150938d467f6c8472b3ceb1e7a30187498137904ade87c5e54b2ddd8e023ba8,,01/05/2025 01:59:00 AM,30,UNKNOWN,UNKNOWN,CLEAR,"DARKNESS, LIGHTED ROAD",PARKED MOTOR VEHICLE,ONE-WAY,,STRAIGHT AND LEVEL,DRY,UNKNOWN,ON SCENE,INJURY AND / OR TOW DUE TO CRASH,,,,"$501 - $1,500",01/05/2025 02:03:00 AM,FAILING TO REDUCE SPEED TO AVOID CRASH,NOT APPLICABLE,6800,S,WOOD ST,726.0,,,,,,,3,NO INDICATION OF INJURY,0.0,0.0,0.0,0.0,0.0,3.0,0.0,1,1,1,41.770219572,-87.668967837,POINT (-87.668967836784 41.770219571844),2025-01-05 01:59:00
d9132c72477dadcdee14976c8e601c4ff556b038d19b6700e87d8ce670031323026e474d90ab6d08365d5e69396ee477d0b747c5a23268d12360d581cd8eb286,,01/05/2025 01:30:00 AM,20,NO CONTROLS,NO CONTROLS,CLEAR,"DARKNESS, LIGHTED ROAD",SIDESWIPE SAME DIRECTION,NOT DIVIDED,,STRAIGHT AND LEVEL,DRY,NO DEFECTS,NOT ON SCENE (DESK REPORT),NO INJURY / DRIVE AWAY,,,Y,"OVER $1,500",01/05/2025 02:15:00 AM,IMPROPER OVERTAKING/PASSING,NOT APPLICABLE,3100,N,CENTRAL AVE,2514.0,,,,,,,2,NO INDICATION OF INJURY,0.0,0.0,0.0,0.0,0.0,2.0,0.0,1,1,1,41.936840895,-87.766584824,POINT (-87.76658482413 41.936840894992),2025-01-05 01:30:00
99a4e6cfe0b0d0f70e188d4222359d8acd62cd3ed1054a1bbea172a50cf864e9042de6f2e60c672b9a00318204ff746b981ad5e780eaa7e62e1f2ea9e0a5d8a1,Y,01/05/2025 01:23:00 AM,30,NO CONTROLS,NO CONTROLS,CLEAR,"DARKNESS, LIGHTED ROAD",FIXED OBJECT,NOT DIVIDED,,STRAIGHT AND LEVEL,DRY,UNKNOWN,ON SCENE,INJURY AND / OR TOW DUE TO CRASH,,,N,"OVER $1,500",01/05/2025 01:23:00 AM,UNABLE TO DETERMINE,NOT APPLICABLE,3436,W,WILSON AVE,1723.0,,,,,,,1,NO INDICATION OF INJURY,0.0,0.0,0.0,0.0,0.0,1.0,0.0,1,1,1,41.964855218,-87.714830506,POINT (-87.714830506282 41.964855218362),2025-01-05 01:23:00
b86a936df8c8f197f4e6c2598785eb1d366c2fd842dae0dacc590a1c9d0fd69f9ad4f14c9cdbe286e170d820bbb31dd43313f0ba6840dbfe65fe19c4183c1653,,01/05/2025 01:20:00 AM,25,NO CONTROLS,NO CONTROLS,CLEAR,DARKNESS,PARKED MOTOR VEHICLE,NOT DIVIDED,,STRAIGHT AND LEVEL,DRY,NO DEFECTS,NOT ON SCENE (DESK REPORT),NO INJURY / DRIVE AWAY,,,Y,"OVER $1,500",01/05/2025 01:53:00 PM,FAILING TO YIELD RIGHT-OF-WAY,NOT APPLICABLE,3429,W,WILSON AVE,1723.0,,,,,,,2,NO INDICATION OF INJURY,0.0,0.0,0.0,0.0,0.0,1.0,0.0,1,1,1,41.964639464,-87.714533102,POINT (-87.714533102026 41.964639463593),2025-01-05 01:20:00
edf085e50feb539b0ecd0409dba86b10af9d26ace13e55e1995d5da2b615c883dbbb3824a19c1fafad9cf520355490a84fcb783add94e2acd2d9af5d313518de,,01/05/2025 01:20:00 AM,25,NO CONTROLS,NO CONTROLS,CLEAR,DARKNESS,PARKED MOTOR VEHICLE,ONE-WAY,,STRAIGHT AND LEVEL,DRY,NO DEFECTS,NOT ON SCENE (DESK REPORT),NO INJURY / DRIVE AWAY,,,Y,"OVER $1,500",01/05/2025 01:30:00 PM,UNABLE TO DETERMINE,UNABLE TO DETERMINE,4556,N,BERNARD ST,1723.0,,,,,,,3,NO INDICATION OF INJURY,0.0,0.0,0.0,0.0,0.0,1.0,0.0,1,1,1,41.964600562,-87.7146163,POINT (-87.714616299535 41.964600561976),2025-01-05 01:20:00
3318f23deda21a38ca7241e6bcb00fe7ff63bdbfc085cf078d7f69f8a09b955c994f5d73ccd58b5ab99bc06a1b9aa412a32a6bd9f0d026e2e53d25bb962c726d,,01/05/2025 01:12:00 AM,30,NO CONTROLS,NO CONTROLS,CLEAR,"DARKNESS, LIGHTED ROAD",FIXED OBJECT,DIVIDED - W/MEDIAN BARRIER,,STRAIGHT AND LEVEL,DRY,NO DEFECTS,ON SCENE,INJURY AND / OR TOW DUE TO CRASH,,,,"OVER $1,500",01/05/2025 01:12:00 AM,UNDER THE INFLUENCE OF ALCOHOL/DRUGS (USE WHEN ARREST IS EFFECTED),IMPROPER LANE USAGE,10632,S,HALSTED ST,2233.0,,,,,,,1,NO INDICATION OF INJURY,0.0,0.0,0.0,0.0,0.0,1.0,0.0,1,1,1,41.700462392,-87.642779321,POINT (-87.642779321104 41.700462391816),2025-01-05 01:12:00
28da32fa9e8f61a2f40b0ca45891e13cb633c65cc7a8107d5ac50276d4f7440dc3aae2104d64ab097d94ded4906aea787363dcb510fc197e58a4a3d6e780466c,Y,01/05/2025 01:00:00 AM,25,NO CONTROLS,NO CONTROLS,CLEAR,DARKNESS,PARKED MOTOR VEHICLE,ONE-WAY,,STRAIGHT AND LEVEL,DRY,NO DEFECTS,NOT ON SCENE (DESK REPORT),NO INJURY / DRIVE AWAY,,,Y,"OVER $1,500",01/05/2025 04:30:00 PM,UNABLE TO DETERMINE,UNABLE TO DETERMINE,3735,W,MC LEAN AVE,2525.0,,,,,,,2,NO INDICATION OF INJURY,0.0,0.0,0.0,0.0,0.0,1.0,0.0,1,1,1,41.918040525,-87.720657668,POINT (-87.720657668388 41.918040525025),2025-01-05 01:00:00
a1687b12911606e046bf06e02227e701c8aaa002df55812fe32627bf0af4a9e97ee21f24c2a157cb34514cc2613272620f67e540c8c76b643022440ea34e58d3,,01/05/2025 01:00:00 AM,30,NO CONTROLS,NO CONTROLS,CLEAR,"DARKNESS, LIGHTED ROAD",PARKED MOTOR VEHICLE,DIVIDED - W/MEDIAN BARRIER,,STRAIGHT AND LEVEL,DRY,NO DEFECTS,NOT ON SCENE (DESK REPORT),NO INJURY / DRIVE AWAY,,,,"$501 - $1,500",01/08/2025 12:00:00 PM,IMPROPER LANE USAGE,UNABLE TO DETERMINE,4510,N,ASHLAND AVE,1912.0,,,,,,,2,NO INDICATION OF INJURY,0.0,0.0,0.0,0.0,0.0,1.0,0.0,1,1,1,41.963785934,-87.669459637,POINT (-87.669459636955 41.963785934256),2025-01-05 01:00:00
aada5c2d5644b6955d5c6f4bf8ffb855e461a740f5f9f13e6aa4fa09af8df6d681e64ac7b3d108baee3c4051d10fe3eed56a99b0bf2ff87a1d89008d55383492,,01/05/2025 01:00:00 AM,30,NO CONTROLS,NO CONTROLS,CLEAR,"DARKNESS, LIGHTED ROAD",SIDESWIPE SAME DIRECTION,NOT DIVIDED,,STRAIGHT AND LEVEL,UNKNOWN,UNKNOWN,NOT ON SCENE (DESK REPORT),NO INJURY / DRIVE AWAY,,,Y,"$501 - $1,500",01/05/2025 05:45:00 PM,DRIVING SKILLS/KNOWLEDGE/EXPERIENCE,NOT APPLICABLE,3900,S,PULASKI RD,815.0,,,,,,,2,NO INDICATION OF INJURY,0.0,0.0,0.0,0.0,0.0,3.0,0.0,1,1,1,41.822563836,-87.724187479,POINT (-87.724187479133 41.822563835982),2025-01-05 01:00:00
497e4d57209e0f3ae5f0ce82b2b025a59dc86e3cd74d1b3e3ffa7e7566b5e43219f7f9642f6c03cb63d0a8ceeebb7014aab4ad5fb5c5bc4d585b4081786dde8e,,01/05/2025 12:45:00 AM,30,UNKNOWN,UNKNOWN,SNOW,"DARKNESS, LIGHTED ROAD",PARKED MOTOR VEHICLE,ONE-WAY,,STRAIGHT AND LEVEL,UNKNOWN,UNKNOWN,ON SCENE,NO INJURY / DRIVE AWAY,,,Y,"OVER $1,500",01/07/2025 06:15:00 PM,UNABLE TO DETERMINE,NOT APPLICABLE,4501,N,HARDING AVE,1723.0,,,,,,,2,NO INDICATION OF INJURY,0.0,0.0,0.0,0.0,0.0,1.0,0.0,0,1,1,41.962921368,-87.726512903,POINT (-87.726512902815 41.96292136819),2025-01-05 00:45:00
7fb4b2cb6b01030acae9e118d1889dc43f4ebfb6766bcf9ccf4e70c06282806735341a11ca465255e7b4dbd0d0111de91ed3351e711f6a736b65aea464d894ff,Y,01/05/2025 12:32:00 AM,30,TRAFFIC SIGNAL,UNKNOWN,CLEAR,"DARKNESS, LIGHTED ROAD",OTHER OBJECT,FOUR WAY,,STRAIGHT AND LEVEL,DRY,UNKNOWN,ON SCENE,NO INJURY / DRIVE AWAY,Y,,,"OVER $1,500",01/05/2025 12:34:00 AM,UNABLE TO DETERMINE,UNABLE TO DETERMINE,3600,N,SHEFFIELD AVE,1923.0,,,,,,,2,NO INDICATION OF INJURY,0.0,0.0,0.0,0.0,0.0,1.0,0.0,0,1,1,41.947331827,-87.654480315,POINT (-87.654480314982 41.947331826783),2025-01-05 00:32:00
8ac45a0a60697f69de20ecbf578bd7210a9fb406be5fabe9843dc4c664606a7723e399c2246a8ff42fc8e3126edd3b739d8441e6a58dab2c85c7a62fcf0e27e7,,01/05/2025 12:15:00 AM,30,NO CONTROLS,NO CONTROLS,CLEAR,DUSK,OTHER OBJECT,NOT DIVIDED,,STRAIGHT AND LEVEL,DRY,NO DEFECTS,NOT ON SCENE (DESK REPORT),NO INJURY / DRIVE AWAY,,Y,,"$501 - $1,500",01/05/2025 02:00:00 AM,IMPROPER LANE USAGE,UNABLE TO DETERMINE,1551,E,71ST ST,324.0,,,,,,,1,NO INDICATION OF INJURY,0.0,0.0,0.0,0.0,0.0,1.0,0.0,0,1,1,41.76586067,-87.586479962,POINT (-87.586479962396 41.765860669912),2025-01-05 00:15:00